"Distribution of fish abundance (number of fish) by Size class (cm). Class i designates interval [i,i+1[."
"Time","Size","lesserSpottedDogfish","redMullet","pouting","whiting","poorCod","cod","dragonet","sole","plaice","horseMackerel","mackerel","herring","sardine","squids","cuttlefish","thornbackRay"
1.0,0.0,0.0,1.6690087E10,3.609507E11,7.959875E11,1.1162635E10,5.1806367E9,1.5441543E11,9.609068E10,4.3175507E11,4.0771335E12,4.0367994E11,1.606452E12,8.846575E12,1.0128491E13,6.9887135E9,0.0
1.0,6.0,3.0507952E8,2.4883592E7,2.6441597E10,2.224842E11,2.8666032E8,2.9437722E7,3.151499E8,7.1377787E9,1.5463035E9,1.8568978E9,4.4659133E9,1.2397247E12,2.8187924E9,3.2760553E9,786139.8,0.0
1.0,12.0,1.5852121E7,1.1159427E7,4.975916E8,1.3755207E10,2.3668542E8,2.1860756E7,2.686767E8,1640.2443,2.3835541E8,1.7054043E9,3.902203E7,2.9943007E9,1.4051535E9,1.1764192E9,1037405.7,1731822.9
1.0,18.0,1.2356723E7,3029829.0,2.3950483E8,7.1449824E8,1709965.0,1.833816E7,2.4962038E8,3.592041E7,4209092.5,9.996369E8,4.1808108E7,7.559519E8,9.180446E8,6.517847E8,2.3755988E7,562052.94
1.0,24.0,1.5035111E7,1398087.6,5.108776E7,4.3014816E7,0.0,158750.72,1.6370184E8,1.3625527E7,6680683.5,2.6472627E8,6.03439E7,6.379784E8,4.3656378E8,8.7799494E8,1.6366901E7,314285.72
1.0,30.0,1.4674049E7,1460235.0,1.988679E7,5.162901E7,0.0,167963.02,0.0,8310466.0,1637309.0,1.9682107E8,2.917427E7,0.0,0.0,2.102215E8,26581.293,317515.62
1.0,36.0,1.2600353E7,691702.06,16.86618,5.5814896E7,0.0,193357.5,0.0,4435190.0,953141.94,4.197714E7,1.283314E7,0.0,0.0,3.1757965E8,0.0,228349.7
1.0,42.0,1.3254382E7,666780.75,0.0,5223243.0,0.0,171404.83,0.0,0.0,863793.6,0.0,0.0,0.0,0.0,8.383583E7,0.0,185169.73
1.0,48.0,1.330759E7,0.0,0.0,3.8059282,0.0,96608.97,0.0,0.0,723179.44,0.0,0.0,0.0,0.0,4.733094E7,0.0,167894.11
1.0,54.0,1.2413489E7,0.0,0.0,0.0,0.0,71888.71,0.0,0.0,584628.9,0.0,0.0,0.0,0.0,2941603.2,0.0,166374.9
1.0,60.0,1.0754722E7,0.0,0.0,0.0,0.0,56363.586,0.0,0.0,556004.44,0.0,0.0,0.0,0.0,225661.33,0.0,156412.83
1.0,66.0,0.0,0.0,0.0,0.0,0.0,39250.297,0.0,0.0,460471.8,0.0,0.0,0.0,0.0,11453.172,0.0,164193.44
1.0,72.0,0.0,0.0,0.0,0.0,0.0,31148.158,0.0,0.0,0.0,0.0,0.0,0.0,0.0,0.90289986,0.0,171227.45
1.0,78.0,0.0,0.0,0.0,0.0,0.0,25349.213,0.0,0.0,0.0,0.0,0.0,0.0,0.0,0.65951926,0.0,192187.31
1.0,84.0,0.0,0.0,0.0,0.0,0.0,24843.982,0.0,0.0,0.0,0.0,0.0,0.0,0.0,0.0,0.0,214521.39
1.0,90.0,0.0,0.0,0.0,0.0,0.0,22852.125,0.0,0.0,0.0,0.0,0.0,0.0,0.0,0.0,0.0,268359.66
1.0,96.0,0.0,0.0,0.0,0.0,0.0,27228.65,0.0,0.0,0.0,0.0,0.0,0.0,0.0,0.0,0.0,48303.844
1.0,102.0,0.0,0.0,0.0,0.0,0.0,8527.624,0.0,0.0,0.0,0.0,0.0,0.0,0.0,0.0,0.0,0.0
1.0,108.0,0.0,0.0,0.0,0.0,0.0,0.0,0.0,0.0,0.0,0.0,0.0,0.0,0.0,0.0,0.0,0.0
1.0,114.0,0.0,0.0,0.0,0.0,0.0,0.0,0.0,0.0,0.0,0.0,0.0,0.0,0.0,0.0,0.0,0.0
1.0,120.0,0.0,0.0,0.0,0.0,0.0,0.0,0.0,0.0,0.0,0.0,0.0,0.0,0.0,0.0,0.0,0.0
1.0,126.0,0.0,0.0,0.0,0.0,0.0,0.0,0.0,0.0,0.0,0.0,0.0,0.0,0.0,0.0,0.0,0.0
1.0,132.0,0.0,0.0,0.0,0.0,0.0,0.0,0.0,0.0,0.0,0.0,0.0,0.0,0.0,0.0,0.0,0.0
1.0,138.0,0.0,0.0,0.0,0.0,0.0,0.0,0.0,0.0,0.0,0.0,0.0,0.0,0.0,0.0,0.0,0.0
1.0,144.0,0.0,0.0,0.0,0.0,0.0,0.0,0.0,0.0,0.0,0.0,0.0,0.0,0.0,0.0,0.0,0.0
1.0,150.0,0.0,0.0,0.0,0.0,0.0,0.0,0.0,0.0,0.0,0.0,0.0,0.0,0.0,0.0,0.0,0.0
1.0,156.0,0.0,0.0,0.0,0.0,0.0,0.0,0.0,0.0,0.0,0.0,0.0,0.0,0.0,0.0,0.0,0.0
1.0,162.0,0.0,0.0,0.0,0.0,0.0,0.0,0.0,0.0,0.0,0.0,0.0,0.0,0.0,0.0,0.0,0.0
1.0,168.0,0.0,0.0,0.0,0.0,0.0,0.0,0.0,0.0,0.0,0.0,0.0,0.0,0.0,0.0,0.0,0.0
1.0,174.0,0.0,0.0,0.0,0.0,0.0,0.0,0.0,0.0,0.0,0.0,0.0,0.0,0.0,0.0,0.0,0.0
1.0,180.0,0.0,0.0,0.0,0.0,0.0,0.0,0.0,0.0,0.0,0.0,0.0,0.0,0.0,0.0,0.0,0.0
1.0,186.0,0.0,0.0,0.0,0.0,0.0,0.0,0.0,0.0,0.0,0.0,0.0,0.0,0.0,0.0,0.0,0.0
1.0,192.0,0.0,0.0,0.0,0.0,0.0,0.0,0.0,0.0,0.0,0.0,0.0,0.0,0.0,0.0,0.0,0.0
1.0,198.0,0.0,0.0,0.0,0.0,0.0,0.0,0.0,0.0,0.0,0.0,0.0,0.0,0.0,0.0,0.0,0.0
1.0,204.0,0.0,0.0,0.0,0.0,0.0,0.0,0.0,0.0,0.0,0.0,0.0,0.0,0.0,0.0,0.0,0.0
2.0,0.0,0.0,7.5544586E9,4.4841622E11,2.5615219E13,1.9108297E10,1.3803113E10,7.527098E10,5.914563E10,4.5406884E10,2.8213814E12,4.5037234E11,4.7264026E11,9.9543024E11,3.1711526E13,1.1749864E9,0.0
2.0,6.0,2.393347E8,9079179.0,8.943606E10,1.993815E11,5.701942E8,2.038954E8,5228051.0,3.6127468E9,1.1813148E9,2.2402531E10,1.6088181E10,1.5892982E12,1.2234626E8,7.436765E10,3.880858E8,0.0
2.0,12.0,2.712885E7,325278.16,6.726941E8,2.5155052E11,3.820092E7,6.7958136E7,3.4147704E7,1007610.94,2.4586115E8,1.7361128E9,1.03801114E9,1.6283406E11,1.6709475E8,7.412593E10,2197454.8,1815661.2
2.0,18.0,3828887.0,558996.44,8.264372E8,4.0976564E10,5.1237516E7,4.4206356E7,1.0053857E8,1.1467243E7,5125578.0,5.3826406E8,1.8625669E8,5.926101E8,1.2978525E8,4.7082045E10,66171.87,1543390.4
2.0,24.0,2806271.2,604341.2,1.1121143E8,5.2698926E9,0.0,8547334.0,7.031433E7,5364817.5,3925857.8,1.8540558E8,1.2389885E7,3.9119744E8,7.350059E7,1.2425772E10,3419448.2,1112838.6
2.0,30.0,6641600.5,549735.3,1.9841238E7,1.9956875E8,0.0,1541117.8,0.0,4824290.5,2168775.2,1.1102009E8,2.9074004E7,0.0,0.0,8.4418515E8,225819.58,813046.2
2.0,36.0,8242190.0,408726.84,542364.4,4.549713E7,0.0,1322798.8,0.0,2849731.5,1336694.1,2.5877862E7,1.7267984E7,0.0,0.0,3.9566096E8,4.668936,404947.2
2.0,42.0,8282402.5,239575.61,797.8695,1.7314596E7,0.0,31823.816,0.0,0.0,551354.4,0.0,490110.22,0.0,0.0,3.9798602E8,0.0,148759.3
2.0,48.0,7739778.5,0.0,0.0,6691036.0,0.0,119843.41,0.0,0.0,433677.22,0.0,0.0,0.0,0.0,1.6409253E8,0.0,152633.38
2.0,54.0,7646441.0,0.0,0.0,445520.06,0.0,145525.23,0.0,0.0,347352.7,0.0,0.0,0.0,0.0,1.6341317E8,0.0,127564.57
2.0,60.0,6977811.5,0.0,0.0,3.1283994,0.0,163846.52,0.0,0.0,403307.56,0.0,0.0,0.0,0.0,1.1882669E7,0.0,92473.266
2.0,66.0,349062.75,0.0,0.0,0.0,0.0,157492.5,0.0,0.0,362735.0,0.0,0.0,0.0,0.0,430452.03,0.0,85998.914
2.0,72.0,0.0,0.0,0.0,0.0,0.0,76264.695,0.0,0.0,0.0,0.0,0.0,0.0,0.0,59674.64,0.0,82866.04
2.0,78.0,0.0,0.0,0.0,0.0,0.0,53788.34,0.0,0.0,0.0,0.0,0.0,0.0,0.0,110.05107,0.0,92922.516
2.0,84.0,0.0,0.0,0.0,0.0,0.0,34801.71,0.0,0.0,0.0,0.0,0.0,0.0,0.0,0.27579924,0.0,98132.26
2.0,90.0,0.0,0.0,0.0,0.0,0.0,28015.502,0.0,0.0,0.0,0.0,0.0,0.0,0.0,0.0,0.0,118323.28
2.0,96.0,0.0,0.0,0.0,0.0,0.0,27457.875,0.0,0.0,0.0,0.0,0.0,0.0,0.0,0.0,0.0,71064.6
2.0,102.0,0.0,0.0,0.0,0.0,0.0,9794.847,0.0,0.0,0.0,0.0,0.0,0.0,0.0,0.0,0.0,0.0
2.0,108.0,0.0,0.0,0.0,0.0,0.0,0.0,0.0,0.0,0.0,0.0,0.0,0.0,0.0,0.0,0.0,0.0
2.0,114.0,0.0,0.0,0.0,0.0,0.0,0.0,0.0,0.0,0.0,0.0,0.0,0.0,0.0,0.0,0.0,0.0
2.0,120.0,0.0,0.0,0.0,0.0,0.0,0.0,0.0,0.0,0.0,0.0,0.0,0.0,0.0,0.0,0.0,0.0
2.0,126.0,0.0,0.0,0.0,0.0,0.0,0.0,0.0,0.0,0.0,0.0,0.0,0.0,0.0,0.0,0.0,0.0
2.0,132.0,0.0,0.0,0.0,0.0,0.0,0.0,0.0,0.0,0.0,0.0,0.0,0.0,0.0,0.0,0.0,0.0
2.0,138.0,0.0,0.0,0.0,0.0,0.0,0.0,0.0,0.0,0.0,0.0,0.0,0.0,0.0,0.0,0.0,0.0
2.0,144.0,0.0,0.0,0.0,0.0,0.0,0.0,0.0,0.0,0.0,0.0,0.0,0.0,0.0,0.0,0.0,0.0
2.0,150.0,0.0,0.0,0.0,0.0,0.0,0.0,0.0,0.0,0.0,0.0,0.0,0.0,0.0,0.0,0.0,0.0
2.0,156.0,0.0,0.0,0.0,0.0,0.0,0.0,0.0,0.0,0.0,0.0,0.0,0.0,0.0,0.0,0.0,0.0
2.0,162.0,0.0,0.0,0.0,0.0,0.0,0.0,0.0,0.0,0.0,0.0,0.0,0.0,0.0,0.0,0.0,0.0
2.0,168.0,0.0,0.0,0.0,0.0,0.0,0.0,0.0,0.0,0.0,0.0,0.0,0.0,0.0,0.0,0.0,0.0
2.0,174.0,0.0,0.0,0.0,0.0,0.0,0.0,0.0,0.0,0.0,0.0,0.0,0.0,0.0,0.0,0.0,0.0
2.0,180.0,0.0,0.0,0.0,0.0,0.0,0.0,0.0,0.0,0.0,0.0,0.0,0.0,0.0,0.0,0.0,0.0
2.0,186.0,0.0,0.0,0.0,0.0,0.0,0.0,0.0,0.0,0.0,0.0,0.0,0.0,0.0,0.0,0.0,0.0
2.0,192.0,0.0,0.0,0.0,0.0,0.0,0.0,0.0,0.0,0.0,0.0,0.0,0.0,0.0,0.0,0.0,0.0
2.0,198.0,0.0,0.0,0.0,0.0,0.0,0.0,0.0,0.0,0.0,0.0,0.0,0.0,0.0,0.0,0.0,0.0
2.0,204.0,0.0,0.0,0.0,0.0,0.0,0.0,0.0,0.0,0.0,0.0,0.0,0.0,0.0,0.0,0.0,0.0
3.0,0.0,0.0,4.237001E9,1.3961151E12,1.70692E14,4.4594627E9,2.4396667E10,2.4497349E10,2.9387114E10,1.3100429E10,1.5978708E12,2.6143408E11,2.2219448E11,6.961555E10,5.114723E13,8.648666E7,0.0
3.0,6.0,1.7821371E8,2250767.2,2.2534077E11,1.0234803E12,1.2882349E8,1.7919973E9,6401201.5,4.9902746E9,8.7760237E8,1.3898518E10,5.5242783E9,6.1940354E11,1.9111682E8,8.338964E11,1.0696256E8,0.0
3.0,12.0,1.9178836E7,25803.379,5.4046253E10,2.3227212E11,3.4841172E7,2.6187533E8,5240896.5,155891.69,3.306468E7,9.537185E8,1.1695967E9,5.3128852E11,6548496.0,3.2650373E11,914149.9,1040160.44
3.0,18.0,9976981.0,39799.133,8.863902E8,1.2068149E11,8570650.0,7229536.0,3.986122E7,3102114.0,1.1762618E8,9.119149E8,1.6823198E8,1.1472572E9,1.0613319E7,1.6273724E11,142481.73,1120668.5
3.0,24.0,2823896.2,227924.72,3.2423984E8,6.6409513E9,857.3024,2.8710938E7,1.1909742E7,1678252.8,1086467.2,1.552519E8,1.099883E8,2.4991334E8,1.1496338E7,6.8466713E10,88890.4,850119.2
3.0,30.0,856631.3,261246.14,3.781777E7,3.9321208E9,0.0,1.2543078E7,0.0,2348040.0,1694535.9,6.842933E7,8314854.5,0.0,0.3312345,2.1033484E10,32836.22,662706.75
3.0,36.0,1313480.8,230970.08,3456165.2,2.7156106E8,0.0,6303010.5,0.0,1662500.0,755603.94,1.3374343E7,1.2218969E7,0.0,0.0,4.328155E9,23174.14,685583.6
3.0,42.0,3835759.8,89326.68,143777.64,2.2548144E7,0.0,591501.4,0.0,14.444528,199118.23,0.0,2597292.5,0.0,0.0,2.1871662E7,746.0296,549222.25
3.0,48.0,5595920.0,0.0,2568.986,9340078.0,0.0,61871.906,0.0,0.0,387884.44,0.0,29.320496,0.0,0.0,1.9880014E7,0.0,416640.3
3.0,54.0,5451449.0,0.0,22.34484,3547584.0,0.0,69538.99,0.0,0.0,224013.14,0.0,0.0,0.0,0.0,2.3852608E7,0.0,224812.45
3.0,60.0,4820501.0,0.0,0.0,117969.47,0.0,553.7723,0.0,0.0,278483.25,0.0,0.0,0.0,0.0,5211311.5,0.0,90198.6
3.0,66.0,1287364.2,0.0,0.0,685.09674,0.0,65805.36,0.0,0.0,265129.53,0.0,0.0,0.0,0.0,10603.27,0.0,73150.4
3.0,72.0,0.0,0.0,0.0,0.0,0.0,127571.805,0.0,0.0,3.0631485,0.0,0.0,0.0,0.0,26690.303,0.0,63329.824
3.0,78.0,0.0,0.0,0.0,0.0,0.0,139710.14,0.0,0.0,0.7665265,0.0,0.0,0.0,0.0,90.5007,0.0,49693.754
3.0,84.0,0.0,0.0,0.0,0.0,0.0,111933.3,0.0,0.0,0.0,0.0,0.0,0.0,0.0,0.0,0.0,51909.402
3.0,90.0,0.0,0.0,0.0,0.0,0.0,78346.83,0.0,0.0,0.0,0.0,0.0,0.0,0.0,0.0,0.0,58299.895
3.0,96.0,0.0,0.0,0.0,0.0,0.0,43140.78,0.0,0.0,0.0,0.0,0.0,0.0,0.0,0.0,0.0,59046.008
3.0,102.0,0.0,0.0,0.0,0.0,0.0,13524.996,0.0,0.0,0.0,0.0,0.0,0.0,0.0,0.0,0.0,133.24072
3.0,108.0,0.0,0.0,0.0,0.0,0.0,0.0,0.0,0.0,0.0,0.0,0.0,0.0,0.0,0.0,0.0,0.0
3.0,114.0,0.0,0.0,0.0,0.0,0.0,0.0,0.0,0.0,0.0,0.0,0.0,0.0,0.0,0.0,0.0,0.0
3.0,120.0,0.0,0.0,0.0,0.0,0.0,0.0,0.0,0.0,0.0,0.0,0.0,0.0,0.0,0.0,0.0,0.0
3.0,126.0,0.0,0.0,0.0,0.0,0.0,0.0,0.0,0.0,0.0,0.0,0.0,0.0,0.0,0.0,0.0,0.0
3.0,132.0,0.0,0.0,0.0,0.0,0.0,0.0,0.0,0.0,0.0,0.0,0.0,0.0,0.0,0.0,0.0,0.0
3.0,138.0,0.0,0.0,0.0,0.0,0.0,0.0,0.0,0.0,0.0,0.0,0.0,0.0,0.0,0.0,0.0,0.0
3.0,144.0,0.0,0.0,0.0,0.0,0.0,0.0,0.0,0.0,0.0,0.0,0.0,0.0,0.0,0.0,0.0,0.0
3.0,150.0,0.0,0.0,0.0,0.0,0.0,0.0,0.0,0.0,0.0,0.0,0.0,0.0,0.0,0.0,0.0,0.0
3.0,156.0,0.0,0.0,0.0,0.0,0.0,0.0,0.0,0.0,0.0,0.0,0.0,0.0,0.0,0.0,0.0,0.0
3.0,162.0,0.0,0.0,0.0,0.0,0.0,0.0,0.0,0.0,0.0,0.0,0.0,0.0,0.0,0.0,0.0,0.0
3.0,168.0,0.0,0.0,0.0,0.0,0.0,0.0,0.0,0.0,0.0,0.0,0.0,0.0,0.0,0.0,0.0,0.0
3.0,174.0,0.0,0.0,0.0,0.0,0.0,0.0,0.0,0.0,0.0,0.0,0.0,0.0,0.0,0.0,0.0,0.0
3.0,180.0,0.0,0.0,0.0,0.0,0.0,0.0,0.0,0.0,0.0,0.0,0.0,0.0,0.0,0.0,0.0,0.0
3.0,186.0,0.0,0.0,0.0,0.0,0.0,0.0,0.0,0.0,0.0,0.0,0.0,0.0,0.0,0.0,0.0,0.0
3.0,192.0,0.0,0.0,0.0,0.0,0.0,0.0,0.0,0.0,0.0,0.0,0.0,0.0,0.0,0.0,0.0,0.0
3.0,198.0,0.0,0.0,0.0,0.0,0.0,0.0,0.0,0.0,0.0,0.0,0.0,0.0,0.0,0.0,0.0,0.0
3.0,204.0,0.0,0.0,0.0,0.0,0.0,0.0,0.0,0.0,0.0,0.0,0.0,0.0,0.0,0.0,0.0,0.0
4.0,0.0,0.0,2.3574523E9,2.5757703E12,2.2492443E14,1.308224E10,4.071227E10,3.7103885E9,1.2720848E10,6.1824625E9,2.637932E12,1.9626959E11,1.9938168E11,2.1300462E10,5.3750583E14,1.11108E8,0.0
4.0,6.0,2.0211288E8,4.727249E7,2.1578211E11,2.818442E12,2.931132E8,5.197309E9,4.277611E7,4.8474235E9,6.5988E8,9.658599E9,1.3138678E9,1.4277765E11,8.4760794E8,5.6101765E11,1.0794748E7,0.0
4.0,12.0,1.2360252E7,9154.067,5.1656135E10,8.196432E11,5.7639424E7,1.9833807E9,730674.94,81018.03,8727806.0,1.9763349E8,1.494947E8,4.1699072E11,1819902.9,8.58868E11,1396464.0,730628.0
4.0,18.0,3735428.5,6094.948,1.2268042E10,1.4757583E11,4.5246744E7,3.8588144E8,8175767.0,260045.31,4.6827736E7,1.7019346E9,6397029.0,3.5825825E9,3409473.0,5.1763085E11,303324.47,646864.44
4.0,24.0,2105189.2,31388.16,5.519444E8,1.1960838E10,354403.4,7.125938E7,3822.5913,335771.06,455446.78,3.436613E8,1.5053458E8,3.2926672E8,2686180.2,8.3287376E10,333031.75,493628.06
4.0,30.0,1544764.0,138778.36,1.8061176E7,2.6428068E9,39.09378,7319255.5,22.822617,1026907.6,573701.6,7.217038E7,5979713.0,0.12043124,0.0,2.3916126E10,113195.266,397823.56
4.0,36.0,970693.6,104959.54,1.6515242E7,6.83978E8,0.0,1.5589002E7,0.0,839856.94,326700.3,9499554.0,6693578.5,0.0,0.0,1.3521378E10,67549.61,403589.5
4.0,42.0,406633.7,36323.27,1024719.56,1.4937403E8,0.0,1.1293305E7,0.0,96.76726,206526.03,6.835227,2998865.8,0.0,0.0,3.073684E9,13750.504,404525.97
4.0,48.0,1229377.6,0.0,43444.438,6347219.5,0.0,1698264.0,0.0,1.3852645,178709.52,0.0,575483.8,0.0,0.0,810335.6,0.0,326858.3
4.0,54.0,3520630.5,0.0,1663.3837,5162821.5,0.0,479964.38,0.0,0.0,149048.19,0.0,0.0,0.0,0.0,2201054.5,0.0,325083.75
4.0,60.0,4029214.0,0.0,1.1814202,1224106.6,0.0,48265.746,0.0,0.0,177881.75,0.0,0.0,0.0,0.0,2484.1345,0.0,262265.88
4.0,66.0,2108122.5,0.0,0.0,78260.195,0.0,60699.586,0.0,0.0,210215.56,0.0,0.0,0.0,0.0,6521.075,0.0,186417.77
4.0,72.0,21749.18,0.0,0.0,244.00273,0.0,54.06848,0.0,0.0,21.555056,0.0,0.0,0.0,0.0,0.0,0.0,96012.13
4.0,78.0,0.0,0.0,0.0,0.0,0.0,20129.594,0.0,0.0,4.724427,0.0,0.0,0.0,0.0,0.0,0.0,41464.617
4.0,84.0,0.0,0.0,0.0,0.0,0.0,63327.57,0.0,0.0,2.5154018,0.0,0.0,0.0,0.0,0.0,0.0,38199.492
4.0,90.0,0.0,0.0,0.0,0.0,0.0,96220.836,0.0,0.0,0.0,0.0,0.0,0.0,0.0,0.0,0.0,35243.71
4.0,96.0,0.0,0.0,0.0,0.0,0.0,128033.38,0.0,0.0,0.0,0.0,0.0,0.0,0.0,0.0,0.0,40018.855
4.0,102.0,0.0,0.0,0.0,0.0,0.0,87669.75,0.0,0.0,0.0,0.0,0.0,0.0,0.0,0.0,0.0,11256.684
4.0,108.0,0.0,0.0,0.0,0.0,0.0,2.4395716,0.0,0.0,0.0,0.0,0.0,0.0,0.0,0.0,0.0,0.0
4.0,114.0,0.0,0.0,0.0,0.0,0.0,0.0,0.0,0.0,0.0,0.0,0.0,0.0,0.0,0.0,0.0,0.0
4.0,120.0,0.0,0.0,0.0,0.0,0.0,0.0,0.0,0.0,0.0,0.0,0.0,0.0,0.0,0.0,0.0,0.0
4.0,126.0,0.0,0.0,0.0,0.0,0.0,0.0,0.0,0.0,0.0,0.0,0.0,0.0,0.0,0.0,0.0,0.0
4.0,132.0,0.0,0.0,0.0,0.0,0.0,0.0,0.0,0.0,0.0,0.0,0.0,0.0,0.0,0.0,0.0,0.0
4.0,138.0,0.0,0.0,0.0,0.0,0.0,0.0,0.0,0.0,0.0,0.0,0.0,0.0,0.0,0.0,0.0,0.0
4.0,144.0,0.0,0.0,0.0,0.0,0.0,0.0,0.0,0.0,0.0,0.0,0.0,0.0,0.0,0.0,0.0,0.0
4.0,150.0,0.0,0.0,0.0,0.0,0.0,0.0,0.0,0.0,0.0,0.0,0.0,0.0,0.0,0.0,0.0,0.0
4.0,156.0,0.0,0.0,0.0,0.0,0.0,0.0,0.0,0.0,0.0,0.0,0.0,0.0,0.0,0.0,0.0,0.0
4.0,162.0,0.0,0.0,0.0,0.0,0.0,0.0,0.0,0.0,0.0,0.0,0.0,0.0,0.0,0.0,0.0,0.0
4.0,168.0,0.0,0.0,0.0,0.0,0.0,0.0,0.0,0.0,0.0,0.0,0.0,0.0,0.0,0.0,0.0,0.0
4.0,174.0,0.0,0.0,0.0,0.0,0.0,0.0,0.0,0.0,0.0,0.0,0.0,0.0,0.0,0.0,0.0,0.0
4.0,180.0,0.0,0.0,0.0,0.0,0.0,0.0,0.0,0.0,0.0,0.0,0.0,0.0,0.0,0.0,0.0,0.0
4.0,186.0,0.0,0.0,0.0,0.0,0.0,0.0,0.0,0.0,0.0,0.0,0.0,0.0,0.0,0.0,0.0,0.0
4.0,192.0,0.0,0.0,0.0,0.0,0.0,0.0,0.0,0.0,0.0,0.0,0.0,0.0,0.0,0.0,0.0,0.0
4.0,198.0,0.0,0.0,0.0,0.0,0.0,0.0,0.0,0.0,0.0,0.0,0.0,0.0,0.0,0.0,0.0,0.0
4.0,204.0,0.0,0.0,0.0,0.0,0.0,0.0,0.0,0.0,0.0,0.0,0.0,0.0,0.0,0.0,0.0,0.0
5.0,0.0,0.0,9.2739885E8,3.105908E13,6.56956E14,3.1661437E10,7.114938E10,1.7245334E8,5.000266E9,2.1306028E9,7.5691805E12,5.1648555E11,1.868968E11,6.6235873E9,5.5726996E14,4.625197E8,0.0
5.0,6.0,1.6967802E8,2.8001824E7,6.9029724E11,9.783587E12,1.015928E9,4.809811E9,2756691.2,1.7948105E9,4.8885293E8,3.9474848E10,6.9454E9,7.350913E10,4.767156E8,2.0552424E12,3.8489668E7,0.0
5.0,12.0,2.5359216E7,9218.676,8.499994E10,4.1670958E12,9.711153E7,6.966349E9,235135.42,101152.055,4.8665245E8,8.978874E7,6076338.0,2.680337E11,2246248.5,2.453892E12,2730947.8,1115654.6
5.0,18.0,1.4773212E7,2121.804,1.714194E10,3.6982188E11,6.545999E7,1.7397517E9,111865.56,18927.482,1589545.1,2.2699792E8,3593607.5,1.6238128E10,1563265.5,1.2439247E12,1051099.1,658060.25
5.0,24.0,1708953.5,561.3812,9.192399E9,1.0913615E11,304046.1,1.2344266E8,65.439575,58249.297,98720.13,1.2320557E9,3.8271124E7,3.436006E8,848818.0,5.6343585E10,285779.06,397432.25
5.0,30.0,1193173.1,30023.715,1.369772E8,1.1735553E10,88156.14,4.5328477E8,94.997536,426814.62,414479.47,4.636798E7,5.037049E7,17.606178,32.839306,8.9197E10,296466.5,312527.4
5.0,36.0,1050180.9,47477.277,6792516.5,9.0590803E8,0.0,1.8028594E7,53.559525,385446.8,96403.164,1.8424536E7,4531755.0,0.0,0.0,4.1260803E8,206052.44,258312.89
5.0,42.0,685962.7,17853.58,616962.3,1.845838E8,0.0,1.5222656E7,0.0,131.61972,170734.0,55.095173,2594746.2,0.0,0.0,2.2398312E8,57401.18,241470.55
5.0,48.0,542784.5,1.6886404,84842.97,2.2592042E7,0.0,2.0677364E7,0.0,46.34586,69009.57,0.0,980207.75,0.0,0.0,66863.02,14.226797,198508.14
5.0,54.0,318572.66,0.0,1620.3975,1899901.1,0.0,8890648.0,0.0,0.0,107519.766,0.0,1362.2937,0.0,0.0,0.0,0.0,186989.05
5.0,60.0,1666901.8,0.0,450.5733,1882267.8,0.0,3410223.5,0.0,0.0,97167.96,0.0,0.0,0.0,0.0,37.447075,0.0,193038.98
5.0,66.0,2905257.5,0.0,0.0,72677.71,0.0,122301.68,0.0,0.0,159475.38,0.0,0.0,0.0,0.0,95.77321,0.0,151460.98
5.0,72.0,511965.88,0.0,0.0,4734.9653,0.0,40564.21,0.0,0.0,9430.178,0.0,0.0,0.0,0.0,0.0,0.0,154766.3
5.0,78.0,0.8125737,0.0,0.0,0.0,0.0,37424.67,0.0,0.0,55.41264,0.0,0.0,0.0,0.0,0.0,0.0,112974.26
5.0,84.0,0.0,0.0,0.0,0.0,0.0,21.834692,0.0,0.0,14.722593,0.0,0.0,0.0,0.0,0.0,0.0,71080.734
5.0,90.0,0.0,0.0,0.0,0.0,0.0,23732.635,0.0,0.0,2.6308668,0.0,0.0,0.0,0.0,0.0,0.0,31319.254
5.0,96.0,0.0,0.0,0.0,0.0,0.0,39967.133,0.0,0.0,0.6246819,0.0,0.0,0.0,0.0,0.0,0.0,23805.045
5.0,102.0,0.0,0.0,0.0,0.0,0.0,99743.26,0.0,0.0,0.0,0.0,0.0,0.0,0.0,0.0,0.0,28111.121
5.0,108.0,0.0,0.0,0.0,0.0,0.0,83029.35,0.0,0.0,0.0,0.0,0.0,0.0,0.0,0.0,0.0,318.5864
5.0,114.0,0.0,0.0,0.0,0.0,0.0,20556.754,0.0,0.0,0.0,0.0,0.0,0.0,0.0,0.0,0.0,0.0
5.0,120.0,0.0,0.0,0.0,0.0,0.0,180.63481,0.0,0.0,0.0,0.0,0.0,0.0,0.0,0.0,0.0,0.0
5.0,126.0,0.0,0.0,0.0,0.0,0.0,0.0,0.0,0.0,0.0,0.0,0.0,0.0,0.0,0.0,0.0,0.0
5.0,132.0,0.0,0.0,0.0,0.0,0.0,0.0,0.0,0.0,0.0,0.0,0.0,0.0,0.0,0.0,0.0,0.0
5.0,138.0,0.0,0.0,0.0,0.0,0.0,0.0,0.0,0.0,0.0,0.0,0.0,0.0,0.0,0.0,0.0,0.0
5.0,144.0,0.0,0.0,0.0,0.0,0.0,0.0,0.0,0.0,0.0,0.0,0.0,0.0,0.0,0.0,0.0,0.0
5.0,150.0,0.0,0.0,0.0,0.0,0.0,0.0,0.0,0.0,0.0,0.0,0.0,0.0,0.0,0.0,0.0,0.0
5.0,156.0,0.0,0.0,0.0,0.0,0.0,0.0,0.0,0.0,0.0,0.0,0.0,0.0,0.0,0.0,0.0,0.0
5.0,162.0,0.0,0.0,0.0,0.0,0.0,0.0,0.0,0.0,0.0,0.0,0.0,0.0,0.0,0.0,0.0,0.0
5.0,168.0,0.0,0.0,0.0,0.0,0.0,0.0,0.0,0.0,0.0,0.0,0.0,0.0,0.0,0.0,0.0,0.0
5.0,174.0,0.0,0.0,0.0,0.0,0.0,0.0,0.0,0.0,0.0,0.0,0.0,0.0,0.0,0.0,0.0,0.0
5.0,180.0,0.0,0.0,0.0,0.0,0.0,0.0,0.0,0.0,0.0,0.0,0.0,0.0,0.0,0.0,0.0,0.0
5.0,186.0,0.0,0.0,0.0,0.0,0.0,0.0,0.0,0.0,0.0,0.0,0.0,0.0,0.0,0.0,0.0,0.0
5.0,192.0,0.0,0.0,0.0,0.0,0.0,0.0,0.0,0.0,0.0,0.0,0.0,0.0,0.0,0.0,0.0,0.0
5.0,198.0,0.0,0.0,0.0,0.0,0.0,0.0,0.0,0.0,0.0,0.0,0.0,0.0,0.0,0.0,0.0,0.0
5.0,204.0,0.0,0.0,0.0,0.0,0.0,0.0,0.0,0.0,0.0,0.0,0.0,0.0,0.0,0.0,0.0,0.0
6.0,0.0,0.0,2.199525E8,9.814649E13,9.7474893E14,4.4759847E10,1.6977068E12,4877423.5,1.4655894E9,1.8170789E9,5.211624E12,3.15057E11,3.7151434E11,1.6489934E10,4.869484E14,1.7202935E9,0.0
6.0,6.0,1.0253467E8,3.6072296E7,1.0802717E13,2.9601942E13,2.7299433E9,9.624095E10,633673.44,5.4711264E8,2.3704254E8,1.6568467E9,1.7781677E9,2.6357613E11,1.2580565E8,3.361824E12,2.3644352E7,0.0
6.0,12.0,1.1566919E7,25723.865,6.6827678E10,4.815199E12,5.1352102E8,1.1171479E11,51391.25,55441.883,2.901417E8,7.300139E7,8.47011E9,1.4134372E11,4.135137E7,3.651346E12,9610993.0,1367385.0
6.0,18.0,9829778.0,1595.5586,5.934765E10,1.252385E12,1.122607E8,9.634127E10,15659.689,2220.87,1233733.4,4.293717E7,1.0052653E8,5.0521534E10,7180496.5,2.8291052E12,1098667.1,1111965.8
6.0,24.0,8472985.0,1785.9729,1.074753E10,9.1088355E10,6286585.0,2.4104974E10,947.38654,17015.637,11529.348,8.644406E8,5736828.0,2.9374253E8,221561.81,3.2658883E11,1138140.2,817175.9
6.0,30.0,4207664.5,1927.631,9.9466816E8,5.244874E10,16910.758,1.9332818E7,18.71766,147101.81,135223.19,1.9583474E7,5.125179E7,14.614729,468.8489,9.987575E9,478742.2,645163.44
6.0,36.0,658415.06,15942.963,4304938.5,1.9237939E9,0.0,2.5958981E8,87.838684,163737.3,80240.16,1.9092536E7,1238241.5,0.4487658,0.14981641,2.3922962E8,173489.8,395540.1
6.0,42.0,638379.9,7383.5024,2109140.5,8.425456E7,0.0,2.4447132E7,0.0,1093.5762,50169.24,222536.48,2150703.5,0.0,0.0,2.0063368E8,71787.74,215242.81
6.0,48.0,551722.8,30.131144,56268.87,4.1124604E7,0.0,1394095.9,0.0,69.4778,74653.85,16.263004,644523.7,0.0,0.0,9.601602E7,0.0,164572.36
6.0,54.0,412719.84,2.9998841,1003.30927,5498135.5,0.0,1.73357E7,0.0,23.675364,39745.664,0.0,124128.01,0.0,0.0,2203716.0,0.0,137683.45
6.0,60.0,229048.94,0.0,139.81097,1026126.0,0.0,2.36177E7,0.0,0.0,77672.96,0.0,0.18250792,0.0,0.0,236854.02,0.0,119040.73
6.0,66.0,701908.06,0.0,0.0,392829.62,0.0,6960178.5,0.0,0.0,108415.48,0.0,0.0,0.0,0.0,0.0,0.0,94421.78
6.0,72.0,1579596.4,0.0,0.0,24135.52,0.0,2669136.0,0.0,0.0,21835.758,0.0,0.0,0.0,0.0,0.0,0.0,86170.305
6.0,78.0,175338.89,0.0,0.0,0.0,0.0,3238.4116,0.0,0.0,211.8294,0.0,0.0,0.0,0.0,0.0,0.0,86177.37
6.0,84.0,2.4284782,0.0,0.0,0.0,0.0,44008.938,0.0,0.0,111.51185,0.0,0.0,0.0,0.0,0.0,0.0,71109.36
6.0,90.0,0.0,0.0,0.0,0.0,0.0,14067.671,0.0,0.0,22.345997,0.0,0.0,0.0,0.0,0.0,0.0,65865.234
6.0,96.0,0.0,0.0,0.0,0.0,0.0,9915.058,0.0,0.0,3.0251179,0.0,0.0,0.0,0.0,0.0,0.0,39807.676
6.0,102.0,0.0,0.0,0.0,0.0,0.0,18689.496,0.0,0.0,0.6832733,0.0,0.0,0.0,0.0,0.0,0.0,21540.469
6.0,108.0,0.0,0.0,0.0,0.0,0.0,47352.836,0.0,0.0,0.0,0.0,0.0,0.0,0.0,0.0,0.0,16492.35
6.0,114.0,0.0,0.0,0.0,0.0,0.0,71276.56,0.0,0.0,0.0,0.0,0.0,0.0,0.0,0.0,0.0,2433.7183
6.0,120.0,0.0,0.0,0.0,0.0,0.0,29807.816,0.0,0.0,0.0,0.0,0.0,0.0,0.0,0.0,0.0,14.623886
6.0,126.0,0.0,0.0,0.0,0.0,0.0,5130.952,0.0,0.0,0.0,0.0,0.0,0.0,0.0,0.0,0.0,0.0
6.0,132.0,0.0,0.0,0.0,0.0,0.0,222.03984,0.0,0.0,0.0,0.0,0.0,0.0,0.0,0.0,0.0,0.0
6.0,138.0,0.0,0.0,0.0,0.0,0.0,0.0,0.0,0.0,0.0,0.0,0.0,0.0,0.0,0.0,0.0,0.0
6.0,144.0,0.0,0.0,0.0,0.0,0.0,0.0,0.0,0.0,0.0,0.0,0.0,0.0,0.0,0.0,0.0,0.0
6.0,150.0,0.0,0.0,0.0,0.0,0.0,0.0,0.0,0.0,0.0,0.0,0.0,0.0,0.0,0.0,0.0,0.0
6.0,156.0,0.0,0.0,0.0,0.0,0.0,0.0,0.0,0.0,0.0,0.0,0.0,0.0,0.0,0.0,0.0,0.0
6.0,162.0,0.0,0.0,0.0,0.0,0.0,0.0,0.0,0.0,0.0,0.0,0.0,0.0,0.0,0.0,0.0,0.0
6.0,168.0,0.0,0.0,0.0,0.0,0.0,0.0,0.0,0.0,0.0,0.0,0.0,0.0,0.0,0.0,0.0,0.0
6.0,174.0,0.0,0.0,0.0,0.0,0.0,0.0,0.0,0.0,0.0,0.0,0.0,0.0,0.0,0.0,0.0,0.0
6.0,180.0,0.0,0.0,0.0,0.0,0.0,0.0,0.0,0.0,0.0,0.0,0.0,0.0,0.0,0.0,0.0,0.0
6.0,186.0,0.0,0.0,0.0,0.0,0.0,0.0,0.0,0.0,0.0,0.0,0.0,0.0,0.0,0.0,0.0,0.0
6.0,192.0,0.0,0.0,0.0,0.0,0.0,0.0,0.0,0.0,0.0,0.0,0.0,0.0,0.0,0.0,0.0,0.0
6.0,198.0,0.0,0.0,0.0,0.0,0.0,0.0,0.0,0.0,0.0,0.0,0.0,0.0,0.0,0.0,0.0,0.0
6.0,204.0,0.0,0.0,0.0,0.0,0.0,0.0,0.0,0.0,0.0,0.0,0.0,0.0,0.0,0.0,0.0,0.0
7.0,0.0,0.0,8.375755E7,3.0618914E13,2.3427847E15,1.8519974E11,1.6626504E12,6049162.0,4.4018618E8,2.1685094E9,3.539114E12,2.988744E11,2.6473937E11,1.2728895E10,4.786695E14,7.3910816E8,0.0
7.0,6.0,6.860177E7,3.702279E7,5.334998E12,3.56753E13,3.151643E9,2.9262797E11,444299.25,1.6858128E8,6.74066E8,3.8396012E9,2.111723E9,1.9653188E11,6.019133E8,8.918563E12,1.4318875E8,0.0
7.0,12.0,1.1859999E7,18626.225,2.9261677E11,6.424239E12,1.4471014E9,1.8366702E10,16460.059,1.2341702E7,3.5282776E7,8.4990377E9,3.437484E9,1.0700101E11,1.2472982E7,3.2952445E12,3686962.8,1204936.1
7.0,18.0,2173205.8,4463.6523,7.3685475E10,2.2452293E12,2.0591291E8,6.1668712E10,8787.541,1259.6865,5882402.0,7339.6987,1.1591782E8,4.4733133E10,730619.5,2.5375875E12,416235.8,1057642.1
7.0,24.0,1507574.6,845.0538,3.5157617E9,1.4173276E11,4415011.0,1.842816E11,10526.218,1480.5978,19408.717,4.0487293E8,6.0158436E7,2.0275678E8,176059.06,7.002308E11,267463.53,754714.06
7.0,30.0,3444290.5,1382.345,3.472593E8,2.7050674E10,1766921.6,1.6069779E9,0.8380168,50694.383,19090.414,9.687143E7,3.04612E7,0.0,391.40503,2.6098534E11,290127.06,566098.44
7.0,36.0,4331426.5,4675.6006,3.069907E8,1.4416525E10,0.0,3.667355E8,21.13688,51037.652,52221.38,8794563.0,1191795.0,0.0,185.15837,3.1440243E10,149381.38,466073.5
7.0,42.0,1340638.9,2830.773,1339769.6,3.3739565E8,0.0,1.624909E8,1.2796626,961.2317,40415.348,2177443.8,1474015.4,0.0,0.0,6.241653E9,26458.502,384572.9
7.0,48.0,402195.9,21.211857,240979.78,2.3329466E7,0.0,2461320.2,0.0,199.31813,40534.965,26.362904,495855.94,0.0,0.0,2.340124E10,0.0,327118.88
7.0,54.0,376330.97,4.590709,6360.29,1.1872625E7,0.0,2204743.5,0.0,23.33352,27538.596,0.0,156988.77,0.0,0.0,5.597459E8,0.0,224684.81
7.0,60.0,256007.6,0.0,254.9924,835851.6,0.0,6258204.5,0.0,0.6004998,31827.146,0.0,3.2897942,0.0,0.0,2.8782656E8,0.0,123809.05
7.0,66.0,187252.1,0.0,0.0,251694.58,0.0,1.6131592E7,0.0,0.0,60759.977,0.0,0.0,0.0,0.0,2239859.2,0.0,76501.664
7.0,72.0,305006.0,0.0,0.0,15008.647,0.0,2612442.5,0.0,0.0,34255.062,0.0,0.0,0.0,0.0,102.18974,0.0,63442.977
7.0,78.0,673753.8,0.0,0.0,0.0,0.0,5144623.5,0.0,0.0,1584.0206,0.0,0.0,0.0,0.0,0.0,0.0,53000.504
7.0,84.0,103714.766,0.0,0.0,0.0,0.0,347533.22,0.0,0.0,235.16759,0.0,0.0,0.0,0.0,0.0,0.0,43288.93
7.0,90.0,233.28278,0.0,0.0,0.0,0.0,14333.328,0.0,0.0,102.05301,0.0,0.0,0.0,0.0,0.0,0.0,40165.66
7.0,96.0,0.0,0.0,0.0,0.0,0.0,23618.357,0.0,0.0,22.046547,0.0,0.0,0.0,0.0,0.0,0.0,35810.816
7.0,102.0,0.0,0.0,0.0,0.0,0.0,5322.189,0.0,0.0,4.75851,0.0,0.0,0.0,0.0,0.0,0.0,32400.484
7.0,108.0,0.0,0.0,0.0,0.0,0.0,16130.53,0.0,0.0,0.26753923,0.0,0.0,0.0,0.0,0.0,0.0,21235.596
7.0,114.0,0.0,0.0,0.0,0.0,0.0,21248.693,0.0,0.0,0.0,0.0,0.0,0.0,0.0,0.0,0.0,11653.325
7.0,120.0,0.0,0.0,0.0,0.0,0.0,51745.54,0.0,0.0,0.0,0.0,0.0,0.0,0.0,0.0,0.0,3171.4258
7.0,126.0,0.0,0.0,0.0,0.0,0.0,25400.36,0.0,0.0,0.0,0.0,0.0,0.0,0.0,0.0,0.0,421.75638
7.0,132.0,0.0,0.0,0.0,0.0,0.0,6526.531,0.0,0.0,0.0,0.0,0.0,0.0,0.0,0.0,0.0,0.0
7.0,138.0,0.0,0.0,0.0,0.0,0.0,322.5379,0.0,0.0,0.0,0.0,0.0,0.0,0.0,0.0,0.0,0.0
7.0,144.0,0.0,0.0,0.0,0.0,0.0,176.20642,0.0,0.0,0.0,0.0,0.0,0.0,0.0,0.0,0.0,0.0
7.0,150.0,0.0,0.0,0.0,0.0,0.0,0.0,0.0,0.0,0.0,0.0,0.0,0.0,0.0,0.0,0.0,0.0
7.0,156.0,0.0,0.0,0.0,0.0,0.0,0.0,0.0,0.0,0.0,0.0,0.0,0.0,0.0,0.0,0.0,0.0
7.0,162.0,0.0,0.0,0.0,0.0,0.0,0.0,0.0,0.0,0.0,0.0,0.0,0.0,0.0,0.0,0.0,0.0
7.0,168.0,0.0,0.0,0.0,0.0,0.0,0.0,0.0,0.0,0.0,0.0,0.0,0.0,0.0,0.0,0.0,0.0
7.0,174.0,0.0,0.0,0.0,0.0,0.0,0.0,0.0,0.0,0.0,0.0,0.0,0.0,0.0,0.0,0.0,0.0
7.0,180.0,0.0,0.0,0.0,0.0,0.0,0.0,0.0,0.0,0.0,0.0,0.0,0.0,0.0,0.0,0.0,0.0
7.0,186.0,0.0,0.0,0.0,0.0,0.0,0.0,0.0,0.0,0.0,0.0,0.0,0.0,0.0,0.0,0.0,0.0
7.0,192.0,0.0,0.0,0.0,0.0,0.0,0.0,0.0,0.0,0.0,0.0,0.0,0.0,0.0,0.0,0.0,0.0
7.0,198.0,0.0,0.0,0.0,0.0,0.0,0.0,0.0,0.0,0.0,0.0,0.0,0.0,0.0,0.0,0.0,0.0
7.0,204.0,0.0,0.0,0.0,0.0,0.0,0.0,0.0,0.0,0.0,0.0,0.0,0.0,0.0,0.0,0.0,0.0
8.0,0.0,0.0,4.968448E7,9.760327E13,1.5398599E15,2.4754083E11,1.439327E12,8671779.0,1.0295077E8,1.6142255E9,2.1265625E12,2.6680097E11,1.4311136E11,5.8551475E9,9.789235E15,4.2387766E8,0.0
8.0,6.0,3.88128E7,8231803.0,4.910827E12,1.5007724E13,2.7601388E9,6.7824132E10,1141690.5,8.3284056E7,1.06929626E9,1.6769926E9,6.234335E8,7.156398E10,1.9781546E8,1.4057324E12,6.6803652E7,0.0
8.0,12.0,1.8735034E7,17159.719,2.606238E11,1.8596057E13,1.2067337E9,6.4845582E10,4611.379,6529596.0,1.11940216E8,6.71139E9,6.089942E7,6.23346E10,6260596.0,3.872198E12,2493758.2,1167621.9
8.0,18.0,3195534.8,9781.337,1.7292812E11,1.0219624E13,7.252724E8,2.3202484E10,10045.789,6944.894,2493618.2,2605.2058,7.332578E7,1.3958383E10,1304140.1,1.1384087E12,1122970.9,842530.5
8.0,24.0,967632.4,3152.923,1.5247077E10,1.3346011E11,471648.6,5.7722843E10,6150.0767,1131.2166,57086.7,7.012169E7,1.1243074E8,1.07383896E8,6245.943,4.759435E11,577249.0,555692.56
8.0,30.0,433279.88,2637.3472,1.8140506E8,2.1988614E10,379933.94,3.920301E10,5966.985,13669.42,14610.855,2.0040885E8,1.1736686E7,2.6974816,15620.53,3.0323687E11,204115.19,436966.06
8.0,36.0,655579.56,732.8704,2.0616954E8,6.212461E9,0.0,1.2609375E10,0.9352763,7049.027,30116.758,2537418.0,1.8009498E7,0.0,2397.2136,2.202697E11,84669.94,373542.72
8.0,42.0,2173097.2,1616.2297,177731.56,1.5450807E9,0.0,2.9502483E8,15.1329565,1198.0522,29336.252,2207408.5,557106.9,0.0,0.0,2.562346E10,17732.176,341003.28
8.0,48.0,1712708.6,36.776752,44423.4,1.966415E7,0.0,4.6968544E7,0.0,83.42676,20441.51,204.75002,554561.56,0.0,0.0,1.7008148E10,0.0,270909.53
8.0,54.0,446011.06,8.487124,3555.5085,1.3911886E7,0.0,589558.3,0.0,47.695732,33983.902,4.093871,124514.484,0.0,0.0,7.625089E9,0.0,224594.58
8.0,60.0,226021.78,3.5064957,85.39921,495447.6,0.0,2306180.5,0.0,3.7514877,14919.235,0.0,334.14285,0.0,0.0,5.885072E7,0.0,185626.16
8.0,66.0,150327.48,0.0962035,0.0,116652.18,0.0,5651167.0,0.0,0.0,25452.604,0.0,0.0,0.0,0.0,387333.28,0.0,147907.36
8.0,72.0,127925.055,0.0,0.0,6762.825,0.0,7534312.0,0.0,0.0,16097.363,0.0,0.0,0.0,0.0,57.590088,0.0,102991.1
8.0,78.0,137339.08,0.0,0.0,18.435095,0.0,851115.3,0.0,0.0,7936.1313,0.0,0.0,0.0,0.0,0.0,0.0,53981.934
8.0,84.0,230488.52,0.0,0.0,0.0,0.0,3794395.0,0.0,0.0,2779.6274,0.0,0.0,0.0,0.0,0.0,0.0,33859.1
8.0,90.0,63312.656,0.0,0.0,0.0,0.0,332639.62,0.0,0.0,200.47038,0.0,0.0,0.0,0.0,0.0,0.0,27475.41
8.0,96.0,1355.507,0.0,0.0,0.0,0.0,5235.362,0.0,0.0,119.14567,0.0,0.0,0.0,0.0,0.0,0.0,22044.771
8.0,102.0,0.0,0.0,0.0,0.0,0.0,19545.0,0.0,0.0,12.688877,0.0,0.0,0.0,0.0,0.0,0.0,18859.873
8.0,108.0,0.0,0.0,0.0,0.0,0.0,4747.924,0.0,0.0,3.357566,0.0,0.0,0.0,0.0,0.0,0.0,17438.684
8.0,114.0,0.0,0.0,0.0,0.0,0.0,10583.174,0.0,0.0,0.0,0.0,0.0,0.0,0.0,0.0,0.0,15498.622
8.0,120.0,0.0,0.0,0.0,0.0,0.0,19382.035,0.0,0.0,0.0,0.0,0.0,0.0,0.0,0.0,0.0,9200.621
8.0,126.0,0.0,0.0,0.0,0.0,0.0,29052.96,0.0,0.0,0.0,0.0,0.0,0.0,0.0,0.0,0.0,3250.7354
8.0,132.0,0.0,0.0,0.0,0.0,0.0,14994.486,0.0,0.0,0.0,0.0,0.0,0.0,0.0,0.0,0.0,590.4313
8.0,138.0,0.0,0.0,0.0,0.0,0.0,7643.77,0.0,0.0,0.0,0.0,0.0,0.0,0.0,0.0,0.0,26.559309
8.0,144.0,0.0,0.0,0.0,0.0,0.0,147.32338,0.0,0.0,0.0,0.0,0.0,0.0,0.0,0.0,0.0,0.0
8.0,150.0,0.0,0.0,0.0,0.0,0.0,301.8929,0.0,0.0,0.0,0.0,0.0,0.0,0.0,0.0,0.0,0.0
8.0,156.0,0.0,0.0,0.0,0.0,0.0,0.0,0.0,0.0,0.0,0.0,0.0,0.0,0.0,0.0,0.0,0.0
8.0,162.0,0.0,0.0,0.0,0.0,0.0,0.0,0.0,0.0,0.0,0.0,0.0,0.0,0.0,0.0,0.0,0.0
8.0,168.0,0.0,0.0,0.0,0.0,0.0,0.0,0.0,0.0,0.0,0.0,0.0,0.0,0.0,0.0,0.0,0.0
8.0,174.0,0.0,0.0,0.0,0.0,0.0,0.0,0.0,0.0,0.0,0.0,0.0,0.0,0.0,0.0,0.0,0.0
8.0,180.0,0.0,0.0,0.0,0.0,0.0,0.0,0.0,0.0,0.0,0.0,0.0,0.0,0.0,0.0,0.0,0.0
8.0,186.0,0.0,0.0,0.0,0.0,0.0,0.0,0.0,0.0,0.0,0.0,0.0,0.0,0.0,0.0,0.0,0.0
8.0,192.0,0.0,0.0,0.0,0.0,0.0,0.0,0.0,0.0,0.0,0.0,0.0,0.0,0.0,0.0,0.0,0.0
8.0,198.0,0.0,0.0,0.0,0.0,0.0,0.0,0.0,0.0,0.0,0.0,0.0,0.0,0.0,0.0,0.0,0.0
8.0,204.0,0.0,0.0,0.0,0.0,0.0,0.0,0.0,0.0,0.0,0.0,0.0,0.0,0.0,0.0,0.0,0.0
9.0,0.0,0.0,4.3380516E7,1.0022249E15,3.2998053E16,4.806859E11,8.191625E11,7861540.5,3.3145064E7,6.607533E8,1.4996354E12,5.502678E11,1.3332603E11,1.171266E10,9.645365E15,9.1396896E8,0.0
9.0,6.0,4.236154E7,5564593.0,4.9140575E13,4.8091994E14,1.6545573E10,1.3380996E11,1675518.6,2.1300228E7,3.0230115E8,3.6429357E8,6.074086E9,9.0622075E10,2.2968602E8,1.8405158E14,1.9972034E7,0.0
9.0,12.0,1.7002894E7,36531.656,3.2622903E11,2.86362E13,1.6047359E9,9.3009854E10,13968.719,124900.35,2.5336187E8,1.8817364E9,9.1433576E7,3.909814E10,1.143283E7,1.1776071E14,1474260.8,1305758.2
9.0,18.0,2532322.8,3788.6755,4.49967E11,1.6712019E13,6.450744E8,4.4385858E10,2779.4333,21493.473,5.513685E7,1.9174194E9,1.4436877E8,1.5606488E10,2688738.0,1.350433E13,669987.25,994110.06
9.0,24.0,1019063.94,1606.447,1.31154485E11,1.6420193E12,344927.3,2.8895343E10,4540.393,5961.6694,102674.805,4786.6743,1.1187889E8,5.6634228E7,22595.03,6.7461563E12,685408.3,725693.2
9.0,30.0,658888.56,2463.4382,2.2745313E9,1.6717662E11,142415.75,1.2511616E10,5865.574,2717.759,21686.816,1.5497714E8,6.703864E7,29.951601,7773.311,3.6537573E12,468927.4,581245.9
9.0,36.0,408810.38,1637.6057,1.9999134E7,1.14471715E11,0.0,1.7647847E10,15.926619,1799.6495,11052.722,960919.94,1.127922E7,0.0,4851.049,4.9363154E11,104235.56,423845.94
9.0,42.0,326928.2,578.61646,2.6884552E7,2.5197594E9,0.0,2.6124585E10,1.3741908,454.14993,27433.74,1538090.5,99206.664,0.0,393.7269,1.404972E11,34304.434,268738.0
9.0,48.0,619303.8,115.1056,4537.0117,1.3612958E7,0.0,1.8304532E10,0.0,566.90955,8428.689,36193.63,504975.88,0.0,0.0,1.9098988E11,0.0,222332.69
9.0,54.0,1311165.6,29.105211,409.69592,9660841.0,0.0,3.026158E8,0.0,13.841399,20689.643,3.0267203,80485.516,0.0,0.0,5720124.0,0.0,181358.73
9.0,60.0,602489.06,2.3892424,31.599718,1599890.6,0.0,1290928.1,0.0,2.9349196,21397.875,0.0,3208.1943,0.0,0.0,812978.5,0.0,168862.84
9.0,66.0,149778.02,1.4816736,0.0,73106.14,0.0,1429878.1,0.0,0.0,15061.982,0.0,0.0,0.0,0.0,0.0,0.0,123921.375
9.0,72.0,98376.24,0.0,0.0,3322.2898,0.0,5579527.0,0.0,0.0,8954.545,0.0,0.0,0.0,0.0,0.0,0.0,101521.96
9.0,78.0,84230.195,0.0,0.0,36.12515,0.0,2510022.2,0.0,0.0,858.20154,0.0,0.0,0.0,0.0,0.0,0.0,83681.87
9.0,84.0,55266.09,0.0,0.0,0.0,0.0,668017.6,0.0,0.0,4034.0947,0.0,0.0,0.0,0.0,0.0,0.0,64674.96
9.0,90.0,67699.74,0.0,0.0,0.0,0.0,2202707.8,0.0,0.0,3234.6375,0.0,0.0,0.0,0.0,0.0,0.0,36674.953
9.0,96.0,28337.965,0.0,0.0,0.0,0.0,8347.97,0.0,0.0,141.1973,0.0,0.0,0.0,0.0,0.0,0.0,19683.988
9.0,102.0,1092.2756,0.0,0.0,0.0,0.0,997.9811,0.0,0.0,86.47485,0.0,0.0,0.0,0.0,0.0,0.0,13969.875
9.0,108.0,0.0,0.0,0.0,0.0,0.0,18643.973,0.0,0.0,7.11405,0.0,0.0,0.0,0.0,0.0,0.0,10714.36
9.0,114.0,0.0,0.0,0.0,0.0,0.0,2148.2588,0.0,0.0,1.0185903,0.0,0.0,0.0,0.0,0.0,0.0,8944.552
9.0,120.0,0.0,0.0,0.0,0.0,0.0,8621.11,0.0,0.0,0.0,0.0,0.0,0.0,0.0,0.0,0.0,8212.691
9.0,126.0,0.0,0.0,0.0,0.0,0.0,16965.727,0.0,0.0,0.0,0.0,0.0,0.0,0.0,0.0,0.0,6507.9873
9.0,132.0,0.0,0.0,0.0,0.0,0.0,14214.945,0.0,0.0,0.0,0.0,0.0,0.0,0.0,0.0,0.0,2701.4597
9.0,138.0,0.0,0.0,0.0,0.0,0.0,8739.821,0.0,0.0,0.0,0.0,0.0,0.0,0.0,0.0,0.0,601.1521
9.0,144.0,0.0,0.0,0.0,0.0,0.0,5588.6235,0.0,0.0,0.0,0.0,0.0,0.0,0.0,0.0,0.0,48.41472
9.0,150.0,0.0,0.0,0.0,0.0,0.0,21.20568,0.0,0.0,0.0,0.0,0.0,0.0,0.0,0.0,0.0,0.0
9.0,156.0,0.0,0.0,0.0,0.0,0.0,238.59462,0.0,0.0,0.0,0.0,0.0,0.0,0.0,0.0,0.0,0.0
9.0,162.0,0.0,0.0,0.0,0.0,0.0,61.349392,0.0,0.0,0.0,0.0,0.0,0.0,0.0,0.0,0.0,0.0
9.0,168.0,0.0,0.0,0.0,0.0,0.0,0.0,0.0,0.0,0.0,0.0,0.0,0.0,0.0,0.0,0.0,0.0
9.0,174.0,0.0,0.0,0.0,0.0,0.0,0.0,0.0,0.0,0.0,0.0,0.0,0.0,0.0,0.0,0.0,0.0
9.0,180.0,0.0,0.0,0.0,0.0,0.0,0.0,0.0,0.0,0.0,0.0,0.0,0.0,0.0,0.0,0.0,0.0
9.0,186.0,0.0,0.0,0.0,0.0,0.0,0.0,0.0,0.0,0.0,0.0,0.0,0.0,0.0,0.0,0.0,0.0
9.0,192.0,0.0,0.0,0.0,0.0,0.0,0.0,0.0,0.0,0.0,0.0,0.0,0.0,0.0,0.0,0.0,0.0
9.0,198.0,0.0,0.0,0.0,0.0,0.0,0.0,0.0,0.0,0.0,0.0,0.0,0.0,0.0,0.0,0.0,0.0
9.0,204.0,0.0,0.0,0.0,0.0,0.0,0.0,0.0,0.0,0.0,0.0,0.0,0.0,0.0,0.0,0.0,0.0
10.0,0.0,0.0,2.0634658E7,9.294897E14,5.2629846E16,5.3423813E11,3.731829E13,6089717.0,1.7172696E7,7.816872E8,9.185597E11,4.5279196E11,6.2595002E10,7.3700285E9,1.356616E17,4.034438E8,0.0
10.0,6.0,4.730509E7,1720221.2,9.90348E13,2.25251E15,9.302959E9,2.1970922E12,1453581.9,1.2345837E7,3.2423523E8,1.3716544E8,7.304567E8,3.788582E10,7.662519E8,7.388248E13,8.2721256E7,0.0
10.0,12.0,1.1396191E7,44747.17,6.5996594E11,6.534796E14,5.487841E7,1.4530837E11,24734.65,120736.016,1.247253E8,4.330398E7,5.3511684E7,8.379148E9,5953252.0,2.016466E14,1803651.8,1436731.5
10.0,18.0,1255229.5,4439.5264,3.9026747E11,2.4163385E13,1.472881E9,6.914096E10,4837.173,21990.6,1.7618958E7,2.1634015E9,81634.766,5.2713037E9,144314.44,1.1534642E14,1571064.2,1063600.9
10.0,24.0,340421.25,444.57715,1.6686724E10,1.3265971E13,51127.152,7.891986E9,4005.5498,7839.7095,55967.81,4802.964,2.184233E8,1.9690002E8,28078.883,2.817314E13,374812.53,772794.5
10.0,30.0,53606.61,343.14478,6.316271E10,1.4475526E12,26419.201,6.10707E9,1647.94,1813.8436,30124.66,8.131629E7,4.740893E7,7657.905,11377.992,6.6172344E12,193746.86,583758.4
10.0,36.0,292235.03,216.99217,1.7631788E9,1.2063094E11,0.0,1.5268866E10,2570.538,514.4124,13799.49,5897223.5,1.3220149E7,0.0,7235.9863,1.9680718E12,55522.523,445006.34
10.0,42.0,431230.84,214.70787,294839.56,3.2242156E10,0.0,8.471529E9,1.4850454,132.5375,3689.3618,680789.9,890621.44,0.0,2355.7917,1.3227731E12,39105.605,356508.56
10.0,48.0,213086.36,117.8343,16003.999,3.4156803E8,0.0,8.995186E9,0.0,615.4246,17382.576,113818.22,274279.47,0.0,0.0,2.6138262E11,0.0,285425.0
10.0,54.0,264793.25,36.60217,65.55669,4537140.0,0.0,2.4947671E10,0.0,48.523388,6869.8887,1.0394627,69670.86,0.0,0.0,6.573476E11,0.0,217263.45
10.0,60.0,635732.5,25.635906,2.578008,4203630.0,0.0,1.0365476E9,0.0,4.213754,11026.096,0.5393569,11054.811,0.0,0.0,2.856698E7,0.0,146088.14
10.0,66.0,576427.56,1.122537,0.0,55852.66,0.0,789805.94,0.0,0.0,15075.022,0.0,0.0,0.0,0.0,16821.457,0.0,102444.85
10.0,72.0,155687.7,0.4455013,0.0,1853.0696,0.0,1144565.2,0.0,0.0,10307.4795,0.0,0.0,0.0,0.0,7.8929243,0.0,81218.59
10.0,78.0,50069.855,0.0,0.0,13.811276,0.0,1616549.0,0.0,0.0,1082.8947,0.0,0.0,0.0,0.0,0.0,0.0,73673.07
10.0,84.0,52951.105,0.0,0.0,0.0,0.0,3130710.5,0.0,0.0,541.702,0.0,0.0,0.0,0.0,0.0,0.0,53237.6
10.0,90.0,25226.473,0.0,0.0,0.0,0.0,552550.94,0.0,0.0,2054.4458,0.0,0.0,0.0,0.0,0.0,0.0,43365.96
10.0,96.0,16240.547,0.0,0.0,0.0,0.0,1313821.9,0.0,0.0,2484.1086,0.0,0.0,0.0,0.0,0.0,0.0,34109.6
10.0,102.0,5039.917,0.0,0.0,0.0,0.0,5979.1924,0.0,0.0,129.50043,0.0,0.0,0.0,0.0,0.0,0.0,21490.111
10.0,108.0,0.0,0.0,0.0,0.0,0.0,1644.7535,0.0,0.0,39.8667,0.0,0.0,0.0,0.0,0.0,0.0,10286.643
10.0,114.0,0.0,0.0,0.0,0.0,0.0,11573.361,0.0,0.0,4.711983,0.0,0.0,0.0,0.0,0.0,0.0,6611.6387
10.0,120.0,0.0,0.0,0.0,0.0,0.0,2053.2969,0.0,0.0,0.0,0.0,0.0,0.0,0.0,0.0,0.0,4946.5347
10.0,126.0,0.0,0.0,0.0,0.0,0.0,6204.614,0.0,0.0,0.0,0.0,0.0,0.0,0.0,0.0,0.0,4192.6113
10.0,132.0,0.0,0.0,0.0,0.0,0.0,13505.933,0.0,0.0,0.0,0.0,0.0,0.0,0.0,0.0,0.0,3606.4932
10.0,138.0,0.0,0.0,0.0,0.0,0.0,7339.6533,0.0,0.0,0.0,0.0,0.0,0.0,0.0,0.0,0.0,1887.9885
10.0,144.0,0.0,0.0,0.0,0.0,0.0,6251.846,0.0,0.0,0.0,0.0,0.0,0.0,0.0,0.0,0.0,445.26767
10.0,150.0,0.0,0.0,0.0,0.0,0.0,2763.2515,0.0,0.0,0.0,0.0,0.0,0.0,0.0,0.0,0.0,36.753704
10.0,156.0,0.0,0.0,0.0,0.0,0.0,8.278598,0.0,0.0,0.0,0.0,0.0,0.0,0.0,0.0,0.0,0.0
10.0,162.0,0.0,0.0,0.0,0.0,0.0,149.49913,0.0,0.0,0.0,0.0,0.0,0.0,0.0,0.0,0.0,0.0
10.0,168.0,0.0,0.0,0.0,0.0,0.0,65.47223,0.0,0.0,0.0,0.0,0.0,0.0,0.0,0.0,0.0,0.0
10.0,174.0,0.0,0.0,0.0,0.0,0.0,0.0,0.0,0.0,0.0,0.0,0.0,0.0,0.0,0.0,0.0,0.0
10.0,180.0,0.0,0.0,0.0,0.0,0.0,0.0,0.0,0.0,0.0,0.0,0.0,0.0,0.0,0.0,0.0,0.0
10.0,186.0,0.0,0.0,0.0,0.0,0.0,0.0,0.0,0.0,0.0,0.0,0.0,0.0,0.0,0.0,0.0,0.0
10.0,192.0,0.0,0.0,0.0,0.0,0.0,0.0,0.0,0.0,0.0,0.0,0.0,0.0,0.0,0.0,0.0,0.0
10.0,198.0,0.0,0.0,0.0,0.0,0.0,0.0,0.0,0.0,0.0,0.0,0.0,0.0,0.0,0.0,0.0,0.0
10.0,204.0,0.0,0.0,0.0,0.0,0.0,0.0,0.0,0.0,0.0,0.0,0.0,0.0,0.0,0.0,0.0,0.0
11.0,0.0,0.0,2.1875364E7,3.1277143E14,1.9937278E17,1.847546E11,6.704115E14,7653371.0,2.7631336E7,4.4524618E8,1.9853642E12,2.0496984E12,2.1655683E10,3.7945068E9,1.4851277E17,7.911773E8,0.0
11.0,6.0,3.453317E7,5618031.0,6.6623558E13,1.6010187E15,2.4756741E8,1.2755048E13,855680.06,1.3059738E7,4.1275936E7,8.731988E8,1.6160755E10,9.797532E9,1.5650406E8,6.402841E14,7.877473E7,0.0
11.0,12.0,1.8497972E7,18129.064,9.3563886E11,2.2432322E15,8315878.0,4.8759715E11,37655.445,125195.266,4.3202736E7,4.040594E7,6.398511E9,5.5337636E9,4054843.8,2.860204E14,894636.75,1280503.0
11.0,18.0,3356463.5,3184.4788,4.4936903E12,1.8356009E14,9.06383E7,3.2239236E11,14885.9795,18893.734,5.5275176E7,5.439792E8,6.525206E7,2.6451996E9,1300362.2,4.795298E14,714807.6,1071805.9
11.0,24.0,420201.2,1004.6422,1.3518744E10,1.6318297E13,60120.266,2.9495745E11,9045.886,5683.5347,94380.92,2308.297,7.410884E7,3.3427472E8,85498.0,1.2046781E14,952711.2,787346.06
11.0,30.0,202824.4,1752.4457,1.0534352E10,9.224078E12,158.5105,4.0039997E9,1.0860898,6161.66,18236.523,1.5814918E7,2.9163456E8,5310.4004,56.54522,1.1909444E13,621201.75,621061.7
11.0,36.0,95608.65,195.43651,2.4512095E9,1.2496402E12,0.0,1.2667607E9,482.82538,1364.0342,21909.293,3.3793396E7,1.1322842E7,0.0,10124.898,1.1614396E12,122120.76,507937.4
11.0,42.0,20544.77,74.47487,1483060.5,5.4827684E10,0.0,9.370988E9,0.06132189,428.15216,24540.977,355364.56,2532194.2,0.0,1328.1494,1.8961706E11,16209.2295,362735.22
11.0,48.0,229837.88,79.01694,3393.2783,1.9667614E8,0.0,1.768323E9,0.0,115.15173,9064.491,129642.69,156175.45,0.0,0.0,1.0801752E11,0.0,297538.97
11.0,54.0,210426.92,91.56688,1584.9298,1.6226563E7,0.0,1.0782081E10,0.0,370.69357,4354.348,0.0,46921.234,0.0,0.0,9.052012E10,0.0,224927.73
11.0,60.0,132478.81,18.179117,9.662715,2012229.2,0.0,1.6059664E10,0.0,1.75369,6504.4033,0.49862847,7915.3477,0.0,0.0,9139080.0,0.0,181437.44
11.0,66.0,297620.03,17.063648,0.0,226871.17,0.0,6.9435904E8,0.0,0.0,7027.4004,0.0,0.29231232,0.0,0.0,10652.757,0.0,131577.6
11.0,72.0,383473.94,0.08599179,0.0,954.64215,0.0,1854034.9,0.0,0.0,5897.289,0.0,0.0,0.0,0.0,5.2431345,0.0,101761.24
11.0,78.0,144574.27,0.0,0.0,3.8546934,0.0,889179.3,0.0,0.0,6913.7793,0.0,0.0,0.0,0.0,0.0,0.0,63918.016
11.0,84.0,32221.633,0.0,0.0,0.0,0.0,1351298.6,0.0,0.0,1530.9087,0.0,0.0,0.0,0.0,0.0,0.0,45517.375
11.0,90.0,31463.656,0.0,0.0,0.0,0.0,1618048.9,0.0,0.0,398.44882,0.0,0.0,0.0,0.0,0.0,0.0,34273.37
11.0,96.0,11398.454,0.0,0.0,0.0,0.0,666569.3,0.0,0.0,969.9317,0.0,0.0,0.0,0.0,0.0,0.0,28271.047
11.0,102.0,1247.7495,0.0,0.0,0.0,0.0,467232.16,0.0,0.0,1687.8586,0.0,0.0,0.0,0.0,0.0,0.0,21713.904
11.0,108.0,0.0,0.0,0.0,0.0,0.0,10579.003,0.0,0.0,90.05157,0.0,0.0,0.0,0.0,0.0,0.0,16513.912
11.0,114.0,0.0,0.0,0.0,0.0,0.0,4808.1597,0.0,0.0,10.823717,0.0,0.0,0.0,0.0,0.0,0.0,10037.097
11.0,120.0,0.0,0.0,0.0,0.0,0.0,4289.4985,0.0,0.0,1.1944864,0.0,0.0,0.0,0.0,0.0,0.0,4600.82
11.0,126.0,0.0,0.0,0.0,0.0,0.0,2436.94,0.0,0.0,0.0,0.0,0.0,0.0,0.0,0.0,0.0,2949.7722
11.0,132.0,0.0,0.0,0.0,0.0,0.0,4978.566,0.0,0.0,0.0,0.0,0.0,0.0,0.0,0.0,0.0,2109.5615
11.0,138.0,0.0,0.0,0.0,0.0,0.0,9431.116,0.0,0.0,0.0,0.0,0.0,0.0,0.0,0.0,0.0,1843.7108
11.0,144.0,0.0,0.0,0.0,0.0,0.0,3996.5696,0.0,0.0,0.0,0.0,0.0,0.0,0.0,0.0,0.0,1111.8024
11.0,150.0,0.0,0.0,0.0,0.0,0.0,4280.129,0.0,0.0,0.0,0.0,0.0,0.0,0.0,0.0,0.0,258.59137
11.0,156.0,0.0,0.0,0.0,0.0,0.0,765.7737,0.0,0.0,0.0,0.0,0.0,0.0,0.0,0.0,0.0,19.525236
11.0,162.0,0.0,0.0,0.0,0.0,0.0,3.5598207,0.0,0.0,0.0,0.0,0.0,0.0,0.0,0.0,0.0,0.0
11.0,168.0,0.0,0.0,0.0,0.0,0.0,115.922066,0.0,0.0,0.0,0.0,0.0,0.0,0.0,0.0,0.0,0.0
11.0,174.0,0.0,0.0,0.0,0.0,0.0,34.857853,0.0,0.0,0.0,0.0,0.0,0.0,0.0,0.0,0.0,0.0
11.0,180.0,0.0,0.0,0.0,0.0,0.0,0.0,0.0,0.0,0.0,0.0,0.0,0.0,0.0,0.0,0.0,0.0
11.0,186.0,0.0,0.0,0.0,0.0,0.0,0.0,0.0,0.0,0.0,0.0,0.0,0.0,0.0,0.0,0.0,0.0
11.0,192.0,0.0,0.0,0.0,0.0,0.0,0.0,0.0,0.0,0.0,0.0,0.0,0.0,0.0,0.0,0.0,0.0
11.0,198.0,0.0,0.0,0.0,0.0,0.0,0.0,0.0,0.0,0.0,0.0,0.0,0.0,0.0,0.0,0.0,0.0
11.0,204.0,0.0,0.0,0.0,0.0,0.0,0.0,0.0,0.0,0.0,0.0,0.0,0.0,0.0,0.0,0.0,0.0
12.0,0.0,0.0,2.0560658E7,1.8270711E16,2.718618E17,4.224935E10,9.246964E14,1.5923047E7,1.421613E7,2.9649706E8,1.1592786E12,1.9932827E12,3.0452616E11,4.223511E9,2.3126861E17,4.1992208E8,0.0
12.0,6.0,2.4637588E7,4247378.0,3.3481508E13,9.085231E15,3.891957E8,7.768462E13,1430313.2,8336945.5,9.813972E7,9.127675E9,1.0155961E10,6.4506286E10,2.7537107E8,8.041777E14,6.6760244E7,0.0
12.0,12.0,1.7176616E7,10682.403,1.6354533E13,1.5871535E15,3.2058294E7,1.6646217E13,38176.285,120683.39,4.8735084E7,86327.945,1.2296675E10,2.7176643E9,1442036.8,1.2833482E15,2196119.5,1422163.6
12.0,18.0,3942113.5,2574.2837,1.7108828E12,5.47915E14,1.1403345E7,2.008542E13,1874.749,17911.705,4.5076692E7,2.4754914E7,1.0828495E8,5.2914092E7,1185421.9,6.0544926E14,1071187.8,1009263.6
12.0,24.0,805617.1,945.2312,2.8064064E12,2.675609E13,1680006.0,3.7358692E11,7410.7783,9086.152,63575.535,2.1153648E8,663892.6,1.0801741E9,234207.83,1.624442E14,349547.66,688889.2
12.0,30.0,134786.55,884.93744,5.2019574E11,1.9416463E13,2.4649386,3.044964E11,10470.9,3624.9058,39602.38,3923709.0,1.4367102E8,140061.95,360.64923,1.6943642E13,168270.39,529233.7
12.0,36.0,115986.234,1524.7201,4.5985462E8,1.466204E12,0.0,1.5978558E10,0.0,889.1354,6662.8306,1.8511256E7,1.1221898E8,183.8446,5004.534,5.7103215E12,120457.875,418280.97
12.0,42.0,90437.68,62.08615,32460.145,8.812148E11,0.0,7.1863725E8,0.0,62.80402,5106.737,168522.39,2777670.0,0.0,604.1407,1.691861E12,34271.58,357690.12
12.0,48.0,49603.617,48.225555,1952.7859,1.8447247E10,0.0,3.5389642E9,0.0,211.58,23780.04,91641.35,52768.65,0.0,0.0,3.0675078E11,0.0,306367.62
12.0,54.0,39122.555,4.3377814,688.6775,3.3133328E7,0.0,3.0832054E9,0.0,341.59818,3939.945,62.553425,29730.328,0.0,0.0,4.2076836E7,0.0,253546.55
12.0,60.0,155036.98,43.39696,7.1642385,5240960.0,0.0,7.5681777E9,0.0,9.900884,2660.4219,0.0,5224.8047,0.0,0.0,29478.455,0.0,197187.3
12.0,66.0,111144.89,9.636293,0.0,235032.56,0.0,8.201831E9,0.0,0.0,3562.7478,0.0,30.991112,0.0,0.0,0.0,0.0,133144.94
12.0,72.0,172543.61,0.08466872,0.0,474.12457,0.0,3.107656E7,0.0,0.0,5253.1187,0.0,0.0,0.0,0.0,0.0,0.0,104340.46
12.0,78.0,204078.4,0.0,0.0,0.26665714,0.0,605255.06,0.0,0.0,2184.45,0.0,0.0,0.0,0.0,0.0,0.0,80879.35
12.0,84.0,103305.33,0.0,0.0,0.0,0.0,571485.8,0.0,0.0,4826.2485,0.0,0.0,0.0,0.0,0.0,0.0,56902.23
12.0,90.0,21359.555,0.0,0.0,0.0,0.0,560799.25,0.0,0.0,2344.3604,0.0,0.0,0.0,0.0,0.0,0.0,40045.125
12.0,96.0,6960.1675,0.0,0.0,0.0,0.0,1245482.5,0.0,0.0,511.3678,0.0,0.0,0.0,0.0,0.0,0.0,23844.467
12.0,102.0,505.8601,0.0,0.0,0.0,0.0,694964.44,0.0,0.0,993.5472,0.0,0.0,0.0,0.0,0.0,0.0,16640.46
12.0,108.0,4.811541,0.0,0.0,0.0,0.0,10602.978,0.0,0.0,460.91486,0.0,0.0,0.0,0.0,0.0,0.0,13573.438
12.0,114.0,0.0,0.0,0.0,0.0,0.0,2997.157,0.0,0.0,22.946976,0.0,0.0,0.0,0.0,0.0,0.0,10183.65
12.0,120.0,0.0,0.0,0.0,0.0,0.0,6099.4336,0.0,0.0,3.4275627,0.0,0.0,0.0,0.0,0.0,0.0,7308.616
12.0,126.0,0.0,0.0,0.0,0.0,0.0,1109.525,0.0,0.0,0.0,0.0,0.0,0.0,0.0,0.0,0.0,3853.6582
12.0,132.0,0.0,0.0,0.0,0.0,0.0,2930.6714,0.0,0.0,0.0,0.0,0.0,0.0,0.0,0.0,0.0,1805.1191
12.0,138.0,0.0,0.0,0.0,0.0,0.0,5983.0845,0.0,0.0,0.0,0.0,0.0,0.0,0.0,0.0,0.0,1154.0665
12.0,144.0,0.0,0.0,0.0,0.0,0.0,3084.2563,0.0,0.0,0.0,0.0,0.0,0.0,0.0,0.0,0.0,889.30005
12.0,150.0,0.0,0.0,0.0,0.0,0.0,2882.2712,0.0,0.0,0.0,0.0,0.0,0.0,0.0,0.0,0.0,548.74115
12.0,156.0,0.0,0.0,0.0,0.0,0.0,2428.163,0.0,0.0,0.0,0.0,0.0,0.0,0.0,0.0,0.0,99.48999
12.0,162.0,0.0,0.0,0.0,0.0,0.0,6.811776,0.0,0.0,0.0,0.0,0.0,0.0,0.0,0.0,0.0,1.741163
12.0,168.0,0.0,0.0,0.0,0.0,0.0,1.6838528,0.0,0.0,0.0,0.0,0.0,0.0,0.0,0.0,0.0,0.0
12.0,174.0,0.0,0.0,0.0,0.0,0.0,104.38413,0.0,0.0,0.0,0.0,0.0,0.0,0.0,0.0,0.0,0.0
12.0,180.0,0.0,0.0,0.0,0.0,0.0,0.0,0.0,0.0,0.0,0.0,0.0,0.0,0.0,0.0,0.0,0.0
12.0,186.0,0.0,0.0,0.0,0.0,0.0,0.0,0.0,0.0,0.0,0.0,0.0,0.0,0.0,0.0,0.0,0.0
12.0,192.0,0.0,0.0,0.0,0.0,0.0,0.0,0.0,0.0,0.0,0.0,0.0,0.0,0.0,0.0,0.0,0.0
12.0,198.0,0.0,0.0,0.0,0.0,0.0,0.0,0.0,0.0,0.0,0.0,0.0,0.0,0.0,0.0,0.0,0.0
12.0,204.0,0.0,0.0,0.0,0.0,0.0,0.0,0.0,0.0,0.0,0.0,0.0,0.0,0.0,0.0,0.0,0.0
13.0,0.0,0.0,2.0106038E7,3.144578E16,1.107758E18,1.8078038E10,7.2788435E14,4854886.5,3.1696904E7,4.6184653E8,3.8400583E11,3.9936107E12,3.8675205E11,1.4876076E9,3.012161E17,7.671675E8,0.0
13.0,6.0,1.5624154E7,1395715.6,3.426584E15,1.2016752E16,5.0702707E8,7.914617E13,546551.06,1.4392698E7,1.367358E8,2.9317802E7,5.4318637E8,9.650484E10,2.2225524E7,4.985223E15,8.2891896E7,0.0
13.0,12.0,1.619708E7,10346.914,4.0459706E14,1.2164551E15,1.16851496E8,4.748587E13,28082.406,163120.4,4.9213892E7,4363901.5,4.1637338E9,7.0125317E9,3021499.5,4.4308915E15,1822391.4,1481577.0
13.0,18.0,2945061.5,5792.1104,2.383618E12,4.2523304E14,3.7802176E7,3.5495665E13,728.7337,18990.459,1310528.5,472718.53,3.7302134E9,4.0040714E8,1502770.9,1.2139718E15,564431.75,1126662.4
13.0,24.0,826519.06,3316.5933,2.9819093E11,2.233425E13,4043671.0,1.4128227E12,66.66854,7796.891,115353.28,7.142409E7,8.0698304E8,2.3070124E7,6530.16,2.276982E14,667706.25,837865.1
13.0,30.0,284666.44,1021.66455,1.9936805E12,1.6360157E13,333720.06,2.9899626E10,1795.2445,7080.7617,47493.047,299.40543,3.31803E8,1606.4532,11.128119,3.824329E13,488423.72,656746.56
13.0,36.0,98143.52,409.15106,1.2005484E9,8.4114664E12,0.0,2.739454E11,897.8646,2876.9106,62213.355,2796269.5,6.923991E7,166.93306,0.0,2.9162498E12,72812.72,479190.7
13.0,42.0,67852.305,36.269245,347914.06,7.768671E11,0.0,4.1108898E10,0.0,556.96405,13041.624,47342.22,5.2042132E7,0.0,1763.4802,7.4308125E11,30852.47,321956.38
13.0,48.0,52890.48,23.426788,14925.337,3.138646E10,0.0,3.097607E9,0.0,87.94115,5980.24,45791.98,997066.4,0.0,0.0,3.2513494E11,0.0,263859.97
13.0,54.0,22805.096,24.14484,1260.5724,3.4288396E7,0.0,2.8462067E9,0.0,264.793,11014.568,73.48756,27873.414,0.0,0.0,1.1469951E8,0.0,209967.05
13.0,60.0,11881.948,5.083997,0.6417927,3820887.2,0.0,2.0100438E9,0.0,10.433655,6447.2144,0.0,2601.734,0.0,0.0,5.267499E7,0.0,185448.98
13.0,66.0,64229.22,21.936428,0.0,106520.59,0.0,7.487651E9,0.0,0.0,2855.8616,0.0,78.28986,0.0,0.0,578986.0,0.0,137055.31
13.0,72.0,96694.9,1.1458092,0.0,162.0676,0.0,2.4074862E8,0.0,0.0,1337.6445,0.0,0.0,0.0,0.0,0.0,0.0,118438.79
13.0,78.0,93845.83,0.0,0.0,0.0,0.0,7.537602E7,0.0,0.0,3623.7856,0.0,0.0,0.0,0.0,0.0,0.0,86646.8
13.0,84.0,116478.66,0.0,0.0,0.0,0.0,549770.25,0.0,0.0,3219.2034,0.0,0.0,0.0,0.0,0.0,0.0,59168.887
13.0,90.0,64385.617,0.0,0.0,0.0,0.0,327434.84,0.0,0.0,2995.5017,0.0,0.0,0.0,0.0,0.0,0.0,43496.023
13.0,96.0,6642.345,0.0,0.0,0.0,0.0,591624.4,0.0,0.0,1415.5209,0.0,0.0,0.0,0.0,0.0,0.0,30984.582
13.0,102.0,932.1587,0.0,0.0,0.0,0.0,795562.06,0.0,0.0,334.51093,0.0,0.0,0.0,0.0,0.0,0.0,20938.893
13.0,108.0,4.491817,0.0,0.0,0.0,0.0,201805.2,0.0,0.0,710.4022,0.0,0.0,0.0,0.0,0.0,0.0,12284.408
13.0,114.0,0.0,0.0,0.0,0.0,0.0,8351.144,0.0,0.0,156.33289,0.0,0.0,0.0,0.0,0.0,0.0,7704.2134
13.0,120.0,0.0,0.0,0.0,0.0,0.0,2502.6934,0.0,0.0,5.715362,0.0,0.0,0.0,0.0,0.0,0.0,6089.935
13.0,126.0,0.0,0.0,0.0,0.0,0.0,3915.1191,0.0,0.0,0.0,0.0,0.0,0.0,0.0,0.0,0.0,4481.4824
13.0,132.0,0.0,0.0,0.0,0.0,0.0,1310.0161,0.0,0.0,0.0,0.0,0.0,0.0,0.0,0.0,0.0,2694.4768
13.0,138.0,0.0,0.0,0.0,0.0,0.0,2559.0898,0.0,0.0,0.0,0.0,0.0,0.0,0.0,0.0,0.0,1187.6335
13.0,144.0,0.0,0.0,0.0,0.0,0.0,4552.1675,0.0,0.0,0.0,0.0,0.0,0.0,0.0,0.0,0.0,618.56573
13.0,150.0,0.0,0.0,0.0,0.0,0.0,1758.3945,0.0,0.0,0.0,0.0,0.0,0.0,0.0,0.0,0.0,428.00104
13.0,156.0,0.0,0.0,0.0,0.0,0.0,1910.2905,0.0,0.0,0.0,0.0,0.0,0.0,0.0,0.0,0.0,235.19919
13.0,162.0,0.0,0.0,0.0,0.0,0.0,791.11096,0.0,0.0,0.0,0.0,0.0,0.0,0.0,0.0,0.0,30.855362
13.0,168.0,0.0,0.0,0.0,0.0,0.0,3.129685,0.0,0.0,0.0,0.0,0.0,0.0,0.0,0.0,0.0,0.0
13.0,174.0,0.0,0.0,0.0,0.0,0.0,6.668843,0.0,0.0,0.0,0.0,0.0,0.0,0.0,0.0,0.0,0.0
13.0,180.0,0.0,0.0,0.0,0.0,0.0,66.7758,0.0,0.0,0.0,0.0,0.0,0.0,0.0,0.0,0.0,0.0
13.0,186.0,0.0,0.0,0.0,0.0,0.0,0.0,0.0,0.0,0.0,0.0,0.0,0.0,0.0,0.0,0.0,0.0
13.0,192.0,0.0,0.0,0.0,0.0,0.0,0.0,0.0,0.0,0.0,0.0,0.0,0.0,0.0,0.0,0.0,0.0
13.0,198.0,0.0,0.0,0.0,0.0,0.0,0.0,0.0,0.0,0.0,0.0,0.0,0.0,0.0,0.0,0.0,0.0
13.0,204.0,0.0,0.0,0.0,0.0,0.0,0.0,0.0,0.0,0.0,0.0,0.0,0.0,0.0,0.0,0.0,0.0
14.0,0.0,0.0,1.1056317E7,1.4507688E16,8.768156E17,1.5454319E10,4.7757386E14,640249.2,3.726716E7,7.966173E8,2.6556891E10,3.7491583E12,3.6233126E10,4.413369E9,3.500899E17,4.8000032E8,0.0
14.0,6.0,8317514.0,2474766.2,3.073561E15,7.041933E15,5.384916E8,9.574025E13,18088.357,1.1238481E7,1.2301736E8,4.1939853E8,3.3680523E10,2.7902493E10,4.1124886E8,3.4831527E15,9.000821E7,0.0
14.0,12.0,1.3648422E7,44662.586,1.6989825E14,1.8965447E15,4927831.5,7.0899215E13,32689.795,128157.16,1.4980094E7,383185.62,409328.22,6.2206705E9,1076521.9,5.802725E15,1992764.5,1437838.2
14.0,18.0,3869457.8,1345.1257,1.0824871E13,5.4569677E14,2.764976E7,3.2813657E13,2270.1516,11459.412,546732.3,178832.23,4.2311165E9,2.1786532E9,2603933.5,1.0735261E15,1100343.6,1036332.6
14.0,24.0,867220.5,1444.8242,1.178011E12,4.8446174E13,6385412.5,2.1341487E13,326.51627,1629.8301,125207.8,5029559.5,486001.38,1.4749758E7,3640.3872,6.358008E14,544136.3,723327.0
14.0,30.0,154899.27,305.1417,8.3232765E11,8.056159E12,66456.71,5.377015E11,1.277944,8536.001,74415.305,2376.1777,2.3246512E8,5021.221,26.422382,7.174716E13,174419.27,548886.44
14.0,36.0,210017.98,202.69052,3.249135E8,4.7552586E12,0.0,2.4174592E10,10.445078,3246.0383,42648.434,97943.38,1.0851623E8,1.6991853,6.5840564,9.1610245E11,63485.68,460509.34
14.0,42.0,158035.55,40.597797,104869.64,1.0968241E12,0.0,1.1845115E11,0.0,1169.5312,52683.695,4732.246,6.865545E7,0.0,112.73616,3.422739E12,21988.975,385758.47
14.0,48.0,48817.344,28.045095,100310.64,1.3492555E11,0.0,3.969582E10,0.0,18.132488,24796.977,12206.796,922493.4,0.0,0.0,2.6198374E10,0.0,311228.2
14.0,54.0,33714.887,13.4361,3180.9512,2.5596802E7,0.0,1.854286E10,0.0,135.12567,7589.6724,72.96122,14980.0,0.0,0.0,4.8703676E10,0.0,242308.5
14.0,60.0,17482.387,3.7348678,194.23845,2201834.8,0.0,1.8952205E9,0.0,7.717171,7663.5254,0.0,2123.995,0.0,0.0,10825.122,0.0,171078.88
14.0,66.0,11296.926,8.224833,0.0,51828.594,0.0,2.283133E9,0.0,0.2486908,2775.9683,0.0,48.598743,0.0,0.0,81905.06,0.0,123611.13
14.0,72.0,19208.99,6.2131915,0.0,855.33,0.0,2.902296E9,0.0,0.0,2325.9434,0.0,0.0,0.0,0.0,0.0,0.0,98505.51
14.0,78.0,62061.37,0.0,0.0,0.0,0.0,1.9992403E8,0.0,0.0,2041.9269,0.0,0.0,0.0,0.0,0.0,0.0,80194.56
14.0,84.0,58182.918,0.0,0.0,0.0,0.0,3.7719428E7,0.0,0.0,1871.5132,0.0,0.0,0.0,0.0,0.0,0.0,63865.19
14.0,90.0,38806.508,0.0,0.0,0.0,0.0,332129.97,0.0,0.0,3165.5413,0.0,0.0,0.0,0.0,0.0,0.0,47807.48
14.0,96.0,19837.074,0.0,0.0,0.0,0.0,115546.94,0.0,0.0,2029.8307,0.0,0.0,0.0,0.0,0.0,0.0,32384.14
14.0,102.0,372.97943,0.0,0.0,0.0,0.0,696791.06,0.0,0.0,788.71375,0.0,0.0,0.0,0.0,0.0,0.0,22055.477
14.0,108.0,0.0,0.0,0.0,0.0,0.0,263815.16,0.0,0.0,431.31757,0.0,0.0,0.0,0.0,0.0,0.0,15664.743
14.0,114.0,0.0,0.0,0.0,0.0,0.0,23272.217,0.0,0.0,133.5427,0.0,0.0,0.0,0.0,0.0,0.0,9912.373
14.0,120.0,0.0,0.0,0.0,0.0,0.0,5066.3354,0.0,0.0,9.133276,0.0,0.0,0.0,0.0,0.0,0.0,5404.687
14.0,126.0,0.0,0.0,0.0,0.0,0.0,3361.8699,0.0,0.0,0.40388477,0.0,0.0,0.0,0.0,0.0,0.0,3304.8562
14.0,132.0,0.0,0.0,0.0,0.0,0.0,688.01495,0.0,0.0,0.0,0.0,0.0,0.0,0.0,0.0,0.0,2524.731
14.0,138.0,0.0,0.0,0.0,0.0,0.0,2026.7122,0.0,0.0,0.0,0.0,0.0,0.0,0.0,0.0,0.0,1630.5775
14.0,144.0,0.0,0.0,0.0,0.0,0.0,3458.3855,0.0,0.0,0.0,0.0,0.0,0.0,0.0,0.0,0.0,744.1806
14.0,150.0,0.0,0.0,0.0,0.0,0.0,919.78595,0.0,0.0,0.0,0.0,0.0,0.0,0.0,0.0,0.0,312.8097
14.0,156.0,0.0,0.0,0.0,0.0,0.0,1341.4185,0.0,0.0,0.0,0.0,0.0,0.0,0.0,0.0,0.0,184.34955
14.0,162.0,0.0,0.0,0.0,0.0,0.0,1243.1284,0.0,0.0,0.0,0.0,0.0,0.0,0.0,0.0,0.0,53.511627
14.0,168.0,0.0,0.0,0.0,0.0,0.0,94.42546,0.0,0.0,0.0,0.0,0.0,0.0,0.0,0.0,0.0,2.8034713
14.0,174.0,0.0,0.0,0.0,0.0,0.0,1.0056055,0.0,0.0,0.0,0.0,0.0,0.0,0.0,0.0,0.0,0.0
14.0,180.0,0.0,0.0,0.0,0.0,0.0,42.508198,0.0,0.0,0.0,0.0,0.0,0.0,0.0,0.0,0.0,0.0
14.0,186.0,0.0,0.0,0.0,0.0,0.0,7.5574613,0.0,0.0,0.0,0.0,0.0,0.0,0.0,0.0,0.0,0.0
14.0,192.0,0.0,0.0,0.0,0.0,0.0,0.0,0.0,0.0,0.0,0.0,0.0,0.0,0.0,0.0,0.0,0.0
14.0,198.0,0.0,0.0,0.0,0.0,0.0,0.0,0.0,0.0,0.0,0.0,0.0,0.0,0.0,0.0,0.0,0.0
14.0,204.0,0.0,0.0,0.0,0.0,0.0,0.0,0.0,0.0,0.0,0.0,0.0,0.0,0.0,0.0,0.0,0.0
15.0,0.0,0.0,1.1203582E7,6.8790146E16,1.5382415E18,5.6901207E9,1.2690536E15,544805.7,2.8325772E7,6.413419E8,3.5044227E9,3.3222885E12,1.716508E10,6.4852536E9,1.3073984E18,8.1527674E8,0.0
15.0,6.0,3559875.2,3816543.5,5.41327E15,3.7945723E16,2.7964064E8,2.419475E14,172409.66,1.2273914E7,8.95429E7,1.6849885E8,3.2781115E10,1.3970556E10,2.1043194E8,7.7028123E15,8.99454E7,0.0
15.0,12.0,5137162.5,14603.592,3.080562E13,3.3336022E15,6.4585132E7,5.326246E13,23364.943,123425.5,5.5336252E7,17667.674,2.397914E10,4.2357164E9,3959479.8,7.3014455E15,7977939.0,1473921.9
15.0,18.0,2035682.9,2991.6802,1.4821402E13,1.11682484E15,5172014.5,4.516095E13,1196.3425,25451.969,463960.03,5204.5654,6.591972E7,1.0620561E9,1680412.2,2.948747E15,610042.9,1051213.2
15.0,24.0,1176932.0,984.8657,9.993337E12,6.6360848E13,2893797.8,2.9574556E13,337.13687,1418.2806,13880.457,851978.2,365390.3,904988.8,32509.637,1.00401464E15,739812.9,732142.25
15.0,30.0,161941.72,319.10458,9.982415E10,4.55323E12,3965.043,1.4495683E13,0.27609608,150.49599,31087.887,2367.8782,855352.1,363.7287,7.207452,1.2202864E14,186606.98,578214.3
15.0,36.0,118339.77,17.682688,7.642233E9,1.1879493E12,0.0,2.392711E11,0.0,2245.3662,98584.125,8887.991,1.5851187E8,0.0,15.141992,1.5598335E13,60200.863,418982.03
15.0,42.0,72428.75,9.12702,63176.246,1.6051635E12,0.0,1.198763E9,0.0,2323.161,24685.766,157.75354,7.525447E7,0.0,0.42642212,4.377078E11,12569.734,333426.28
15.0,48.0,126074.33,18.72211,13293.8,1.324188E11,0.0,7.840202E10,0.0,254.99149,38323.75,3983.9207,1.3684415E7,0.0,0.0,6.8898324E10,0.0,277564.4
15.0,54.0,78982.33,26.626759,0.0,6.976566E7,0.0,3.474768E10,0.0,79.62048,25406.42,43.672108,6009.239,0.0,0.0,7.940423E9,0.0,211197.1
15.0,60.0,24879.355,8.496832,498.50842,3304147.2,0.0,1.6680952E9,0.0,6.555349,7075.529,0.0,3145.1787,0.0,0.0,149153.89,0.0,194395.1
15.0,66.0,17569.203,0.39065072,0.0,15761.977,0.0,1.3779382E9,0.0,2.532917,7948.8438,0.0,31.1207,0.0,0.0,2927.073,0.0,143489.98
15.0,72.0,7093.579,1.8045961,0.0,7246.808,0.0,2.2865308E9,0.0,0.0,2874.2095,0.0,0.0,0.0,0.0,2237.0886,0.0,114209.97
15.0,78.0,8829.964,0.0,0.0,0.0,0.0,2.6279765E8,0.0,0.0,417.27005,0.0,0.0,0.0,0.0,0.0,0.0,72449.016
15.0,84.0,39195.41,0.0,0.0,0.0,0.0,1.2369829E8,0.0,0.0,1583.0868,0.0,0.0,0.0,0.0,0.0,0.0,54304.543
15.0,90.0,13836.163,0.0,0.0,0.0,0.0,531765.9,0.0,0.0,2306.0217,0.0,0.0,0.0,0.0,0.0,0.0,40955.895
15.0,96.0,7368.1484,0.0,0.0,0.0,0.0,276319.72,0.0,0.0,1972.8499,0.0,0.0,0.0,0.0,0.0,0.0,33324.92
15.0,102.0,499.83795,0.0,0.0,0.0,0.0,53084.438,0.0,0.0,1258.2811,0.0,0.0,0.0,0.0,0.0,0.0,24343.504
15.0,108.0,0.0,0.0,0.0,0.0,0.0,546081.44,0.0,0.0,244.17276,0.0,0.0,0.0,0.0,0.0,0.0,16388.152
15.0,114.0,0.0,0.0,0.0,0.0,0.0,18520.13,0.0,0.0,262.44574,0.0,0.0,0.0,0.0,0.0,0.0,10230.537
15.0,120.0,0.0,0.0,0.0,0.0,0.0,10846.813,0.0,0.0,44.0202,0.0,0.0,0.0,0.0,0.0,0.0,7007.5645
15.0,126.0,0.0,0.0,0.0,0.0,0.0,6655.88,0.0,0.0,2.573363,0.0,0.0,0.0,0.0,0.0,0.0,3974.8374
15.0,132.0,0.0,0.0,0.0,0.0,0.0,1153.6082,0.0,0.0,0.0,0.0,0.0,0.0,0.0,0.0,0.0,2023.6001
15.0,138.0,0.0,0.0,0.0,0.0,0.0,778.06,0.0,0.0,0.0,0.0,0.0,0.0,0.0,0.0,0.0,1323.3625
15.0,144.0,0.0,0.0,0.0,0.0,0.0,1868.8539,0.0,0.0,0.0,0.0,0.0,0.0,0.0,0.0,0.0,892.70013
15.0,150.0,0.0,0.0,0.0,0.0,0.0,1955.9677,0.0,0.0,0.0,0.0,0.0,0.0,0.0,0.0,0.0,399.1374
15.0,156.0,0.0,0.0,0.0,0.0,0.0,780.69244,0.0,0.0,0.0,0.0,0.0,0.0,0.0,0.0,0.0,123.79603
15.0,162.0,0.0,0.0,0.0,0.0,0.0,865.091,0.0,0.0,0.0,0.0,0.0,0.0,0.0,0.0,0.0,12.355585
15.0,168.0,0.0,0.0,0.0,0.0,0.0,374.4697,0.0,0.0,0.0,0.0,0.0,0.0,0.0,0.0,0.0,0.0
15.0,174.0,0.0,0.0,0.0,0.0,0.0,7.1054726,0.0,0.0,0.0,0.0,0.0,0.0,0.0,0.0,0.0,0.0
15.0,180.0,0.0,0.0,0.0,0.0,0.0,0.0,0.0,0.0,0.0,0.0,0.0,0.0,0.0,0.0,0.0,0.0
15.0,186.0,0.0,0.0,0.0,0.0,0.0,34.317547,0.0,0.0,0.0,0.0,0.0,0.0,0.0,0.0,0.0,0.0
15.0,192.0,0.0,0.0,0.0,0.0,0.0,0.0,0.0,0.0,0.0,0.0,0.0,0.0,0.0,0.0,0.0,0.0
15.0,198.0,0.0,0.0,0.0,0.0,0.0,0.0,0.0,0.0,0.0,0.0,0.0,0.0,0.0,0.0,0.0,0.0
15.0,204.0,0.0,0.0,0.0,0.0,0.0,0.0,0.0,0.0,0.0,0.0,0.0,0.0,0.0,0.0,0.0,0.0
16.0,0.0,0.0,1.2759619E7,6.3486124E16,1.305176E18,1.9972434E10,1.1434144E15,1644889.6,1.9447612E7,6.025489E8,1.1225161E8,2.7132808E12,2.136611E11,6.7301335E9,1.1601299E18,1.634307E9,0.0
16.0,6.0,3268497.5,2722918.5,4.956259E15,2.5282415E16,5.0859706E8,5.1420376E13,337010.88,3529967.0,2.1890469E8,3971857.5,9.930314E8,1.8655459E9,3.6508086E8,3.6970287E15,3.8001064E7,0.0
16.0,12.0,4861482.0,5803.749,6.7618455E13,1.6955164E16,1.8988434E8,3.0824418E13,12286.275,490242.1,1.4142555E8,9587.276,2.7449446E7,2.1259053E9,1609146.6,9.197429E15,1.9593188E7,1548545.5
16.0,18.0,1182835.8,4659.002,9.204784E13,1.3270166E15,1.0633142E7,7.25763E13,8565.045,38475.42,924457.3,18.90653,1.2536094E8,1.4728358E9,1971391.8,5.2640193E15,172087.98,1128389.0
16.0,24.0,467475.3,3411.3962,6.337853E12,3.0573834E13,1959701.1,2.9212082E13,26.690948,9201.393,55019.465,556.387,2.7461728E8,4.760088E8,84983.914,8.7134565E14,140291.45,792510.56
16.0,30.0,177524.27,252.2389,2.1056245E12,6.877087E12,56773.125,3.1603798E13,0.8672247,6104.6675,5700.069,7439.0864,9326.305,35162.184,27090.318,1.1071933E14,261248.02,623909.4
16.0,36.0,150343.36,145.56471,1.4017043E9,1.0115732E12,0.0,1.0457005E13,0.70659,437.7033,19145.5,769.5545,458113.56,0.0,0.0,6.037999E12,108182.05,472033.06
16.0,42.0,43382.12,89.8213,20490.941,7.4704984E11,0.0,1.6499613E12,0.0,1453.4221,59920.367,2380.4292,1.2723658E8,0.0,0.0,1.8270855E11,35408.805,341577.06
16.0,48.0,38818.246,4.1364045,3252.09,6.631302E10,0.0,1.1371944E11,0.0,108.48917,17853.53,41.476963,2.1192024E7,0.0,0.0,3.14685E11,0.0,284483.5
16.0,54.0,56615.684,4.2153244,621.0986,1.1304074E10,0.0,4.23531E10,0.0,137.15254,22884.594,97.82415,117519.586,0.0,0.0,1.3998945E11,0.0,224501.45
16.0,60.0,80276.625,18.296335,0.0,2671557.2,0.0,2.0045388E10,0.0,8.8815155,20071.775,8.069719,1749.6547,0.0,0.0,3.041785E7,0.0,162225.1
16.0,66.0,34908.477,3.7468846,0.0,2162.232,0.0,6.168407E8,0.0,2.0426395,6216.275,0.0,289.46045,0.0,0.0,1.5119294,0.0,124551.06
16.0,72.0,10999.838,0.0,0.0,6857.103,0.0,6.900524E8,0.0,0.0,5430.0854,0.0,0.66441196,0.0,0.0,334.18927,0.0,98733.91
16.0,78.0,6277.963,0.0,0.0,0.0,0.0,1.257837E9,0.0,0.0,2928.1853,0.0,0.0,0.0,0.0,0.0,0.0,86699.414
16.0,84.0,5864.727,0.0,0.0,0.0,0.0,7.492857E7,0.0,0.0,769.26196,0.0,0.0,0.0,0.0,0.0,0.0,63078.4
16.0,90.0,18949.982,0.0,0.0,0.0,0.0,1.6275103E7,0.0,0.0,508.37473,0.0,0.0,0.0,0.0,0.0,0.0,43348.324
16.0,96.0,7686.8315,0.0,0.0,0.0,0.0,120731.78,0.0,0.0,2240.723,0.0,0.0,0.0,0.0,0.0,0.0,28318.006
16.0,102.0,1874.0513,0.0,0.0,0.0,0.0,76545.51,0.0,0.0,1145.9669,0.0,0.0,0.0,0.0,0.0,0.0,20878.693
16.0,108.0,1.5859413,0.0,0.0,0.0,0.0,313831.53,0.0,0.0,766.63605,0.0,0.0,0.0,0.0,0.0,0.0,15970.613
16.0,114.0,0.0,0.0,0.0,0.0,0.0,70738.33,0.0,0.0,176.01582,0.0,0.0,0.0,0.0,0.0,0.0,11219.383
16.0,120.0,0.0,0.0,0.0,0.0,0.0,4608.1035,0.0,0.0,46.526463,0.0,0.0,0.0,0.0,0.0,0.0,7237.4707
16.0,126.0,0.0,0.0,0.0,0.0,0.0,6304.012,0.0,0.0,3.6018279,0.0,0.0,0.0,0.0,0.0,0.0,4393.045
16.0,132.0,0.0,0.0,0.0,0.0,0.0,4667.0186,0.0,0.0,0.0,0.0,0.0,0.0,0.0,0.0,0.0,2646.8567
16.0,138.0,0.0,0.0,0.0,0.0,0.0,731.89246,0.0,0.0,0.0,0.0,0.0,0.0,0.0,0.0,0.0,1301.3864
16.0,144.0,0.0,0.0,0.0,0.0,0.0,832.49243,0.0,0.0,0.0,0.0,0.0,0.0,0.0,0.0,0.0,660.07996
16.0,150.0,0.0,0.0,0.0,0.0,0.0,1789.9192,0.0,0.0,0.0,0.0,0.0,0.0,0.0,0.0,0.0,450.09518
16.0,156.0,0.0,0.0,0.0,0.0,0.0,809.20825,0.0,0.0,0.0,0.0,0.0,0.0,0.0,0.0,0.0,172.38611
16.0,162.0,0.0,0.0,0.0,0.0,0.0,545.86597,0.0,0.0,0.0,0.0,0.0,0.0,0.0,0.0,0.0,12.749883
16.0,168.0,0.0,0.0,0.0,0.0,0.0,376.15442,0.0,0.0,0.0,0.0,0.0,0.0,0.0,0.0,0.0,0.0
16.0,174.0,0.0,0.0,0.0,0.0,0.0,96.41637,0.0,0.0,0.0,0.0,0.0,0.0,0.0,0.0,0.0,0.0
16.0,180.0,0.0,0.0,0.0,0.0,0.0,0.7509708,0.0,0.0,0.0,0.0,0.0,0.0,0.0,0.0,0.0,0.0
16.0,186.0,0.0,0.0,0.0,0.0,0.0,23.556616,0.0,0.0,0.0,0.0,0.0,0.0,0.0,0.0,0.0,0.0
16.0,192.0,0.0,0.0,0.0,0.0,0.0,0.30039787,0.0,0.0,0.0,0.0,0.0,0.0,0.0,0.0,0.0,0.0
16.0,198.0,0.0,0.0,0.0,0.0,0.0,0.0,0.0,0.0,0.0,0.0,0.0,0.0,0.0,0.0,0.0,0.0
16.0,204.0,0.0,0.0,0.0,0.0,0.0,0.0,0.0,0.0,0.0,0.0,0.0,0.0,0.0,0.0,0.0,0.0
17.0,0.0,0.0,3.1489752E7,6.3051344E16,3.2273168E18,1.24315E10,4.2785033E15,734833.25,2.7775472E7,9.0757754E8,3.614266E7,2.8565955E12,1.3160105E12,5.8971904E9,1.0555051E18,3.7065664E8,0.0
17.0,6.0,2569748.0,1908317.5,9.857512E15,7.837629E16,7.745149E8,4.3647216E14,145185.9,9295260.0,2.296987E8,1833543.9,1.1415449E10,7.3531444E11,4.7234244E7,2.7461888E16,1.7444856E8,0.0
17.0,12.0,4011278.0,18002.662,2.536615E14,1.6133453E16,1.7586574E8,1.2110014E14,25792.895,330576.97,1.0199357E8,1084183.1,9714355.0,5.068598E9,2807304.8,1.3946702E16,2106019.5,1482174.8
17.0,18.0,1223685.9,5299.5176,1.4334648E14,1.3909759E15,1.1128101E7,4.6142115E12,1602.273,25191.992,893863.44,2919.4614,20347.486,2.7392554E8,454372.9,3.4471536E15,292717.12,1227430.9
17.0,24.0,730086.9,1976.2028,6.915635E12,6.573075E14,1734746.4,4.4512E13,603.75305,13944.413,96426.69,16.71708,1.2003528E7,4.1103027E8,401777.3,9.571532E14,359889.47,845933.44
17.0,30.0,296084.78,3865.9146,1.5195877E12,1.0702689E13,58946.355,3.0255796E13,138.24907,8687.755,67707.234,3459.478,1.4758534E8,1076853.6,21101.156,1.851293E14,120390.38,654799.7
17.0,36.0,175794.3,267.62714,1.2454365E11,7.58367E11,0.0,1.7723422E13,1.4428842,2167.1858,4832.8184,0.0,13459.912,2.183994,2.141743,2.7099428E13,56471.45,522064.84
17.0,42.0,108092.88,58.07884,39472.42,6.9397696E11,0.0,7.773468E12,0.0,255.29407,2983.3096,398.39734,2.9548714E7,0.0,0.0,5.642826E12,26018.195,377074.72
17.0,48.0,76577.55,58.78449,1652.8455,3.0129753E11,0.0,5.164497E12,0.0,109.49821,14472.939,106.42064,5.720407E7,0.0,0.0,1.6043006E11,0.0,301717.28
17.0,54.0,16640.334,1.8783356,693.0596,1.520694E11,0.0,3.3467004E11,0.0,79.18956,9908.752,52.10018,160779.75,0.0,0.0,2.8551748E10,0.0,229917.12
17.0,60.0,23930.824,1.3323604,3.6353416,2549374.2,0.0,6.2997156E10,0.0,73.769104,7718.0303,5.0088673,886.0097,0.0,0.0,1.1981298E7,0.0,179354.23
17.0,66.0,41368.21,11.59098,0.0,944.4259,0.0,7.942504E9,0.0,1.6501358,16106.293,0.0,187.81848,0.0,0.0,0.17702168,0.0,127524.266
17.0,72.0,39006.598,1.0411015,0.0,2657.7175,0.0,7.222619E8,0.0,0.0,4971.4453,0.0,7.7146077,0.0,0.0,0.0,0.0,104051.164
17.0,78.0,10102.266,0.0,0.0,0.0,0.0,6.697802E8,0.0,0.0,3578.785,0.0,0.0,0.0,0.0,0.0,0.0,72336.84
17.0,84.0,5992.587,0.0,0.0,0.0,0.0,7.673812E7,0.0,0.0,3442.6318,0.0,0.0,0.0,0.0,0.0,0.0,54275.027
17.0,90.0,3011.0034,0.0,0.0,0.0,0.0,4.8298616E7,0.0,0.0,536.1695,0.0,0.0,0.0,0.0,0.0,0.0,41489.246
17.0,96.0,7517.9404,0.0,0.0,0.0,0.0,1154133.9,0.0,0.0,441.56094,0.0,0.0,0.0,0.0,0.0,0.0,34474.29
17.0,102.0,1016.47845,0.0,0.0,0.0,0.0,114339.875,0.0,0.0,1586.658,0.0,0.0,0.0,0.0,0.0,0.0,22745.709
17.0,108.0,179.74864,0.0,0.0,0.0,0.0,117178.77,0.0,0.0,765.5669,0.0,0.0,0.0,0.0,0.0,0.0,13948.971
17.0,114.0,0.0,0.0,0.0,0.0,0.0,119439.9,0.0,0.0,212.6151,0.0,0.0,0.0,0.0,0.0,0.0,9808.753
17.0,120.0,0.0,0.0,0.0,0.0,0.0,3265.0903,0.0,0.0,35.67455,0.0,0.0,0.0,0.0,0.0,0.0,7035.79
17.0,126.0,0.0,0.0,0.0,0.0,0.0,3363.9297,0.0,0.0,1.6302223,0.0,0.0,0.0,0.0,0.0,0.0,4896.257
17.0,132.0,0.0,0.0,0.0,0.0,0.0,5224.817,0.0,0.0,0.0,0.0,0.0,0.0,0.0,0.0,0.0,2695.1387
17.0,138.0,0.0,0.0,0.0,0.0,0.0,1464.33,0.0,0.0,0.0,0.0,0.0,0.0,0.0,0.0,0.0,1594.9663
17.0,144.0,0.0,0.0,0.0,0.0,0.0,1044.0166,0.0,0.0,0.0,0.0,0.0,0.0,0.0,0.0,0.0,773.1425
17.0,150.0,0.0,0.0,0.0,0.0,0.0,1077.9227,0.0,0.0,0.0,0.0,0.0,0.0,0.0,0.0,0.0,329.68314
17.0,156.0,0.0,0.0,0.0,0.0,0.0,545.5404,0.0,0.0,0.0,0.0,0.0,0.0,0.0,0.0,0.0,198.5148
17.0,162.0,0.0,0.0,0.0,0.0,0.0,478.78137,0.0,0.0,0.0,0.0,0.0,0.0,0.0,0.0,0.0,38.282295
17.0,168.0,0.0,0.0,0.0,0.0,0.0,351.35455,0.0,0.0,0.0,0.0,0.0,0.0,0.0,0.0,0.0,0.0
17.0,174.0,0.0,0.0,0.0,0.0,0.0,150.70003,0.0,0.0,0.0,0.0,0.0,0.0,0.0,0.0,0.0,0.0
17.0,180.0,0.0,0.0,0.0,0.0,0.0,6.9677777,0.0,0.0,0.0,0.0,0.0,0.0,0.0,0.0,0.0,0.0
17.0,186.0,0.0,0.0,0.0,0.0,0.0,9.66851,0.0,0.0,0.0,0.0,0.0,0.0,0.0,0.0,0.0,0.0
17.0,192.0,0.0,0.0,0.0,0.0,0.0,6.8348646,0.0,0.0,0.0,0.0,0.0,0.0,0.0,0.0,0.0,0.0
17.0,198.0,0.0,0.0,0.0,0.0,0.0,0.0,0.0,0.0,0.0,0.0,0.0,0.0,0.0,0.0,0.0,0.0
17.0,204.0,0.0,0.0,0.0,0.0,0.0,0.0,0.0,0.0,0.0,0.0,0.0,0.0,0.0,0.0,0.0,0.0
18.0,0.0,0.0,1.5270408E7,2.3484532E17,9.725483E18,7.627777E9,3.6289068E16,311683.78,7.317616E7,3.9607158E8,2.6142502E7,1.0479791E12,8.050667E11,3.0400788E9,5.416521E18,2.9258058E8,0.0
18.0,6.0,2397304.5,3230174.0,2.4795304E16,1.6003218E17,3.8521222E8,3.6171407E15,40455.695,3.1232358E7,1.803468E8,66878.59,2.2084934E10,6.0658876E11,9.478912E7,2.8952162E16,3.8914504E7,0.0
18.0,12.0,3618742.5,3943.2622,1.3403255E14,3.3286338E16,1.2809156E7,3.7635064E14,43074.434,143753.42,1.5612482E8,7689.3037,2414460.0,9.952377E10,1.0221272E8,3.5481133E16,960952.9,1521411.2
18.0,18.0,833970.9,89.58452,1.7968229E14,4.4470612E15,1.0430403E7,5.4023307E13,624.69147,17905.26,466794.62,3260.9236,3015538.5,8.361181E7,713739.5,1.2586497E16,873545.4,1053123.1
18.0,24.0,222030.3,32.782124,4.2228496E13,4.7633154E14,1041338.56,1.8364955E12,88.92992,4503.4443,45706.645,4402.513,39105.27,2.5395603E8,265215.2,2.97138E15,155923.22,747418.4
18.0,30.0,289687.1,583.21246,1.6500808E11,1.6845712E14,5123.2153,1.3561951E13,2.2127192,8750.957,13388.074,1925.7726,128002.33,519262.47,23118.68,1.4175475E15,278868.28,581025.75
18.0,36.0,248827.36,1205.1385,3.0006634E10,4.3462408E12,0.0,3.0833784E13,0.0,5965.437,24342.674,0.0,71775.2,11.816335,3.5571527,1.5164253E14,161854.06,463614.38
18.0,42.0,175740.38,563.3559,5914.1826,3.8224033E11,0.0,5.7071837E12,0.0,2065.6116,8991.68,1.0440309,98285.7,0.0,0.0,6.949734E11,34134.5,396985.12
18.0,48.0,95120.3,15.297138,1535.819,3.3177047E10,0.0,4.9788863E12,0.0,314.63107,1451.1981,15.144413,5.1190828E7,0.0,0.0,2.5299573E10,0.0,325568.0
18.0,54.0,56500.418,0.38607243,532.73645,2.8068594E11,0.0,5.967484E12,0.0,67.50945,460.2497,2.0480592,86502.24,0.0,0.0,3.8240748E7,0.0,254326.4
18.0,60.0,34560.55,1.0010035,0.4558886,5.8782474E10,0.0,1.5155618E11,0.0,96.54591,5846.443,2.387763,891.147,0.0,0.0,5197902.0,0.0,193106.84
18.0,66.0,10519.331,0.5270613,0.0,6599.312,0.0,1.0513772E10,0.0,0.48163277,5210.628,0.0,106.487,0.0,0.0,0.6987757,0.0,138483.7
18.0,72.0,25029.021,6.544469,0.0,1162.4987,0.0,3.0751974E9,0.0,0.0,6702.075,0.0,1.8043191,0.0,0.0,0.3897703,0.0,104938.12
18.0,78.0,28698.041,0.0,0.0,0.0,0.0,5.012787E8,0.0,0.0,3161.3215,0.0,0.0,0.0,0.0,0.0,0.0,79607.75
18.0,84.0,7983.528,0.0,0.0,0.0,0.0,1.21181816E8,0.0,0.0,2277.8552,0.0,0.0,0.0,0.0,0.0,0.0,57968.195
18.0,90.0,3838.163,0.0,0.0,0.0,0.0,2.7543816E7,0.0,0.0,2573.424,0.0,0.0,0.0,0.0,0.0,0.0,41762.285
18.0,96.0,1790.7826,0.0,0.0,0.0,0.0,3996834.2,0.0,0.0,478.0183,0.0,0.0,0.0,0.0,0.0,0.0,28050.209
18.0,102.0,526.2962,0.0,0.0,0.0,0.0,493738.16,0.0,0.0,649.7288,0.0,0.0,0.0,0.0,0.0,0.0,20184.459
18.0,108.0,50.429367,0.0,0.0,0.0,0.0,13793.3955,0.0,0.0,814.06335,0.0,0.0,0.0,0.0,0.0,0.0,16983.674
18.0,114.0,0.0,0.0,0.0,0.0,0.0,149311.97,0.0,0.0,369.8566,0.0,0.0,0.0,0.0,0.0,0.0,10566.546
18.0,120.0,0.0,0.0,0.0,0.0,0.0,6996.479,0.0,0.0,21.135157,0.0,0.0,0.0,0.0,0.0,0.0,6274.2593
18.0,126.0,0.0,0.0,0.0,0.0,0.0,2182.889,0.0,0.0,0.6153203,0.0,0.0,0.0,0.0,0.0,0.0,4153.425
18.0,132.0,0.0,0.0,0.0,0.0,0.0,2439.5442,0.0,0.0,0.0,0.0,0.0,0.0,0.0,0.0,0.0,2929.5322
18.0,138.0,0.0,0.0,0.0,0.0,0.0,2970.7212,0.0,0.0,0.0,0.0,0.0,0.0,0.0,0.0,0.0,1706.8843
18.0,144.0,0.0,0.0,0.0,0.0,0.0,1036.1997,0.0,0.0,0.0,0.0,0.0,0.0,0.0,0.0,0.0,876.26733
18.0,150.0,0.0,0.0,0.0,0.0,0.0,1099.0645,0.0,0.0,0.0,0.0,0.0,0.0,0.0,0.0,0.0,407.71393
18.0,156.0,0.0,0.0,0.0,0.0,0.0,178.61731,0.0,0.0,0.0,0.0,0.0,0.0,0.0,0.0,0.0,137.45622
18.0,162.0,0.0,0.0,0.0,0.0,0.0,444.84637,0.0,0.0,0.0,0.0,0.0,0.0,0.0,0.0,0.0,34.839798
18.0,168.0,0.0,0.0,0.0,0.0,0.0,389.10223,0.0,0.0,0.0,0.0,0.0,0.0,0.0,0.0,0.0,0.08780549
18.0,174.0,0.0,0.0,0.0,0.0,0.0,89.708786,0.0,0.0,0.0,0.0,0.0,0.0,0.0,0.0,0.0,0.0
18.0,180.0,0.0,0.0,0.0,0.0,0.0,25.678757,0.0,0.0,0.0,0.0,0.0,0.0,0.0,0.0,0.0,0.0
18.0,186.0,0.0,0.0,0.0,0.0,0.0,0.8145141,0.0,0.0,0.0,0.0,0.0,0.0,0.0,0.0,0.0,0.0
18.0,192.0,0.0,0.0,0.0,0.0,0.0,10.720689,0.0,0.0,0.0,0.0,0.0,0.0,0.0,0.0,0.0,0.0
18.0,198.0,0.0,0.0,0.0,0.0,0.0,0.0,0.0,0.0,0.0,0.0,0.0,0.0,0.0,0.0,0.0,0.0
18.0,204.0,0.0,0.0,0.0,0.0,0.0,0.0,0.0,0.0,0.0,0.0,0.0,0.0,0.0,0.0,0.0,0.0
19.0,0.0,0.0,8226075.0,4.0948727E17,1.7342235E19,5.0579256E9,2.0083035E17,1122119.6,4.917591E7,3.668766E8,4.566159E7,6.856921E11,3.9015268E11,1.8058287E9,3.5455208E19,6.0004486E8,0.0
19.0,6.0,3265238.2,733131.25,1.673636E16,5.3013496E17,3.3869584E8,1.0429058E16,93843.48,1.7695234E7,5.5952956E7,122213.195,1.927274E8,2.4944973E11,1.04644456E8,2.0044265E15,2.07518E7,0.0
19.0,12.0,3960009.2,5959.343,5.1431264E14,6.5824647E16,9845297.0,3.4242086E15,23481.154,122764.1,2.6441878E7,4686.8057,1.850982E7,9.149689E10,2329964.2,5.859319E15,1486554.5,1509655.4
19.0,18.0,655661.9,589.6893,1.6993656E14,2.3511338E16,6778456.0,1.8487469E14,2055.045,11375.804,215303.25,2079.806,49060.832,2.8693968E8,341362.66,1.6880484E16,479666.56,1163195.2
19.0,24.0,155817.64,120.16854,1.0003287E14,4.4874994E15,2583649.0,6.738819E13,90.24023,6537.069,80989.64,2362.236,18024.785,1.1816394E8,122396.86,1.3692008E16,606548.5,769436.25
19.0,30.0,18446.787,173.69168,1.1103474E13,5.5418366E14,1381.0835,5.7997754E13,2.4965034,2467.063,27499.355,3552.5566,1484.9337,28978.82,3921.7612,2.5825786E15,321704.3,595765.0
19.0,36.0,22116.287,17.731297,1.4898049E7,4.2005297E12,0.0,7.190594E12,1.6599975,4967.64,37478.004,0.0,55416.984,0.0,50.191612,1.3428451E15,74477.98,473490.97
19.0,42.0,131565.58,616.9987,5159.1274,1.7168538E12,0.0,1.8056896E13,0.0,1719.1102,16736.326,0.0,61572.367,0.0,0.0,2.503915E14,47546.574,339896.66
19.0,48.0,140424.58,226.22786,2710.3115,1.02110904E11,0.0,3.9110823E12,0.0,1357.4327,13467.212,5.6213517,3.0034634E7,0.0,0.0,7.139379E9,0.0,285009.5
19.0,54.0,102723.484,0.0,802.9896,1.18122904E8,0.0,2.335017E12,0.0,289.95264,4391.6987,3.8922265,49597.92,0.0,0.0,2399424.2,0.0,220274.61
19.0,60.0,57653.99,0.0,1.1923294,1.3590496E11,0.0,4.202245E12,0.0,64.033005,1489.148,1.5022054,504.26968,0.0,0.0,513.6607,0.0,192159.95
19.0,66.0,30243.098,0.17638151,0.0,34948.316,0.0,4.410884E11,0.0,8.672982,2613.6833,0.0,97.372025,0.0,0.0,1840.8794,0.0,147334.47
19.0,72.0,15907.291,0.44695657,0.0,90.951775,0.0,4.1283103E9,0.0,0.0,3119.5403,0.0,0.0,0.0,0.0,1678.4907,0.0,116836.69
19.0,78.0,8820.746,0.0,0.0,0.0,0.0,4.983103E8,0.0,0.0,4764.9907,0.0,0.0,0.0,0.0,0.0,0.0,85929.27
19.0,84.0,21696.082,0.0,0.0,0.0,0.0,1.8824766E8,0.0,0.0,2103.0813,0.0,0.0,0.0,0.0,0.0,0.0,60682.016
19.0,90.0,7872.494,0.0,0.0,0.0,0.0,1.2397736E7,0.0,0.0,1375.6764,0.0,0.0,0.0,0.0,0.0,0.0,41355.242
19.0,96.0,2522.4062,0.0,0.0,0.0,0.0,8447137.0,0.0,0.0,1764.0686,0.0,0.0,0.0,0.0,0.0,0.0,30172.244
19.0,102.0,981.63885,0.0,0.0,0.0,0.0,907724.25,0.0,0.0,396.9101,0.0,0.0,0.0,0.0,0.0,0.0,22188.795
19.0,108.0,0.0,0.0,0.0,0.0,0.0,34775.73,0.0,0.0,538.0455,0.0,0.0,0.0,0.0,0.0,0.0,13795.844
19.0,114.0,0.0,0.0,0.0,0.0,0.0,95336.23,0.0,0.0,370.19894,0.0,0.0,0.0,0.0,0.0,0.0,9369.176
19.0,120.0,0.0,0.0,0.0,0.0,0.0,7413.814,0.0,0.0,11.102446,0.0,0.0,0.0,0.0,0.0,0.0,7513.04
19.0,126.0,0.0,0.0,0.0,0.0,0.0,906.6766,0.0,0.0,4.72028,0.0,0.0,0.0,0.0,0.0,0.0,4308.106
19.0,132.0,0.0,0.0,0.0,0.0,0.0,1178.1544,0.0,0.0,0.0,0.0,0.0,0.0,0.0,0.0,0.0,2492.0999
19.0,138.0,0.0,0.0,0.0,0.0,0.0,2695.3435,0.0,0.0,0.0,0.0,0.0,0.0,0.0,0.0,0.0,1582.9795
19.0,144.0,0.0,0.0,0.0,0.0,0.0,556.40936,0.0,0.0,0.0,0.0,0.0,0.0,0.0,0.0,0.0,971.3682
19.0,150.0,0.0,0.0,0.0,0.0,0.0,1009.0837,0.0,0.0,0.0,0.0,0.0,0.0,0.0,0.0,0.0,445.10678
19.0,156.0,0.0,0.0,0.0,0.0,0.0,364.36905,0.0,0.0,0.0,0.0,0.0,0.0,0.0,0.0,0.0,178.34276
19.0,162.0,0.0,0.0,0.0,0.0,0.0,221.7565,0.0,0.0,0.0,0.0,0.0,0.0,0.0,0.0,0.0,20.594276
19.0,168.0,0.0,0.0,0.0,0.0,0.0,336.66373,0.0,0.0,0.0,0.0,0.0,0.0,0.0,0.0,0.0,0.0
19.0,174.0,0.0,0.0,0.0,0.0,0.0,52.226734,0.0,0.0,0.0,0.0,0.0,0.0,0.0,0.0,0.0,0.0
19.0,180.0,0.0,0.0,0.0,0.0,0.0,75.848785,0.0,0.0,0.0,0.0,0.0,0.0,0.0,0.0,0.0,0.0
19.0,186.0,0.0,0.0,0.0,0.0,0.0,2.4251378,0.0,0.0,0.0,0.0,0.0,0.0,0.0,0.0,0.0,0.0
19.0,192.0,0.0,0.0,0.0,0.0,0.0,7.452855,0.0,0.0,0.0,0.0,0.0,0.0,0.0,0.0,0.0,0.0
19.0,198.0,0.0,0.0,0.0,0.0,0.0,0.0,0.0,0.0,0.0,0.0,0.0,0.0,0.0,0.0,0.0,0.0
19.0,204.0,0.0,0.0,0.0,0.0,0.0,0.0,0.0,0.0,0.0,0.0,0.0,0.0,0.0,0.0,0.0,0.0
20.0,0.0,0.0,3.389914E7,9.814124E17,1.5392236E20,3.9570819E9,2.2739634E17,1066010.4,8.049227E7,3.2688163E8,2.790414E7,4.7417187E11,1.4317809E7,4.6407235E9,6.988476E19,4.9876058E8,0.0
20.0,6.0,4271590.0,3051850.0,4.7026842E16,3.8958328E18,4.9137344E8,6.735184E15,56825.105,3.7232736E7,7.390427E7,1105385.4,9.887184E9,3.2028578E10,5.8447624E7,2.4902564E17,4.689595E7,0.0
20.0,12.0,4981945.5,10612.267,3.1486754E15,3.062483E17,5.1419096E7,4.5737364E15,22418.633,177251.23,1.4471787E8,145651.53,3.2744858E9,4.9790968E10,4435009.5,2.9291715E17,1940256.4,1561401.1
20.0,18.0,915263.75,6553.4185,1.8398665E14,4.9716188E16,4007883.2,5.342008E14,5035.1245,9775.802,757451.8,593.0045,1.7898196E7,2.2526408E9,1007414.6,2.681469E17,1587023.4,1244289.0
20.0,24.0,225414.36,2976.2134,8.693768E13,1.3369278E16,872124.6,1.2747626E14,455.23022,2156.4421,64688.31,2587.9915,2.1984038E7,2983.208,113098.11,2.7368135E16,571768.75,862091.1
20.0,30.0,25518.436,630.3523,5.7741276E13,1.0223152E16,63812.426,2.7212927E13,94.2781,7733.747,46462.41,3108.862,167762.08,421.7411,23265.852,1.2233648E15,198514.53,667425.56
20.0,36.0,20587.395,148.49577,2.5464024E11,1.6664782E14,0.0,3.952044E13,0.64920247,4870.1084,4385.743,21.469803,28729.145,13.026927,30.868559,5.51367E14,130531.38,529196.75
20.0,42.0,6960.942,80.16954,112.22842,3.1360029E13,0.0,2.1184E13,0.0,3946.6921,25847.088,0.0,38889.246,0.0,2.1296716,1.3865875E15,21370.047,362607.75
20.0,48.0,7128.3438,220.33556,243.23088,3.4002715E11,0.0,9.91183E12,0.0,573.4969,24607.205,0.67831224,6224528.0,0.0,0.0,6811371.5,0.0,292691.97
20.0,54.0,70969.38,192.49077,198.85281,8.0400087E9,0.0,3.6277406E12,0.0,460.84482,4085.5305,4.6949873,1.1112824E7,0.0,0.0,1610997.4,0.0,230139.73
20.0,60.0,83830.2,0.21805151,0.0,5.3347058E10,0.0,3.274646E12,0.0,37.716564,2783.302,0.0,225.05379,0.0,0.0,940.8741,0.0,184838.3
20.0,66.0,58215.72,0.0,0.0,4.781158E9,0.0,5.5114066E11,0.0,15.482539,3619.6958,0.0,79.94904,0.0,0.0,0.0,0.0,123841.85
20.0,72.0,29547.719,0.0,0.0,18.46582,0.0,2.6654381E11,0.0,0.0,1766.3318,0.0,0.0,0.0,0.0,440.2478,0.0,98517.0
20.0,78.0,16558.604,0.0,0.0,0.0,0.0,2.1162872E9,0.0,0.0,1877.7231,0.0,0.0,0.0,0.0,0.0,0.0,83572.984
20.0,84.0,4628.403,0.0,0.0,0.0,0.0,1.4201566E8,0.0,0.0,3654.8936,0.0,0.0,0.0,0.0,0.0,0.0,63773.34
20.0,90.0,13522.234,0.0,0.0,0.0,0.0,4.4273388E7,0.0,0.0,1105.7213,0.0,0.0,0.0,0.0,0.0,0.0,46733.6
20.0,96.0,5904.27,0.0,0.0,0.0,0.0,7185067.5,0.0,0.0,1096.1521,0.0,0.0,0.0,0.0,0.0,0.0,32515.168
20.0,102.0,1063.7814,0.0,0.0,0.0,0.0,568912.6,0.0,0.0,1029.1991,0.0,0.0,0.0,0.0,0.0,0.0,21274.057
20.0,108.0,9.69474,0.0,0.0,0.0,0.0,36443.793,0.0,0.0,242.01224,0.0,0.0,0.0,0.0,0.0,0.0,15342.194
20.0,114.0,0.0,0.0,0.0,0.0,0.0,58498.02,0.0,0.0,446.34586,0.0,0.0,0.0,0.0,0.0,0.0,10402.247
20.0,120.0,0.0,0.0,0.0,0.0,0.0,9569.526,0.0,0.0,9.625614,0.0,0.0,0.0,0.0,0.0,0.0,6026.3423
20.0,126.0,0.0,0.0,0.0,0.0,0.0,740.27435,0.0,0.0,0.0,0.0,0.0,0.0,0.0,0.0,0.0,4162.7617
20.0,132.0,0.0,0.0,0.0,0.0,0.0,714.19324,0.0,0.0,0.0,0.0,0.0,0.0,0.0,0.0,0.0,2887.733
20.0,138.0,0.0,0.0,0.0,0.0,0.0,696.03424,0.0,0.0,0.0,0.0,0.0,0.0,0.0,0.0,0.0,1466.7656
20.0,144.0,0.0,0.0,0.0,0.0,0.0,1652.7808,0.0,0.0,0.0,0.0,0.0,0.0,0.0,0.0,0.0,851.51776
20.0,150.0,0.0,0.0,0.0,0.0,0.0,472.38812,0.0,0.0,0.0,0.0,0.0,0.0,0.0,0.0,0.0,500.50833
20.0,156.0,0.0,0.0,0.0,0.0,0.0,680.44165,0.0,0.0,0.0,0.0,0.0,0.0,0.0,0.0,0.0,194.6798
20.0,162.0,0.0,0.0,0.0,0.0,0.0,117.28372,0.0,0.0,0.0,0.0,0.0,0.0,0.0,0.0,0.0,28.578506
20.0,168.0,0.0,0.0,0.0,0.0,0.0,148.01451,0.0,0.0,0.0,0.0,0.0,0.0,0.0,0.0,0.0,0.0
20.0,174.0,0.0,0.0,0.0,0.0,0.0,159.48541,0.0,0.0,0.0,0.0,0.0,0.0,0.0,0.0,0.0,0.0
20.0,180.0,0.0,0.0,0.0,0.0,0.0,53.784103,0.0,0.0,0.0,0.0,0.0,0.0,0.0,0.0,0.0,0.0
20.0,186.0,0.0,0.0,0.0,0.0,0.0,0.7036701,0.0,0.0,0.0,0.0,0.0,0.0,0.0,0.0,0.0,0.0
20.0,192.0,0.0,0.0,0.0,0.0,0.0,5.1811085,0.0,0.0,0.0,0.0,0.0,0.0,0.0,0.0,0.0,0.0
20.0,198.0,0.0,0.0,0.0,0.0,0.0,0.0,0.0,0.0,0.0,0.0,0.0,0.0,0.0,0.0,0.0,0.0
20.0,204.0,0.0,0.0,0.0,0.0,0.0,0.0,0.0,0.0,0.0,0.0,0.0,0.0,0.0,0.0,0.0,0.0
