"Distribution of cumulative catch (number of fish per time step of saving) by Size class (cm). Class i designates interval [i,i+1[."
"Time","Size","lesserSpottedDogfish","redMullet","pouting","whiting","poorCod","cod","dragonet","sole","plaice","horseMackerel","mackerel","herring","sardine","squids","cuttlefish","thornbackRay"
1.0,0.0,0.0,1085060.0,0.0,0.0,0.0,0.0,0.0,0.0,0.0,0.0,0.0,0.0,1.2890236E8,4.207615E9,457644.2,0.0
1.0,5.0,0.0,189683.83,3550751.0,0.0,0.0,0.0,0.0,0.0,0.0,347766.06,0.0,0.0,1.2849785E7,3.6690344E7,418044.56,0.0
1.0,10.0,446.8377,61475.754,6486078.5,0.0,0.0,0.0,0.0,0.0,0.0,8779257.0,0.0,0.0,8.313323E7,1.759663E7,8708180.0,0.0
1.0,15.0,726294.6,504717.1,1.097411E7,0.0,0.0,0.0,0.0,0.0,0.0,2.5634038E7,0.0,0.0,1.105368E8,893263.75,47452.766,5193.492
1.0,20.0,1531172.4,1063721.1,3090838.5,5425105.5,0.0,0.0,0.0,0.0,3560864.2,3.0660446E7,0.0,0.0,1.6581731E8,814437.5,915568.56,14889.973
1.0,25.0,1589355.2,1776319.5,1792964.1,1.2906225E7,0.0,0.0,0.0,2.708866E7,3395082.8,7802964.0,1.0773136E7,3.633876E8,0.0,4941249.5,846317.8,4539.1685
1.0,30.0,1450182.2,314652.88,655075.1,4753084.0,0.0,0.0,0.0,1.192644E7,1054153.1,4202728.5,1.7526312E7,5.1430036E7,0.0,7629070.5,0.0,6869.145
1.0,35.0,1065815.8,71162.84,0.0,3695551.5,0.0,0.0,0.0,2627649.2,238912.17,1981911.4,1.0235283E7,0.0,0.0,3145152.0,0.0,3180.3394
1.0,40.0,821398.0,53372.047,0.0,1471807.1,0.0,0.0,0.0,0.0,97191.984,0.0,4596758.0,0.0,0.0,231559.22,0.0,5103.224
1.0,45.0,743261.6,25842.484,0.0,0.0,0.0,0.0,0.0,0.0,0.0,0.0,0.0,0.0,0.0,0.0,0.0,3097.8442
1.0,50.0,706765.9,0.0,0.0,0.0,0.0,0.0,0.0,0.0,0.0,0.0,0.0,0.0,0.0,0.0,0.0,3679.349
1.0,55.0,618559.0,0.0,0.0,0.0,0.0,14269.057,0.0,0.0,0.0,0.0,0.0,0.0,0.0,0.0,0.0,3781.8752
1.0,60.0,385800.3,0.0,0.0,0.0,0.0,3296.7925,0.0,0.0,0.0,0.0,0.0,0.0,0.0,0.0,0.0,2940.9487
1.0,65.0,0.0,0.0,0.0,0.0,0.0,4137.0513,0.0,0.0,0.0,0.0,0.0,0.0,0.0,0.0,0.0,3054.6572
1.0,70.0,0.0,0.0,0.0,0.0,0.0,2746.766,0.0,0.0,0.0,0.0,0.0,0.0,0.0,0.0,0.0,3176.7622
1.0,75.0,0.0,0.0,0.0,0.0,0.0,1586.7611,0.0,0.0,0.0,0.0,0.0,0.0,0.0,0.0,0.0,3388.1702
1.0,80.0,0.0,0.0,0.0,0.0,0.0,1112.8661,0.0,0.0,0.0,0.0,0.0,0.0,0.0,0.0,0.0,3108.2925
1.0,85.0,0.0,0.0,0.0,0.0,0.0,1238.0431,0.0,0.0,0.0,0.0,0.0,0.0,0.0,0.0,0.0,3735.318
1.0,90.0,0.0,0.0,0.0,0.0,0.0,743.2167,0.0,0.0,0.0,0.0,0.0,0.0,0.0,0.0,0.0,3955.525
1.0,95.0,0.0,0.0,0.0,0.0,0.0,902.6923,0.0,0.0,0.0,0.0,0.0,0.0,0.0,0.0,0.0,5480.946
1.0,100.0,0.0,0.0,0.0,0.0,0.0,694.5172,0.0,0.0,0.0,0.0,0.0,0.0,0.0,0.0,0.0,2846.6
1.0,105.0,0.0,0.0,0.0,0.0,0.0,0.0,0.0,0.0,0.0,0.0,0.0,0.0,0.0,0.0,0.0,0.0
1.0,110.0,0.0,0.0,0.0,0.0,0.0,0.0,0.0,0.0,0.0,0.0,0.0,0.0,0.0,0.0,0.0,0.0
1.0,115.0,0.0,0.0,0.0,0.0,0.0,0.0,0.0,0.0,0.0,0.0,0.0,0.0,0.0,0.0,0.0,0.0
1.0,120.0,0.0,0.0,0.0,0.0,0.0,0.0,0.0,0.0,0.0,0.0,0.0,0.0,0.0,0.0,0.0,0.0
1.0,125.0,0.0,0.0,0.0,0.0,0.0,0.0,0.0,0.0,0.0,0.0,0.0,0.0,0.0,0.0,0.0,0.0
2.0,0.0,0.0,8194828.0,2060231.4,0.0,0.0,0.0,0.0,0.0,0.0,0.0,0.0,0.0,3.8908384E8,1.1368991E9,9324911.0,0.0
2.0,5.0,0.0,1983390.1,9501341.0,0.0,0.0,0.0,0.0,0.0,0.0,1749071.6,0.0,0.0,9837383.0,4.6358244E7,360841.56,0.0
2.0,10.0,4670.1577,877234.3,3.4201536E7,0.0,0.0,0.0,0.0,0.0,0.0,4686460.5,0.0,0.0,4.861687E7,1.3210006E8,2448713.0,0.0
2.0,15.0,106181.11,226877.55,4.4751012E7,0.0,0.0,0.0,0.0,0.0,0.0,1.579909E7,0.0,0.0,1.3931302E8,7.6422056E7,4.7837616E7,22853.033
2.0,20.0,588893.9,40569.25,1.5168644E7,1.4400809E7,0.0,0.0,0.0,0.0,7141397.5,4.2837736E7,0.0,0.0,1.2205623E8,6696620.5,3.9977044E7,54969.29
2.0,25.0,2293160.8,567939.94,3966680.2,538150.5,0.0,0.0,0.0,1.6743164E7,1.4172715E7,4.2324976E7,3.329143E7,1.8920645E8,4.550445,1263353.6,1775.5105,33640.125
2.0,30.0,2023765.6,2557110.8,1169124.5,1.0206269E7,0.0,0.0,0.0,4.7198044E7,3918960.0,6883301.0,4.897483E7,2.2414246E7,0.0,289863.75,0.0,17266.203
2.0,35.0,1363006.6,1565111.6,0.09466942,2352085.8,0.0,0.0,0.0,4640813.0,571762.4,2363325.5,8674196.0,0.0,0.0,331284.53,0.0,8827.424
2.0,40.0,1052139.9,115329.62,0.0,709869.5,0.0,0.0,0.0,9.450634,133080.78,0.0,3486947.2,0.0,0.0,0.0,0.0,6552.833
2.0,45.0,965476.6,47206.945,0.0,0.0,0.0,0.0,0.0,0.60622376,1515.1044,0.0,0.0,0.0,0.0,0.0,0.0,7450.5356
2.0,50.0,929807.2,0.0,0.0,0.0,0.0,0.0,0.0,0.0,0.0,0.0,0.0,0.0,0.0,0.0,0.0,4483.3584
2.0,55.0,900915.4,0.0,0.0,0.0,0.0,4387.611,0.0,0.0,0.0,0.0,0.0,0.0,0.0,0.0,0.0,5807.02
2.0,60.0,580894.44,0.0,0.0,0.0,0.0,19284.674,0.0,0.0,0.0,0.0,0.0,0.0,0.0,0.0,0.0,5608.2925
2.0,65.0,0.0,0.0,0.0,0.0,0.0,6635.661,0.0,0.0,0.0,0.0,0.0,0.0,0.0,0.0,0.0,4754.712
2.0,70.0,0.0,0.0,0.0,0.0,0.0,3014.0063,0.0,0.0,0.0,0.0,0.0,0.0,0.0,0.0,0.0,4730.946
2.0,75.0,0.0,0.0,0.0,0.0,0.0,2498.3047,0.0,0.0,0.0,0.0,0.0,0.0,0.0,0.0,0.0,4608.697
2.0,80.0,0.0,0.0,0.0,0.0,0.0,2025.7671,0.0,0.0,0.0,0.0,0.0,0.0,0.0,0.0,0.0,4387.9644
2.0,85.0,0.0,0.0,0.0,0.0,0.0,1123.0872,0.0,0.0,0.0,0.0,0.0,0.0,0.0,0.0,0.0,5202.076
2.0,90.0,0.0,0.0,0.0,0.0,0.0,1300.3839,0.0,0.0,0.0,0.0,0.0,0.0,0.0,0.0,0.0,5914.482
2.0,95.0,0.0,0.0,0.0,0.0,0.0,1014.5119,0.0,0.0,0.0,0.0,0.0,0.0,0.0,0.0,0.0,7794.232
2.0,100.0,0.0,0.0,0.0,0.0,0.0,843.73175,0.0,0.0,0.0,0.0,0.0,0.0,0.0,0.0,0.0,3404.0024
2.0,105.0,0.0,0.0,0.0,0.0,0.0,0.0,0.0,0.0,0.0,0.0,0.0,0.0,0.0,0.0,0.0,0.0
2.0,110.0,0.0,0.0,0.0,0.0,0.0,0.0,0.0,0.0,0.0,0.0,0.0,0.0,0.0,0.0,0.0,0.0
2.0,115.0,0.0,0.0,0.0,0.0,0.0,0.0,0.0,0.0,0.0,0.0,0.0,0.0,0.0,0.0,0.0,0.0
2.0,120.0,0.0,0.0,0.0,0.0,0.0,0.0,0.0,0.0,0.0,0.0,0.0,0.0,0.0,0.0,0.0,0.0
2.0,125.0,0.0,0.0,0.0,0.0,0.0,0.0,0.0,0.0,0.0,0.0,0.0,0.0,0.0,0.0,0.0,0.0
3.0,0.0,0.0,1.3749861E7,2498244.2,0.0,0.0,0.0,0.0,0.0,0.0,0.0,0.0,0.0,5.7524966E8,92244.84,5890332.0,0.0
3.0,5.0,0.0,1030233.6,1.0235895E7,0.0,0.0,0.0,0.0,0.0,0.0,7125053.0,0.0,0.0,2.1271658E7,6978157.5,1.4627695E7,0.0
3.0,10.0,4834.683,614024.94,2.2204306E7,0.0,0.0,0.0,0.0,0.0,0.0,9714308.0,0.0,0.0,1.6983858E7,2.3606136E7,2942541.5,0.0
3.0,15.0,118967.03,569498.0,3.4037364E7,0.0,0.0,0.0,0.0,0.0,0.0,7518376.0,0.0,0.0,7.312377E7,2.2002908E7,2106255.0,10848.18
3.0,20.0,197750.9,61454.09,2.2598794E7,3.569661E7,0.0,0.0,0.0,0.0,1575683.9,1.1915157E7,0.0,0.0,5.9455296E7,2860336.0,6558254.0,34116.785
3.0,25.0,212659.61,41271.598,5489230.5,3978261.2,0.0,0.0,0.0,832872.8,4173316.5,2.5437852E7,8001253.0,5.498088E7,91506.734,820470.6,12701.013,52232.504
3.0,30.0,1336458.2,72569.79,1223406.1,727492.4,0.0,0.0,0.0,7753220.0,9552414.0,1.5627659E7,4.3803228E7,5133753.0,0.0,0.13009049,0.0,32700.014
3.0,35.0,1336154.1,1033484.06,21998.947,2483087.8,0.0,0.0,0.0,1.6486528E7,1811156.5,1497630.4,6650261.0,0.0,0.0,0.0,0.0,19557.213
3.0,40.0,883351.2,1595530.4,0.0,193315.75,0.0,0.0,0.0,90756.79,154744.81,0.0,1383905.0,0.0,0.0,0.0,0.0,4502.75
3.0,45.0,767739.6,240648.23,0.0,0.0,0.0,0.0,0.0,7.8216434,7206.4946,0.0,0.0,0.0,0.0,0.0,0.0,5366.2314
3.0,50.0,739494.7,0.0,0.0,0.0,0.0,0.0,0.0,0.2030152,0.0,0.0,0.0,0.0,0.0,0.0,0.0,4318.571
3.0,55.0,736182.94,0.0,0.0,0.0,0.0,31296.86,0.0,0.0,0.0,0.0,0.0,0.0,0.0,0.0,0.0,2956.558
3.0,60.0,568376.8,0.0,0.0,0.0,0.0,7734.5483,0.0,0.0,0.0,0.0,0.0,0.0,0.0,0.0,0.0,3473.1938
3.0,65.0,0.0,0.0,0.0,0.0,0.0,6982.518,0.0,0.0,0.0,0.0,0.0,0.0,0.0,0.0,0.0,3389.453
3.0,70.0,0.0,0.0,0.0,0.0,0.0,4749.8433,0.0,0.0,0.0,0.0,0.0,0.0,0.0,0.0,0.0,3047.8772
3.0,75.0,0.0,0.0,0.0,0.0,0.0,2050.2986,0.0,0.0,0.0,0.0,0.0,0.0,0.0,0.0,0.0,2877.3845
3.0,80.0,0.0,0.0,0.0,0.0,0.0,1252.3625,0.0,0.0,0.0,0.0,0.0,0.0,0.0,0.0,0.0,3394.9275
3.0,85.0,0.0,0.0,0.0,0.0,0.0,1237.2455,0.0,0.0,0.0,0.0,0.0,0.0,0.0,0.0,0.0,2917.4211
3.0,90.0,0.0,0.0,0.0,0.0,0.0,721.71063,0.0,0.0,0.0,0.0,0.0,0.0,0.0,0.0,0.0,3794.0603
3.0,95.0,0.0,0.0,0.0,0.0,0.0,789.64056,0.0,0.0,0.0,0.0,0.0,0.0,0.0,0.0,0.0,4306.2666
3.0,100.0,0.0,0.0,0.0,0.0,0.0,512.4769,0.0,0.0,0.0,0.0,0.0,0.0,0.0,0.0,0.0,1890.7507
3.0,105.0,0.0,0.0,0.0,0.0,0.0,0.0,0.0,0.0,0.0,0.0,0.0,0.0,0.0,0.0,0.0,0.0
3.0,110.0,0.0,0.0,0.0,0.0,0.0,0.0,0.0,0.0,0.0,0.0,0.0,0.0,0.0,0.0,0.0,0.0
3.0,115.0,0.0,0.0,0.0,0.0,0.0,0.0,0.0,0.0,0.0,0.0,0.0,0.0,0.0,0.0,0.0,0.0
3.0,120.0,0.0,0.0,0.0,0.0,0.0,0.0,0.0,0.0,0.0,0.0,0.0,0.0,0.0,0.0,0.0,0.0
3.0,125.0,0.0,0.0,0.0,0.0,0.0,0.0,0.0,0.0,0.0,0.0,0.0,0.0,0.0,0.0,0.0,0.0
4.0,0.0,0.0,1.0997025E7,1566659.4,0.0,0.0,0.0,0.0,0.0,0.0,0.0,0.0,0.0,1.2363985E9,0.0,450841.8,0.0
4.0,5.0,0.0,1912051.9,8181579.5,0.0,0.0,0.0,0.0,0.0,0.0,7459425.0,0.0,0.0,8.696004E7,9746.298,7461495.5,0.0
4.0,10.0,4998.206,649197.7,1.9196966E7,0.0,0.0,0.0,0.0,0.0,0.0,2.1330038E7,0.0,0.0,4.0361132E7,261686.55,2067225.4,0.0
4.0,15.0,118405.16,594887.75,2.636821E7,0.0,0.0,0.0,0.0,0.0,0.0,3.9024176E7,0.0,0.0,6.652955E7,1196102.5,4355090.5,10315.499
4.0,20.0,235622.42,143442.05,1.8992174E7,7.311614E7,0.0,0.0,0.0,0.0,339221.12,1.4767978E7,0.0,0.0,6.16662E7,441168.03,3749858.5,28774.29
4.0,25.0,283458.9,67909.49,7544223.5,9259113.0,0.0,0.0,0.0,808692.25,2182798.8,1.467152E7,987821.0,4.953517E7,337300.4,121004.93,28520.924,30339.316
4.0,30.0,182044.86,42934.234,1333307.4,265481.75,0.0,0.0,0.0,754960.94,1323271.2,2.2012506E7,2.161228E7,3316985.0,0.0,1927.192,0.0,41234.418
4.0,35.0,466982.28,31229.457,127945.445,870065.06,0.0,0.0,0.0,8259773.5,4384432.0,6394757.5,1.2475435E7,0.0,0.0,0.0,0.0,36834.43
4.0,40.0,874138.56,420070.72,0.0,60704.566,0.0,0.0,0.0,737776.94,610469.2,2626.6128,1074498.2,0.0,0.0,0.0,0.0,18070.506
4.0,45.0,654903.25,1127528.9,0.0,0.0,0.0,0.0,0.0,16837.992,15633.811,0.0,0.0,0.0,0.0,0.0,0.0,3918.989
4.0,50.0,607257.4,197725.5,0.0,0.0,0.0,0.0,0.0,1.2869487,0.0,0.0,0.0,0.0,0.0,0.0,0.0,4538.1494
4.0,55.0,592003.1,0.0,0.0,0.0,0.0,13966.57,0.0,0.0,0.0,0.0,0.0,0.0,0.0,0.0,0.0,3455.3438
4.0,60.0,532955.3,0.0,0.0,0.0,0.0,17897.463,0.0,0.0,0.0,0.0,0.0,0.0,0.0,0.0,0.0,2478.718
4.0,65.0,0.0,0.0,0.0,0.0,0.0,9766.057,0.0,0.0,0.0,0.0,0.0,0.0,0.0,0.0,0.0,2504.5803
4.0,70.0,0.0,0.0,0.0,0.0,0.0,3020.298,0.0,0.0,0.0,0.0,0.0,0.0,0.0,0.0,0.0,2510.6672
4.0,75.0,0.0,0.0,0.0,0.0,0.0,1718.9999,0.0,0.0,0.0,0.0,0.0,0.0,0.0,0.0,0.0,2640.0134
4.0,80.0,0.0,0.0,0.0,0.0,0.0,984.2537,0.0,0.0,0.0,0.0,0.0,0.0,0.0,0.0,0.0,2416.5647
4.0,85.0,0.0,0.0,0.0,0.0,0.0,741.08844,0.0,0.0,0.0,0.0,0.0,0.0,0.0,0.0,0.0,2519.919
4.0,90.0,0.0,0.0,0.0,0.0,0.0,664.4452,0.0,0.0,0.0,0.0,0.0,0.0,0.0,0.0,0.0,2542.993
4.0,95.0,0.0,0.0,0.0,0.0,0.0,498.29227,0.0,0.0,0.0,0.0,0.0,0.0,0.0,0.0,0.0,3428.4924
4.0,100.0,0.0,0.0,0.0,0.0,0.0,376.92325,0.0,0.0,0.0,0.0,0.0,0.0,0.0,0.0,0.0,1058.9512
4.0,105.0,0.0,0.0,0.0,0.0,0.0,0.0,0.0,0.0,0.0,0.0,0.0,0.0,0.0,0.0,0.0,0.0
4.0,110.0,0.0,0.0,0.0,0.0,0.0,0.0,0.0,0.0,0.0,0.0,0.0,0.0,0.0,0.0,0.0,0.0
4.0,115.0,0.0,0.0,0.0,0.0,0.0,0.0,0.0,0.0,0.0,0.0,0.0,0.0,0.0,0.0,0.0,0.0
4.0,120.0,0.0,0.0,0.0,0.0,0.0,0.0,0.0,0.0,0.0,0.0,0.0,0.0,0.0,0.0,0.0,0.0
4.0,125.0,0.0,0.0,0.0,0.0,0.0,0.0,0.0,0.0,0.0,0.0,0.0,0.0,0.0,0.0,0.0,0.0
5.0,0.0,0.0,6903860.5,4642800.0,0.0,0.0,0.0,0.0,0.0,0.0,0.0,0.0,0.0,3.4894157E8,0.0,637339.44,0.0
5.0,5.0,0.0,896333.8,4257031.0,0.0,0.0,0.0,0.0,0.0,0.0,1799133.0,0.0,0.0,6.6758572E7,0.0,564151.1,0.0
5.0,10.0,5844.458,542491.1,9015291.0,0.0,0.0,0.0,0.0,0.0,0.0,7766082.5,0.0,0.0,3.410424E7,0.0,2429457.8,0.0
5.0,15.0,112183.58,610271.06,2.7423894E7,0.0,0.0,0.0,0.0,0.0,0.0,2.8086514E7,0.0,0.0,4.3784908E7,75438.51,5046424.5,9529.726
5.0,20.0,215782.06,346283.62,1.52381E7,9.930752E7,0.0,0.0,0.0,0.0,1490042.9,2.1494682E7,0.0,0.0,2.760674E7,739139.56,1997059.0,27820.477
5.0,25.0,308471.53,185796.02,5152815.0,2.1456682E7,0.0,0.0,0.0,711685.56,522585.6,6168280.0,589427.9,2.2264906E7,185818.58,1003969.9,3073.4514,36195.35
5.0,30.0,247055.23,55700.125,1841877.6,393215.53,0.0,0.0,0.0,725925.06,1134599.6,7975216.0,3398528.8,1112463.4,72256.12,595559.6,0.0,35853.934
5.0,35.0,138431.03,37989.492,110913.37,293535.56,0.0,0.0,0.0,1532981.4,560138.0,7211951.0,8128308.5,0.608595,0.0,196.79784,0.0,39220.43
5.0,40.0,222026.14,26095.604,0.0,21065.34,0.0,0.0,0.0,2326951.0,2052045.1,573161.5,1158464.0,0.0,0.0,0.0,0.0,43094.227
5.0,45.0,768624.25,322788.72,0.0,0.0,0.0,0.0,0.0,56362.066,85404.31,0.07770159,0.0,0.0,0.0,0.0,0.0,18883.604
5.0,50.0,621852.4,806777.7,0.0,0.0,0.0,0.0,0.0,1911.8588,0.0,0.0,0.0,0.0,0.0,0.0,0.0,4136.851
5.0,55.0,585976.1,128784.234,0.0,0.0,0.0,10812.181,0.0,0.3307315,0.0,0.0,0.0,0.0,0.0,0.0,0.0,4184.319
5.0,60.0,559442.5,0.0,0.0,0.0,0.0,26039.793,0.0,0.0,0.0,0.0,0.0,0.0,0.0,0.0,0.0,3655.2832
5.0,65.0,0.0,0.0,0.0,0.0,0.0,4628.396,0.0,0.0,0.0,0.0,0.0,0.0,0.0,0.0,0.0,2836.4438
5.0,70.0,0.0,0.0,0.0,0.0,0.0,4901.031,0.0,0.0,0.0,0.0,0.0,0.0,0.0,0.0,0.0,2501.158
5.0,75.0,0.0,0.0,0.0,0.0,0.0,2721.0002,0.0,0.0,0.0,0.0,0.0,0.0,0.0,0.0,0.0,2315.7417
5.0,80.0,0.0,0.0,0.0,0.0,0.0,1525.7693,0.0,0.0,0.0,0.0,0.0,0.0,0.0,0.0,0.0,2131.2246
5.0,85.0,0.0,0.0,0.0,0.0,0.0,709.18427,0.0,0.0,0.0,0.0,0.0,0.0,0.0,0.0,0.0,2525.2468
5.0,90.0,0.0,0.0,0.0,0.0,0.0,648.0459,0.0,0.0,0.0,0.0,0.0,0.0,0.0,0.0,0.0,2599.4846
5.0,95.0,0.0,0.0,0.0,0.0,0.0,506.4015,0.0,0.0,0.0,0.0,0.0,0.0,0.0,0.0,0.0,3362.2852
5.0,100.0,0.0,0.0,0.0,0.0,0.0,283.79874,0.0,0.0,0.0,0.0,0.0,0.0,0.0,0.0,0.0,633.84564
5.0,105.0,0.0,0.0,0.0,0.0,0.0,0.0,0.0,0.0,0.0,0.0,0.0,0.0,0.0,0.0,0.0,0.0
5.0,110.0,0.0,0.0,0.0,0.0,0.0,0.0,0.0,0.0,0.0,0.0,0.0,0.0,0.0,0.0,0.0,0.0
5.0,115.0,0.0,0.0,0.0,0.0,0.0,0.0,0.0,0.0,0.0,0.0,0.0,0.0,0.0,0.0,0.0,0.0
5.0,120.0,0.0,0.0,0.0,0.0,0.0,0.0,0.0,0.0,0.0,0.0,0.0,0.0,0.0,0.0,0.0,0.0
5.0,125.0,0.0,0.0,0.0,0.0,0.0,0.0,0.0,0.0,0.0,0.0,0.0,0.0,0.0,0.0,0.0,0.0
6.0,0.0,0.0,5080302.0,3451018.0,0.0,0.0,0.0,0.0,0.0,0.0,0.0,0.0,0.0,1.2723887E8,2926936.2,654737.56,0.0
6.0,5.0,0.0,790293.2,4074036.8,0.0,0.0,0.0,0.0,0.0,0.0,1606179.8,0.0,0.0,6.742025E7,1.0107552E7,1359600.0,0.0
6.0,10.0,6654.4097,456908.75,7286641.0,0.0,0.0,0.0,0.0,0.0,0.0,5752025.5,0.0,0.0,3.1189402E7,1.8147198E7,2366304.0,0.0
6.0,15.0,120145.81,690877.75,2.8687964E7,0.0,0.0,0.0,0.0,0.0,0.0,1.5344854E7,0.0,0.0,4.2806424E7,5290624.5,5552091.0,13076.367
6.0,20.0,249380.17,431077.38,1.9312648E7,1.3822747E8,0.0,0.0,0.0,0.0,1333030.4,2.7266274E7,0.0,0.0,1.8743284E7,212281.17,1243322.2,39627.203
6.0,25.0,336498.06,486866.06,7448723.0,2.8418526E7,0.0,0.0,0.0,1455830.4,3553838.8,1.1696496E7,983277.7,2.3102264E7,742600.9,7559.861,17546.387,51425.387
6.0,30.0,297919.94,191493.19,1917100.2,491379.94,0.0,0.0,0.0,1086903.6,911541.8,4325746.5,1675305.9,864682.75,47189.043,265341.1,0.0,59541.582
6.0,35.0,218868.86,55803.22,175488.25,121542.15,0.0,0.0,0.0,835887.8,631909.06,5543969.0,4069922.5,1.1312062,144.71716,21650.824,0.0,62022.594
6.0,40.0,131921.2,34033.715,0.0,8411.995,0.0,0.0,0.0,2340677.2,555043.5,1845880.2,1363133.6,0.0,0.0,0.0,0.0,55939.926
6.0,45.0,202581.67,27770.203,0.0,0.0,0.0,0.0,0.0,102774.78,1302102.6,25829.27,0.0,0.0,0.0,0.0,0.0,74033.92
6.0,50.0,884198.0,387421.34,0.0,0.0,0.0,0.0,0.0,14342.853,3.8290164,0.0,0.0,0.0,0.0,0.0,0.0,28439.172
6.0,55.0,710371.75,645151.3,0.0,0.0,0.0,81296.555,0.0,1.3761984,0.0,0.0,0.0,0.0,0.0,0.0,0.0,6058.466
6.0,60.0,714229.75,57074.246,0.0,0.0,0.0,11106.202,0.0,0.0,0.0,0.0,0.0,0.0,0.0,0.0,0.0,5173.1875
6.0,65.0,6109.698,0.0,0.0,0.0,0.0,20049.494,0.0,0.0,0.0,0.0,0.0,0.0,0.0,0.0,0.0,4885.952
6.0,70.0,0.0,0.0,0.0,0.0,0.0,9377.763,0.0,0.0,0.0,0.0,0.0,0.0,0.0,0.0,0.0,4337.2217
6.0,75.0,0.0,0.0,0.0,0.0,0.0,3250.6047,0.0,0.0,0.0,0.0,0.0,0.0,0.0,0.0,0.0,3865.2485
6.0,80.0,0.0,0.0,0.0,0.0,0.0,1356.6699,0.0,0.0,0.0,0.0,0.0,0.0,0.0,0.0,0.0,4355.85
6.0,85.0,0.0,0.0,0.0,0.0,0.0,1273.5505,0.0,0.0,0.0,0.0,0.0,0.0,0.0,0.0,0.0,3426.505
6.0,90.0,0.0,0.0,0.0,0.0,0.0,627.7452,0.0,0.0,0.0,0.0,0.0,0.0,0.0,0.0,0.0,4063.074
6.0,95.0,0.0,0.0,0.0,0.0,0.0,637.7994,0.0,0.0,0.0,0.0,0.0,0.0,0.0,0.0,0.0,4406.2305
6.0,100.0,0.0,0.0,0.0,0.0,0.0,305.81848,0.0,0.0,0.0,0.0,0.0,0.0,0.0,0.0,0.0,696.6923
6.0,105.0,0.0,0.0,0.0,0.0,0.0,0.0,0.0,0.0,0.0,0.0,0.0,0.0,0.0,0.0,0.0,0.0
6.0,110.0,0.0,0.0,0.0,0.0,0.0,0.0,0.0,0.0,0.0,0.0,0.0,0.0,0.0,0.0,0.0,0.0
6.0,115.0,0.0,0.0,0.0,0.0,0.0,0.0,0.0,0.0,0.0,0.0,0.0,0.0,0.0,0.0,0.0,0.0
6.0,120.0,0.0,0.0,0.0,0.0,0.0,0.0,0.0,0.0,0.0,0.0,0.0,0.0,0.0,0.0,0.0,0.0
6.0,125.0,0.0,0.0,0.0,0.0,0.0,0.0,0.0,0.0,0.0,0.0,0.0,0.0,0.0,0.0,0.0,0.0
7.0,0.0,0.0,6200568.5,1875453.9,0.0,0.0,0.0,0.0,0.0,0.0,32084.236,0.0,0.0,1.2168817E8,19039.732,663712.94,0.0
7.0,5.0,0.0,426156.9,3328561.0,0.0,0.0,0.0,0.0,0.0,0.0,957011.9,0.0,0.0,1.8175992E7,1182979.9,727464.7,0.0
7.0,10.0,3774.2466,427015.22,4538828.0,0.0,0.0,0.0,0.0,0.0,0.0,3541532.5,0.0,0.0,2.4541368E7,1.5922142E7,1853594.2,0.0
7.0,15.0,92736.61,373342.78,1.2577953E7,0.0,0.0,0.0,0.0,0.0,0.0,8955507.0,0.0,0.0,3.9626324E7,2.043867E7,6232174.5,10387.846
7.0,20.0,201709.4,469696.44,1.5959258E7,1.1939584E8,0.0,0.0,0.0,0.0,1033161.2,1.4342314E7,0.0,0.0,1.7888178E7,1.1326279E7,3135088.5,30012.613
7.0,25.0,291965.53,384513.3,4613250.5,2.5897044E7,0.0,0.0,0.0,2005958.4,1648422.8,1.2913446E7,3777163.5,3.0076216E7,1155259.2,4289118.5,2951.553,37363.81
7.0,30.0,281858.12,379942.72,1147701.1,1399030.0,0.0,0.0,0.0,1499760.4,2074952.9,3164184.2,3611176.0,1546489.9,116529.516,50647.633,0.0,44530.48
7.0,35.0,191944.05,142599.97,59155.7,34920.992,0.0,0.0,0.0,678211.44,570448.7,3714744.8,1723360.0,5035.9004,809.4262,0.0,0.0,48891.17
7.0,40.0,148157.47,32601.193,0.0,2307.3792,0.0,0.0,0.0,1357147.6,240153.72,1975669.6,1216287.6,0.0,0.0,0.0,0.0,50612.332
7.0,45.0,102902.1,19139.031,0.0,0.0,0.0,0.0,0.0,59117.035,785362.4,268782.62,42045.965,0.0,0.0,0.0,0.0,48889.36
7.0,50.0,197818.73,52733.297,0.0,0.0,0.0,0.0,0.0,38237.402,187921.17,0.0,0.0,0.0,0.0,0.0,0.0,56635.348
7.0,55.0,704403.25,319915.28,0.0,0.0,0.0,38476.227,0.0,19.181545,0.8766678,0.0,0.0,0.0,0.0,0.0,0.0,19754.797
7.0,60.0,613257.5,308841.34,0.0,0.0,0.0,26216.734,0.0,0.0,0.0,0.0,0.0,0.0,0.0,0.0,0.0,5214.073
7.0,65.0,35082.387,4232.21,0.0,0.0,0.0,21228.99,0.0,0.0,0.0,0.0,0.0,0.0,0.0,0.0,0.0,3662.277
7.0,70.0,0.0,0.0,0.0,0.0,0.0,6351.638,0.0,0.0,0.0,0.0,0.0,0.0,0.0,0.0,0.0,3521.1062
7.0,75.0,0.0,0.0,0.0,0.0,0.0,2415.0442,0.0,0.0,0.0,0.0,0.0,0.0,0.0,0.0,0.0,3248.0232
7.0,80.0,0.0,0.0,0.0,0.0,0.0,1016.3348,0.0,0.0,0.0,0.0,0.0,0.0,0.0,0.0,0.0,2440.4773
7.0,85.0,0.0,0.0,0.0,0.0,0.0,795.1683,0.0,0.0,0.0,0.0,0.0,0.0,0.0,0.0,0.0,3274.9717
7.0,90.0,0.0,0.0,0.0,0.0,0.0,539.1825,0.0,0.0,0.0,0.0,0.0,0.0,0.0,0.0,0.0,2757.3623
7.0,95.0,0.0,0.0,0.0,0.0,0.0,406.5038,0.0,0.0,0.0,0.0,0.0,0.0,0.0,0.0,0.0,3728.2878
7.0,100.0,0.0,0.0,0.0,0.0,0.0,216.55276,0.0,0.0,0.0,0.0,0.0,0.0,0.0,0.0,0.0,0.8320567
7.0,105.0,0.0,0.0,0.0,0.0,0.0,0.0,0.0,0.0,0.0,0.0,0.0,0.0,0.0,0.0,0.0,0.0
7.0,110.0,0.0,0.0,0.0,0.0,0.0,0.0,0.0,0.0,0.0,0.0,0.0,0.0,0.0,0.0,0.0,0.0
7.0,115.0,0.0,0.0,0.0,0.0,0.0,0.0,0.0,0.0,0.0,0.0,0.0,0.0,0.0,0.0,0.0,0.0
7.0,120.0,0.0,0.0,0.0,0.0,0.0,0.0,0.0,0.0,0.0,0.0,0.0,0.0,0.0,0.0,0.0,0.0
7.0,125.0,0.0,0.0,0.0,0.0,0.0,0.0,0.0,0.0,0.0,0.0,0.0,0.0,0.0,0.0,0.0,0.0
8.0,0.0,0.0,4720145.5,3239602.5,0.0,0.0,0.0,0.0,0.0,0.0,0.0,0.0,0.0,2.1084378E8,0.0,542621.4,0.0
8.0,5.0,0.0,535242.9,4831287.5,0.0,0.0,0.0,0.0,0.0,0.0,1507670.0,0.0,0.0,5.021231E7,1624464.8,732878.5,0.0
8.0,10.0,3037.8289,242813.52,8130935.5,0.0,0.0,0.0,0.0,0.0,0.0,4941617.0,0.0,0.0,2.083866E7,8742069.0,1470892.2,0.0
8.0,15.0,90078.266,461883.16,1.6585517E7,0.0,0.0,0.0,0.0,0.0,0.0,1.0362143E7,0.0,0.0,3.228635E7,6829516.0,2157038.0,11173.442
8.0,20.0,163795.47,229634.78,1.4252439E7,1.2526635E8,0.0,0.0,0.0,0.0,1284355.0,1.0276566E7,0.0,0.0,2.1261362E7,2031568.1,2255354.8,35040.543
8.0,25.0,216630.03,466013.16,7020583.0,3.0583632E7,0.0,0.0,0.0,2483113.8,1787808.9,1.0258939E7,3661692.2,2.5725994E7,1276782.2,1165262.6,19287.729,49569.645
8.0,30.0,234659.55,398380.22,1107215.4,1504848.8,0.0,0.0,0.0,1661775.1,984223.4,3994216.8,7095159.5,2931762.0,202096.8,68241.79,0.0,55233.715
8.0,35.0,185953.84,312755.1,76508.664,13014.207,0.0,0.0,0.0,647177.06,824027.5,1942772.4,819455.5,57148.97,632.7291,5.37052,0.0,61494.332
8.0,40.0,145657.12,114905.555,0.0,827.4546,0.0,0.0,0.0,1067785.6,315461.72,1845303.5,856904.25,0.0,0.0,0.0,0.0,64799.547
8.0,45.0,141066.9,22702.059,0.0,0.0,0.0,0.0,0.0,253665.97,120742.66,558983.0,70831.164,0.0,0.0,0.0,0.0,74928.94
8.0,50.0,102797.6,13519.468,0.0,0.0,0.0,0.0,0.0,59899.758,687422.94,3757.1594,0.0,0.0,0.0,0.0,0.0,70114.086
8.0,55.0,312627.5,104090.11,0.0,0.0,0.0,1953.1924,0.0,71.033844,4076.6565,0.0,0.0,0.0,0.0,0.0,0.0,68337.63
8.0,60.0,730739.4,321336.88,0.0,0.0,0.0,62998.61,0.0,0.16836748,0.17301397,0.0,0.0,0.0,0.0,0.0,0.0,17543.428
8.0,65.0,80594.57,95663.71,0.0,0.0,0.0,19028.416,0.0,0.0,0.0,0.0,0.0,0.0,0.0,0.0,0.0,7158.7153
8.0,70.0,0.0,0.18358132,0.0,0.0,0.0,5346.855,0.0,0.0,0.0,0.0,0.0,0.0,0.0,0.0,0.0,5006.403
8.0,75.0,0.0,0.0,0.0,0.0,0.0,4430.525,0.0,0.0,0.0,0.0,0.0,0.0,0.0,0.0,0.0,4278.6655
8.0,80.0,0.0,0.0,0.0,0.0,0.0,2158.559,0.0,0.0,0.0,0.0,0.0,0.0,0.0,0.0,0.0,4759.1636
8.0,85.0,0.0,0.0,0.0,0.0,0.0,596.34973,0.0,0.0,0.0,0.0,0.0,0.0,0.0,0.0,0.0,3458.071
8.0,90.0,0.0,0.0,0.0,0.0,0.0,756.55347,0.0,0.0,0.0,0.0,0.0,0.0,0.0,0.0,0.0,4381.6577
8.0,95.0,0.0,0.0,0.0,0.0,0.0,413.6464,0.0,0.0,0.0,0.0,0.0,0.0,0.0,0.0,0.0,3807.6953
8.0,100.0,0.0,0.0,0.0,0.0,0.0,175.11702,0.0,0.0,0.0,0.0,0.0,0.0,0.0,0.0,0.0,0.0
8.0,105.0,0.0,0.0,0.0,0.0,0.0,0.0,0.0,0.0,0.0,0.0,0.0,0.0,0.0,0.0,0.0,0.0
8.0,110.0,0.0,0.0,0.0,0.0,0.0,0.0,0.0,0.0,0.0,0.0,0.0,0.0,0.0,0.0,0.0,0.0
8.0,115.0,0.0,0.0,0.0,0.0,0.0,0.0,0.0,0.0,0.0,0.0,0.0,0.0,0.0,0.0,0.0,0.0
8.0,120.0,0.0,0.0,0.0,0.0,0.0,0.0,0.0,0.0,0.0,0.0,0.0,0.0,0.0,0.0,0.0,0.0
8.0,125.0,0.0,0.0,0.0,0.0,0.0,0.0,0.0,0.0,0.0,0.0,0.0,0.0,0.0,0.0,0.0,0.0
9.0,0.0,0.0,4795824.0,1651528.9,0.0,0.0,0.0,0.0,0.0,0.0,0.0,0.0,0.0,1.348881E8,0.0,744379.0,0.0
9.0,5.0,0.0,583224.4,3908911.2,0.0,0.0,0.0,0.0,0.0,0.0,636754.4,0.0,0.0,3.8174556E7,190934.88,716883.4,0.0
9.0,10.0,3480.9194,260334.8,8692774.0,0.0,0.0,0.0,0.0,0.0,0.0,2558939.5,0.0,0.0,1.5232375E7,6682418.0,1269182.8,0.0
9.0,15.0,113537.555,303134.03,2.2122876E7,0.0,0.0,0.0,0.0,0.0,0.0,9703603.0,0.0,0.0,2.791695E7,1.9635824E7,7861408.5,10928.325
9.0,20.0,202071.05,353742.72,1.6467821E7,1.393043E8,0.0,0.0,0.0,0.0,1195405.1,7778143.0,0.0,0.0,1.7804286E7,1.8866604E7,3206868.8,31021.662
9.0,25.0,231526.44,311164.16,5770236.5,2.5144838E7,0.0,0.0,0.0,2728441.2,1898254.8,5976735.5,3236376.5,2.0527048E7,2724586.5,5768209.0,25486.139,36939.7
9.0,30.0,213299.98,365660.84,1109129.0,1402174.9,0.0,0.0,0.0,2448330.8,1483789.2,4246054.5,7723797.5,4430881.5,213645.12,618560.3,0.0,47505.605
9.0,35.0,180645.33,363968.66,62598.434,4674.992,0.0,0.0,0.0,691006.5,659385.8,1170801.5,932170.44,178761.88,600.4849,6871.688,0.0,53470.945
9.0,40.0,153964.83,228354.81,0.0,296.293,0.0,0.0,0.0,597835.94,390160.25,1331395.6,593762.44,183.52284,0.0,0.0,0.0,55119.117
9.0,45.0,139623.4,69532.85,0.0,0.0,0.0,0.0,0.0,408096.12,201359.88,611901.6,78992.63,0.0,0.0,0.0,0.0,64837.754
9.0,50.0,140894.61,14651.786,0.0,0.0,0.0,0.0,0.0,44095.793,386845.12,38422.32,0.0,0.0,0.0,0.0,0.0,69893.26
9.0,55.0,99112.71,27756.268,0.0,0.0,0.0,21896.156,0.0,2306.0356,112787.54,0.0,0.0,0.0,0.0,0.0,0.0,75963.33
9.0,60.0,524442.8,149760.05,0.0,0.0,0.0,52522.062,0.0,0.19809452,1.2552694,0.0,0.0,0.0,0.0,0.0,0.0,45981.816
9.0,65.0,155022.89,220059.42,0.0,0.0,0.0,7521.9346,0.0,0.0,0.0,0.0,0.0,0.0,0.0,0.0,0.0,6783.572
9.0,70.0,0.0,3776.4924,0.0,0.0,0.0,11808.408,0.0,0.0,0.0,0.0,0.0,0.0,0.0,0.0,0.0,4985.2754
9.0,75.0,0.0,0.0,0.0,0.0,0.0,5378.503,0.0,0.0,0.0,0.0,0.0,0.0,0.0,0.0,0.0,4427.7637
9.0,80.0,0.0,0.0,0.0,0.0,0.0,2325.1758,0.0,0.0,0.0,0.0,0.0,0.0,0.0,0.0,0.0,2967.1296
9.0,85.0,0.0,0.0,0.0,0.0,0.0,778.5108,0.0,0.0,0.0,0.0,0.0,0.0,0.0,0.0,0.0,4008.4495
9.0,90.0,0.0,0.0,0.0,0.0,0.0,577.6139,0.0,0.0,0.0,0.0,0.0,0.0,0.0,0.0,0.0,3215.6882
9.0,95.0,0.0,0.0,0.0,0.0,0.0,426.54538,0.0,0.0,0.0,0.0,0.0,0.0,0.0,0.0,0.0,3143.1616
9.0,100.0,0.0,0.0,0.0,0.0,0.0,105.80013,0.0,0.0,0.0,0.0,0.0,0.0,0.0,0.0,0.0,0.0
9.0,105.0,0.0,0.0,0.0,0.0,0.0,0.0,0.0,0.0,0.0,0.0,0.0,0.0,0.0,0.0,0.0,0.0
9.0,110.0,0.0,0.0,0.0,0.0,0.0,0.0,0.0,0.0,0.0,0.0,0.0,0.0,0.0,0.0,0.0,0.0
9.0,115.0,0.0,0.0,0.0,0.0,0.0,0.0,0.0,0.0,0.0,0.0,0.0,0.0,0.0,0.0,0.0,0.0
9.0,120.0,0.0,0.0,0.0,0.0,0.0,0.0,0.0,0.0,0.0,0.0,0.0,0.0,0.0,0.0,0.0,0.0
9.0,125.0,0.0,0.0,0.0,0.0,0.0,0.0,0.0,0.0,0.0,0.0,0.0,0.0,0.0,0.0,0.0,0.0
10.0,0.0,0.0,4851178.0,1210308.6,0.0,0.0,0.0,0.0,0.0,0.0,0.0,0.0,0.0,1.4612466E8,2771766.8,955710.0,0.0
10.0,5.0,0.0,465090.97,3947370.8,0.0,0.0,0.0,0.0,0.0,0.0,629706.4,0.0,0.0,6.4671156E7,1.2645022E7,1201412.5,0.0
10.0,10.0,3066.0906,341701.0,1.1302715E7,0.0,0.0,0.0,0.0,0.0,0.0,2672790.5,0.0,0.0,2.1255722E7,9772809.0,1549802.0,0.0
10.0,15.0,83718.734,254962.38,2.0915548E7,0.0,0.0,0.0,0.0,0.0,0.0,8914866.0,0.0,0.0,2.31169E7,4339711.5,4556710.0,8579.0
10.0,20.0,184226.16,176437.3,1.5150101E7,1.0150825E8,0.0,0.0,0.0,0.0,622233.4,7837985.0,0.0,0.0,1.4342072E7,1750377.2,1095457.4,25885.299
10.0,25.0,297689.53,348964.1,7398697.5,3.017465E7,0.0,0.0,0.0,4010005.0,2295847.8,6098189.0,4499046.0,1.9985316E7,3162085.8,1799885.2,1746.7794,35777.438
10.0,30.0,239881.19,333747.97,1091452.8,1316314.5,0.0,0.0,0.0,2619202.5,1756425.8,3196738.2,8248975.0,4733329.0,299191.47,202433.69,0.0,38400.816
10.0,35.0,163719.92,237772.58,53620.02,1569.0465,0.0,0.0,0.0,785474.2,796695.75,1596353.6,1157450.1,307150.34,6121.1274,251.50574,0.0,43443.254
10.0,40.0,135933.28,292762.75,0.0,106.03922,0.0,0.0,0.0,379618.75,357794.62,838071.6,356233.34,761.9354,0.0,0.0,0.0,49427.97
10.0,45.0,136765.64,136897.7,0.0,0.0,0.0,0.0,0.0,418343.03,233297.23,530106.0,64451.203,0.0,0.0,0.0,0.0,55941.664
10.0,50.0,130951.16,33516.062,0.0,0.0,0.0,0.0,0.0,40022.04,117274.06,81517.766,0.0,0.0,0.0,0.0,0.0,62855.55
10.0,55.0,129648.72,9151.773,0.0,0.0,0.0,78115.8,0.0,3722.0671,264225.34,0.0,0.0,0.0,0.0,0.0,0.0,68494.836
10.0,60.0,86102.96,41763.473,0.0,0.0,0.0,29260.443,0.0,0.21078491,2069.8975,0.0,0.0,0.0,0.0,0.0,0.0,72364.34
10.0,65.0,190288.28,183775.4,0.0,0.0,0.0,14557.196,0.0,0.0,0.09832175,0.0,0.0,0.0,0.0,0.0,0.0,18075.352
10.0,70.0,0.0,41821.28,0.0,0.0,0.0,14211.629,0.0,0.0,0.0,0.0,0.0,0.0,0.0,0.0,0.0,5425.1167
10.0,75.0,0.0,0.059590273,0.0,0.0,0.0,4432.2188,0.0,0.0,0.0,0.0,0.0,0.0,0.0,0.0,0.0,3990.0957
10.0,80.0,0.0,0.0,0.0,0.0,0.0,1573.5122,0.0,0.0,0.0,0.0,0.0,0.0,0.0,0.0,0.0,4327.3833
10.0,85.0,0.0,0.0,0.0,0.0,0.0,963.94714,0.0,0.0,0.0,0.0,0.0,0.0,0.0,0.0,0.0,2841.9075
10.0,90.0,0.0,0.0,0.0,0.0,0.0,416.83798,0.0,0.0,0.0,0.0,0.0,0.0,0.0,0.0,0.0,3526.8135
10.0,95.0,0.0,0.0,0.0,0.0,0.0,391.06158,0.0,0.0,0.0,0.0,0.0,0.0,0.0,0.0,0.0,1896.4974
10.0,100.0,0.0,0.0,0.0,0.0,0.0,52.731182,0.0,0.0,0.0,0.0,0.0,0.0,0.0,0.0,0.0,0.0
10.0,105.0,0.0,0.0,0.0,0.0,0.0,0.0,0.0,0.0,0.0,0.0,0.0,0.0,0.0,0.0,0.0,0.0
10.0,110.0,0.0,0.0,0.0,0.0,0.0,0.0,0.0,0.0,0.0,0.0,0.0,0.0,0.0,0.0,0.0,0.0
10.0,115.0,0.0,0.0,0.0,0.0,0.0,0.0,0.0,0.0,0.0,0.0,0.0,0.0,0.0,0.0,0.0,0.0
10.0,120.0,0.0,0.0,0.0,0.0,0.0,0.0,0.0,0.0,0.0,0.0,0.0,0.0,0.0,0.0,0.0,0.0
10.0,125.0,0.0,0.0,0.0,0.0,0.0,0.0,0.0,0.0,0.0,0.0,0.0,0.0,0.0,0.0,0.0,0.0
11.0,0.0,0.0,6350495.0,1402110.5,0.0,0.0,0.0,0.0,0.0,0.0,0.0,0.0,0.0,5.9413156E7,49085.902,524605.1,0.0
11.0,5.0,0.0,306269.66,2244623.8,0.0,0.0,0.0,0.0,0.0,0.0,223531.98,0.0,0.0,2.1870286E7,2868939.2,1039577.1,0.0
11.0,10.0,1486.0839,289251.8,7478065.0,0.0,0.0,0.0,0.0,0.0,0.0,1883370.6,0.0,0.0,1.6334265E7,1.0728891E7,1299045.6,0.0
11.0,15.0,36297.527,339766.8,1.623524E7,0.0,0.0,0.0,0.0,0.0,0.0,3343173.8,0.0,0.0,1.7545902E7,1.7934494E7,4898896.0,5995.2886
11.0,20.0,108115.53,153694.12,1.1620172E7,6.844158E7,0.0,0.0,0.0,0.0,862749.75,3921325.8,0.0,0.0,1.048162E7,9251659.0,1383275.8,16750.459
11.0,25.0,223788.53,157312.44,4581436.5,2.2430268E7,0.0,0.0,0.0,3237301.2,877811.75,4755982.5,3644945.5,1.8897654E7,1661512.8,2964282.8,2169.71,19895.875
11.0,30.0,244081.78,275782.56,1190944.9,603657.4,0.0,0.0,0.0,3065791.8,1282594.1,2462515.2,7198297.5,3226580.2,249887.2,109820.97,0.0,24948.51
11.0,35.0,175738.11,257656.23,48446.617,489.98712,0.0,0.0,0.0,793992.75,888743.25,1007581.44,1252636.0,246119.23,6664.9756,50.218136,0.0,27512.002
11.0,40.0,112920.99,169669.84,0.0,30.129072,0.0,0.0,0.0,254085.3,326595.28,486281.25,182601.95,647.44116,0.0,0.0,0.0,27837.688
11.0,45.0,108418.984,184542.28,0.0,0.0,0.0,0.0,0.0,215344.52,189573.7,279382.03,40005.02,0.0,0.0,0.0,0.0,35992.832
11.0,50.0,118170.89,60435.34,0.0,0.0,0.0,0.0,0.0,21637.338,115795.1,86754.03,0.0,0.0,0.0,0.0,0.0,39013.47
11.0,55.0,114700.81,10967.981,0.0,0.0,0.0,75915.47,0.0,3929.7322,165147.62,48.614265,0.0,0.0,0.0,0.0,0.0,46628.81
11.0,60.0,103391.6,7981.9175,0.0,0.0,0.0,5576.0537,0.0,0.10334088,12290.374,0.0,0.0,0.0,0.0,0.0,0.0,48417.625
11.0,65.0,18178.31,43210.496,0.0,0.0,0.0,24753.904,0.0,0.0,0.2779586,0.0,0.0,0.0,0.0,0.0,0.0,35160.65
11.0,70.0,0.0,28679.096,0.0,0.0,0.0,9674.812,0.0,0.0,0.0,0.0,0.0,0.0,0.0,0.0,0.0,4044.72
11.0,75.0,0.0,0.26499617,0.0,0.0,0.0,2990.8262,0.0,0.0,0.0,0.0,0.0,0.0,0.0,0.0,0.0,2595.2947
11.0,80.0,0.0,0.0,0.0,0.0,0.0,1036.704,0.0,0.0,0.0,0.0,0.0,0.0,0.0,0.0,0.0,1921.6702
11.0,85.0,0.0,0.0,0.0,0.0,0.0,675.546,0.0,0.0,0.0,0.0,0.0,0.0,0.0,0.0,0.0,2353.0405
11.0,90.0,0.0,0.0,0.0,0.0,0.0,278.78232,0.0,0.0,0.0,0.0,0.0,0.0,0.0,0.0,0.0,2024.2512
11.0,95.0,0.0,0.0,0.0,0.0,0.0,253.589,0.0,0.0,0.0,0.0,0.0,0.0,0.0,0.0,0.0,1076.5199
11.0,100.0,0.0,0.0,0.0,0.0,0.0,19.40266,0.0,0.0,0.0,0.0,0.0,0.0,0.0,0.0,0.0,0.0
11.0,105.0,0.0,0.0,0.0,0.0,0.0,0.0,0.0,0.0,0.0,0.0,0.0,0.0,0.0,0.0,0.0,0.0
11.0,110.0,0.0,0.0,0.0,0.0,0.0,0.0,0.0,0.0,0.0,0.0,0.0,0.0,0.0,0.0,0.0,0.0
11.0,115.0,0.0,0.0,0.0,0.0,0.0,0.0,0.0,0.0,0.0,0.0,0.0,0.0,0.0,0.0,0.0,0.0
11.0,120.0,0.0,0.0,0.0,0.0,0.0,0.0,0.0,0.0,0.0,0.0,0.0,0.0,0.0,0.0,0.0,0.0
11.0,125.0,0.0,0.0,0.0,0.0,0.0,0.0,0.0,0.0,0.0,0.0,0.0,0.0,0.0,0.0,0.0,0.0
12.0,0.0,0.0,5298556.5,2061506.2,0.0,0.0,0.0,0.0,0.0,0.0,0.0,0.0,0.0,1.5042938E8,592074.25,779287.8,0.0
12.0,5.0,0.0,393585.44,2701725.2,0.0,0.0,0.0,0.0,0.0,0.0,248110.03,0.0,0.0,5.1483028E7,7268399.0,611532.2,0.0
12.0,10.0,1222.7228,219421.48,5559408.5,0.0,0.0,0.0,0.0,0.0,0.0,3214193.8,0.0,0.0,2.3909024E7,1.1496052E7,1370215.1,0.0
12.0,15.0,21497.0,443079.66,1.4480384E7,0.0,0.0,0.0,0.0,0.0,0.0,3984959.2,0.0,0.0,3.0574262E7,5989838.0,2859504.5,7893.235
12.0,20.0,55738.54,292256.5,1.6490678E7,8.318379E7,0.0,0.0,0.0,0.0,764375.7,6218330.5,0.0,0.0,1.3969589E7,1927220.1,1437525.2,23137.29
12.0,25.0,109717.85,232764.05,5619220.5,1.9684138E7,0.0,0.0,0.0,3795218.8,1644643.6,3928652.2,4790386.0,2.6196862E7,3949915.8,829998.8,1776.3054,30668.969
12.0,30.0,198852.19,174047.77,1294582.2,735366.1,0.0,0.0,0.0,2886138.5,813549.4,3685848.5,1.1071202E7,5385686.5,515844.97,363254.84,0.0,33737.305
12.0,35.0,175448.98,277916.75,134746.36,204.73627,0.0,0.0,0.0,960298.94,617222.75,1641169.5,1413505.4,350415.44,11166.898,4081.8645,0.0,38323.85
12.0,40.0,151980.77,221522.95,0.0,6.198908,0.0,0.0,0.0,308773.3,546327.6,627498.5,250731.06,6885.4995,0.0,0.0,0.0,42827.758
12.0,45.0,118553.484,147411.47,0.0,0.0,0.0,0.0,0.0,289338.7,232428.39,333479.97,38904.617,0.0,0.0,0.0,0.0,46532.242
12.0,50.0,125892.68,114492.695,0.0,0.0,0.0,0.0,0.0,65381.176,156625.22,141085.75,0.0,0.0,0.0,0.0,0.0,57692.965
12.0,55.0,138170.62,30728.201,0.0,0.0,0.0,75170.07,0.0,7894.767,121194.2,2015.5901,0.0,0.0,0.0,0.0,0.0,67081.555
12.0,60.0,133581.81,5792.6587,0.0,0.0,0.0,12407.655,0.0,0.17535155,60843.227,0.0,0.0,0.0,0.0,0.0,0.0,77188.164
12.0,65.0,27266.645,2401.6487,0.0,0.0,0.0,32780.06,0.0,0.0,144.47249,0.0,0.0,0.0,0.0,0.0,0.0,77012.87
12.0,70.0,0.0,114.37851,0.0,0.0,0.0,10800.918,0.0,0.0,0.0,0.0,0.0,0.0,0.0,0.0,0.0,14574.473
12.0,75.0,0.0,0.0,0.0,0.0,0.0,3338.9392,0.0,0.0,0.0,0.0,0.0,0.0,0.0,0.0,0.0,5587.7236
12.0,80.0,0.0,0.0,0.0,0.0,0.0,1157.3708,0.0,0.0,0.0,0.0,0.0,0.0,0.0,0.0,0.0,4079.0396
12.0,85.0,0.0,0.0,0.0,0.0,0.0,739.7662,0.0,0.0,0.0,0.0,0.0,0.0,0.0,0.0,0.0,3227.8672
12.0,90.0,0.0,0.0,0.0,0.0,0.0,325.6399,0.0,0.0,0.0,0.0,0.0,0.0,0.0,0.0,0.0,2968.3406
12.0,95.0,0.0,0.0,0.0,0.0,0.0,263.93344,0.0,0.0,0.0,0.0,0.0,0.0,0.0,0.0,0.0,787.75195
12.0,100.0,0.0,0.0,0.0,0.0,0.0,3.6721394,0.0,0.0,0.0,0.0,0.0,0.0,0.0,0.0,0.0,0.0
12.0,105.0,0.0,0.0,0.0,0.0,0.0,0.0,0.0,0.0,0.0,0.0,0.0,0.0,0.0,0.0,0.0,0.0
12.0,110.0,0.0,0.0,0.0,0.0,0.0,0.0,0.0,0.0,0.0,0.0,0.0,0.0,0.0,0.0,0.0,0.0
12.0,115.0,0.0,0.0,0.0,0.0,0.0,0.0,0.0,0.0,0.0,0.0,0.0,0.0,0.0,0.0,0.0,0.0
12.0,120.0,0.0,0.0,0.0,0.0,0.0,0.0,0.0,0.0,0.0,0.0,0.0,0.0,0.0,0.0,0.0,0.0
12.0,125.0,0.0,0.0,0.0,0.0,0.0,0.0,0.0,0.0,0.0,0.0,0.0,0.0,0.0,0.0,0.0,0.0
13.0,0.0,0.0,1575461.8,1794449.9,0.0,0.0,0.0,0.0,0.0,0.0,0.0,0.0,0.0,8.031876E7,0.0,467400.06,0.0
13.0,5.0,0.0,425992.25,1616229.4,0.0,0.0,0.0,0.0,0.0,0.0,222578.55,0.0,0.0,1.769649E7,1514614.4,841276.25,0.0
13.0,10.0,1101.889,160070.97,4716398.0,0.0,0.0,0.0,0.0,0.0,0.0,1471254.2,0.0,0.0,1.0591092E7,1.1935705E7,946277.1,0.0
13.0,15.0,26841.924,290345.0,8383485.5,0.0,0.0,0.0,0.0,0.0,0.0,3776030.8,0.0,0.0,2.109975E7,1.7249166E7,4145411.5,4540.3096
13.0,20.0,38628.883,217158.25,7504880.5,5.8430164E7,0.0,0.0,0.0,0.0,361380.4,3880385.8,0.0,0.0,1.089031E7,1.0366308E7,1828452.0,12685.409
13.0,25.0,50931.637,236395.67,3502222.8,1.5488175E7,0.0,0.0,0.0,2339536.2,1145030.0,2257874.2,2031851.6,1.5964798E7,2743157.0,2560256.0,1748.3114,15828.494
13.0,30.0,85183.7,197089.62,626091.2,656467.94,0.0,0.0,0.0,3253350.2,1029118.1,1576724.4,7979942.5,4855544.0,420684.66,296190.1,0.0,19415.273
13.0,35.0,98290.51,141625.86,54184.61,51.175095,0.0,0.0,0.0,630266.8,414488.6,1334384.6,1326783.9,282723.78,7655.265,3952.835,0.0,21668.578
13.0,40.0,105767.1,191085.94,0.0,1.146534,0.0,0.0,0.0,224075.3,257425.08,352110.7,232077.78,9391.063,0.0,0.0,0.0,22206.736
13.0,45.0,113613.73,116105.13,0.0,0.0,0.0,0.0,0.0,132435.52,270497.97,217418.8,22589.787,0.0,0.0,0.0,0.0,28296.645
13.0,50.0,95109.34,80461.484,0.0,0.0,0.0,0.0,0.0,33808.965,103321.03,79023.19,582.7546,0.0,0.0,0.0,0.0,29755.955
13.0,55.0,105426.1,42860.656,0.0,0.0,0.0,32503.188,0.0,3956.5557,71698.21,6153.5195,0.0,0.0,0.0,0.0,0.0,38221.773
13.0,60.0,108187.836,5893.0483,0.0,0.0,0.0,21636.73,0.0,0.06908463,59919.516,0.0,0.0,0.0,0.0,0.0,0.0,45040.08
13.0,65.0,26905.775,1024.3538,0.0,0.0,0.0,20378.717,0.0,0.0,1162.5701,0.0,0.0,0.0,0.0,0.0,0.0,52282.3
13.0,70.0,0.0,45.795082,0.0,0.0,0.0,6506.9688,0.0,0.0,0.021889538,0.0,0.0,0.0,0.0,0.0,0.0,23168.193
13.0,75.0,0.0,0.0,0.0,0.0,0.0,2219.6711,0.0,0.0,0.0,0.0,0.0,0.0,0.0,0.0,0.0,2613.7466
13.0,80.0,0.0,0.0,0.0,0.0,0.0,744.53436,0.0,0.0,0.0,0.0,0.0,0.0,0.0,0.0,0.0,2572.6335
13.0,85.0,0.0,0.0,0.0,0.0,0.0,424.87708,0.0,0.0,0.0,0.0,0.0,0.0,0.0,0.0,0.0,1700.3634
13.0,90.0,0.0,0.0,0.0,0.0,0.0,234.76187,0.0,0.0,0.0,0.0,0.0,0.0,0.0,0.0,0.0,2043.9481
13.0,95.0,0.0,0.0,0.0,0.0,0.0,139.07019,0.0,0.0,0.0,0.0,0.0,0.0,0.0,0.0,0.0,48.32013
13.0,100.0,0.0,0.0,0.0,0.0,0.0,0.0,0.0,0.0,0.0,0.0,0.0,0.0,0.0,0.0,0.0,0.0
13.0,105.0,0.0,0.0,0.0,0.0,0.0,0.0,0.0,0.0,0.0,0.0,0.0,0.0,0.0,0.0,0.0,0.0
13.0,110.0,0.0,0.0,0.0,0.0,0.0,0.0,0.0,0.0,0.0,0.0,0.0,0.0,0.0,0.0,0.0,0.0
13.0,115.0,0.0,0.0,0.0,0.0,0.0,0.0,0.0,0.0,0.0,0.0,0.0,0.0,0.0,0.0,0.0,0.0
13.0,120.0,0.0,0.0,0.0,0.0,0.0,0.0,0.0,0.0,0.0,0.0,0.0,0.0,0.0,0.0,0.0,0.0
13.0,125.0,0.0,0.0,0.0,0.0,0.0,0.0,0.0,0.0,0.0,0.0,0.0,0.0,0.0,0.0,0.0,0.0
14.0,0.0,0.0,4339022.0,2597877.0,0.0,0.0,0.0,0.0,0.0,0.0,0.0,0.0,0.0,1.1209516E8,438164.62,1098278.0,0.0
14.0,5.0,0.0,788993.4,3551517.8,0.0,0.0,0.0,0.0,0.0,0.0,1248532.8,0.0,0.0,4.016988E7,5219634.5,942089.0,0.0
14.0,10.0,1251.1185,336986.56,1.3196816E7,0.0,0.0,0.0,0.0,0.0,0.0,659007.44,0.0,0.0,1.3163795E7,1.1959099E7,1246998.1,0.0
14.0,15.0,42412.336,264962.9,2.1406558E7,0.0,0.0,0.0,0.0,0.0,0.0,4156897.2,0.0,0.0,1.9767244E7,9499914.0,4605484.0,13074.929
14.0,20.0,63681.76,355144.7,1.8425278E7,1.16500264E8,0.0,0.0,0.0,0.0,431104.0,5651942.5,0.0,0.0,1.4068764E7,6528810.5,2465776.0,36969.625
14.0,25.0,73901.64,480499.06,8200165.5,2.430707E7,0.0,0.0,0.0,2289006.5,546506.7,3872000.5,5483439.5,2.3047066E7,4325950.0,1589580.0,19000.31,44112.93
14.0,30.0,56430.543,400680.16,1391659.1,963137.5,0.0,0.0,0.0,2397882.8,898283.56,2043013.5,1.1974207E7,5028390.0,464502.16,300168.16,0.0,52414.03
14.0,35.0,69680.984,325038.03,66312.88,25.918604,0.0,0.0,0.0,1007390.44,642468.5,1419400.6,2229588.0,418333.12,42366.63,0.0,0.0,60991.105
14.0,40.0,106193.02,224203.62,0.0,0.8247585,0.0,0.0,0.0,419872.5,370535.38,656909.2,202583.83,7570.9126,0.0,0.0,0.0,67355.01
14.0,45.0,168796.44,232245.34,0.0,0.0,0.0,0.0,0.0,382063.28,386885.03,227556.53,26763.814,0.0,0.0,0.0,0.0,75585.72
14.0,50.0,202644.16,118115.48,0.0,0.0,0.0,0.0,0.0,142109.11,313967.38,96314.93,572.2001,0.0,0.0,0.0,0.0,91142.586
14.0,55.0,173865.08,76172.67,0.0,0.0,0.0,27427.674,0.0,15173.7,142573.5,10556.031,0.0,0.0,0.0,0.0,0.0,106881.25
14.0,60.0,199979.2,27053.871,0.0,0.0,0.0,79270.164,0.0,0.25768548,90773.125,0.36766836,0.0,0.0,0.0,0.0,0.0,131755.17
14.0,65.0,39944.98,2725.761,0.0,0.0,0.0,40161.965,0.0,0.0,9254.602,0.0,0.0,0.0,0.0,0.0,0.0,160591.55
14.0,70.0,0.0,129.79512,0.0,0.0,0.0,11873.085,0.0,0.0,0.024027908,0.0,0.0,0.0,0.0,0.0,0.0,128560.7
14.0,75.0,0.0,0.0,0.0,0.0,0.0,4958.4814,0.0,0.0,0.0,0.0,0.0,0.0,0.0,0.0,0.0,11260.797
14.0,80.0,0.0,0.0,0.0,0.0,0.0,1833.9802,0.0,0.0,0.0,0.0,0.0,0.0,0.0,0.0,0.0,5218.081
14.0,85.0,0.0,0.0,0.0,0.0,0.0,732.65106,0.0,0.0,0.0,0.0,0.0,0.0,0.0,0.0,0.0,6939.1685
14.0,90.0,0.0,0.0,0.0,0.0,0.0,567.3556,0.0,0.0,0.0,0.0,0.0,0.0,0.0,0.0,0.0,4239.7515
14.0,95.0,0.0,0.0,0.0,0.0,0.0,209.90656,0.0,0.0,0.0,0.0,0.0,0.0,0.0,0.0,0.0,0.0
14.0,100.0,0.0,0.0,0.0,0.0,0.0,0.0,0.0,0.0,0.0,0.0,0.0,0.0,0.0,0.0,0.0,0.0
14.0,105.0,0.0,0.0,0.0,0.0,0.0,0.0,0.0,0.0,0.0,0.0,0.0,0.0,0.0,0.0,0.0,0.0
14.0,110.0,0.0,0.0,0.0,0.0,0.0,0.0,0.0,0.0,0.0,0.0,0.0,0.0,0.0,0.0,0.0,0.0
14.0,115.0,0.0,0.0,0.0,0.0,0.0,0.0,0.0,0.0,0.0,0.0,0.0,0.0,0.0,0.0,0.0,0.0
14.0,120.0,0.0,0.0,0.0,0.0,0.0,0.0,0.0,0.0,0.0,0.0,0.0,0.0,0.0,0.0,0.0,0.0
14.0,125.0,0.0,0.0,0.0,0.0,0.0,0.0,0.0,0.0,0.0,0.0,0.0,0.0,0.0,0.0,0.0,0.0
15.0,0.0,0.0,6318350.5,2337144.5,0.0,0.0,0.0,0.0,0.0,0.0,0.0,0.0,0.0,7.267241E7,634739.9,539529.06,0.0
15.0,5.0,0.0,790754.56,3838818.2,0.0,0.0,0.0,0.0,0.0,0.0,753684.4,0.0,0.0,2.5845178E7,5769400.0,1839877.1,0.0
15.0,10.0,617.7836,207028.9,9760110.0,0.0,0.0,0.0,0.0,0.0,0.0,3962363.8,0.0,0.0,9057012.0,1.2208567E7,1766966.5,0.0
15.0,15.0,30072.44,329679.7,1.9845822E7,0.0,0.0,0.0,0.0,0.0,0.0,5276945.5,0.0,0.0,1.610717E7,2.2997728E7,2732292.0,10636.917
15.0,20.0,51715.547,138743.38,1.3009907E7,9.4107784E7,0.0,0.0,0.0,0.0,301939.56,5686241.0,0.0,0.0,1.1391879E7,1.6242257E7,1390588.6,31286.85
15.0,25.0,76296.945,264767.9,6510999.0,2.2946916E7,0.0,0.0,0.0,2157322.5,716830.44,3754408.0,4407521.0,2.1615698E7,3486570.5,7498012.0,9784.194,41097.32
15.0,30.0,68866.414,388124.2,1689551.0,1278396.5,0.0,0.0,0.0,1865781.2,421871.12,1670829.8,1.1688697E7,4333684.0,511667.97,952947.5,0.0,46141.312
15.0,35.0,45953.688,354657.5,36926.656,0.9267164,0.0,0.0,0.0,774420.9,454087.97,943015.75,2477744.5,404096.38,45402.117,908.26886,0.0,51717.617
15.0,40.0,49114.832,251012.36,0.0,0.039002977,0.0,0.0,0.0,352518.25,344778.7,730432.0,139183.17,4808.3867,0.0,0.0,0.0,56599.22
15.0,45.0,91092.555,190336.33,0.0,0.0,0.0,0.0,0.0,301517.5,243514.27,145197.06,16446.441,0.0,0.0,0.0,0.0,71051.61
15.0,50.0,162360.23,121361.63,0.0,0.0,0.0,0.0,0.0,125532.22,323648.9,79002.09,740.44305,0.0,0.0,0.0,0.0,76948.21
15.0,55.0,187605.17,47784.78,0.0,0.0,0.0,5576.2065,0.0,11606.022,119671.95,10587.718,0.0,0.0,0.0,0.0,0.0,95341.25
15.0,60.0,173030.33,34340.785,0.0,0.0,0.0,82055.99,0.0,0.08343464,49524.957,0.3838302,0.0,0.0,0.0,0.0,0.0,117916.77
15.0,65.0,37439.023,5913.561,0.0,0.0,0.0,32352.36,0.0,0.0,7532.5483,0.0,0.0,0.0,0.0,0.0,0.0,151527.53
15.0,70.0,0.0,125.41413,0.0,0.0,0.0,8467.304,0.0,0.0,0.39479408,0.0,0.0,0.0,0.0,0.0,0.0,158952.48
15.0,75.0,0.0,0.0,0.0,0.0,0.0,5419.5635,0.0,0.0,0.0,0.0,0.0,0.0,0.0,0.0,0.0,22173.6
15.0,80.0,0.0,0.0,0.0,0.0,0.0,2076.6582,0.0,0.0,0.0,0.0,0.0,0.0,0.0,0.0,0.0,7435.245
15.0,85.0,0.0,0.0,0.0,0.0,0.0,536.096,0.0,0.0,0.0,0.0,0.0,0.0,0.0,0.0,0.0,5847.8877
15.0,90.0,0.0,0.0,0.0,0.0,0.0,531.2567,0.0,0.0,0.0,0.0,0.0,0.0,0.0,0.0,0.0,2074.622
15.0,95.0,0.0,0.0,0.0,0.0,0.0,103.779755,0.0,0.0,0.0,0.0,0.0,0.0,0.0,0.0,0.0,0.0
15.0,100.0,0.0,0.0,0.0,0.0,0.0,0.0,0.0,0.0,0.0,0.0,0.0,0.0,0.0,0.0,0.0,0.0
15.0,105.0,0.0,0.0,0.0,0.0,0.0,0.0,0.0,0.0,0.0,0.0,0.0,0.0,0.0,0.0,0.0,0.0
15.0,110.0,0.0,0.0,0.0,0.0,0.0,0.0,0.0,0.0,0.0,0.0,0.0,0.0,0.0,0.0,0.0,0.0
15.0,115.0,0.0,0.0,0.0,0.0,0.0,0.0,0.0,0.0,0.0,0.0,0.0,0.0,0.0,0.0,0.0,0.0
15.0,120.0,0.0,0.0,0.0,0.0,0.0,0.0,0.0,0.0,0.0,0.0,0.0,0.0,0.0,0.0,0.0,0.0
15.0,125.0,0.0,0.0,0.0,0.0,0.0,0.0,0.0,0.0,0.0,0.0,0.0,0.0,0.0,0.0,0.0,0.0
16.0,0.0,0.0,2526323.2,1669792.0,0.0,0.0,0.0,0.0,0.0,0.0,0.0,0.0,0.0,6.402371E7,5577434.5,898720.8,0.0
16.0,5.0,0.0,634592.8,3034064.2,0.0,0.0,0.0,0.0,0.0,0.0,745646.8,0.0,0.0,4.8659828E7,1.3517995E7,807626.44,0.0
16.0,10.0,1111.8142,309776.62,8027401.5,0.0,0.0,0.0,0.0,0.0,0.0,3606518.2,0.0,0.0,1.2142268E7,1.6247915E7,1186966.2,0.0
16.0,15.0,36025.047,280593.6,1.8256486E7,0.0,0.0,0.0,0.0,0.0,0.0,9925857.0,0.0,0.0,2.4492712E7,1.4206543E7,4703141.5,9141.035
16.0,20.0,51727.137,246652.75,1.5508014E7,9.414813E7,0.0,0.0,0.0,0.0,825497.2,7472705.0,0.0,0.0,1.4181674E7,1.237163E7,2583806.0,25131.129
16.0,25.0,56525.32,158097.08,5314279.0,2.0961142E7,0.0,0.0,0.0,2352032.8,837869.5,4659305.5,5007314.5,3.7809068E7,4015386.0,5433708.0,16116.904,30747.545
16.0,30.0,68020.54,213438.84,1359030.9,898686.56,0.0,0.0,0.0,2137898.0,460988.03,2804654.8,1.2871864E7,6156299.5,890794.56,728193.9,0.0,38557.727
16.0,35.0,54108.47,296519.7,100386.9,0.0,0.0,0.0,0.0,578149.3,284648.4,1350940.8,4403171.0,791562.2,44432.105,6798.783,0.0,44041.938
16.0,40.0,38348.3,285178.72,0.0,0.0,0.0,0.0,0.0,264068.03,238087.08,739184.0,182170.48,4892.9653,0.0,0.0,0.0,45689.22
16.0,45.0,42400.566,177023.61,0.0,0.0,0.0,0.0,0.0,250823.38,207531.2,257089.38,14002.769,0.0,0.0,0.0,0.0,56268.445
16.0,50.0,90009.414,101924.05,0.0,0.0,0.0,0.0,0.0,110735.59,185266.08,82305.52,586.87695,0.0,0.0,0.0,0.0,67051.24
16.0,55.0,160743.31,55541.656,0.0,0.0,0.0,736.3388,0.0,9007.51,169309.25,14579.744,0.0,0.0,0.0,0.0,0.0,79702.52
16.0,60.0,171526.61,22468.574,0.0,0.0,0.0,68904.39,0.0,0.0,50263.223,179.88847,0.0,0.0,0.0,0.0,0.0,95785.61
16.0,65.0,34389.934,8261.822,0.0,0.0,0.0,24301.799,0.0,0.0,5460.2646,0.0,0.0,0.0,0.0,0.0,0.0,129928.33
16.0,70.0,0.0,493.50632,0.0,0.0,0.0,6260.746,0.0,0.0,0.6240743,0.0,0.0,0.0,0.0,0.0,0.0,164979.23
16.0,75.0,0.0,0.0,0.0,0.0,0.0,5523.3154,0.0,0.0,0.0,0.0,0.0,0.0,0.0,0.0,0.0,40006.164
16.0,80.0,0.0,0.0,0.0,0.0,0.0,2308.0312,0.0,0.0,0.0,0.0,0.0,0.0,0.0,0.0,0.0,8525.667
16.0,85.0,0.0,0.0,0.0,0.0,0.0,389.30115,0.0,0.0,0.0,0.0,0.0,0.0,0.0,0.0,0.0,4104.124
16.0,90.0,0.0,0.0,0.0,0.0,0.0,456.7841,0.0,0.0,0.0,0.0,0.0,0.0,0.0,0.0,0.0,1073.3759
16.0,95.0,0.0,0.0,0.0,0.0,0.0,13.878992,0.0,0.0,0.0,0.0,0.0,0.0,0.0,0.0,0.0,0.0
16.0,100.0,0.0,0.0,0.0,0.0,0.0,0.0,0.0,0.0,0.0,0.0,0.0,0.0,0.0,0.0,0.0,0.0
16.0,105.0,0.0,0.0,0.0,0.0,0.0,0.0,0.0,0.0,0.0,0.0,0.0,0.0,0.0,0.0,0.0,0.0
16.0,110.0,0.0,0.0,0.0,0.0,0.0,0.0,0.0,0.0,0.0,0.0,0.0,0.0,0.0,0.0,0.0,0.0
16.0,115.0,0.0,0.0,0.0,0.0,0.0,0.0,0.0,0.0,0.0,0.0,0.0,0.0,0.0,0.0,0.0,0.0
16.0,120.0,0.0,0.0,0.0,0.0,0.0,0.0,0.0,0.0,0.0,0.0,0.0,0.0,0.0,0.0,0.0,0.0
16.0,125.0,0.0,0.0,0.0,0.0,0.0,0.0,0.0,0.0,0.0,0.0,0.0,0.0,0.0,0.0,0.0,0.0
17.0,0.0,0.0,5225670.0,2871756.8,0.0,0.0,0.0,0.0,0.0,0.0,0.0,0.0,0.0,4.6795244E7,584805.5,861130.7,0.0
17.0,5.0,0.0,554357.25,2662036.2,0.0,0.0,0.0,0.0,0.0,0.0,179396.3,0.0,0.0,1.7450288E7,7731903.5,1895367.2,0.0
17.0,10.0,1106.0105,149123.64,8040439.5,0.0,0.0,0.0,0.0,0.0,0.0,1053543.8,0.0,0.0,9356836.0,1.8321936E7,2068096.0,0.0
17.0,15.0,34398.668,293341.16,1.85277E7,0.0,0.0,0.0,0.0,0.0,0.0,3032418.2,0.0,0.0,1.3579684E7,2.886586E7,3486943.0,11994.226
17.0,20.0,51310.625,183110.17,1.416302E7,1.2117561E8,0.0,0.0,0.0,0.0,458922.97,4278625.5,0.0,0.0,9524907.0,1.1647615E7,1774102.6,31607.42
17.0,25.0,73763.555,272810.25,7239924.0,2.3353626E7,0.0,0.0,0.0,2610569.0,1454759.4,3795112.2,4892257.5,1.9424194E7,1998711.9,4143009.0,6367.759,30941.846
17.0,30.0,57639.414,195770.38,1528605.2,1321871.8,0.0,0.0,0.0,2612904.5,930183.0,1631869.1,9056792.0,3824999.8,529687.7,395483.12,0.0,34710.27
17.0,35.0,54729.63,217200.34,87436.54,0.0,0.0,0.0,0.0,776445.7,280312.47,744383.1,2854790.8,323524.34,16106.075,0.0,0.0,41790.45
17.0,40.0,50380.56,245865.92,0.0,0.0,0.0,0.0,0.0,266363.34,217463.4,423983.88,291880.53,1368.8676,0.0,0.0,0.0,47601.45
17.0,45.0,39919.28,224316.48,0.0,0.0,0.0,0.0,0.0,235799.94,170751.72,238530.48,11809.321,0.0,0.0,0.0,0.0,54687.37
17.0,50.0,47840.598,117906.97,0.0,0.0,0.0,0.0,0.0,96677.11,154969.64,45096.18,142.1061,0.0,0.0,0.0,0.0,64682.242
17.0,55.0,112102.66,66481.58,0.0,0.0,0.0,0.0,0.0,10769.815,172880.06,8867.511,0.0,0.0,0.0,0.0,0.0,80066.836
17.0,60.0,187221.95,16788.38,0.0,0.0,0.0,65090.836,0.0,0.0,56340.348,303.18027,0.0,0.0,0.0,0.0,0.0,98777.87
17.0,65.0,44429.02,7274.1885,0.0,0.0,0.0,20799.164,0.0,0.0,7787.311,0.0,0.0,0.0,0.0,0.0,0.0,129176.38
17.0,70.0,0.0,439.41995,0.0,0.0,0.0,6012.681,0.0,0.0,5.3637686,0.0,0.0,0.0,0.0,0.0,0.0,173274.42
17.0,75.0,0.0,0.0,0.0,0.0,0.0,6468.611,0.0,0.0,0.0,0.0,0.0,0.0,0.0,0.0,0.0,90928.93
17.0,80.0,0.0,0.0,0.0,0.0,0.0,2558.8367,0.0,0.0,0.0,0.0,0.0,0.0,0.0,0.0,0.0,6726.367
17.0,85.0,0.0,0.0,0.0,0.0,0.0,406.58395,0.0,0.0,0.0,0.0,0.0,0.0,0.0,0.0,0.0,4741.8203
17.0,90.0,0.0,0.0,0.0,0.0,0.0,350.6165,0.0,0.0,0.0,0.0,0.0,0.0,0.0,0.0,0.0,0.0
17.0,95.0,0.0,0.0,0.0,0.0,0.0,0.0,0.0,0.0,0.0,0.0,0.0,0.0,0.0,0.0,0.0,0.0
17.0,100.0,0.0,0.0,0.0,0.0,0.0,0.0,0.0,0.0,0.0,0.0,0.0,0.0,0.0,0.0,0.0,0.0
17.0,105.0,0.0,0.0,0.0,0.0,0.0,0.0,0.0,0.0,0.0,0.0,0.0,0.0,0.0,0.0,0.0,0.0
17.0,110.0,0.0,0.0,0.0,0.0,0.0,0.0,0.0,0.0,0.0,0.0,0.0,0.0,0.0,0.0,0.0,0.0
17.0,115.0,0.0,0.0,0.0,0.0,0.0,0.0,0.0,0.0,0.0,0.0,0.0,0.0,0.0,0.0,0.0,0.0
17.0,120.0,0.0,0.0,0.0,0.0,0.0,0.0,0.0,0.0,0.0,0.0,0.0,0.0,0.0,0.0,0.0,0.0
17.0,125.0,0.0,0.0,0.0,0.0,0.0,0.0,0.0,0.0,0.0,0.0,0.0,0.0,0.0,0.0,0.0,0.0
18.0,0.0,0.0,3408443.2,1861066.0,0.0,0.0,0.0,0.0,0.0,0.0,0.0,0.0,0.0,7.341478E7,10671.217,671219.8,0.0
18.0,5.0,0.0,428984.9,1884728.8,0.0,0.0,0.0,0.0,0.0,0.0,273354.88,0.0,0.0,3.1491962E7,486174.94,818617.4,0.0
18.0,10.0,638.6621,189105.16,4411810.0,0.0,0.0,0.0,0.0,0.0,0.0,1486576.0,0.0,0.0,1.9486504E7,4925173.0,860052.56,0.0
18.0,15.0,26632.115,238564.48,7641881.0,0.0,0.0,0.0,0.0,0.0,0.0,1334216.8,0.0,0.0,1.9439052E7,1.0860534E7,5179731.0,5916.839
18.0,20.0,41438.832,145510.31,7287625.0,6.3534076E7,0.0,0.0,0.0,0.0,151758.2,5687347.5,0.0,0.0,1.3228242E7,1.0676288E7,1063624.9,15331.295
18.0,25.0,45089.15,128159.49,2617753.8,1.2553978E7,0.0,0.0,0.0,1421852.5,242198.61,2532661.5,4068967.2,2.4874192E7,2556026.8,3397820.2,824.70874,16521.809
18.0,30.0,46169.613,154082.95,879539.75,921145.44,0.0,0.0,0.0,2086474.8,615594.6,1873603.1,1.1250276E7,6225988.5,721540.1,82070.73,0.0,15858.748
18.0,35.0,35095.508,134131.7,76282.52,0.0,0.0,0.0,0.0,611681.75,410557.62,1001166.3,2596437.0,495378.75,17163.557,0.35953835,0.0,16059.634
18.0,40.0,29435.422,132992.44,0.0,0.0,0.0,0.0,0.0,150624.64,113534.64,424524.7,526454.06,1970.2513,0.0,0.0,0.0,17829.23
18.0,45.0,31461.56,115480.15,0.0,0.0,0.0,0.0,0.0,69460.8,102430.664,229285.22,11057.477,0.0,0.0,0.0,0.0,23352.74
18.0,50.0,25571.703,86513.93,0.0,0.0,0.0,0.0,0.0,36465.85,59469.305,60736.312,0.0,0.0,0.0,0.0,0.0,25588.55
18.0,55.0,34996.72,47011.348,0.0,0.0,0.0,0.0,0.0,3236.6465,76828.11,10954.987,0.0,0.0,0.0,0.0,0.0,32938.707
18.0,60.0,87351.33,13087.975,0.0,0.0,0.0,30785.975,0.0,0.0,42855.562,245.17699,0.0,0.0,0.0,0.0,0.0,39838.82
18.0,65.0,33268.383,2884.3792,0.0,0.0,0.0,8415.027,0.0,0.0,9699.572,0.0,0.0,0.0,0.0,0.0,0.0,53418.3
18.0,70.0,0.0,505.31778,0.0,0.0,0.0,3883.6194,0.0,0.0,77.821884,0.0,0.0,0.0,0.0,0.0,0.0,75902.83
18.0,75.0,0.0,0.0012617048,0.0,0.0,0.0,3288.8599,0.0,0.0,0.0,0.0,0.0,0.0,0.0,0.0,0.0,57193.27
18.0,80.0,0.0,0.0,0.0,0.0,0.0,1344.2598,0.0,0.0,0.0,0.0,0.0,0.0,0.0,0.0,0.0,2367.7346
18.0,85.0,0.0,0.0,0.0,0.0,0.0,211.37993,0.0,0.0,0.0,0.0,0.0,0.0,0.0,0.0,0.0,1121.2036
18.0,90.0,0.0,0.0,0.0,0.0,0.0,103.84943,0.0,0.0,0.0,0.0,0.0,0.0,0.0,0.0,0.0,0.0
18.0,95.0,0.0,0.0,0.0,0.0,0.0,0.0,0.0,0.0,0.0,0.0,0.0,0.0,0.0,0.0,0.0,0.0
18.0,100.0,0.0,0.0,0.0,0.0,0.0,0.0,0.0,0.0,0.0,0.0,0.0,0.0,0.0,0.0,0.0,0.0
18.0,105.0,0.0,0.0,0.0,0.0,0.0,0.0,0.0,0.0,0.0,0.0,0.0,0.0,0.0,0.0,0.0,0.0
18.0,110.0,0.0,0.0,0.0,0.0,0.0,0.0,0.0,0.0,0.0,0.0,0.0,0.0,0.0,0.0,0.0,0.0
18.0,115.0,0.0,0.0,0.0,0.0,0.0,0.0,0.0,0.0,0.0,0.0,0.0,0.0,0.0,0.0,0.0,0.0
18.0,120.0,0.0,0.0,0.0,0.0,0.0,0.0,0.0,0.0,0.0,0.0,0.0,0.0,0.0,0.0,0.0,0.0
18.0,125.0,0.0,0.0,0.0,0.0,0.0,0.0,0.0,0.0,0.0,0.0,0.0,0.0,0.0,0.0,0.0,0.0
19.0,0.0,0.0,2290796.5,492029.62,0.0,0.0,0.0,0.0,0.0,0.0,0.0,0.0,0.0,1.4103221E8,67584.23,429846.9,0.0
19.0,5.0,0.0,299337.44,1483756.8,0.0,0.0,0.0,0.0,0.0,0.0,162004.03,0.0,0.0,3.6661684E7,570929.2,882963.8,0.0
19.0,10.0,679.833,176505.42,3902601.0,0.0,0.0,0.0,0.0,0.0,0.0,1002998.2,0.0,0.0,2.0994658E7,2214835.5,818192.4,0.0
19.0,15.0,13074.241,266077.4,5833896.0,0.0,0.0,0.0,0.0,0.0,0.0,2281247.2,0.0,0.0,1.5909095E7,3759246.0,1934481.6,8635.912
19.0,20.0,25845.984,135470.78,5210870.5,4.3120124E7,0.0,0.0,0.0,0.0,416213.03,2985425.0,0.0,0.0,9325569.0,5199280.0,637951.25,19465.17
19.0,25.0,44456.562,123825.75,1894578.9,8416091.0,0.0,0.0,0.0,1274977.2,440115.3,2374578.0,3854973.5,2.218837E7,2561766.2,2954927.5,4149.0645,11328.971
19.0,30.0,40182.797,100662.86,428564.47,855217.75,0.0,0.0,0.0,1323993.0,128461.31,1323377.0,8832727.0,5459972.0,503866.03,322087.8,0.0,11581.373
19.0,35.0,29983.406,106692.945,49079.766,0.0,0.0,0.0,0.0,740868.7,266733.3,582630.06,1857470.2,285586.75,18412.404,2.3238654,0.0,11911.385
19.0,40.0,25501.734,107214.2,0.0,0.0,0.0,0.0,0.0,116684.46,176459.7,267804.12,522992.7,5509.299,0.0,0.0,0.0,10513.32
19.0,45.0,22935.996,75040.516,0.0,0.0,0.0,0.0,0.0,36368.266,77525.195,196053.39,7409.3237,0.0,0.0,0.0,0.0,13015.794
19.0,50.0,25866.207,74890.0,0.0,0.0,0.0,0.0,0.0,19814.188,45853.855,43208.47,0.0,0.0,0.0,0.0,0.0,16183.236
19.0,55.0,20929.639,42700.082,0.0,0.0,0.0,0.0,0.0,1702.408,44172.16,7900.9316,0.0,0.0,0.0,0.0,0.0,19274.844
19.0,60.0,37351.895,12215.049,0.0,0.0,0.0,20256.67,0.0,0.0,30664.285,197.28043,0.0,0.0,0.0,0.0,0.0,24832.963
19.0,65.0,19610.443,2122.4485,0.0,0.0,0.0,4474.495,0.0,0.0,5796.416,0.0,0.0,0.0,0.0,0.0,0.0,32569.25
19.0,70.0,0.0,99.983505,0.0,0.0,0.0,3413.6687,0.0,0.0,4.5699897,0.0,0.0,0.0,0.0,0.0,0.0,47325.387
19.0,75.0,0.0,0.0,0.0,0.0,0.0,2306.5154,0.0,0.0,0.0,0.0,0.0,0.0,0.0,0.0,0.0,48397.9
19.0,80.0,0.0,0.0,0.0,0.0,0.0,917.8587,0.0,0.0,0.0,0.0,0.0,0.0,0.0,0.0,0.0,1996.387
19.0,85.0,0.0,0.0,0.0,0.0,0.0,166.80911,0.0,0.0,0.0,0.0,0.0,0.0,0.0,0.0,0.0,0.0
19.0,90.0,0.0,0.0,0.0,0.0,0.0,8.138467,0.0,0.0,0.0,0.0,0.0,0.0,0.0,0.0,0.0,0.0
19.0,95.0,0.0,0.0,0.0,0.0,0.0,0.0,0.0,0.0,0.0,0.0,0.0,0.0,0.0,0.0,0.0,0.0
19.0,100.0,0.0,0.0,0.0,0.0,0.0,0.0,0.0,0.0,0.0,0.0,0.0,0.0,0.0,0.0,0.0,0.0
19.0,105.0,0.0,0.0,0.0,0.0,0.0,0.0,0.0,0.0,0.0,0.0,0.0,0.0,0.0,0.0,0.0,0.0
19.0,110.0,0.0,0.0,0.0,0.0,0.0,0.0,0.0,0.0,0.0,0.0,0.0,0.0,0.0,0.0,0.0,0.0
19.0,115.0,0.0,0.0,0.0,0.0,0.0,0.0,0.0,0.0,0.0,0.0,0.0,0.0,0.0,0.0,0.0,0.0
19.0,120.0,0.0,0.0,0.0,0.0,0.0,0.0,0.0,0.0,0.0,0.0,0.0,0.0,0.0,0.0,0.0,0.0
19.0,125.0,0.0,0.0,0.0,0.0,0.0,0.0,0.0,0.0,0.0,0.0,0.0,0.0,0.0,0.0,0.0,0.0
20.0,0.0,0.0,1927256.6,588996.2,0.0,0.0,0.0,0.0,0.0,0.0,0.0,0.0,0.0,1.2217823E8,3139905.0,407034.16,0.0
20.0,5.0,0.0,275938.0,915474.5,0.0,0.0,0.0,0.0,0.0,0.0,234851.05,0.0,0.0,4.590583E7,8305941.5,913826.06,0.0
20.0,10.0,341.78668,130508.7,3414773.5,0.0,0.0,0.0,0.0,0.0,0.0,984956.94,0.0,0.0,2.0755176E7,6597799.5,881211.75,0.0
20.0,15.0,9913.174,193835.11,6643967.0,0.0,0.0,0.0,0.0,0.0,0.0,2708177.2,0.0,0.0,2.5589184E7,6005956.5,2382128.0,12319.367
20.0,20.0,18466.87,150586.1,3891825.2,4.1493756E7,0.0,0.0,0.0,0.0,271744.38,3994508.8,0.0,0.0,1.119611E7,5239803.0,1098297.9,29796.645
20.0,25.0,30948.871,162029.88,2210947.5,8988435.0,0.0,0.0,0.0,1392082.0,752298.2,4113137.2,4875411.5,2.9114988E7,3118294.2,3421537.0,2392.9038,25820.254
20.0,30.0,41245.6,124521.39,462349.9,562109.4,0.0,0.0,0.0,1356216.8,426301.8,1747613.9,1.4066781E7,5967141.0,716468.9,746482.06,0.0,17334.432
20.0,35.0,34630.066,99266.43,28551.348,0.0,0.0,0.0,0.0,540032.3,79521.016,909326.75,2353708.8,463738.12,22455.363,1691.2963,0.0,13177.825
20.0,40.0,25391.094,92620.53,0.0,0.0,0.0,0.0,0.0,177989.34,162884.84,349730.03,641139.6,7479.6914,0.0,0.0,0.0,12962.553
20.0,45.0,25866.076,98736.65,0.0,0.0,0.0,0.0,0.0,42720.797,108770.58,163786.1,13150.079,0.0,0.0,0.0,0.0,12299.831
20.0,50.0,24929.484,46267.156,0.0,0.0,0.0,0.0,0.0,19211.498,63456.043,63043.734,0.0,0.0,0.0,0.0,0.0,14556.604
20.0,55.0,27753.572,41571.816,0.0,0.0,0.0,0.0,0.0,1652.7023,26380.516,12638.677,0.0,0.0,0.0,0.0,0.0,19053.736
20.0,60.0,23795.854,22809.432,0.0,0.0,0.0,18591.793,0.0,0.0,36142.59,256.74667,0.0,0.0,0.0,0.0,0.0,23441.377
20.0,65.0,8873.416,2958.3247,0.0,0.0,0.0,3145.2026,0.0,0.0,7059.763,0.0,0.0,0.0,0.0,0.0,0.0,32071.164
20.0,70.0,0.0,66.43845,0.0,0.0,0.0,3957.0615,0.0,0.0,58.73798,0.0,0.0,0.0,0.0,0.0,0.0,46124.9
20.0,75.0,0.0,0.0,0.0,0.0,0.0,2264.2727,0.0,0.0,0.0,0.0,0.0,0.0,0.0,0.0,0.0,59862.94
20.0,80.0,0.0,0.0,0.0,0.0,0.0,858.3821,0.0,0.0,0.0,0.0,0.0,0.0,0.0,0.0,0.0,1776.1482
20.0,85.0,0.0,0.0,0.0,0.0,0.0,88.918945,0.0,0.0,0.0,0.0,0.0,0.0,0.0,0.0,0.0,0.0
20.0,90.0,0.0,0.0,0.0,0.0,0.0,0.0,0.0,0.0,0.0,0.0,0.0,0.0,0.0,0.0,0.0,0.0
20.0,95.0,0.0,0.0,0.0,0.0,0.0,0.0,0.0,0.0,0.0,0.0,0.0,0.0,0.0,0.0,0.0,0.0
20.0,100.0,0.0,0.0,0.0,0.0,0.0,0.0,0.0,0.0,0.0,0.0,0.0,0.0,0.0,0.0,0.0,0.0
20.0,105.0,0.0,0.0,0.0,0.0,0.0,0.0,0.0,0.0,0.0,0.0,0.0,0.0,0.0,0.0,0.0,0.0
20.0,110.0,0.0,0.0,0.0,0.0,0.0,0.0,0.0,0.0,0.0,0.0,0.0,0.0,0.0,0.0,0.0,0.0
20.0,115.0,0.0,0.0,0.0,0.0,0.0,0.0,0.0,0.0,0.0,0.0,0.0,0.0,0.0,0.0,0.0,0.0
20.0,120.0,0.0,0.0,0.0,0.0,0.0,0.0,0.0,0.0,0.0,0.0,0.0,0.0,0.0,0.0,0.0,0.0
20.0,125.0,0.0,0.0,0.0,0.0,0.0,0.0,0.0,0.0,0.0,0.0,0.0,0.0,0.0,0.0,0.0,0.0
