"Mean trophic level of fish species by Size class (cm). Class i designates interval [i,i+1[."
"Time","Size","lesserSpottedDogfish","redMullet","pouting","whiting","poorCod","cod","dragonet","sole","plaice","horseMackerel","mackerel","herring","sardine","squids","cuttlefish","thornbackRay"
1.0,0.0,NaN,3.2973723,3.335518,3.5341182,3.316767,3.3200085,3.2419403,3.2270665,3.1890974,3.328611,3.3715153,3.177468,3.1007862,3.3267822,3.153627,NaN
1.0,5.0,3.010056,3.2225425,3.5383708,3.9477484,3.3064144,3.4222772,3.1935782,3.1630864,3.1394153,3.483541,3.6930828,3.1723404,3.2520254,3.5672562,3.2205558,NaN
1.0,10.0,3.272669,3.126863,3.5904324,4.068831,3.2539835,3.8017352,3.1264014,3.076491,3.1242945,3.4620576,3.8516889,3.2862756,3.3983595,3.7585561,3.5345366,3.4899611
1.0,15.0,3.5787783,3.0837405,3.33263,3.921828,3.5484362,3.6809256,3.1297348,3.0846539,3.216777,3.713096,3.4930313,3.390514,3.5068915,4.092831,3.7459004,3.5631113
1.0,20.0,3.9583337,3.1446054,3.72999,4.029334,3.658409,4.1408515,3.1186996,3.1367357,3.353269,3.8029125,3.7154307,3.5793269,3.531013,3.750991,3.4792151,3.7887466
1.0,25.0,3.8490877,3.1215675,3.8399832,4.2635546,NaN,4.337269,3.119075,3.1153634,3.545879,3.7794917,4.034803,3.6040773,NaN,3.9860532,3.6717613,3.746815
1.0,30.0,3.826781,3.1338923,3.8582659,4.278739,NaN,4.1624255,NaN,3.1443224,3.556857,3.831751,4.051458,3.6250532,NaN,4.2748427,NaN,4.044935
1.0,35.0,3.9900906,3.1879537,NaN,4.33087,NaN,4.3712697,NaN,3.171549,3.6339204,3.8927002,4.111178,NaN,NaN,4.61411,NaN,4.0504394
1.0,40.0,4.085333,3.215976,NaN,4.345185,NaN,4.306406,NaN,NaN,3.6500118,NaN,4.1564674,NaN,NaN,4.2913966,NaN,4.106117
1.0,45.0,4.1273794,3.2792485,NaN,NaN,NaN,4.419871,NaN,NaN,NaN,NaN,NaN,NaN,NaN,NaN,NaN,4.07133
1.0,50.0,4.1728554,NaN,NaN,NaN,NaN,4.4736276,NaN,NaN,NaN,NaN,NaN,NaN,NaN,NaN,NaN,4.191142
1.0,55.0,4.2069764,NaN,NaN,NaN,NaN,4.479499,NaN,NaN,NaN,NaN,NaN,NaN,NaN,NaN,NaN,4.159931
1.0,60.0,4.2123017,NaN,NaN,NaN,NaN,4.435615,NaN,NaN,NaN,NaN,NaN,NaN,NaN,NaN,NaN,4.179107
1.0,65.0,NaN,NaN,NaN,NaN,NaN,4.5700016,NaN,NaN,NaN,NaN,NaN,NaN,NaN,NaN,NaN,4.2132225
1.0,70.0,NaN,NaN,NaN,NaN,NaN,4.5001884,NaN,NaN,NaN,NaN,NaN,NaN,NaN,NaN,NaN,4.2309995
1.0,75.0,NaN,NaN,NaN,NaN,NaN,4.53214,NaN,NaN,NaN,NaN,NaN,NaN,NaN,NaN,NaN,4.2700157
1.0,80.0,NaN,NaN,NaN,NaN,NaN,4.525686,NaN,NaN,NaN,NaN,NaN,NaN,NaN,NaN,NaN,4.2862024
1.0,85.0,NaN,NaN,NaN,NaN,NaN,4.561491,NaN,NaN,NaN,NaN,NaN,NaN,NaN,NaN,NaN,4.282657
1.0,90.0,NaN,NaN,NaN,NaN,NaN,4.577623,NaN,NaN,NaN,NaN,NaN,NaN,NaN,NaN,NaN,4.301084
1.0,95.0,NaN,NaN,NaN,NaN,NaN,4.563298,NaN,NaN,NaN,NaN,NaN,NaN,NaN,NaN,NaN,4.305486
1.0,100.0,NaN,NaN,NaN,NaN,NaN,4.565899,NaN,NaN,NaN,NaN,NaN,NaN,NaN,NaN,NaN,4.3123264
1.0,105.0,NaN,NaN,NaN,NaN,NaN,NaN,NaN,NaN,NaN,NaN,NaN,NaN,NaN,NaN,NaN,NaN
1.0,110.0,NaN,NaN,NaN,NaN,NaN,NaN,NaN,NaN,NaN,NaN,NaN,NaN,NaN,NaN,NaN,NaN
1.0,115.0,NaN,NaN,NaN,NaN,NaN,NaN,NaN,NaN,NaN,NaN,NaN,NaN,NaN,NaN,NaN,NaN
1.0,120.0,NaN,NaN,NaN,NaN,NaN,NaN,NaN,NaN,NaN,NaN,NaN,NaN,NaN,NaN,NaN,NaN
1.0,125.0,NaN,NaN,NaN,NaN,NaN,NaN,NaN,NaN,NaN,NaN,NaN,NaN,NaN,NaN,NaN,NaN
2.0,0.0,NaN,3.2827027,3.3446336,3.4502006,3.3283875,3.3045259,3.2349339,3.2273989,3.1796193,3.311045,3.381067,3.024144,3.1437862,3.4745033,3.157649,NaN
2.0,5.0,3.0129411,3.160846,3.5488317,3.7115183,3.3611348,3.4894948,3.166798,3.1744156,3.110414,3.4466314,3.596013,3.0598228,3.2720747,3.5797598,3.4278045,NaN
2.0,10.0,3.4459531,3.0865364,3.5821273,3.9525838,3.3233106,3.8535476,3.1216922,3.1029806,3.085395,3.6229904,3.743977,3.2943234,3.4582863,3.738499,3.6036992,3.597062
2.0,15.0,3.9454296,3.112009,3.6999085,4.161243,3.5468693,4.340997,3.0923307,3.0709589,3.2172925,3.676322,3.9066029,3.5644288,3.478559,3.909928,3.7236633,3.7575498
2.0,20.0,3.9787087,3.1211061,3.7322195,4.3891025,3.7044175,4.171601,3.1402233,3.1119914,3.3907344,3.821784,4.166491,3.6477487,3.5880275,4.040723,4.0431104,3.8784895
2.0,25.0,3.9540625,3.1160882,3.8469741,4.323638,NaN,4.3016973,3.1630383,3.1086357,3.5922978,3.8692687,3.9518044,3.7939594,3.79265,4.3356977,4.138158,3.946499
2.0,30.0,3.9486957,3.1615949,3.9415185,4.4225388,NaN,4.400988,3.0632834,3.1411517,3.6783237,3.9101179,4.111363,3.8378785,NaN,4.3766665,4.2130356,4.0134187
2.0,35.0,4.0721498,3.2211635,4.2071056,4.4883924,NaN,4.404242,NaN,3.1722255,3.7579505,3.9415097,4.171496,NaN,NaN,4.484871,NaN,4.198523
2.0,40.0,4.142133,3.3253255,NaN,4.4881706,NaN,4.4954443,NaN,3.281965,3.7584436,NaN,4.205226,NaN,NaN,NaN,NaN,4.2804694
2.0,45.0,4.2065024,3.3440726,NaN,NaN,NaN,4.5252004,NaN,NaN,NaN,NaN,NaN,NaN,NaN,NaN,NaN,4.205403
2.0,50.0,4.2423677,NaN,NaN,NaN,NaN,4.5392513,NaN,NaN,NaN,NaN,NaN,NaN,NaN,NaN,NaN,4.281866
2.0,55.0,4.2857,NaN,NaN,NaN,NaN,4.615545,NaN,NaN,NaN,NaN,NaN,NaN,NaN,NaN,NaN,4.327986
2.0,60.0,4.3170133,NaN,NaN,NaN,NaN,4.630131,NaN,NaN,NaN,NaN,NaN,NaN,NaN,NaN,NaN,4.340783
2.0,65.0,NaN,NaN,NaN,NaN,NaN,4.6221447,NaN,NaN,NaN,NaN,NaN,NaN,NaN,NaN,NaN,4.3682513
2.0,70.0,NaN,NaN,NaN,NaN,NaN,4.6551905,NaN,NaN,NaN,NaN,NaN,NaN,NaN,NaN,NaN,4.388822
2.0,75.0,NaN,NaN,NaN,NaN,NaN,4.6785164,NaN,NaN,NaN,NaN,NaN,NaN,NaN,NaN,NaN,4.404427
2.0,80.0,NaN,NaN,NaN,NaN,NaN,4.6942244,NaN,NaN,NaN,NaN,NaN,NaN,NaN,NaN,NaN,4.4325957
2.0,85.0,NaN,NaN,NaN,NaN,NaN,4.636471,NaN,NaN,NaN,NaN,NaN,NaN,NaN,NaN,NaN,4.4260354
2.0,90.0,NaN,NaN,NaN,NaN,NaN,4.682481,NaN,NaN,NaN,NaN,NaN,NaN,NaN,NaN,NaN,4.4390297
2.0,95.0,NaN,NaN,NaN,NaN,NaN,4.683499,NaN,NaN,NaN,NaN,NaN,NaN,NaN,NaN,NaN,4.4529533
2.0,100.0,NaN,NaN,NaN,NaN,NaN,4.6906967,NaN,NaN,NaN,NaN,NaN,NaN,NaN,NaN,NaN,4.4370136
2.0,105.0,NaN,NaN,NaN,NaN,NaN,NaN,NaN,NaN,NaN,NaN,NaN,NaN,NaN,NaN,NaN,NaN
2.0,110.0,NaN,NaN,NaN,NaN,NaN,NaN,NaN,NaN,NaN,NaN,NaN,NaN,NaN,NaN,NaN,NaN
2.0,115.0,NaN,NaN,NaN,NaN,NaN,NaN,NaN,NaN,NaN,NaN,NaN,NaN,NaN,NaN,NaN,NaN
2.0,120.0,NaN,NaN,NaN,NaN,NaN,NaN,NaN,NaN,NaN,NaN,NaN,NaN,NaN,NaN,NaN,NaN
2.0,125.0,NaN,NaN,NaN,NaN,NaN,NaN,NaN,NaN,NaN,NaN,NaN,NaN,NaN,NaN,NaN,NaN
3.0,0.0,NaN,3.3060384,3.3472044,3.4912925,3.3371842,3.4584832,3.2575624,3.2463484,3.2060735,3.3819106,3.3536968,3.0642242,3.189784,3.2598302,3.1559181,NaN
3.0,5.0,3.0107625,3.1839802,3.4735713,3.9244347,3.2839413,3.56262,3.1864438,3.1653073,3.1177385,3.5376039,3.546649,3.1733294,3.2813966,3.483317,3.3541763,NaN
3.0,10.0,3.506127,3.116174,3.47007,4.0034432,3.4443345,3.8236663,3.1301491,3.105698,3.1037395,3.7443902,3.8176181,3.3205884,3.3825302,3.5547507,3.668849,3.580667
3.0,15.0,3.9499981,3.1262376,3.6170273,4.157735,3.5832527,4.0231085,3.1196206,3.0819485,3.1823611,3.8058212,3.9420538,3.4675336,3.4971273,3.8339336,3.9491487,3.7689118
3.0,20.0,4.071374,3.1144207,3.806966,4.2934256,3.6935012,4.069389,3.1245465,3.067378,3.3807013,3.8577573,4.0573635,3.645329,3.6020827,4.0821686,4.127733,3.8884192
3.0,25.0,4.00269,3.1469822,3.9021816,4.4117217,NaN,4.1373444,3.1720443,3.1143625,3.5681958,3.8462136,3.873719,3.6658897,3.7449765,4.124891,4.178907,3.966603
3.0,30.0,3.8245158,3.1556625,3.916974,4.3715234,NaN,4.342254,3.1470983,3.1549368,3.694952,3.8696504,4.091681,3.765453,3.7720792,4.4583,4.2745457,4.105397
3.0,35.0,4.1063595,3.2552788,4.071246,4.48799,NaN,4.499823,3.3062305,3.2104328,3.781478,3.9971356,4.2010493,NaN,NaN,NaN,NaN,4.168294
3.0,40.0,4.1178927,3.3475056,NaN,4.48966,NaN,4.431486,NaN,3.3196006,3.756089,NaN,4.2045097,NaN,NaN,NaN,NaN,4.16368
3.0,45.0,4.1812963,3.413705,NaN,NaN,NaN,4.535986,NaN,3.0242534,3.7974138,NaN,NaN,NaN,NaN,NaN,NaN,4.3122168
3.0,50.0,4.201887,NaN,NaN,NaN,NaN,4.562713,NaN,NaN,NaN,NaN,NaN,NaN,NaN,NaN,NaN,4.2357063
3.0,55.0,4.255324,NaN,NaN,NaN,NaN,4.5883923,NaN,NaN,NaN,NaN,NaN,NaN,NaN,NaN,NaN,4.277982
3.0,60.0,4.264812,NaN,NaN,NaN,NaN,4.62747,NaN,NaN,NaN,NaN,NaN,NaN,NaN,NaN,NaN,4.339675
3.0,65.0,4.234474,NaN,NaN,NaN,NaN,4.6774516,NaN,NaN,NaN,NaN,NaN,NaN,NaN,NaN,NaN,4.3334227
3.0,70.0,NaN,NaN,NaN,NaN,NaN,4.668692,NaN,NaN,NaN,NaN,NaN,NaN,NaN,NaN,NaN,4.3450704
3.0,75.0,NaN,NaN,NaN,NaN,NaN,4.6547,NaN,NaN,NaN,NaN,NaN,NaN,NaN,NaN,NaN,4.3355074
3.0,80.0,NaN,NaN,NaN,NaN,NaN,4.6585956,NaN,NaN,NaN,NaN,NaN,NaN,NaN,NaN,NaN,4.3707566
3.0,85.0,NaN,NaN,NaN,NaN,NaN,4.6882396,NaN,NaN,NaN,NaN,NaN,NaN,NaN,NaN,NaN,4.393963
3.0,90.0,NaN,NaN,NaN,NaN,NaN,4.684728,NaN,NaN,NaN,NaN,NaN,NaN,NaN,NaN,NaN,4.4170275
3.0,95.0,NaN,NaN,NaN,NaN,NaN,4.718246,NaN,NaN,NaN,NaN,NaN,NaN,NaN,NaN,NaN,4.4250374
3.0,100.0,NaN,NaN,NaN,NaN,NaN,4.73213,NaN,NaN,NaN,NaN,NaN,NaN,NaN,NaN,NaN,4.4233055
3.0,105.0,NaN,NaN,NaN,NaN,NaN,NaN,NaN,NaN,NaN,NaN,NaN,NaN,NaN,NaN,NaN,NaN
3.0,110.0,NaN,NaN,NaN,NaN,NaN,NaN,NaN,NaN,NaN,NaN,NaN,NaN,NaN,NaN,NaN,NaN
3.0,115.0,NaN,NaN,NaN,NaN,NaN,NaN,NaN,NaN,NaN,NaN,NaN,NaN,NaN,NaN,NaN,NaN
3.0,120.0,NaN,NaN,NaN,NaN,NaN,NaN,NaN,NaN,NaN,NaN,NaN,NaN,NaN,NaN,NaN,NaN
3.0,125.0,NaN,NaN,NaN,NaN,NaN,NaN,NaN,NaN,NaN,NaN,NaN,NaN,NaN,NaN,NaN,NaN
4.0,0.0,NaN,3.31953,3.327688,3.4543514,3.3029103,3.340105,3.255052,3.2543259,3.2212875,3.336726,3.3394861,3.078031,3.2146246,3.2757978,3.160781,NaN
4.0,5.0,3.021571,3.2004857,3.4007218,3.8173695,3.2735803,3.341338,3.1952648,3.1776795,3.136047,3.598336,3.5638103,3.0870526,3.2686644,3.6125207,3.346603,NaN
4.0,10.0,3.4032404,3.1303487,3.5449643,3.9650412,3.4001389,3.6168063,3.1435485,3.1169772,3.1261094,3.6766934,3.7252953,3.1865346,3.3302407,3.8863597,3.6850684,3.5420105
4.0,15.0,3.9147732,3.119874,3.5855498,4.1676426,3.5831451,3.9128883,3.12825,3.104953,3.1566951,3.7993755,3.8661923,3.4052877,3.430494,3.9697862,3.910266,3.7239118
4.0,20.0,3.9921641,3.1006255,3.807894,4.257822,3.6869915,4.279359,3.1367397,3.121896,3.3936014,3.9676092,3.9702513,3.6347132,3.5168867,3.8928437,4.0797663,3.882021
4.0,25.0,4.003931,3.1340718,3.9141438,4.343673,NaN,4.3273306,3.1525242,3.1179144,3.5362048,3.931422,4.1442327,3.6845374,3.618233,4.165206,4.21065,3.997368
4.0,30.0,3.9620466,3.143808,3.821913,4.473885,NaN,4.415967,3.1669772,3.155452,3.6599727,3.8939734,4.097968,3.6997588,3.8204381,4.347616,4.237036,4.0910296
4.0,35.0,4.153331,3.2352784,3.8896222,4.5277734,NaN,4.442485,3.2354133,3.197401,3.6867917,3.9690578,4.1714993,NaN,NaN,NaN,NaN,4.211554
4.0,40.0,4.1237445,3.3618414,4.07392,4.5531726,NaN,4.514242,NaN,3.40457,3.7229023,4.038943,4.244493,NaN,NaN,NaN,NaN,4.211496
4.0,45.0,4.1823754,3.3599758,NaN,NaN,NaN,4.5171814,NaN,3.465881,3.7910557,NaN,NaN,NaN,NaN,NaN,NaN,4.240988
4.0,50.0,4.22042,NaN,NaN,NaN,NaN,4.5986786,NaN,NaN,NaN,NaN,NaN,NaN,NaN,NaN,NaN,4.3186336
4.0,55.0,4.2426844,NaN,NaN,NaN,NaN,4.568463,NaN,NaN,NaN,NaN,NaN,NaN,NaN,NaN,NaN,4.2608232
4.0,60.0,4.296124,NaN,NaN,NaN,NaN,4.6463757,NaN,NaN,NaN,NaN,NaN,NaN,NaN,NaN,NaN,4.3234057
4.0,65.0,4.266926,NaN,NaN,NaN,NaN,4.65514,NaN,NaN,NaN,NaN,NaN,NaN,NaN,NaN,NaN,4.344754
4.0,70.0,NaN,NaN,NaN,NaN,NaN,4.6798387,NaN,NaN,NaN,NaN,NaN,NaN,NaN,NaN,NaN,4.3623815
4.0,75.0,NaN,NaN,NaN,NaN,NaN,4.696391,NaN,NaN,NaN,NaN,NaN,NaN,NaN,NaN,NaN,4.3476925
4.0,80.0,NaN,NaN,NaN,NaN,NaN,4.707527,NaN,NaN,NaN,NaN,NaN,NaN,NaN,NaN,NaN,4.3961596
4.0,85.0,NaN,NaN,NaN,NaN,NaN,4.686542,NaN,NaN,NaN,NaN,NaN,NaN,NaN,NaN,NaN,4.4095826
4.0,90.0,NaN,NaN,NaN,NaN,NaN,4.6936107,NaN,NaN,NaN,NaN,NaN,NaN,NaN,NaN,NaN,4.4342136
4.0,95.0,NaN,NaN,NaN,NaN,NaN,4.740155,NaN,NaN,NaN,NaN,NaN,NaN,NaN,NaN,NaN,4.4309063
4.0,100.0,NaN,NaN,NaN,NaN,NaN,4.7453794,NaN,NaN,NaN,NaN,NaN,NaN,NaN,NaN,NaN,4.4423137
4.0,105.0,NaN,NaN,NaN,NaN,NaN,NaN,NaN,NaN,NaN,NaN,NaN,NaN,NaN,NaN,NaN,NaN
4.0,110.0,NaN,NaN,NaN,NaN,NaN,NaN,NaN,NaN,NaN,NaN,NaN,NaN,NaN,NaN,NaN,NaN
4.0,115.0,NaN,NaN,NaN,NaN,NaN,NaN,NaN,NaN,NaN,NaN,NaN,NaN,NaN,NaN,NaN,NaN
4.0,120.0,NaN,NaN,NaN,NaN,NaN,NaN,NaN,NaN,NaN,NaN,NaN,NaN,NaN,NaN,NaN,NaN
4.0,125.0,NaN,NaN,NaN,NaN,NaN,NaN,NaN,NaN,NaN,NaN,NaN,NaN,NaN,NaN,NaN,NaN
5.0,0.0,NaN,3.3018878,3.3358808,3.4300032,3.3001232,3.304756,3.2556665,3.2551372,3.2268527,3.3271325,3.3312833,3.0306115,3.217421,3.3014407,3.1559577,NaN
5.0,5.0,3.0171814,3.2307239,3.423626,3.7519834,3.257473,3.4363146,3.2190912,3.1876395,3.125843,3.5051355,3.4955728,3.158635,3.261255,3.5276735,3.2982285,NaN
5.0,10.0,3.3156002,3.1403549,3.6230106,3.8939748,3.392677,3.5275393,3.150524,3.1287324,3.1344917,3.5322783,3.7389328,3.2499518,3.288167,3.6203437,3.6167855,3.511518
5.0,15.0,3.9257689,3.127471,3.6222374,4.142498,3.5934632,4.081911,3.1416376,3.1164377,3.240761,3.7412589,3.7786055,3.411916,3.3746214,3.9499588,3.843471,3.7572868
5.0,20.0,3.9479866,3.1283484,3.776825,4.23828,3.6257975,4.1299586,3.1466756,3.1249523,3.3938148,3.8330014,3.9012043,3.649509,3.4715574,4.1178265,4.047888,3.8694587
5.0,25.0,3.9717708,3.141902,3.8446352,4.3638597,NaN,4.325917,3.1755204,3.1193607,3.546972,3.9448855,3.934669,3.7186136,3.5927937,4.1800065,4.167093,3.9628375
5.0,30.0,3.9578297,3.1538541,3.9150307,4.4718103,NaN,4.462561,3.199037,3.1749017,3.6276836,3.9654467,4.06273,3.703797,3.6750877,4.234866,4.3403535,4.101126
5.0,35.0,4.0778155,3.2096457,3.9615018,4.584852,NaN,4.9401007,3.2291067,3.2170732,3.6440616,3.9782145,4.168862,4.0810137,NaN,NaN,NaN,4.210062
5.0,40.0,4.1887355,3.2722425,NaN,4.6046004,NaN,4.5255017,NaN,3.2945714,3.714071,4.066071,4.2648945,NaN,NaN,NaN,NaN,4.2308793
5.0,45.0,4.169834,3.3269458,NaN,NaN,NaN,4.6017632,NaN,3.338916,3.7191124,4.1367035,NaN,NaN,NaN,NaN,NaN,4.2741847
5.0,50.0,4.2326345,NaN,NaN,NaN,NaN,4.6058135,NaN,NaN,NaN,NaN,NaN,NaN,NaN,NaN,NaN,4.3220596
5.0,55.0,4.263033,NaN,NaN,NaN,NaN,4.6550837,NaN,NaN,NaN,NaN,NaN,NaN,NaN,NaN,NaN,4.3642383
5.0,60.0,4.307106,NaN,NaN,NaN,NaN,4.6648836,NaN,NaN,NaN,NaN,NaN,NaN,NaN,NaN,NaN,4.3333488
5.0,65.0,4.3083115,NaN,NaN,NaN,NaN,4.6575327,NaN,NaN,NaN,NaN,NaN,NaN,NaN,NaN,NaN,4.3649783
5.0,70.0,NaN,NaN,NaN,NaN,NaN,4.689055,NaN,NaN,NaN,NaN,NaN,NaN,NaN,NaN,NaN,4.402319
5.0,75.0,NaN,NaN,NaN,NaN,NaN,4.6867647,NaN,NaN,NaN,NaN,NaN,NaN,NaN,NaN,NaN,4.411118
5.0,80.0,NaN,NaN,NaN,NaN,NaN,4.6963296,NaN,NaN,NaN,NaN,NaN,NaN,NaN,NaN,NaN,4.41655
5.0,85.0,NaN,NaN,NaN,NaN,NaN,4.703021,NaN,NaN,NaN,NaN,NaN,NaN,NaN,NaN,NaN,4.406954
5.0,90.0,NaN,NaN,NaN,NaN,NaN,4.7392077,NaN,NaN,NaN,NaN,NaN,NaN,NaN,NaN,NaN,4.4317408
5.0,95.0,NaN,NaN,NaN,NaN,NaN,4.7595606,NaN,NaN,NaN,NaN,NaN,NaN,NaN,NaN,NaN,4.441508
5.0,100.0,NaN,NaN,NaN,NaN,NaN,4.757839,NaN,NaN,NaN,NaN,NaN,NaN,NaN,NaN,NaN,4.437507
5.0,105.0,NaN,NaN,NaN,NaN,NaN,NaN,NaN,NaN,NaN,NaN,NaN,NaN,NaN,NaN,NaN,NaN
5.0,110.0,NaN,NaN,NaN,NaN,NaN,NaN,NaN,NaN,NaN,NaN,NaN,NaN,NaN,NaN,NaN,NaN
5.0,115.0,NaN,NaN,NaN,NaN,NaN,NaN,NaN,NaN,NaN,NaN,NaN,NaN,NaN,NaN,NaN,NaN
5.0,120.0,NaN,NaN,NaN,NaN,NaN,NaN,NaN,NaN,NaN,NaN,NaN,NaN,NaN,NaN,NaN,NaN
5.0,125.0,NaN,NaN,NaN,NaN,NaN,NaN,NaN,NaN,NaN,NaN,NaN,NaN,NaN,NaN,NaN,NaN
6.0,0.0,NaN,3.2989438,3.3474555,3.404018,3.3056533,3.3153777,3.2614536,3.2819402,3.2199805,3.3306541,3.3290176,3.1049764,3.2233434,3.303497,3.150295,NaN
6.0,5.0,3.0247188,3.2201571,3.4020846,3.826055,3.2646518,3.5441077,3.211314,3.1945026,3.135949,3.5169482,3.523471,3.1177688,3.2641194,3.674355,3.2695193,NaN
6.0,10.0,3.29578,3.1348984,3.40872,3.9174044,3.3860378,3.927305,3.1614077,3.128521,3.1343944,3.6396308,3.7243564,3.2308145,3.307834,3.7334921,3.5937455,3.4911683
6.0,15.0,4.001565,3.111107,3.5445602,4.1493545,3.5808213,3.957049,3.1343815,3.1195269,3.2244723,3.7510412,3.808134,3.3747153,3.3821125,3.886549,3.861724,3.721173
6.0,20.0,3.886462,3.1335928,3.6886296,4.245105,3.636884,4.2231355,3.1481607,3.115767,3.2693737,3.7953646,3.9487004,3.539775,3.4671192,4.005714,4.050269,3.8451633
6.0,25.0,4.0011687,3.1231675,3.834503,4.33424,NaN,4.2955337,3.1259177,3.1223087,3.543589,3.9411125,4.0675774,3.6606896,3.559949,4.2195244,4.14791,3.9933004
6.0,30.0,3.9424186,3.1354191,3.8795624,4.446827,NaN,4.3197985,3.1652825,3.1548522,3.552621,3.9832146,4.0561757,3.6962695,3.6647139,4.3404794,4.380327,4.0864573
6.0,35.0,4.095822,3.1987057,3.9846187,4.6090455,NaN,4.542952,3.2391968,3.1851988,3.6554537,3.953204,4.1847615,3.875009,3.7668362,NaN,NaN,4.204225
6.0,40.0,4.1453176,3.2536104,NaN,4.6490803,NaN,4.6150484,3.4742577,3.3297439,3.6968586,4.02016,4.2928886,NaN,NaN,NaN,NaN,4.2241054
6.0,45.0,4.19275,3.2758214,NaN,NaN,NaN,4.5899,NaN,3.3630164,3.7404103,4.146569,NaN,NaN,NaN,NaN,NaN,4.2683496
6.0,50.0,4.222607,NaN,NaN,NaN,NaN,4.6518226,NaN,3.3598783,NaN,4.5131936,NaN,NaN,NaN,NaN,NaN,4.3048077
6.0,55.0,4.2512345,NaN,NaN,NaN,NaN,4.670673,NaN,NaN,NaN,NaN,NaN,NaN,NaN,NaN,NaN,4.3405385
6.0,60.0,4.2882056,NaN,NaN,NaN,NaN,4.6731796,NaN,NaN,NaN,NaN,NaN,NaN,NaN,NaN,NaN,4.393222
6.0,65.0,4.298007,NaN,NaN,NaN,NaN,4.6992626,NaN,NaN,NaN,NaN,NaN,NaN,NaN,NaN,NaN,4.3542886
6.0,70.0,NaN,NaN,NaN,NaN,NaN,4.7129827,NaN,NaN,NaN,NaN,NaN,NaN,NaN,NaN,NaN,4.4111557
6.0,75.0,NaN,NaN,NaN,NaN,NaN,4.7229414,NaN,NaN,NaN,NaN,NaN,NaN,NaN,NaN,NaN,4.4405975
6.0,80.0,NaN,NaN,NaN,NaN,NaN,4.745695,NaN,NaN,NaN,NaN,NaN,NaN,NaN,NaN,NaN,4.41408
6.0,85.0,NaN,NaN,NaN,NaN,NaN,4.766006,NaN,NaN,NaN,NaN,NaN,NaN,NaN,NaN,NaN,4.438993
6.0,90.0,NaN,NaN,NaN,NaN,NaN,4.766877,NaN,NaN,NaN,NaN,NaN,NaN,NaN,NaN,NaN,4.438041
6.0,95.0,NaN,NaN,NaN,NaN,NaN,4.787963,NaN,NaN,NaN,NaN,NaN,NaN,NaN,NaN,NaN,4.4532404
6.0,100.0,NaN,NaN,NaN,NaN,NaN,4.792403,NaN,NaN,NaN,NaN,NaN,NaN,NaN,NaN,NaN,4.441491
6.0,105.0,NaN,NaN,NaN,NaN,NaN,NaN,NaN,NaN,NaN,NaN,NaN,NaN,NaN,NaN,NaN,NaN
6.0,110.0,NaN,NaN,NaN,NaN,NaN,NaN,NaN,NaN,NaN,NaN,NaN,NaN,NaN,NaN,NaN,NaN
6.0,115.0,NaN,NaN,NaN,NaN,NaN,NaN,NaN,NaN,NaN,NaN,NaN,NaN,NaN,NaN,NaN,NaN
6.0,120.0,NaN,NaN,NaN,NaN,NaN,NaN,NaN,NaN,NaN,NaN,NaN,NaN,NaN,NaN,NaN,NaN
6.0,125.0,NaN,NaN,NaN,NaN,NaN,NaN,NaN,NaN,NaN,NaN,NaN,NaN,NaN,NaN,NaN,NaN
7.0,0.0,NaN,3.287002,3.3516998,3.4242935,3.2769911,3.3150475,3.2554579,3.2743397,3.2328749,3.3516965,3.3170607,3.1426888,3.2124388,3.2911882,3.1599534,NaN
7.0,5.0,3.013503,3.2284985,3.3922787,3.7690372,3.2664857,3.4017658,3.2040532,3.1925066,3.1337802,3.5147243,3.4322646,3.1982918,3.2660463,3.4887054,3.327487,NaN
7.0,10.0,3.272771,3.1195238,3.4572673,3.951998,3.3634534,3.6768508,3.1434765,3.1315334,3.1373734,3.5984387,3.7100108,3.3973043,3.319766,3.635979,3.6322834,3.471952
7.0,15.0,4.0433373,3.1151664,3.6489398,4.090054,3.5564234,4.0155,3.133978,3.1124103,3.1991441,3.7582757,3.8268428,3.5204992,3.3901358,3.8051436,3.848544,3.6852858
7.0,20.0,3.920892,3.1150684,3.6995316,4.260615,3.700613,4.090786,3.1408868,3.120907,3.300757,3.8329363,3.9122152,3.644787,3.466331,4.039542,4.1015964,3.8409946
7.0,25.0,3.9345481,3.1351392,3.7432532,4.4067383,NaN,4.317129,3.157206,3.1520782,3.4674797,3.8347392,4.086732,3.6027172,3.5792754,4.333336,4.1503243,3.9567103
7.0,30.0,3.9198709,3.1705027,3.8744767,4.529279,NaN,4.3654766,3.1483014,3.1905928,3.558159,3.8490386,4.0419765,3.711109,3.6405616,4.409754,4.219296,4.0697603
7.0,35.0,4.079237,3.1539967,3.9221902,4.64195,NaN,4.5276513,3.0309072,3.1910384,3.626696,3.9942217,4.170201,3.7994611,3.5415907,NaN,NaN,4.204595
7.0,40.0,4.172219,3.2167776,NaN,4.6429214,NaN,4.556293,NaN,3.2415018,3.6625605,4.0448837,4.305391,NaN,NaN,NaN,NaN,4.249649
7.0,45.0,4.198185,3.262228,NaN,NaN,NaN,4.6030655,NaN,3.346796,3.7207122,4.1347523,4.4846964,NaN,NaN,NaN,NaN,4.269298
7.0,50.0,4.2491927,3.27386,NaN,NaN,NaN,4.622631,NaN,3.485502,NaN,4.1151805,NaN,NaN,NaN,NaN,NaN,4.328212
7.0,55.0,4.2665367,NaN,NaN,NaN,NaN,4.6723022,NaN,NaN,NaN,NaN,NaN,NaN,NaN,NaN,NaN,4.341847
7.0,60.0,4.309351,NaN,NaN,NaN,NaN,4.712087,NaN,NaN,NaN,NaN,NaN,NaN,NaN,NaN,NaN,4.360872
7.0,65.0,4.327425,NaN,NaN,NaN,NaN,4.6926293,NaN,NaN,NaN,NaN,NaN,NaN,NaN,NaN,NaN,4.4094863
7.0,70.0,NaN,NaN,NaN,NaN,NaN,4.707844,NaN,NaN,NaN,NaN,NaN,NaN,NaN,NaN,NaN,4.385227
7.0,75.0,NaN,NaN,NaN,NaN,NaN,4.6839147,NaN,NaN,NaN,NaN,NaN,NaN,NaN,NaN,NaN,4.436415
7.0,80.0,NaN,NaN,NaN,NaN,NaN,4.6961684,NaN,NaN,NaN,NaN,NaN,NaN,NaN,NaN,NaN,4.4174743
7.0,85.0,NaN,NaN,NaN,NaN,NaN,4.7387896,NaN,NaN,NaN,NaN,NaN,NaN,NaN,NaN,NaN,4.440703
7.0,90.0,NaN,NaN,NaN,NaN,NaN,4.727826,NaN,NaN,NaN,NaN,NaN,NaN,NaN,NaN,NaN,4.4456863
7.0,95.0,NaN,NaN,NaN,NaN,NaN,4.764456,NaN,NaN,NaN,NaN,NaN,NaN,NaN,NaN,NaN,4.4512243
7.0,100.0,NaN,NaN,NaN,NaN,NaN,4.775259,NaN,NaN,NaN,NaN,NaN,NaN,NaN,NaN,NaN,4.458181
7.0,105.0,NaN,NaN,NaN,NaN,NaN,NaN,NaN,NaN,NaN,NaN,NaN,NaN,NaN,NaN,NaN,NaN
7.0,110.0,NaN,NaN,NaN,NaN,NaN,NaN,NaN,NaN,NaN,NaN,NaN,NaN,NaN,NaN,NaN,NaN
7.0,115.0,NaN,NaN,NaN,NaN,NaN,NaN,NaN,NaN,NaN,NaN,NaN,NaN,NaN,NaN,NaN,NaN
7.0,120.0,NaN,NaN,NaN,NaN,NaN,NaN,NaN,NaN,NaN,NaN,NaN,NaN,NaN,NaN,NaN,NaN
7.0,125.0,NaN,NaN,NaN,NaN,NaN,NaN,NaN,NaN,NaN,NaN,NaN,NaN,NaN,NaN,NaN,NaN
8.0,0.0,NaN,3.2897596,3.3435729,3.4056494,3.295607,3.2987096,3.2554312,3.2578611,3.226082,3.311683,3.3192952,3.0694013,3.2223032,3.3018677,3.1530344,NaN
8.0,5.0,3.009262,3.2134192,3.3610277,3.771628,3.2859259,3.4635289,3.1947055,3.1942368,3.133116,3.482156,3.5027275,3.1060383,3.2680457,3.6025896,3.3005188,NaN
8.0,10.0,3.4107108,3.114565,3.5024047,3.887061,3.4323056,3.7019446,3.148633,3.1302009,3.16487,3.521336,3.7151642,3.2634897,3.3174822,3.7080173,3.611383,3.4911358
8.0,15.0,3.9511547,3.1084843,3.6238961,4.1141706,3.5182886,3.9013684,3.1305697,3.1087284,3.2580688,3.784338,3.8037345,3.325561,3.3701396,3.7964902,3.8300886,3.686148
8.0,20.0,3.8591352,3.1262336,3.6897435,4.2601275,3.6240633,4.149996,3.152962,3.1172957,3.26671,3.7829525,3.9176476,3.643431,3.4521766,4.034399,4.089485,3.821696
8.0,25.0,3.9202344,3.1628835,3.8104653,4.373163,NaN,4.2231364,3.1888213,3.1767132,3.4665248,3.8152711,3.9819694,3.7634437,3.5522568,4.2746673,4.221887,3.9554436
8.0,30.0,3.9117024,3.2004914,3.805548,4.457295,NaN,4.436708,3.1528199,3.2131083,3.5481403,3.875931,4.155471,3.872248,3.6461108,4.276809,4.098092,4.077186
8.0,35.0,4.024442,3.3094249,3.9168968,4.655634,NaN,4.395772,3.386195,3.2256532,3.5973415,3.8849382,4.161963,3.7200718,3.6906087,NaN,NaN,4.18242
8.0,40.0,4.164097,3.2119026,NaN,4.685144,NaN,4.6212554,NaN,3.3560452,3.6824934,4.0374413,4.2550316,4.0736413,NaN,NaN,NaN,4.238603
8.0,45.0,4.2058907,3.2785828,NaN,NaN,NaN,4.6227603,NaN,3.1777499,3.7135615,4.158728,4.3889494,NaN,NaN,NaN,NaN,4.276766
8.0,50.0,4.2414327,3.5523071,NaN,NaN,NaN,4.6415195,NaN,3.444637,3.801776,4.1813736,NaN,NaN,NaN,NaN,NaN,4.3154635
8.0,55.0,4.304562,NaN,NaN,NaN,NaN,4.672702,NaN,NaN,NaN,4.2728124,NaN,NaN,NaN,NaN,NaN,4.3520036
8.0,60.0,4.3394146,NaN,NaN,NaN,NaN,4.7156515,NaN,NaN,NaN,NaN,NaN,NaN,NaN,NaN,NaN,4.352637
8.0,65.0,4.3695683,NaN,NaN,NaN,NaN,4.677869,NaN,NaN,NaN,NaN,NaN,NaN,NaN,NaN,NaN,4.4313235
8.0,70.0,4.539029,NaN,NaN,NaN,NaN,4.7008834,NaN,NaN,NaN,NaN,NaN,NaN,NaN,NaN,NaN,4.396746
8.0,75.0,NaN,NaN,NaN,NaN,NaN,4.744391,NaN,NaN,NaN,NaN,NaN,NaN,NaN,NaN,NaN,4.4542565
8.0,80.0,NaN,NaN,NaN,NaN,NaN,4.7546673,NaN,NaN,NaN,NaN,NaN,NaN,NaN,NaN,NaN,4.441687
8.0,85.0,NaN,NaN,NaN,NaN,NaN,4.751614,NaN,NaN,NaN,NaN,NaN,NaN,NaN,NaN,NaN,4.419234
8.0,90.0,NaN,NaN,NaN,NaN,NaN,4.7673616,NaN,NaN,NaN,NaN,NaN,NaN,NaN,NaN,NaN,4.4517684
8.0,95.0,NaN,NaN,NaN,NaN,NaN,4.8039293,NaN,NaN,NaN,NaN,NaN,NaN,NaN,NaN,NaN,4.463887
8.0,100.0,NaN,NaN,NaN,NaN,NaN,4.799558,NaN,NaN,NaN,NaN,NaN,NaN,NaN,NaN,NaN,NaN
8.0,105.0,NaN,NaN,NaN,NaN,NaN,NaN,NaN,NaN,NaN,NaN,NaN,NaN,NaN,NaN,NaN,NaN
8.0,110.0,NaN,NaN,NaN,NaN,NaN,NaN,NaN,NaN,NaN,NaN,NaN,NaN,NaN,NaN,NaN,NaN
8.0,115.0,NaN,NaN,NaN,NaN,NaN,NaN,NaN,NaN,NaN,NaN,NaN,NaN,NaN,NaN,NaN,NaN
8.0,120.0,NaN,NaN,NaN,NaN,NaN,NaN,NaN,NaN,NaN,NaN,NaN,NaN,NaN,NaN,NaN,NaN
8.0,125.0,NaN,NaN,NaN,NaN,NaN,NaN,NaN,NaN,NaN,NaN,NaN,NaN,NaN,NaN,NaN,NaN
9.0,0.0,NaN,3.2996821,3.3574045,3.4350789,3.312008,3.278857,3.257284,3.2667532,3.2285628,3.3483582,3.3134196,3.0740838,3.232521,3.2793803,3.150756,NaN
9.0,5.0,3.0097637,3.2172334,3.411616,3.7446918,3.2601743,3.4690511,3.2111914,3.195354,3.1383533,3.4524143,3.4977272,3.152363,3.2759342,3.597052,3.3128982,NaN
9.0,10.0,3.3901715,3.1144729,3.5573738,3.9341645,3.374638,3.792897,3.1470652,3.1278317,3.15256,3.657198,3.7612848,3.351607,3.306785,3.6780622,3.597594,3.5036178
9.0,15.0,3.8756454,3.115135,3.4703662,4.0948606,3.5068922,4.02753,3.1392045,3.1084414,3.335139,3.6728244,3.8015008,3.522016,3.359691,3.8443322,3.8699746,3.6798162
9.0,20.0,3.8960998,3.1316743,3.74383,4.2648373,3.6531205,4.211182,3.1555147,3.139431,3.3674526,3.7562869,3.8819816,3.5920525,3.4485388,4.082611,4.0801153,3.8201525
9.0,25.0,3.9147818,3.1262765,3.7874503,4.4309006,NaN,4.3503637,3.1488214,3.1333237,3.5272956,3.8405042,4.000234,3.596555,3.6355193,4.199158,4.145511,3.944648
9.0,30.0,3.9399953,3.1728308,3.8320312,4.5003843,NaN,4.4062634,3.235486,3.186986,3.607849,3.8922415,4.054516,3.7179706,3.7006066,4.003524,4.1045356,4.068126
9.0,35.0,4.056503,3.261362,3.9355843,4.6500616,NaN,4.4023757,3.1738417,3.2056396,3.627678,3.9885464,4.2249517,3.716789,3.791461,NaN,NaN,4.193078
9.0,40.0,4.1747036,3.228445,NaN,4.678372,NaN,4.6301146,NaN,3.1239007,3.6679256,4.0959916,4.241291,3.5526497,NaN,NaN,NaN,4.2089744
9.0,45.0,4.2020864,3.242399,NaN,NaN,NaN,4.598912,NaN,3.3796027,3.73291,4.100553,4.345012,NaN,NaN,NaN,NaN,4.247223
9.0,50.0,4.2244096,3.353074,NaN,NaN,NaN,4.660578,NaN,3.3836465,3.8248913,4.2318344,NaN,NaN,NaN,NaN,NaN,4.3225417
9.0,55.0,4.2528977,3.403042,NaN,NaN,NaN,4.7140017,NaN,NaN,NaN,4.4722576,NaN,NaN,NaN,NaN,NaN,4.3454432
9.0,60.0,4.3046203,NaN,NaN,NaN,NaN,4.698227,NaN,NaN,NaN,NaN,NaN,NaN,NaN,NaN,NaN,4.3791366
9.0,65.0,4.343926,NaN,NaN,NaN,NaN,4.715163,NaN,NaN,NaN,NaN,NaN,NaN,NaN,NaN,NaN,4.4645224
9.0,70.0,4.3373795,NaN,NaN,NaN,NaN,4.719074,NaN,NaN,NaN,NaN,NaN,NaN,NaN,NaN,NaN,4.4828362
9.0,75.0,NaN,NaN,NaN,NaN,NaN,4.73109,NaN,NaN,NaN,NaN,NaN,NaN,NaN,NaN,NaN,4.4078865
9.0,80.0,NaN,NaN,NaN,NaN,NaN,4.7597094,NaN,NaN,NaN,NaN,NaN,NaN,NaN,NaN,NaN,4.4533443
9.0,85.0,NaN,NaN,NaN,NaN,NaN,4.7808623,NaN,NaN,NaN,NaN,NaN,NaN,NaN,NaN,NaN,4.4332905
9.0,90.0,NaN,NaN,NaN,NaN,NaN,4.7688904,NaN,NaN,NaN,NaN,NaN,NaN,NaN,NaN,NaN,4.4537687
9.0,95.0,NaN,NaN,NaN,NaN,NaN,4.794667,NaN,NaN,NaN,NaN,NaN,NaN,NaN,NaN,NaN,4.4527965
9.0,100.0,NaN,NaN,NaN,NaN,NaN,4.7928085,NaN,NaN,NaN,NaN,NaN,NaN,NaN,NaN,NaN,NaN
9.0,105.0,NaN,NaN,NaN,NaN,NaN,NaN,NaN,NaN,NaN,NaN,NaN,NaN,NaN,NaN,NaN,NaN
9.0,110.0,NaN,NaN,NaN,NaN,NaN,NaN,NaN,NaN,NaN,NaN,NaN,NaN,NaN,NaN,NaN,NaN
9.0,115.0,NaN,NaN,NaN,NaN,NaN,NaN,NaN,NaN,NaN,NaN,NaN,NaN,NaN,NaN,NaN,NaN
9.0,120.0,NaN,NaN,NaN,NaN,NaN,NaN,NaN,NaN,NaN,NaN,NaN,NaN,NaN,NaN,NaN,NaN
9.0,125.0,NaN,NaN,NaN,NaN,NaN,NaN,NaN,NaN,NaN,NaN,NaN,NaN,NaN,NaN,NaN,NaN
10.0,0.0,NaN,3.285251,3.3278,3.483848,3.3049889,3.3029864,3.2589314,3.2549214,3.2309299,3.3315048,3.323438,3.1033354,3.224163,3.286618,3.1656559,NaN
10.0,5.0,3.015473,3.199274,3.460564,3.717812,3.275877,3.3815284,3.200496,3.1935055,3.134884,3.5244741,3.527983,3.1130602,3.2666934,3.5506756,3.325181,NaN
10.0,10.0,3.344523,3.1563268,3.754715,3.9322488,3.3456528,3.7474031,3.1569948,3.138013,3.147467,3.6604505,3.7288795,3.2312062,3.3153703,3.5991237,3.586076,3.4467409
10.0,15.0,3.891634,3.1307569,3.5915942,4.1062446,3.4858365,4.1101813,3.135209,3.1087418,3.2342174,3.7474902,3.8713982,3.4379823,3.3743782,3.8715847,3.8791635,3.6620626
10.0,20.0,3.8798058,3.141259,3.6909108,4.254622,3.5994625,4.10614,3.1416674,3.130709,3.3506083,3.6714127,3.9016218,3.5112085,3.470125,3.9557736,4.1165686,3.8192027
10.0,25.0,3.9395304,3.1463602,3.7348213,4.376894,NaN,4.170133,3.1634362,3.148298,3.497818,3.8139486,3.9802327,3.7507286,3.5901659,4.0938344,4.149149,3.9157205
10.0,30.0,3.9305084,3.1777978,3.9021175,4.4817834,NaN,4.4057627,3.153494,3.200453,3.607739,3.8397036,4.0984335,3.75387,3.6479585,4.2860875,4.2046714,4.0505733
10.0,35.0,4.065353,3.2229104,3.9881132,4.663253,NaN,4.4629455,3.211878,3.205247,3.6040947,3.8775084,4.134173,3.8321037,3.6353376,NaN,NaN,4.2070966
10.0,40.0,4.148584,3.1906662,NaN,4.677621,NaN,4.5878463,NaN,3.1636794,3.6841757,4.035704,4.26628,3.744861,NaN,NaN,NaN,4.234462
10.0,45.0,4.252248,3.255745,NaN,NaN,NaN,4.577753,NaN,3.3337586,3.696075,4.14256,4.3359995,NaN,NaN,NaN,NaN,4.2640867
10.0,50.0,4.251271,3.33433,NaN,NaN,NaN,4.6299105,NaN,3.368061,3.811649,4.151955,NaN,NaN,NaN,NaN,NaN,4.3121295
10.0,55.0,4.2712736,3.4964778,NaN,NaN,NaN,4.693018,NaN,NaN,3.9217134,4.3884296,NaN,NaN,NaN,NaN,NaN,4.340396
10.0,60.0,4.311134,NaN,NaN,NaN,NaN,4.7198215,NaN,NaN,NaN,NaN,NaN,NaN,NaN,NaN,NaN,4.3630943
10.0,65.0,4.361654,NaN,NaN,NaN,NaN,4.7144833,NaN,NaN,NaN,NaN,NaN,NaN,NaN,NaN,NaN,4.418868
10.0,70.0,4.33306,NaN,NaN,NaN,NaN,4.7326922,NaN,NaN,NaN,NaN,NaN,NaN,NaN,NaN,NaN,4.481799
10.0,75.0,NaN,NaN,NaN,NaN,NaN,4.741568,NaN,NaN,NaN,NaN,NaN,NaN,NaN,NaN,NaN,4.4167347
10.0,80.0,NaN,NaN,NaN,NaN,NaN,4.7511406,NaN,NaN,NaN,NaN,NaN,NaN,NaN,NaN,NaN,4.419887
10.0,85.0,NaN,NaN,NaN,NaN,NaN,4.7608137,NaN,NaN,NaN,NaN,NaN,NaN,NaN,NaN,NaN,4.4241595
10.0,90.0,NaN,NaN,NaN,NaN,NaN,4.7625656,NaN,NaN,NaN,NaN,NaN,NaN,NaN,NaN,NaN,4.4501348
10.0,95.0,NaN,NaN,NaN,NaN,NaN,4.7668805,NaN,NaN,NaN,NaN,NaN,NaN,NaN,NaN,NaN,4.4578156
10.0,100.0,NaN,NaN,NaN,NaN,NaN,4.797629,NaN,NaN,NaN,NaN,NaN,NaN,NaN,NaN,NaN,NaN
10.0,105.0,NaN,NaN,NaN,NaN,NaN,NaN,NaN,NaN,NaN,NaN,NaN,NaN,NaN,NaN,NaN,NaN
10.0,110.0,NaN,NaN,NaN,NaN,NaN,NaN,NaN,NaN,NaN,NaN,NaN,NaN,NaN,NaN,NaN,NaN
10.0,115.0,NaN,NaN,NaN,NaN,NaN,NaN,NaN,NaN,NaN,NaN,NaN,NaN,NaN,NaN,NaN,NaN
10.0,120.0,NaN,NaN,NaN,NaN,NaN,NaN,NaN,NaN,NaN,NaN,NaN,NaN,NaN,NaN,NaN,NaN
10.0,125.0,NaN,NaN,NaN,NaN,NaN,NaN,NaN,NaN,NaN,NaN,NaN,NaN,NaN,NaN,NaN,NaN
11.0,0.0,NaN,3.2896616,3.324265,3.4937456,3.2972908,3.3182352,3.2680144,3.2911708,3.2283633,3.324826,3.330038,3.1392179,3.2236717,3.323587,3.1540034,NaN
11.0,5.0,3.0163827,3.2413034,3.457729,3.796459,3.2725372,3.44519,3.2151575,3.1945457,3.1444159,3.4669182,3.5764081,3.2187388,3.2638547,3.5570216,3.2994654,NaN
11.0,10.0,3.3260846,3.1135368,3.5754836,3.9084551,3.4062374,3.6366217,3.1468866,3.1334698,3.1384351,3.6135592,3.8291423,3.3649821,3.3181815,3.732473,3.5715792,3.4909964
11.0,15.0,3.9326499,3.1297388,3.623365,4.1469,3.5446823,4.0481877,3.1256106,3.1166866,3.24216,3.7846742,3.8372653,3.4946063,3.377573,3.749846,3.8324172,3.6897352
11.0,20.0,3.9039848,3.1388154,3.7429023,4.273662,3.901074,4.04463,3.141799,3.1279495,3.3729608,3.8218274,3.9357862,3.635094,3.471582,3.9697838,4.0751104,3.8224547
11.0,25.0,3.985858,3.1481814,3.7547836,4.3798656,NaN,4.2462325,3.171911,3.1754847,3.4338644,3.8027925,4.0550485,3.6593695,3.6238635,4.250864,4.1671042,3.9778543
11.0,30.0,3.9305763,3.1760561,3.8700912,4.5332003,NaN,4.478777,3.192713,3.2081265,3.5221221,3.8867927,4.1422777,3.7611825,3.684636,4.2125144,4.2000856,4.075336
11.0,35.0,4.062238,3.204594,3.9854608,4.6455083,NaN,4.412948,3.3402543,3.2046983,3.6767998,3.9355159,4.1525364,3.6889431,3.7209458,NaN,NaN,4.2024384
11.0,40.0,4.1454444,3.1981819,NaN,4.684927,NaN,4.499014,NaN,3.2251782,3.6351402,3.96333,4.2878404,3.7842774,NaN,NaN,NaN,4.239681
11.0,45.0,4.2063556,3.134661,NaN,NaN,NaN,4.652841,NaN,3.265648,3.6806037,4.1029243,4.3865576,NaN,NaN,NaN,NaN,4.272841
11.0,50.0,4.2394776,3.2888978,NaN,NaN,NaN,4.5355043,NaN,3.353374,3.7405634,4.1851225,NaN,NaN,NaN,NaN,NaN,4.315898
11.0,55.0,4.2817817,3.3863184,NaN,NaN,NaN,4.6899943,NaN,NaN,3.9124253,4.318842,NaN,NaN,NaN,NaN,NaN,4.33766
11.0,60.0,4.308613,NaN,NaN,NaN,NaN,4.7315907,NaN,NaN,NaN,5.182909,NaN,NaN,NaN,NaN,NaN,4.3655224
11.0,65.0,4.3219976,NaN,NaN,NaN,NaN,4.705088,NaN,NaN,NaN,NaN,NaN,NaN,NaN,NaN,NaN,4.4087963
11.0,70.0,4.3875194,NaN,NaN,NaN,NaN,4.7350984,NaN,NaN,NaN,NaN,NaN,NaN,NaN,NaN,NaN,4.445276
11.0,75.0,NaN,NaN,NaN,NaN,NaN,4.737576,NaN,NaN,NaN,NaN,NaN,NaN,NaN,NaN,NaN,4.4640384
11.0,80.0,NaN,NaN,NaN,NaN,NaN,4.7656984,NaN,NaN,NaN,NaN,NaN,NaN,NaN,NaN,NaN,4.467292
11.0,85.0,NaN,NaN,NaN,NaN,NaN,4.7861423,NaN,NaN,NaN,NaN,NaN,NaN,NaN,NaN,NaN,4.4398685
11.0,90.0,NaN,NaN,NaN,NaN,NaN,4.738167,NaN,NaN,NaN,NaN,NaN,NaN,NaN,NaN,NaN,4.4701576
11.0,95.0,NaN,NaN,NaN,NaN,NaN,4.766251,NaN,NaN,NaN,NaN,NaN,NaN,NaN,NaN,NaN,4.464211
11.0,100.0,NaN,NaN,NaN,NaN,NaN,4.78718,NaN,NaN,NaN,NaN,NaN,NaN,NaN,NaN,NaN,NaN
11.0,105.0,NaN,NaN,NaN,NaN,NaN,NaN,NaN,NaN,NaN,NaN,NaN,NaN,NaN,NaN,NaN,NaN
11.0,110.0,NaN,NaN,NaN,NaN,NaN,NaN,NaN,NaN,NaN,NaN,NaN,NaN,NaN,NaN,NaN,NaN
11.0,115.0,NaN,NaN,NaN,NaN,NaN,NaN,NaN,NaN,NaN,NaN,NaN,NaN,NaN,NaN,NaN,NaN
11.0,120.0,NaN,NaN,NaN,NaN,NaN,NaN,NaN,NaN,NaN,NaN,NaN,NaN,NaN,NaN,NaN,NaN
11.0,125.0,NaN,NaN,NaN,NaN,NaN,NaN,NaN,NaN,NaN,NaN,NaN,NaN,NaN,NaN,NaN,NaN
12.0,0.0,NaN,3.3094301,3.3350255,3.4705021,3.2804658,3.3101518,3.2584746,3.2739365,3.2277696,3.3317065,3.3217814,3.0887294,3.220849,3.2686615,3.1665409,NaN
12.0,5.0,3.0142694,3.2221677,3.3837266,3.804143,3.265032,3.5563812,3.2057369,3.1987484,3.14639,3.5075936,3.5538244,3.1988175,3.268157,3.5992928,3.3354025,NaN
12.0,10.0,3.307407,3.1493726,3.496496,3.9179883,3.4478576,3.9094656,3.1604645,3.1341581,3.1757646,3.6161034,3.7349787,3.3361962,3.3337626,3.7620254,3.573186,3.4770358
12.0,15.0,3.9243972,3.1029954,3.6078286,4.165976,3.5735624,3.976023,3.1276636,3.1130326,3.2462327,3.6361368,3.881606,3.4732862,3.3628676,3.925359,3.8380432,3.6915374
12.0,20.0,3.809201,3.1095831,3.7581074,4.3308806,3.757304,4.010634,3.1547508,3.1371586,3.402503,3.7806633,3.9585917,3.6067607,3.4657714,4.0096693,4.1113105,3.872628
12.0,25.0,3.9338906,3.149141,3.8193552,4.418843,NaN,4.37944,3.16944,3.162755,3.5175383,3.7840536,4.036288,3.662415,3.6198032,4.07725,4.1840577,3.9659095
12.0,30.0,3.965339,3.1817617,3.8463073,4.5275574,NaN,4.3614726,3.148307,3.2175102,3.6080563,3.92116,4.136177,3.7896519,3.6593468,4.226028,4.301505,4.087465
12.0,35.0,4.079502,3.172976,3.9536128,4.665244,NaN,4.498384,3.1171098,3.2066894,3.712535,3.9819045,4.2498236,3.8621564,3.6947181,NaN,NaN,4.2112765
12.0,40.0,4.1625056,3.1564283,NaN,4.699874,NaN,4.6157846,NaN,3.2118018,3.7117515,4.023457,4.2980576,3.8306825,NaN,NaN,NaN,4.2346077
12.0,45.0,4.184714,3.2079206,NaN,NaN,NaN,4.633119,NaN,3.1891263,3.6935947,4.1498523,4.3423243,NaN,NaN,NaN,NaN,4.263895
12.0,50.0,4.226055,3.4823492,NaN,NaN,NaN,4.6295495,NaN,3.4022675,3.792759,4.179509,NaN,NaN,NaN,NaN,NaN,4.316874
12.0,55.0,4.2789164,NaN,NaN,NaN,NaN,4.702867,NaN,NaN,3.9672084,4.2196937,NaN,NaN,NaN,NaN,NaN,4.327726
12.0,60.0,4.304682,NaN,NaN,NaN,NaN,4.7463303,NaN,NaN,3.7106555,4.015273,NaN,NaN,NaN,NaN,NaN,4.3645372
12.0,65.0,4.321303,NaN,NaN,NaN,NaN,4.7268386,NaN,NaN,NaN,NaN,NaN,NaN,NaN,NaN,NaN,4.396587
12.0,70.0,4.3027444,NaN,NaN,NaN,NaN,4.7509747,NaN,NaN,NaN,NaN,NaN,NaN,NaN,NaN,NaN,4.432544
12.0,75.0,NaN,NaN,NaN,NaN,NaN,4.767335,NaN,NaN,NaN,NaN,NaN,NaN,NaN,NaN,NaN,4.514153
12.0,80.0,NaN,NaN,NaN,NaN,NaN,4.741476,NaN,NaN,NaN,NaN,NaN,NaN,NaN,NaN,NaN,4.418731
12.0,85.0,NaN,NaN,NaN,NaN,NaN,4.7894387,NaN,NaN,NaN,NaN,NaN,NaN,NaN,NaN,NaN,4.454426
12.0,90.0,NaN,NaN,NaN,NaN,NaN,4.802584,NaN,NaN,NaN,NaN,NaN,NaN,NaN,NaN,NaN,4.4561915
12.0,95.0,NaN,NaN,NaN,NaN,NaN,4.8120656,NaN,NaN,NaN,NaN,NaN,NaN,NaN,NaN,NaN,4.464317
12.0,100.0,NaN,NaN,NaN,NaN,NaN,4.7573605,NaN,NaN,NaN,NaN,NaN,NaN,NaN,NaN,NaN,NaN
12.0,105.0,NaN,NaN,NaN,NaN,NaN,NaN,NaN,NaN,NaN,NaN,NaN,NaN,NaN,NaN,NaN,NaN
12.0,110.0,NaN,NaN,NaN,NaN,NaN,NaN,NaN,NaN,NaN,NaN,NaN,NaN,NaN,NaN,NaN,NaN
12.0,115.0,NaN,NaN,NaN,NaN,NaN,NaN,NaN,NaN,NaN,NaN,NaN,NaN,NaN,NaN,NaN,NaN
12.0,120.0,NaN,NaN,NaN,NaN,NaN,NaN,NaN,NaN,NaN,NaN,NaN,NaN,NaN,NaN,NaN,NaN
12.0,125.0,NaN,NaN,NaN,NaN,NaN,NaN,NaN,NaN,NaN,NaN,NaN,NaN,NaN,NaN,NaN,NaN
13.0,0.0,NaN,3.284355,3.3347893,3.4659035,3.2630053,3.3614411,3.2630832,3.2863383,3.231136,3.326337,3.3316605,3.1453192,3.2193775,3.313738,3.1642687,NaN
13.0,5.0,3.0107,3.2421045,3.4138513,3.7612445,3.2766647,3.6089132,3.2063408,3.1938758,3.1435795,3.4408364,3.49665,3.1661499,3.2722847,3.6462388,3.3128085,NaN
13.0,10.0,3.3689728,3.1124806,3.5727258,3.8678439,3.4316342,3.8095193,3.1483772,3.1323895,3.1240008,3.6880713,3.7970104,3.2141035,3.320605,3.6950002,3.604327,3.5190258
13.0,15.0,3.915746,3.1088436,3.5521038,4.1110983,3.5800314,4.081595,3.1341124,3.1118038,3.25292,3.7046316,3.83189,3.3952224,3.3792026,3.9852948,3.854431,3.7280242
13.0,20.0,3.8750038,3.105311,3.678101,4.2926903,3.694794,4.2479258,3.1520503,3.1389503,3.3933895,3.7550676,3.9022515,3.5078275,3.4662051,4.0570073,4.090254,3.8633037
13.0,25.0,3.9708076,3.1701732,3.8249633,4.383676,NaN,4.332687,3.177416,3.153192,3.4772274,3.9089386,4.034739,3.7043328,3.6272485,4.1817813,4.1660986,3.982675
13.0,30.0,3.9405048,3.1809225,3.8681233,4.526836,NaN,4.43843,3.208991,3.183802,3.5471554,3.9490333,4.129724,3.751747,3.7087538,4.4426994,4.1506515,4.093895
13.0,35.0,4.088878,3.2459316,4.0044737,4.6622205,NaN,4.405377,3.3233967,3.217818,3.6371021,4.008425,4.1911526,3.838918,3.6961749,NaN,NaN,4.179012
13.0,40.0,4.192011,3.231487,NaN,4.6684265,NaN,4.619687,3.3926983,3.3381615,3.6844416,4.055265,4.309481,3.845941,NaN,NaN,NaN,4.247815
13.0,45.0,4.20981,3.2486427,NaN,NaN,NaN,4.621255,NaN,3.3498175,3.6958404,4.1620693,4.3707128,NaN,NaN,NaN,NaN,4.286953
13.0,50.0,4.2508774,3.1108148,NaN,NaN,NaN,4.6289334,NaN,3.5554523,3.8063176,4.196938,NaN,NaN,NaN,NaN,NaN,4.313578
13.0,55.0,4.290229,NaN,NaN,NaN,NaN,4.695027,NaN,NaN,3.8853364,4.2647924,NaN,NaN,NaN,NaN,NaN,4.3493104
13.0,60.0,4.3331165,NaN,NaN,NaN,NaN,4.727517,NaN,NaN,4.0583844,4.172561,NaN,NaN,NaN,NaN,NaN,4.363441
13.0,65.0,4.3208537,NaN,NaN,NaN,NaN,4.743492,NaN,NaN,NaN,NaN,NaN,NaN,NaN,NaN,NaN,4.4069686
13.0,70.0,4.3395796,NaN,NaN,NaN,NaN,4.7658896,NaN,NaN,NaN,NaN,NaN,NaN,NaN,NaN,NaN,4.435047
13.0,75.0,NaN,NaN,NaN,NaN,NaN,4.786385,NaN,NaN,NaN,NaN,NaN,NaN,NaN,NaN,NaN,4.452243
13.0,80.0,NaN,NaN,NaN,NaN,NaN,4.765945,NaN,NaN,NaN,NaN,NaN,NaN,NaN,NaN,NaN,4.4457293
13.0,85.0,NaN,NaN,NaN,NaN,NaN,4.792304,NaN,NaN,NaN,NaN,NaN,NaN,NaN,NaN,NaN,4.453445
13.0,90.0,NaN,NaN,NaN,NaN,NaN,4.8392377,NaN,NaN,NaN,NaN,NaN,NaN,NaN,NaN,NaN,4.463213
13.0,95.0,NaN,NaN,NaN,NaN,NaN,4.8044505,NaN,NaN,NaN,NaN,NaN,NaN,NaN,NaN,NaN,4.4434085
13.0,100.0,NaN,NaN,NaN,NaN,NaN,NaN,NaN,NaN,NaN,NaN,NaN,NaN,NaN,NaN,NaN,NaN
13.0,105.0,NaN,NaN,NaN,NaN,NaN,NaN,NaN,NaN,NaN,NaN,NaN,NaN,NaN,NaN,NaN,NaN
13.0,110.0,NaN,NaN,NaN,NaN,NaN,NaN,NaN,NaN,NaN,NaN,NaN,NaN,NaN,NaN,NaN,NaN
13.0,115.0,NaN,NaN,NaN,NaN,NaN,NaN,NaN,NaN,NaN,NaN,NaN,NaN,NaN,NaN,NaN,NaN
13.0,120.0,NaN,NaN,NaN,NaN,NaN,NaN,NaN,NaN,NaN,NaN,NaN,NaN,NaN,NaN,NaN,NaN
13.0,125.0,NaN,NaN,NaN,NaN,NaN,NaN,NaN,NaN,NaN,NaN,NaN,NaN,NaN,NaN,NaN,NaN
14.0,0.0,NaN,3.309303,3.3299146,3.4469905,3.2954762,3.3071496,3.2655442,3.2864223,3.2397654,3.3161502,3.3241901,3.0663726,3.2271388,3.2568088,3.160737,NaN
14.0,5.0,3.018569,3.1977277,3.3994834,3.807065,3.2588017,3.6260934,3.2148268,3.1959743,3.1470501,3.4125776,3.5380058,3.0368712,3.2611177,3.5646284,3.3086247,NaN
14.0,10.0,3.2990413,3.1330075,3.5718288,3.8868668,3.3750544,3.7032344,3.1455932,3.1382632,3.111727,3.6434686,3.7811685,3.339072,3.326897,3.7127986,3.5642312,3.4684815
14.0,15.0,3.898229,3.1166246,3.4947734,4.1433244,3.5715437,3.9493356,3.139216,3.119106,3.2590523,3.7987986,3.866933,3.434674,3.3777885,3.889396,3.805423,3.7060604
14.0,20.0,3.876154,3.1151428,3.7359622,4.2604823,3.5562243,4.0544877,3.1362948,3.1267152,3.2548609,3.7736135,3.8894222,3.6241064,3.4501607,3.967114,4.0796514,3.8390431
14.0,25.0,3.9796102,3.1132295,3.8071797,4.4178452,NaN,4.3267045,3.1499727,3.1387496,3.5330002,3.8996959,4.0347323,3.656112,3.6022437,4.2972393,4.182654,3.9665358
14.0,30.0,3.942375,3.115768,3.8895538,4.478314,NaN,4.3170686,3.1637866,3.1358874,3.5480347,3.9519103,4.0909214,3.709075,3.7140892,4.3521647,4.3151727,4.0914164
14.0,35.0,4.0459776,3.17225,3.9030519,4.6614475,NaN,4.4869027,3.2912626,3.1740787,3.6053257,3.990859,4.174445,3.7146118,3.6806579,NaN,NaN,4.2126465
14.0,40.0,4.141475,3.1797495,NaN,4.667255,NaN,4.5362782,NaN,3.1765823,3.7203748,4.108141,4.332632,3.7374518,NaN,NaN,NaN,4.229464
14.0,45.0,4.2233725,3.2433968,NaN,NaN,NaN,4.630835,NaN,3.228696,3.7032838,4.128212,4.353201,NaN,NaN,NaN,NaN,4.2693295
14.0,50.0,4.260092,3.5071375,NaN,NaN,NaN,4.5580974,NaN,3.463288,3.7591326,4.163549,NaN,NaN,NaN,NaN,NaN,4.302318
14.0,55.0,4.2787476,NaN,NaN,NaN,NaN,4.639541,NaN,NaN,3.8299959,4.2702475,NaN,NaN,NaN,NaN,NaN,4.3379498
14.0,60.0,4.3061323,NaN,NaN,NaN,NaN,4.688532,NaN,NaN,3.9777431,4.217958,NaN,NaN,NaN,NaN,NaN,4.3672385
14.0,65.0,4.3305244,NaN,NaN,NaN,NaN,4.7351484,NaN,NaN,NaN,NaN,NaN,NaN,NaN,NaN,NaN,4.379337
14.0,70.0,4.3167152,NaN,NaN,NaN,NaN,4.7584667,NaN,NaN,NaN,NaN,NaN,NaN,NaN,NaN,NaN,4.419328
14.0,75.0,NaN,NaN,NaN,NaN,NaN,4.751746,NaN,NaN,NaN,NaN,NaN,NaN,NaN,NaN,NaN,4.443464
14.0,80.0,NaN,NaN,NaN,NaN,NaN,4.799546,NaN,NaN,NaN,NaN,NaN,NaN,NaN,NaN,NaN,4.474885
14.0,85.0,NaN,NaN,NaN,NaN,NaN,4.8107696,NaN,NaN,NaN,NaN,NaN,NaN,NaN,NaN,NaN,4.466717
14.0,90.0,NaN,NaN,NaN,NaN,NaN,4.7972,NaN,NaN,NaN,NaN,NaN,NaN,NaN,NaN,NaN,4.4536376
14.0,95.0,NaN,NaN,NaN,NaN,NaN,4.7729626,NaN,NaN,NaN,NaN,NaN,NaN,NaN,NaN,NaN,4.6011944
14.0,100.0,NaN,NaN,NaN,NaN,NaN,NaN,NaN,NaN,NaN,NaN,NaN,NaN,NaN,NaN,NaN,NaN
14.0,105.0,NaN,NaN,NaN,NaN,NaN,NaN,NaN,NaN,NaN,NaN,NaN,NaN,NaN,NaN,NaN,NaN
14.0,110.0,NaN,NaN,NaN,NaN,NaN,NaN,NaN,NaN,NaN,NaN,NaN,NaN,NaN,NaN,NaN,NaN
14.0,115.0,NaN,NaN,NaN,NaN,NaN,NaN,NaN,NaN,NaN,NaN,NaN,NaN,NaN,NaN,NaN,NaN
14.0,120.0,NaN,NaN,NaN,NaN,NaN,NaN,NaN,NaN,NaN,NaN,NaN,NaN,NaN,NaN,NaN,NaN
14.0,125.0,NaN,NaN,NaN,NaN,NaN,NaN,NaN,NaN,NaN,NaN,NaN,NaN,NaN,NaN,NaN,NaN
15.0,0.0,NaN,3.3056602,3.3116539,3.4268453,3.3039172,3.311328,3.2579377,3.2574315,3.2210622,3.3038936,3.3208683,3.0897703,3.2276435,3.2934191,3.1526594,NaN
15.0,5.0,3.0164247,3.2348452,3.350616,3.7539847,3.2605941,3.433096,3.2068188,3.2003624,3.1543746,3.4742653,3.5336223,3.2076962,3.2623615,3.49239,3.3188148,NaN
15.0,10.0,3.283066,3.133367,3.4578094,3.9656074,3.3542714,3.852733,3.1453345,3.132131,3.1141367,3.4995928,3.7774515,3.3388796,3.3206291,3.6197178,3.5852308,3.4629087
15.0,15.0,3.9151285,3.1249948,3.5424402,4.135689,3.6128855,3.996659,3.127936,3.115742,3.2179322,3.6844907,3.8624718,3.6343584,3.357822,3.7991014,3.8399541,3.6813326
15.0,20.0,3.854341,3.1057084,3.6663568,4.300762,3.6238034,4.1080365,3.1330967,3.117816,3.2573402,3.7845464,3.8857915,3.7374737,3.4479883,4.0248823,4.102269,3.8087828
15.0,25.0,3.9000046,3.120963,3.8974056,4.4283834,NaN,4.1525126,3.133528,3.1242926,3.4755788,3.8070717,4.018077,3.7693243,3.5873141,4.145753,4.1679535,3.9797568
15.0,30.0,3.9740899,3.148668,3.8655128,4.472874,NaN,4.4213295,3.1738224,3.1308324,3.5774841,3.923239,4.0838685,3.7244492,3.6760836,4.3437295,4.200056,4.094083
15.0,35.0,4.082784,3.1665976,3.9944627,4.646976,NaN,4.546603,3.1172023,3.1710951,3.634492,3.9846964,4.186559,3.768965,3.7688715,NaN,NaN,4.202336
15.0,40.0,4.147468,3.2274468,NaN,4.6864414,NaN,4.5247016,NaN,3.2277272,3.6214423,4.027948,4.3860593,3.7706814,NaN,NaN,NaN,4.2467065
15.0,45.0,4.1813254,3.1939688,NaN,NaN,NaN,4.657466,NaN,3.112349,3.7230425,4.1240726,4.391989,NaN,NaN,NaN,NaN,4.2452774
15.0,50.0,4.265523,3.4373472,NaN,NaN,NaN,4.6513004,NaN,3.4438663,3.752538,4.178473,NaN,NaN,NaN,NaN,NaN,4.311061
15.0,55.0,4.2883606,NaN,NaN,NaN,NaN,4.7104545,NaN,3.695532,3.9682164,4.2679696,NaN,NaN,NaN,NaN,NaN,4.351521
15.0,60.0,4.2741175,NaN,NaN,NaN,NaN,4.680395,NaN,NaN,3.9410453,4.431909,NaN,NaN,NaN,NaN,NaN,4.3684754
15.0,65.0,4.314037,NaN,NaN,NaN,NaN,4.723025,NaN,NaN,NaN,NaN,NaN,NaN,NaN,NaN,NaN,4.387775
15.0,70.0,4.363628,NaN,NaN,NaN,NaN,4.7513633,NaN,NaN,NaN,NaN,NaN,NaN,NaN,NaN,NaN,4.410259
15.0,75.0,NaN,NaN,NaN,NaN,NaN,4.782875,NaN,NaN,NaN,NaN,NaN,NaN,NaN,NaN,NaN,4.4367924
15.0,80.0,NaN,NaN,NaN,NaN,NaN,4.7740526,NaN,NaN,NaN,NaN,NaN,NaN,NaN,NaN,NaN,4.5022635
15.0,85.0,NaN,NaN,NaN,NaN,NaN,4.8004255,NaN,NaN,NaN,NaN,NaN,NaN,NaN,NaN,NaN,4.440831
15.0,90.0,NaN,NaN,NaN,NaN,NaN,4.801299,NaN,NaN,NaN,NaN,NaN,NaN,NaN,NaN,NaN,4.438391
15.0,95.0,NaN,NaN,NaN,NaN,NaN,4.801732,NaN,NaN,NaN,NaN,NaN,NaN,NaN,NaN,NaN,NaN
15.0,100.0,NaN,NaN,NaN,NaN,NaN,NaN,NaN,NaN,NaN,NaN,NaN,NaN,NaN,NaN,NaN,NaN
15.0,105.0,NaN,NaN,NaN,NaN,NaN,NaN,NaN,NaN,NaN,NaN,NaN,NaN,NaN,NaN,NaN,NaN
15.0,110.0,NaN,NaN,NaN,NaN,NaN,NaN,NaN,NaN,NaN,NaN,NaN,NaN,NaN,NaN,NaN,NaN
15.0,115.0,NaN,NaN,NaN,NaN,NaN,NaN,NaN,NaN,NaN,NaN,NaN,NaN,NaN,NaN,NaN,NaN
15.0,120.0,NaN,NaN,NaN,NaN,NaN,NaN,NaN,NaN,NaN,NaN,NaN,NaN,NaN,NaN,NaN,NaN
15.0,125.0,NaN,NaN,NaN,NaN,NaN,NaN,NaN,NaN,NaN,NaN,NaN,NaN,NaN,NaN,NaN,NaN
16.0,0.0,NaN,3.3054519,3.3350625,3.449424,3.2926762,3.3155968,3.2631173,3.2830062,3.229859,3.3164594,3.3191748,3.1022346,3.226211,3.2752771,3.1490767,NaN
16.0,5.0,3.011509,3.2260208,3.4256248,3.7390308,3.2695997,3.4473855,3.2085452,3.2011182,3.1509907,3.4436462,3.5356796,3.1106308,3.2662468,3.5149672,3.2932904,NaN
16.0,10.0,3.3281956,3.1089468,3.5746748,3.891784,3.3948982,3.9149632,3.1474009,3.1325586,3.1135821,3.6090508,3.7671604,3.2630675,3.3075697,3.6267295,3.5610964,3.49637
16.0,15.0,3.8867598,3.1078606,3.5323935,4.12366,3.6165802,3.9527543,3.1318145,3.1083095,3.1182303,3.7196069,3.8452175,3.4221542,3.3748043,3.8099272,3.890798,3.6930285
16.0,20.0,3.974985,3.1168745,3.6895256,4.2858005,3.5239017,4.184601,3.1304243,3.114414,3.2895043,3.8163095,3.97749,3.5311797,3.441273,4.0217457,4.0706134,3.871466
16.0,25.0,3.963968,3.1052763,3.8623583,4.420075,NaN,4.4305882,3.1389427,3.1117613,3.4518943,3.9059525,4.0227547,3.6850421,3.545498,4.089895,4.1723647,3.9252656
16.0,30.0,3.896666,3.1348631,3.8980193,4.4922934,NaN,4.493866,3.137965,3.1290739,3.5593905,3.854643,4.0523787,3.6887045,3.6148207,4.267736,4.156132,4.0763125
16.0,35.0,4.0523896,3.1548727,3.9076488,4.643769,NaN,4.515764,3.1477616,3.162338,3.6503234,3.9129581,4.173589,3.7904062,3.7253103,NaN,NaN,4.2113338
16.0,40.0,4.1670527,3.2024295,NaN,NaN,NaN,4.582838,NaN,3.1390958,3.6591258,4.040827,4.2599883,3.8881743,NaN,NaN,NaN,4.2339306
16.0,45.0,4.207863,3.202268,NaN,NaN,NaN,4.691585,NaN,3.2657137,3.698119,4.110937,4.3694963,4.203287,NaN,NaN,NaN,4.2637258
16.0,50.0,4.2012086,3.3774607,NaN,NaN,NaN,4.599771,NaN,3.4100177,3.7541997,4.2739897,NaN,NaN,NaN,NaN,NaN,4.2765923
16.0,55.0,4.2749267,NaN,NaN,NaN,NaN,4.8132625,NaN,3.3727841,3.9335296,4.3181486,NaN,NaN,NaN,NaN,NaN,4.331301
16.0,60.0,4.3039584,NaN,NaN,NaN,NaN,4.6933227,NaN,NaN,3.969191,4.1317534,NaN,NaN,NaN,NaN,NaN,4.3712063
16.0,65.0,4.3025637,NaN,NaN,NaN,NaN,4.719085,NaN,NaN,NaN,NaN,NaN,NaN,NaN,NaN,NaN,4.3890595
16.0,70.0,4.3283963,NaN,NaN,NaN,NaN,4.7405972,NaN,NaN,NaN,NaN,NaN,NaN,NaN,NaN,NaN,4.3988686
16.0,75.0,NaN,NaN,NaN,NaN,NaN,4.7709494,NaN,NaN,NaN,NaN,NaN,NaN,NaN,NaN,NaN,4.42205
16.0,80.0,NaN,NaN,NaN,NaN,NaN,4.7946105,NaN,NaN,NaN,NaN,NaN,NaN,NaN,NaN,NaN,4.449244
16.0,85.0,NaN,NaN,NaN,NaN,NaN,4.7684064,NaN,NaN,NaN,NaN,NaN,NaN,NaN,NaN,NaN,4.445429
16.0,90.0,NaN,NaN,NaN,NaN,NaN,4.8124156,NaN,NaN,NaN,NaN,NaN,NaN,NaN,NaN,NaN,4.4328914
16.0,95.0,NaN,NaN,NaN,NaN,NaN,4.8312635,NaN,NaN,NaN,NaN,NaN,NaN,NaN,NaN,NaN,NaN
16.0,100.0,NaN,NaN,NaN,NaN,NaN,NaN,NaN,NaN,NaN,NaN,NaN,NaN,NaN,NaN,NaN,NaN
16.0,105.0,NaN,NaN,NaN,NaN,NaN,NaN,NaN,NaN,NaN,NaN,NaN,NaN,NaN,NaN,NaN,NaN
16.0,110.0,NaN,NaN,NaN,NaN,NaN,NaN,NaN,NaN,NaN,NaN,NaN,NaN,NaN,NaN,NaN,NaN
16.0,115.0,NaN,NaN,NaN,NaN,NaN,NaN,NaN,NaN,NaN,NaN,NaN,NaN,NaN,NaN,NaN,NaN
16.0,120.0,NaN,NaN,NaN,NaN,NaN,NaN,NaN,NaN,NaN,NaN,NaN,NaN,NaN,NaN,NaN,NaN
16.0,125.0,NaN,NaN,NaN,NaN,NaN,NaN,NaN,NaN,NaN,NaN,NaN,NaN,NaN,NaN,NaN,NaN
17.0,0.0,NaN,3.2918074,3.340827,3.494942,3.3011994,3.327276,3.2643557,3.2737086,3.2305992,3.3214529,3.3284268,3.1187296,3.2266157,3.2649906,3.1654887,NaN
17.0,5.0,3.0221748,3.2259796,3.430949,3.7330952,3.2697527,3.5003467,3.202224,3.1991854,3.1412516,3.4990613,3.5212805,3.1466715,3.2630186,3.5061026,3.3075175,NaN
17.0,10.0,3.3466244,3.1272898,3.4044526,3.9139361,3.3905761,4.075079,3.1375198,3.1312294,3.1101625,3.5749435,3.7460654,3.2776139,3.3177068,3.6459303,3.6095474,3.4783943
17.0,15.0,3.892519,3.120762,3.5044653,4.156359,3.5601618,3.840235,3.1258855,3.1082242,3.1834888,3.6850863,3.9110298,3.396044,3.3600874,3.7970617,3.8755832,3.6859818
17.0,20.0,3.9006553,3.1092272,3.661783,4.341643,3.5595963,4.196698,3.1540682,3.1196928,3.2545166,3.78911,3.9435616,3.6115546,3.433579,3.9813716,4.0199428,3.872261
17.0,25.0,3.960664,3.1100779,3.9034657,4.399607,NaN,4.230421,3.1427867,3.1222372,3.4841783,3.9443064,3.98088,3.6080384,3.566617,4.3425,4.1750717,3.9680192
17.0,30.0,3.9607935,3.1393867,3.9074113,4.588741,NaN,4.362419,3.1196685,3.1321127,3.6108344,3.9794786,4.134043,3.7588184,3.6557286,4.429889,4.1578727,4.0818677
17.0,35.0,4.0984774,3.1599638,3.9833038,4.662111,NaN,4.468153,3.1039224,3.1438067,3.631523,4.0107846,4.1704288,3.8811038,3.7248845,NaN,NaN,4.1923065
17.0,40.0,4.179415,3.2408643,NaN,NaN,NaN,4.5510683,NaN,3.221012,3.6779983,4.0519133,4.3168383,3.8446956,NaN,NaN,NaN,4.2348585
17.0,45.0,4.2332206,3.21132,NaN,NaN,NaN,4.5985084,NaN,3.1002162,3.7260098,4.1747174,4.318289,4.0098367,NaN,NaN,NaN,4.2897625
17.0,50.0,4.243192,3.2553885,NaN,NaN,NaN,4.6000166,NaN,3.4659114,3.7524188,4.228026,4.3851376,NaN,NaN,NaN,NaN,4.318307
17.0,55.0,4.2744117,NaN,NaN,NaN,NaN,4.9123225,NaN,3.3807166,3.85175,4.285597,NaN,NaN,NaN,NaN,NaN,4.325795
17.0,60.0,4.320842,NaN,NaN,NaN,NaN,4.6862655,NaN,NaN,3.7622054,4.405674,NaN,NaN,NaN,NaN,NaN,4.364087
17.0,65.0,4.3369536,NaN,NaN,NaN,NaN,4.6992164,NaN,NaN,NaN,NaN,NaN,NaN,NaN,NaN,NaN,4.399559
17.0,70.0,4.352256,NaN,NaN,NaN,NaN,4.746744,NaN,NaN,NaN,NaN,NaN,NaN,NaN,NaN,NaN,4.4141064
17.0,75.0,NaN,NaN,NaN,NaN,NaN,4.7482553,NaN,NaN,NaN,NaN,NaN,NaN,NaN,NaN,NaN,4.430515
17.0,80.0,NaN,NaN,NaN,NaN,NaN,4.7807326,NaN,NaN,NaN,NaN,NaN,NaN,NaN,NaN,NaN,4.437829
17.0,85.0,NaN,NaN,NaN,NaN,NaN,4.785736,NaN,NaN,NaN,NaN,NaN,NaN,NaN,NaN,NaN,4.445562
17.0,90.0,NaN,NaN,NaN,NaN,NaN,4.8407273,NaN,NaN,NaN,NaN,NaN,NaN,NaN,NaN,NaN,4.4426546
17.0,95.0,NaN,NaN,NaN,NaN,NaN,NaN,NaN,NaN,NaN,NaN,NaN,NaN,NaN,NaN,NaN,NaN
17.0,100.0,NaN,NaN,NaN,NaN,NaN,NaN,NaN,NaN,NaN,NaN,NaN,NaN,NaN,NaN,NaN,NaN
17.0,105.0,NaN,NaN,NaN,NaN,NaN,NaN,NaN,NaN,NaN,NaN,NaN,NaN,NaN,NaN,NaN,NaN
17.0,110.0,NaN,NaN,NaN,NaN,NaN,NaN,NaN,NaN,NaN,NaN,NaN,NaN,NaN,NaN,NaN,NaN
17.0,115.0,NaN,NaN,NaN,NaN,NaN,NaN,NaN,NaN,NaN,NaN,NaN,NaN,NaN,NaN,NaN,NaN
17.0,120.0,NaN,NaN,NaN,NaN,NaN,NaN,NaN,NaN,NaN,NaN,NaN,NaN,NaN,NaN,NaN,NaN
17.0,125.0,NaN,NaN,NaN,NaN,NaN,NaN,NaN,NaN,NaN,NaN,NaN,NaN,NaN,NaN,NaN,NaN
18.0,0.0,NaN,3.2962804,3.3296561,3.4309967,3.3130755,3.2926142,3.2687023,3.2940419,3.2328281,3.3352895,3.3232071,3.117175,3.2211282,3.2922633,3.1611006,NaN
18.0,5.0,3.011403,3.2315361,3.4205573,3.794205,3.2720623,3.375338,3.2008643,3.2018728,3.1372318,3.5110416,3.5081549,3.155148,3.2649364,3.5353754,3.2813954,NaN
18.0,10.0,3.3432126,3.1035295,3.6031468,3.9442852,3.377755,3.8395658,3.1430907,3.12673,3.1368282,3.6069353,3.7825477,3.2407494,3.3023872,3.694102,3.6065614,3.489175
18.0,15.0,3.9115038,3.1257741,3.6357832,4.1365504,3.4942343,4.214246,3.1264853,3.108362,3.183989,3.6937685,3.8456106,3.4388611,3.3528228,3.9131515,3.8409615,3.7006948
18.0,20.0,3.8798602,3.122254,3.67824,4.269587,3.7420456,4.158229,3.1366065,3.1152058,3.2873702,3.8046122,3.9819655,3.565315,3.442645,4.0290704,4.110277,3.8605697
18.0,25.0,3.9472423,3.1161277,3.8910272,4.4261513,NaN,4.279377,3.1424873,3.116485,3.5029516,3.8806539,4.0312905,3.6437402,3.5832236,4.1832747,4.1406736,3.9825768
18.0,30.0,3.9771907,3.1315498,3.92301,4.4960732,NaN,4.4119067,3.1713576,3.1581562,3.6152773,3.971891,4.142578,3.7892175,3.713105,4.4095883,4.234855,4.098989
18.0,35.0,4.0915685,3.142255,3.997254,4.6594024,NaN,4.484644,3.1088727,3.1600914,3.6443195,4.028966,4.241656,3.7313275,3.65839,NaN,NaN,4.220025
18.0,40.0,4.1464863,3.1801467,NaN,NaN,NaN,4.59967,NaN,3.1238735,3.680772,4.0606523,4.2684636,3.7104006,NaN,NaN,NaN,4.2454615
18.0,45.0,4.2400465,3.184829,NaN,NaN,NaN,4.6342564,NaN,3.2521226,3.7385705,4.212478,4.427391,3.5083332,NaN,NaN,NaN,4.2815585
18.0,50.0,4.2598042,3.2137282,NaN,NaN,NaN,4.6117997,NaN,3.3776982,3.7308607,4.2424903,NaN,NaN,NaN,NaN,NaN,4.338097
18.0,55.0,4.3062453,NaN,NaN,NaN,NaN,4.5022182,NaN,3.3165781,3.9097126,4.389928,NaN,NaN,NaN,NaN,NaN,4.3545237
18.0,60.0,4.3069787,NaN,NaN,NaN,NaN,4.699479,NaN,NaN,3.8847547,4.3079557,NaN,NaN,NaN,NaN,NaN,4.3598757
18.0,65.0,4.3450246,NaN,NaN,NaN,NaN,4.732216,NaN,NaN,NaN,NaN,NaN,NaN,NaN,NaN,NaN,4.3997946
18.0,70.0,4.375658,NaN,NaN,NaN,NaN,4.755812,NaN,NaN,NaN,NaN,NaN,NaN,NaN,NaN,NaN,4.4131455
18.0,75.0,NaN,NaN,NaN,NaN,NaN,4.7648187,NaN,NaN,NaN,NaN,NaN,NaN,NaN,NaN,NaN,4.4308248
18.0,80.0,NaN,NaN,NaN,NaN,NaN,4.774145,NaN,NaN,NaN,NaN,NaN,NaN,NaN,NaN,NaN,4.4753385
18.0,85.0,NaN,NaN,NaN,NaN,NaN,4.835656,NaN,NaN,NaN,NaN,NaN,NaN,NaN,NaN,NaN,4.493563
18.0,90.0,NaN,NaN,NaN,NaN,NaN,4.8395257,NaN,NaN,NaN,NaN,NaN,NaN,NaN,NaN,NaN,NaN
18.0,95.0,NaN,NaN,NaN,NaN,NaN,NaN,NaN,NaN,NaN,NaN,NaN,NaN,NaN,NaN,NaN,NaN
18.0,100.0,NaN,NaN,NaN,NaN,NaN,NaN,NaN,NaN,NaN,NaN,NaN,NaN,NaN,NaN,NaN,NaN
18.0,105.0,NaN,NaN,NaN,NaN,NaN,NaN,NaN,NaN,NaN,NaN,NaN,NaN,NaN,NaN,NaN,NaN
18.0,110.0,NaN,NaN,NaN,NaN,NaN,NaN,NaN,NaN,NaN,NaN,NaN,NaN,NaN,NaN,NaN,NaN
18.0,115.0,NaN,NaN,NaN,NaN,NaN,NaN,NaN,NaN,NaN,NaN,NaN,NaN,NaN,NaN,NaN,NaN
18.0,120.0,NaN,NaN,NaN,NaN,NaN,NaN,NaN,NaN,NaN,NaN,NaN,NaN,NaN,NaN,NaN,NaN
18.0,125.0,NaN,NaN,NaN,NaN,NaN,NaN,NaN,NaN,NaN,NaN,NaN,NaN,NaN,NaN,NaN,NaN
19.0,0.0,NaN,3.3058057,3.3322086,3.4140308,3.2875865,3.3235931,3.2611864,3.2840707,3.2263808,3.317481,3.335189,3.1103048,3.2241807,3.2256873,3.149575,NaN
19.0,5.0,3.0156968,3.191567,3.4239638,3.7889197,3.2599306,3.4859266,3.207512,3.196748,3.152546,3.420978,3.5278287,3.1343758,3.2606797,3.538973,3.2767699,NaN
19.0,10.0,3.2915146,3.1374433,3.6695511,3.8976662,3.3660495,3.808563,3.1472664,3.1370738,3.1206477,3.5514605,3.7714484,3.2347057,3.3130827,3.6566896,3.5956945,3.4890559
19.0,15.0,3.9492288,3.1090143,3.6825638,4.153171,3.4604154,4.0800776,3.1282377,3.1168156,3.1772728,3.6586137,3.8527842,3.442867,3.3668885,3.8545415,3.8354936,3.7246048
19.0,20.0,3.9028785,3.1239753,3.6524055,4.2844963,3.6663778,4.4141116,3.1400738,3.1210642,3.2921216,3.7710397,3.9365516,3.6068275,3.4470975,4.0416603,4.062003,3.860512
19.0,25.0,3.930409,3.130237,3.7685885,4.3960733,NaN,4.2677946,3.1464658,3.126431,3.4312763,3.8757918,4.0302734,3.701097,3.5609586,4.1833353,4.233058,3.963897
19.0,30.0,3.948824,3.1250975,3.845776,4.5085435,NaN,4.466889,3.1409004,3.1260378,3.5610518,3.921299,4.1547074,3.743526,3.6234202,4.2492466,4.1698146,4.0935283
19.0,35.0,4.063925,3.1745102,3.9534652,4.642493,NaN,4.5046563,3.0510635,3.1526413,3.6298623,3.936045,4.1538987,3.7369232,3.7177956,NaN,NaN,4.225928
19.0,40.0,4.161967,3.1957858,NaN,NaN,NaN,4.502513,NaN,3.2372596,3.6876163,4.0624413,4.245112,3.8328173,NaN,NaN,NaN,4.263413
19.0,45.0,4.2184277,3.1809616,NaN,NaN,NaN,4.640873,NaN,3.1804068,3.738669,4.130137,4.396766,3.9468744,NaN,NaN,NaN,4.276734
19.0,50.0,4.2580404,3.5860424,NaN,NaN,NaN,4.5991917,NaN,3.3085093,3.819481,4.2607303,NaN,NaN,NaN,NaN,NaN,4.3069983
19.0,55.0,4.274772,NaN,NaN,NaN,NaN,4.6612563,NaN,3.4287374,3.908003,4.2817736,NaN,NaN,NaN,NaN,NaN,4.3703556
19.0,60.0,4.309185,NaN,NaN,NaN,NaN,4.700071,NaN,NaN,3.7884405,4.477217,NaN,NaN,NaN,NaN,NaN,4.3672123
19.0,65.0,4.340864,NaN,NaN,NaN,NaN,4.751636,NaN,NaN,NaN,NaN,NaN,NaN,NaN,NaN,NaN,4.406837
19.0,70.0,4.360751,NaN,NaN,NaN,NaN,4.727005,NaN,NaN,NaN,NaN,NaN,NaN,NaN,NaN,NaN,4.404193
19.0,75.0,NaN,NaN,NaN,NaN,NaN,4.7460427,NaN,NaN,NaN,NaN,NaN,NaN,NaN,NaN,NaN,4.4293523
19.0,80.0,NaN,NaN,NaN,NaN,NaN,4.8093495,NaN,NaN,NaN,NaN,NaN,NaN,NaN,NaN,NaN,4.4589267
19.0,85.0,NaN,NaN,NaN,NaN,NaN,4.851328,NaN,NaN,NaN,NaN,NaN,NaN,NaN,NaN,NaN,4.48737
19.0,90.0,NaN,NaN,NaN,NaN,NaN,4.744739,NaN,NaN,NaN,NaN,NaN,NaN,NaN,NaN,NaN,NaN
19.0,95.0,NaN,NaN,NaN,NaN,NaN,NaN,NaN,NaN,NaN,NaN,NaN,NaN,NaN,NaN,NaN,NaN
19.0,100.0,NaN,NaN,NaN,NaN,NaN,NaN,NaN,NaN,NaN,NaN,NaN,NaN,NaN,NaN,NaN,NaN
19.0,105.0,NaN,NaN,NaN,NaN,NaN,NaN,NaN,NaN,NaN,NaN,NaN,NaN,NaN,NaN,NaN,NaN
19.0,110.0,NaN,NaN,NaN,NaN,NaN,NaN,NaN,NaN,NaN,NaN,NaN,NaN,NaN,NaN,NaN,NaN
19.0,115.0,NaN,NaN,NaN,NaN,NaN,NaN,NaN,NaN,NaN,NaN,NaN,NaN,NaN,NaN,NaN,NaN
19.0,120.0,NaN,NaN,NaN,NaN,NaN,NaN,NaN,NaN,NaN,NaN,NaN,NaN,NaN,NaN,NaN,NaN
19.0,125.0,NaN,NaN,NaN,NaN,NaN,NaN,NaN,NaN,NaN,NaN,NaN,NaN,NaN,NaN,NaN,NaN
20.0,0.0,NaN,3.2883642,3.3325644,3.4669065,3.2952619,3.3297877,3.264639,3.281282,3.2400804,3.310698,3.3206294,3.0867062,3.2259674,3.2706532,3.16791,NaN
20.0,5.0,3.014581,3.2454407,3.3629878,3.7148092,3.2644873,3.4704573,3.1982474,3.2042122,3.1447675,3.4125748,3.4945245,3.1001434,3.265539,3.4283595,3.3005576,NaN
20.0,10.0,3.2976394,3.1243625,3.3549364,3.9236395,3.3977442,3.930894,3.1575649,3.1423054,3.1166184,3.4798126,3.748981,3.1708508,3.2799277,3.646744,3.554755,3.4993148
20.0,15.0,3.8127384,3.1242821,3.5513213,4.1151414,3.4435682,4.089916,3.1329982,3.1196623,3.2135825,3.6715784,3.830488,3.498521,3.356985,3.9943027,3.8736482,3.7059321
20.0,20.0,3.8276563,3.1400025,3.739967,4.308427,3.6585994,4.2745223,3.1570053,3.119096,3.3147852,3.784166,3.9838831,3.6846342,3.4346278,4.0260096,4.085286,3.8685224
20.0,25.0,3.9653828,3.1159906,3.8147953,4.4281073,NaN,4.3045635,3.1404538,3.1259246,3.4112918,3.9477308,4.024772,3.6172843,3.5547645,4.090664,4.1543527,3.9837823
20.0,30.0,3.9754448,3.153281,3.8167746,4.5436993,NaN,4.5177503,3.1832485,3.1449983,3.562372,3.9162116,4.198074,3.6830528,3.6194746,4.387714,4.231056,4.0817065
20.0,35.0,4.0498447,3.1580088,3.855126,4.6477375,NaN,4.531311,3.1220522,3.1761749,3.5864713,3.9290707,4.1723337,3.9375887,3.7017095,NaN,NaN,4.207526
20.0,40.0,4.1650095,3.1871219,NaN,NaN,NaN,4.4878073,NaN,3.124592,3.6822622,4.0654883,4.267457,3.7619033,NaN,NaN,NaN,4.249758
20.0,45.0,4.2152605,3.3235173,NaN,NaN,NaN,4.618,NaN,3.2726383,3.6819067,4.1410136,4.3636775,3.5501273,NaN,NaN,NaN,4.278195
20.0,50.0,4.226117,3.1683505,NaN,NaN,NaN,4.6046743,NaN,3.4328985,3.724887,4.196651,NaN,NaN,NaN,NaN,NaN,4.3151627
20.0,55.0,4.278566,3.252694,NaN,NaN,NaN,4.5056767,NaN,3.2595148,3.895455,4.3051605,NaN,NaN,NaN,NaN,NaN,4.3579497
20.0,60.0,4.29364,NaN,NaN,NaN,NaN,4.6875787,NaN,NaN,NaN,4.363693,NaN,NaN,NaN,NaN,NaN,4.391809
20.0,65.0,4.3299723,NaN,NaN,NaN,NaN,4.715339,NaN,NaN,NaN,NaN,NaN,NaN,NaN,NaN,NaN,4.3965836
20.0,70.0,4.3230915,NaN,NaN,NaN,NaN,4.7374024,NaN,NaN,NaN,NaN,NaN,NaN,NaN,NaN,NaN,4.415254
20.0,75.0,NaN,NaN,NaN,NaN,NaN,4.744009,NaN,NaN,NaN,NaN,NaN,NaN,NaN,NaN,NaN,4.4252996
20.0,80.0,NaN,NaN,NaN,NaN,NaN,4.7807345,NaN,NaN,NaN,NaN,NaN,NaN,NaN,NaN,NaN,4.452723
20.0,85.0,NaN,NaN,NaN,NaN,NaN,4.788687,NaN,NaN,NaN,NaN,NaN,NaN,NaN,NaN,NaN,4.572046
20.0,90.0,NaN,NaN,NaN,NaN,NaN,NaN,NaN,NaN,NaN,NaN,NaN,NaN,NaN,NaN,NaN,NaN
20.0,95.0,NaN,NaN,NaN,NaN,NaN,NaN,NaN,NaN,NaN,NaN,NaN,NaN,NaN,NaN,NaN,NaN
20.0,100.0,NaN,NaN,NaN,NaN,NaN,NaN,NaN,NaN,NaN,NaN,NaN,NaN,NaN,NaN,NaN,NaN
20.0,105.0,NaN,NaN,NaN,NaN,NaN,NaN,NaN,NaN,NaN,NaN,NaN,NaN,NaN,NaN,NaN,NaN
20.0,110.0,NaN,NaN,NaN,NaN,NaN,NaN,NaN,NaN,NaN,NaN,NaN,NaN,NaN,NaN,NaN,NaN
20.0,115.0,NaN,NaN,NaN,NaN,NaN,NaN,NaN,NaN,NaN,NaN,NaN,NaN,NaN,NaN,NaN,NaN
20.0,120.0,NaN,NaN,NaN,NaN,NaN,NaN,NaN,NaN,NaN,NaN,NaN,NaN,NaN,NaN,NaN,NaN
20.0,125.0,NaN,NaN,NaN,NaN,NaN,NaN,NaN,NaN,NaN,NaN,NaN,NaN,NaN,NaN,NaN,NaN
