"Distribution of the biomass (tonne) of prey species (in columns) in the diet of sole by Age class (year). For class i, the preyed biomass in [i,i+1[ is reported."
"Time","Age","lesserSpottedDogfish","redMullet","pouting","whiting","poorCod","cod","dragonet","sole","plaice","horseMackerel","mackerel","herring","sardine","squids","cuttlefish","thornbackRay","diatoms","microPhytoplankton","heterotrophicFlagellates","microZooplankton","mesoZooplankton","Macrozoo","meioBenthos","depositBenthos","suspensionBenthos","largeBenthos","veryLargeBenthos"
1.0,0.0,0.0,0.010927414,0.0020856962,4.1731915,0.121339634,0.31647128,1.8151456,10.848588,14.709948,0.38701645,37.70806,0.0,186.84467,12.740358,1.907256,0.0,0.0,0.0,0.0,71.01488,1340.0404,468.67435,860.33374,4928.2856,0.003401298,0.0,0.0
1.0,1.0,0.0,0.0,0.0,0.0,0.0,0.0,0.9808318,1.8546414,151.3859,0.0,0.0,0.0,0.0,5.533631,13.105249,0.0,0.0,0.0,0.0,0.0,0.0,0.0,241.24129,2449.858,0.03773253,0.0,0.0
1.0,2.0,0.0,0.0,0.0,0.0,0.0,0.0,1.887708,2.4634442,55.79175,0.0,0.0,0.0,0.0,3.2200625,2.9034846,0.0,0.0,0.0,0.0,0.0,0.0,0.0,75.333145,841.759,0.022133296,0.0,0.0
1.0,3.0,0.0,0.0,0.0,0.0,0.0,0.0,0.90356535,1.771472,23.565742,0.0,0.0,0.0,0.0,4.047504,2.66075,0.0,0.0,0.0,0.0,0.0,0.0,0.0,33.253212,432.9315,0.016730849,0.0,0.0
1.0,4.0,0.0,0.0,0.0,0.0,0.0,0.0,2.8681822,1.7777642,13.186445,0.0,0.0,0.0,0.0,2.0166028,2.0249836,0.0,0.0,0.0,0.0,0.0,0.0,0.0,20.052202,262.8656,0.011479319,0.0,0.0
1.0,5.0,0.0,0.0,0.0,0.0,0.0,0.0,2.694865,0.68830174,5.7450523,0.0,0.0,0.0,0.0,1.2715735,1.91863,0.0,0.0,0.0,0.0,0.0,0.0,0.0,13.751994,187.18332,0.008357566,0.0,0.0
1.0,6.0,0.0,0.0,0.0,0.0,0.0,0.0,0.93481565,3.1021252,9.243149,0.0,0.0,0.0,0.0,0.94607604,1.583916,0.0,0.0,0.0,0.0,0.0,0.0,0.0,10.318829,143.72737,0.0065477043,0.0,0.0
1.0,7.0,0.0,0.0,0.0,0.0,0.0,0.0,2.3888006,1.4677889,5.576581,0.0,0.0,0.0,0.0,0.4956644,1.4340557,0.0,0.0,0.0,0.0,0.0,0.0,0.0,7.032708,108.40024,0.0063850167,0.0,0.0
1.0,8.0,0.0,0.0,0.0,0.0,0.0,0.0,0.4813475,0.9420474,5.275753,0.0,0.0,0.0,0.0,0.43941763,0.70907706,0.0,0.0,0.0,0.0,0.0,0.0,0.0,6.6562214,94.30658,0.004008016,0.0,0.0
1.0,9.0,0.0,8.4688433E-4,0.0,0.0,0.0,0.0,0.20435601,0.6473026,4.5690184,0.0,0.0,0.0,0.0,0.05605197,1.4872266,0.0,0.0,0.0,0.0,0.0,0.0,0.0,4.4596705,68.88146,0.004389997,0.0,0.0
1.0,10.0,0.0,0.0,0.0,0.0,0.0,0.0,0.46264824,1.0651443,3.7092984,0.0,0.0,0.0,0.0,0.28660962,0.5421661,0.0,0.0,0.0,0.0,0.0,0.0,0.0,3.445805,54.307926,0.0038110844,0.0,0.0
1.0,11.0,0.0,0.0,0.0,0.0,0.0,0.0,0.29768717,0.79514647,1.435129,0.0,0.0,0.0,0.0,0.22704619,0.48612127,0.0,0.0,0.0,0.0,0.0,0.0,0.0,3.3178527,49.501102,0.00331233,0.0,0.0
1.0,12.0,0.0,0.0,0.0,0.0,0.0,0.0,0.6103118,0.26445478,2.9740517,0.0,0.0,0.0,0.0,0.30463135,0.72223943,0.0,0.0,0.0,0.0,0.0,0.0,0.0,2.692675,41.975216,0.0028616665,0.0,0.0
1.0,13.0,0.0,0.0,0.0,0.0,0.0,0.0,0.5625735,0.12546411,2.7759652,0.0,0.0,0.0,0.0,0.51252395,0.08798259,0.0,0.0,0.0,0.0,0.0,0.0,0.0,2.521302,36.66162,0.002657101,0.0,0.0
1.0,14.0,0.0,0.0,0.0,0.0,0.0,0.0,0.4561633,0.10893899,3.4322762,0.0,0.0,0.0,0.0,0.15117152,0.67499834,0.0,0.0,0.0,0.0,0.0,0.0,0.0,1.9850358,31.101593,0.0019367848,0.0,0.0
1.0,15.0,0.0,0.0,0.0,0.0,0.0,0.0,0.32380632,0.42787012,1.9468005,0.0,0.0,0.0,0.0,0.14748232,0.57578915,0.0,0.0,0.0,0.0,0.0,0.0,0.0,1.7290574,27.113478,0.0025753127,0.0,0.0
1.0,16.0,0.0,0.0,0.0,0.0,0.0,0.0,0.29900557,0.14679345,1.626527,0.0,0.0,0.0,0.0,0.34081933,0.09802542,0.0,0.0,0.0,0.0,0.0,0.0,0.0,1.4812179,23.946003,0.002454944,0.0,0.0
1.0,17.0,0.0,0.0,0.0,0.0,0.0,0.0,0.4302739,0.1105989,1.5100428,0.0,0.0,0.0,0.0,0.10052371,0.5036741,0.0,0.0,0.0,0.0,0.0,0.0,0.0,1.340008,20.153463,0.0020216114,0.0,0.0
1.0,18.0,0.0,0.0,0.0,0.0,0.0,0.0,0.43163007,0.2892848,1.8584815,0.0,0.0,0.0,0.0,0.18189031,0.5555273,0.0,0.0,0.0,0.0,0.0,0.0,0.0,1.0158302,15.752162,0.002010661,0.0,0.0
1.0,19.0,0.0,0.0,0.0,0.0,0.0,0.0,0.36299136,0.22409731,0.9371298,0.0,0.0,0.0,0.0,0.038306624,0.60102725,0.0,0.0,0.0,0.0,0.0,0.0,0.0,0.9711911,14.666045,0.0017736552,0.0,0.0
1.0,20.0,0.0,0.0,0.0,0.0,0.0,0.0,0.0,0.0,0.0,0.0,0.0,0.0,0.0,0.0,0.0,0.0,0.0,0.0,0.0,0.0,0.0,0.0,0.0,0.0,0.0,0.0,0.0
1.0,21.0,0.0,0.0,0.0,0.0,0.0,0.0,0.0,0.0,0.0,0.0,0.0,0.0,0.0,0.0,0.0,0.0,0.0,0.0,0.0,0.0,0.0,0.0,0.0,0.0,0.0,0.0,0.0
1.0,22.0,0.0,0.0,0.0,0.0,0.0,0.0,0.0,0.0,0.0,0.0,0.0,0.0,0.0,0.0,0.0,0.0,0.0,0.0,0.0,0.0,0.0,0.0,0.0,0.0,0.0,0.0,0.0
1.0,23.0,0.0,0.0,0.0,0.0,0.0,0.0,0.0,0.0,0.0,0.0,0.0,0.0,0.0,0.0,0.0,0.0,0.0,0.0,0.0,0.0,0.0,0.0,0.0,0.0,0.0,0.0,0.0
1.0,24.0,0.0,0.0,0.0,0.0,0.0,0.0,0.0,0.0,0.0,0.0,0.0,0.0,0.0,0.0,0.0,0.0,0.0,0.0,0.0,0.0,0.0,0.0,0.0,0.0,0.0,0.0,0.0
1.0,25.0,0.0,0.0,0.0,0.0,0.0,0.0,0.0,0.0,0.0,0.0,0.0,0.0,0.0,0.0,0.0,0.0,0.0,0.0,0.0,0.0,0.0,0.0,0.0,0.0,0.0,0.0,0.0
2.0,0.0,0.0,0.020354182,0.003923018,1.9566932,0.1837288,0.15312272,2.5625567,19.726149,0.0026577024,0.60908073,45.59741,0.0,119.53603,0.80130863,5.2271442,0.0,0.0,0.0,0.0,58.79445,952.62506,353.64273,973.00244,5737.9214,0.0018376189,0.0,0.0
2.0,1.0,0.0,0.0,0.0,0.0,0.0,0.0,0.19958167,0.00125338,21.436754,0.0,0.0,0.0,0.0,6.4508433,3.041617,0.0,0.0,0.0,0.0,0.0,0.0,0.0,728.6665,3758.02,0.020794341,0.0,0.0
2.0,2.0,0.0,0.0,0.0,0.0,0.0,0.0,6.7371473,2.5660658,22.689392,0.0,0.0,0.0,0.0,4.1570473,100.04921,0.0,0.0,0.0,0.0,0.0,0.0,0.0,125.37147,1717.0295,0.06558589,0.0,0.0
2.0,3.0,0.0,0.0,0.0,0.0,0.0,0.0,2.1848707,5.0211334,15.07475,0.0,0.0,0.0,0.0,1.7127181,35.09797,0.0,0.0,0.0,0.0,0.0,0.0,0.0,34.59881,509.95395,0.028422069,0.0,0.0
2.0,4.0,0.0,0.0,0.0,0.0,0.0,0.0,4.002198,2.7710147,7.319136,0.0,0.0,0.0,0.0,1.20561,19.762386,0.0,0.0,0.0,0.0,0.0,0.0,0.0,17.357424,250.63324,0.017997276,0.0,0.0
2.0,5.0,0.0,0.0,0.0,0.0,0.0,0.0,1.7504951,4.028737,5.8830557,0.0,0.0,0.0,0.0,0.73207057,11.15629,0.0,0.0,0.0,0.0,0.0,0.0,0.0,8.937802,159.19858,0.012759956,0.0,0.0
2.0,6.0,0.0,0.0,0.0,0.0,0.0,0.0,1.9181728,1.8872006,9.377425,0.0,0.0,0.0,0.0,0.5646312,5.9811773,0.0,0.0,0.0,0.0,0.0,0.0,0.0,5.5511627,106.12194,0.010946687,0.0,0.0
2.0,7.0,0.0,0.0,0.0,0.0,0.0,0.0,0.81845504,1.678895,5.1787033,0.0,0.0,0.0,0.0,0.6992205,5.079822,0.0,0.0,0.0,0.0,0.0,0.0,0.0,4.954263,83.58393,0.008080529,0.0,0.0
2.0,8.0,0.0,0.0,0.0,0.0,0.0,0.0,1.0837857,1.252755,3.644458,0.0,0.0,0.0,0.0,0.15754528,2.4916375,0.0,0.0,0.0,0.0,0.0,0.0,0.0,3.1415317,64.60832,0.0072478503,0.0,0.0
2.0,9.0,0.0,0.0,0.0,0.0,0.0,0.0,1.4702102,1.534193,2.7847548,0.0,0.0,0.0,0.0,0.38898152,4.550479,0.0,0.0,0.0,0.0,0.0,0.0,0.0,3.1873531,53.6421,0.0060230694,0.0,0.0
2.0,10.0,0.0,0.0,0.0,0.0,0.0,0.0,1.4326968,1.7729267,2.6730497,0.0,0.0,0.0,0.0,0.4569652,2.1573842,0.0,0.0,0.0,0.0,0.0,0.0,0.0,2.2092154,40.849583,0.0049927407,0.0,0.0
2.0,11.0,0.0,0.0,0.0,0.0,0.0,0.0,0.96738696,1.4679356,1.7537699,0.0,0.0,0.0,0.0,0.4077247,2.384222,0.0,0.0,0.0,0.0,0.0,0.0,0.0,1.8385614,31.815529,0.0047678635,0.0,0.0
2.0,12.0,0.0,0.0,0.0,0.0,0.0,0.0,1.6245633,0.21949215,1.2317128,0.0,0.0,0.0,0.0,0.14020342,0.7634429,0.0,0.0,0.0,0.0,0.0,0.0,0.0,1.646509,29.575058,0.0037858929,0.0,0.0
2.0,13.0,0.0,0.0,0.0,0.0,0.0,0.0,0.72202295,0.70603275,1.9706963,0.0,0.0,0.0,0.0,0.22115436,1.1100155,0.0,0.0,0.0,0.0,0.0,0.0,0.0,1.2726417,23.983562,0.0038158384,0.0,0.0
2.0,14.0,0.0,0.0,0.0,0.0,0.0,0.0,0.9696605,0.6712996,0.7037414,0.0,0.0,0.0,0.0,0.20414974,1.2239224,0.0,0.0,0.0,0.0,0.0,0.0,0.0,1.3317662,23.448946,0.004024926,0.0,0.0
2.0,15.0,0.0,0.0,0.0,0.0,0.0,0.0,0.4397762,0.5888807,0.9176237,0.0,0.0,0.0,0.0,0.13735291,0.9510578,0.0,0.0,0.0,0.0,0.0,0.0,0.0,1.1143092,19.065231,0.0035252785,0.0,0.0
2.0,16.0,0.0,0.0,0.0,0.0,0.0,0.0,0.26772845,0.36831778,1.6507926,0.0,0.0,0.0,0.0,0.15607104,0.7536468,0.0,0.0,0.0,0.0,0.0,0.0,0.0,0.8655315,16.608149,0.0032208518,0.0,0.0
2.0,17.0,0.0,0.0,0.0,0.0,0.0,0.0,0.68662244,0.151287,0.41814995,0.0,0.0,0.0,0.0,0.17850152,0.8272638,0.0,0.0,0.0,0.0,0.0,0.0,0.0,0.7382764,13.708095,0.0029959609,0.0,0.0
2.0,18.0,0.0,0.0,0.0,0.0,0.0,0.0,0.25105315,0.17953962,1.011588,0.0,0.0,0.0,0.0,0.12374561,1.0819639,0.0,0.0,0.0,0.0,0.0,0.0,0.0,0.66634274,12.483588,0.0028059417,0.0,0.0
2.0,19.0,0.0,0.0,0.0,0.0,0.0,0.0,0.40299883,0.33049628,0.74011314,0.0,0.0,0.0,0.0,0.07099129,0.91435784,0.0,0.0,0.0,0.0,0.0,0.0,0.0,0.5962518,10.300738,0.0026559425,0.0,0.0
2.0,20.0,0.0,0.0,0.0,0.0,0.0,0.0,0.0,0.0,0.0,0.0,0.0,0.0,0.0,0.0,0.0,0.0,0.0,0.0,0.0,0.0,0.0,0.0,0.0,0.0,0.0,0.0,0.0
2.0,21.0,0.0,0.0,0.0,0.0,0.0,0.0,0.0,0.0,0.0,0.0,0.0,0.0,0.0,0.0,0.0,0.0,0.0,0.0,0.0,0.0,0.0,0.0,0.0,0.0,0.0,0.0,0.0
2.0,22.0,0.0,0.0,0.0,0.0,0.0,0.0,0.0,0.0,0.0,0.0,0.0,0.0,0.0,0.0,0.0,0.0,0.0,0.0,0.0,0.0,0.0,0.0,0.0,0.0,0.0,0.0,0.0
2.0,23.0,0.0,0.0,0.0,0.0,0.0,0.0,0.0,0.0,0.0,0.0,0.0,0.0,0.0,0.0,0.0,0.0,0.0,0.0,0.0,0.0,0.0,0.0,0.0,0.0,0.0,0.0,0.0
2.0,24.0,0.0,0.0,0.0,0.0,0.0,0.0,0.0,0.0,0.0,0.0,0.0,0.0,0.0,0.0,0.0,0.0,0.0,0.0,0.0,0.0,0.0,0.0,0.0,0.0,0.0,0.0,0.0
2.0,25.0,0.0,0.0,0.0,0.0,0.0,0.0,0.0,0.0,0.0,0.0,0.0,0.0,0.0,0.0,0.0,0.0,0.0,0.0,0.0,0.0,0.0,0.0,0.0,0.0,0.0,0.0,0.0
3.0,0.0,0.0,0.026087629,0.0068980413,3.2961998,0.8668674,0.8907156,2.5281813,12.237935,0.0,0.723153,56.183975,0.0,64.86473,0.001558319,0.06382936,0.0,0.0,0.0,0.0,70.618004,1233.8782,434.585,977.99976,5075.273,6.510348E-4,0.0,0.0
3.0,1.0,0.0,0.0,0.0,0.0,0.0,0.0,0.0,0.0,0.009430651,0.0,0.0,0.0,0.0,0.07370229,3.4478598,0.0,0.0,0.0,0.0,0.0,0.0,0.0,508.2493,2710.9358,0.0018051276,0.0,0.0
3.0,2.0,0.0,8.25845E-9,0.0,0.0,0.0,0.0,0.17833203,2.690243E-4,4.6145973,0.0,0.0,0.0,0.0,0.6420305,8.4012,0.0,0.0,0.0,0.0,0.0,0.0,0.0,236.05507,1579.6204,0.019060286,0.0,0.0
3.0,3.0,0.0,0.0,0.0,0.0,0.0,0.0,5.42932,4.9488897,60.080082,0.0,0.0,0.0,0.0,0.9570878,56.15274,0.0,0.0,0.0,0.0,0.0,0.0,0.0,89.52769,1083.0876,0.05350901,0.0,0.0
3.0,4.0,0.0,0.0,0.0,0.0,0.0,0.0,3.5833757,2.7283683,23.080654,0.0,0.0,0.0,0.0,0.7205509,12.778609,0.0,0.0,0.0,0.0,0.0,0.0,0.0,24.826773,311.29648,0.02256352,0.0,0.0
3.0,5.0,0.0,0.0,0.0,0.0,0.0,0.0,1.8031836,2.478852,10.624,0.0,0.0,0.0,0.0,0.30075747,8.061599,0.0,0.0,0.0,0.0,0.0,0.0,0.0,11.652216,162.98566,0.012594391,0.0,0.0
3.0,6.0,0.0,0.0,0.0,0.0,0.0,0.0,2.6410868,1.5991837,6.9681683,0.0,0.0,0.0,0.0,0.2129368,4.9984884,0.0,0.0,0.0,0.0,0.0,0.0,0.0,7.3233933,100.66679,0.010820383,0.0,0.0
3.0,7.0,0.0,0.0,0.0,0.0,0.0,0.0,1.598993,0.9271026,6.1560035,0.0,0.0,0.0,0.0,0.05961915,3.6412358,0.0,0.0,0.0,0.0,0.0,0.0,0.0,5.0528774,69.15671,0.0072564203,0.0,0.0
3.0,8.0,0.0,0.0,0.0,0.0,0.0,0.0,2.0714173,1.3596387,6.392002,0.0,0.0,0.0,0.0,0.074344166,2.8894048,0.0,0.0,0.0,0.0,0.0,0.0,0.0,3.873927,53.678493,0.0058366912,0.0,0.0
3.0,9.0,0.0,0.0,0.0,0.0,0.0,0.0,0.52297896,0.5523812,2.4638767,0.0,0.0,0.0,0.0,0.22315387,2.2432432,0.0,0.0,0.0,0.0,0.0,0.0,0.0,3.1730323,43.18451,0.004333981,0.0,0.0
3.0,10.0,0.0,0.0,0.0,0.0,0.0,0.0,1.6277514,0.30296335,3.3798213,0.0,0.0,0.0,0.0,0.1586659,2.1403282,0.0,0.0,0.0,0.0,0.0,0.0,0.0,2.8105545,38.156372,0.0040725037,0.0,0.0
3.0,11.0,0.0,2.4970552E-7,0.0,0.0,0.0,0.0,1.1392744,0.031970225,2.9723408,0.0,0.0,0.0,0.0,0.13084933,1.4639405,0.0,0.0,0.0,0.0,0.0,0.0,0.0,1.7256817,27.273691,0.004042856,0.0,0.0
3.0,12.0,0.0,0.0,0.0,0.0,0.0,0.0,1.0386444,0.49394777,2.5999637,0.0,0.0,0.0,0.0,0.021815911,0.9835723,0.0,0.0,0.0,0.0,0.0,0.0,0.0,1.4570459,21.913843,0.003037352,0.0,0.0
3.0,13.0,0.0,0.0,0.0,0.0,0.0,0.0,0.8881551,0.17466661,1.0824068,0.0,0.0,0.0,0.0,0.05760175,0.96601474,0.0,0.0,0.0,0.0,0.0,0.0,0.0,1.3344607,19.708546,0.003355372,0.0,0.0
3.0,14.0,0.0,0.0,0.0,0.0,0.0,0.0,0.7905289,0.12614025,0.89789104,0.0,0.0,0.0,0.0,0.1984834,1.104977,0.0,0.0,0.0,0.0,0.0,0.0,0.0,1.2519642,16.392185,0.003378414,0.0,0.0
3.0,15.0,0.0,0.0,0.0,0.0,0.0,0.0,0.5608283,0.5555222,1.0680751,0.0,0.0,0.0,0.0,0.10987106,1.1252156,0.0,0.0,0.0,0.0,0.0,0.0,0.0,0.9865712,14.904966,0.0026406297,0.0,0.0
3.0,16.0,0.0,0.0,0.0,0.0,0.0,0.0,0.33456647,0.24192725,0.81401336,0.0,0.0,0.0,0.0,0.107455656,0.6841984,0.0,0.0,0.0,0.0,0.0,0.0,0.0,1.1812162,13.14285,0.0025023804,0.0,0.0
3.0,17.0,0.0,5.54378E-8,0.0,0.0,0.0,0.0,0.48259988,0.11076102,0.8885442,0.0,0.0,0.0,0.0,0.084245786,0.83769256,0.0,0.0,0.0,0.0,0.0,0.0,0.0,0.66650754,11.393886,0.002573531,0.0,0.0
3.0,18.0,0.0,0.0,0.0,0.0,0.0,0.0,0.77913123,0.13519219,0.65041953,0.0,0.0,0.0,0.0,0.022790894,0.40653026,0.0,0.0,0.0,0.0,0.0,0.0,0.0,0.65467644,9.478515,0.0021592,0.0,0.0
3.0,19.0,0.0,0.0,0.0,0.0,0.0,0.0,0.21613239,0.07024438,0.46262026,0.0,0.0,0.0,0.0,0.011387555,0.21315259,0.0,0.0,0.0,0.0,0.0,0.0,0.0,0.66038203,9.479557,0.0024301782,0.0,0.0
3.0,20.0,0.0,0.0,0.0,0.0,0.0,0.0,0.0,0.0,0.0,0.0,0.0,0.0,0.0,0.0,0.0,0.0,0.0,0.0,0.0,0.0,0.0,0.0,0.0,0.0,0.0,0.0,0.0
3.0,21.0,0.0,0.0,0.0,0.0,0.0,0.0,0.0,0.0,0.0,0.0,0.0,0.0,0.0,0.0,0.0,0.0,0.0,0.0,0.0,0.0,0.0,0.0,0.0,0.0,0.0,0.0,0.0
3.0,22.0,0.0,0.0,0.0,0.0,0.0,0.0,0.0,0.0,0.0,0.0,0.0,0.0,0.0,0.0,0.0,0.0,0.0,0.0,0.0,0.0,0.0,0.0,0.0,0.0,0.0,0.0,0.0
3.0,23.0,0.0,0.0,0.0,0.0,0.0,0.0,0.0,0.0,0.0,0.0,0.0,0.0,0.0,0.0,0.0,0.0,0.0,0.0,0.0,0.0,0.0,0.0,0.0,0.0,0.0,0.0,0.0
3.0,24.0,0.0,0.0,0.0,0.0,0.0,0.0,0.0,0.0,0.0,0.0,0.0,0.0,0.0,0.0,0.0,0.0,0.0,0.0,0.0,0.0,0.0,0.0,0.0,0.0,0.0,0.0,0.0
3.0,25.0,0.0,0.0,0.0,0.0,0.0,0.0,0.0,0.0,0.0,0.0,0.0,0.0,0.0,0.0,0.0,0.0,0.0,0.0,0.0,0.0,0.0,0.0,0.0,0.0,0.0,0.0,0.0
4.0,0.0,0.0,0.021221407,0.0055960333,2.9523761,0.9349387,0.6848105,2.6242733,9.562945,0.008026949,1.1918045,17.793116,0.0,86.1248,0.01388331,0.06316051,0.0,0.0,0.0,0.0,51.97329,1252.8252,439.4594,986.0001,4864.3296,0.0011524882,0.0,0.0
4.0,1.0,0.0,0.0,0.0,0.0,0.0,0.0,0.0,0.0,0.10308562,0.0,0.0,0.0,0.0,0.0020858615,1.4885031,0.0,0.0,0.0,0.0,0.0,0.0,0.0,381.0214,1863.2605,8.498775E-4,0.0,0.0
4.0,2.0,0.0,0.0,0.0,0.0,0.0,0.0,0.03282417,1.16696665E-5,4.2357373,0.0,0.0,0.0,0.0,0.0015853684,2.7383087,0.0,0.0,0.0,0.0,0.0,0.0,0.0,188.21803,1163.9948,0.0024440966,0.0,0.0
4.0,3.0,0.0,0.0,0.0,0.0,0.0,0.0,0.0625846,8.7663095E-4,0.77663803,0.0,0.0,0.0,0.0,0.45443684,8.805238,0.0,0.0,0.0,0.0,0.0,0.0,0.0,125.32356,924.36743,0.015984915,0.0,0.0
4.0,4.0,0.0,0.0,0.0,0.0,0.0,0.0,8.013836,2.7670735E-4,50.37866,0.0,0.0,0.0,0.0,0.17011677,40.338947,0.0,0.0,0.0,0.0,0.0,0.0,0.0,68.13911,707.4238,0.04005114,0.0,0.0
4.0,5.0,0.0,0.0,0.0,0.0,0.0,0.0,2.3454099,0.62413263,16.409986,0.0,0.0,0.0,0.0,0.07789994,10.005951,0.0,0.0,0.0,0.0,0.0,0.0,0.0,17.944126,210.8355,0.017521545,0.0,0.0
4.0,6.0,0.0,0.0,0.0,0.0,0.0,0.0,1.6107491,0.0,10.204868,0.0,0.0,0.0,0.0,0.03845928,7.326132,0.0,0.0,0.0,0.0,0.0,0.0,0.0,9.679354,112.68852,0.009274201,0.0,0.0
4.0,7.0,0.0,0.0,0.0,0.0,0.0,0.0,1.7595035,0.074652486,5.721543,0.0,0.0,0.0,0.0,0.098919444,3.234126,0.0,0.0,0.0,0.0,0.0,0.0,0.0,5.9146237,68.02382,0.006455534,0.0,0.0
4.0,8.0,0.0,0.0,0.0,0.0,0.0,0.0,1.8498785,0.1392669,4.847749,0.0,0.0,0.0,0.0,0.070927784,2.471282,0.0,0.0,0.0,0.0,0.0,0.0,0.0,4.03317,48.26436,0.0050803814,0.0,0.0
4.0,9.0,0.0,0.0,0.0,0.0,0.0,0.0,0.5838529,0.053503588,4.784955,0.0,0.0,0.0,0.0,0.017559608,1.3948116,0.0,0.0,0.0,0.0,0.0,0.0,0.0,3.1163578,37.7463,0.0047670747,0.0,0.0
4.0,10.0,0.0,0.0,0.0,0.0,0.0,0.0,0.89544123,0.06036683,1.9752457,0.0,0.0,0.0,0.0,0.027227992,2.1892977,0.0,0.0,0.0,0.0,0.0,0.0,0.0,2.5774379,30.015894,0.0036285103,0.0,0.0
4.0,11.0,0.0,0.0,0.0,0.0,0.0,0.0,0.9363323,0.0026096713,3.3075197,0.0,0.0,0.0,0.0,0.022006543,1.6831808,0.0,0.0,0.0,0.0,0.0,0.0,0.0,2.1348102,25.629774,0.0031062951,0.0,0.0
4.0,12.0,0.0,0.0,0.0,0.0,0.0,0.0,0.46437043,0.0,1.7474036,0.0,0.0,0.0,0.0,0.0062890155,1.1322551,0.0,0.0,0.0,0.0,0.0,0.0,0.0,1.3323036,18.790743,0.0032968058,0.0,0.0
4.0,13.0,0.0,0.0,0.0,0.0,0.0,0.0,0.42714426,0.07479213,1.3227608,0.0,0.0,0.0,0.0,0.06646452,0.25603315,0.0,0.0,0.0,0.0,0.0,0.0,0.0,1.0916779,15.129397,0.003090712,0.0,0.0
4.0,14.0,0.0,0.0,0.0,0.0,0.0,0.0,0.37674433,0.028446224,1.0812225,0.0,0.0,0.0,0.0,0.02687771,0.74001026,0.0,0.0,0.0,0.0,0.0,0.0,0.0,1.012592,12.870462,0.0023171916,0.0,0.0
4.0,15.0,0.0,0.0,0.0,0.0,0.0,0.0,0.85207677,0.0,1.5885339,0.0,0.0,0.0,0.0,0.019878412,0.3281876,0.0,0.0,0.0,0.0,0.0,0.0,0.0,0.8191925,10.636787,0.0018963959,0.0,0.0
4.0,16.0,0.0,0.0,0.0,0.0,0.0,0.0,0.64920104,0.0,0.9646282,0.0,0.0,0.0,0.0,0.014306378,0.3890428,0.0,0.0,0.0,0.0,0.0,0.0,0.0,0.9650853,10.507789,0.0023562466,0.0,0.0
4.0,17.0,0.0,0.0,0.0,0.0,0.0,0.0,0.40022102,0.04890759,0.7585566,0.0,0.0,0.0,0.0,0.046893183,0.33767942,0.0,0.0,0.0,0.0,0.0,0.0,0.0,0.64579743,8.907573,0.0017213225,0.0,0.0
4.0,18.0,0.0,0.0,0.0,0.0,0.0,0.0,0.26313475,0.0,1.0320852,0.0,0.0,0.0,0.0,0.005089781,0.21100654,0.0,0.0,0.0,0.0,0.0,0.0,0.0,0.6572917,7.736943,0.0020358777,0.0,0.0
4.0,19.0,0.0,0.0,0.0,0.0,0.0,0.0,0.34350613,0.0,0.60297453,0.0,0.0,0.0,0.0,0.014916021,0.2908666,0.0,0.0,0.0,0.0,0.0,0.0,0.0,0.60156155,6.503614,0.0014355197,0.0,0.0
4.0,20.0,0.0,0.0,0.0,0.0,0.0,0.0,0.0,0.0,0.0,0.0,0.0,0.0,0.0,0.0,0.0,0.0,0.0,0.0,0.0,0.0,0.0,0.0,0.0,0.0,0.0,0.0,0.0
4.0,21.0,0.0,0.0,0.0,0.0,0.0,0.0,0.0,0.0,0.0,0.0,0.0,0.0,0.0,0.0,0.0,0.0,0.0,0.0,0.0,0.0,0.0,0.0,0.0,0.0,0.0,0.0,0.0
4.0,22.0,0.0,0.0,0.0,0.0,0.0,0.0,0.0,0.0,0.0,0.0,0.0,0.0,0.0,0.0,0.0,0.0,0.0,0.0,0.0,0.0,0.0,0.0,0.0,0.0,0.0,0.0,0.0
4.0,23.0,0.0,0.0,0.0,0.0,0.0,0.0,0.0,0.0,0.0,0.0,0.0,0.0,0.0,0.0,0.0,0.0,0.0,0.0,0.0,0.0,0.0,0.0,0.0,0.0,0.0,0.0,0.0
4.0,24.0,0.0,0.0,0.0,0.0,0.0,0.0,0.0,0.0,0.0,0.0,0.0,0.0,0.0,0.0,0.0,0.0,0.0,0.0,0.0,0.0,0.0,0.0,0.0,0.0,0.0,0.0,0.0
4.0,25.0,0.0,0.0,0.0,0.0,0.0,0.0,0.0,0.0,0.0,0.0,0.0,0.0,0.0,0.0,0.0,0.0,0.0,0.0,0.0,0.0,0.0,0.0,0.0,0.0,0.0,0.0,0.0
5.0,0.0,0.0,0.016730137,0.0049189636,11.240065,1.1273328,0.023538388,2.0370834,4.730935,0.0,0.97362036,16.681427,0.0,35.153214,0.2679174,0.044998813,0.0,0.0,0.0,0.0,32.32838,988.9815,335.91345,882.4725,4662.8125,4.242502E-4,0.0,0.0
5.0,1.0,0.0,0.0,0.0,0.0,0.0,0.0,0.0,0.0,0.5097422,0.0,0.0,0.0,0.0,0.4704113,3.8743072,0.0,0.0,0.0,0.0,0.0,0.0,0.0,282.10825,1518.3284,0.001393209,0.0,0.0
5.0,2.0,0.0,0.0,0.0,0.0,0.0,0.0,1.2813396E-5,0.0,0.17364153,0.0,0.0,0.0,0.0,0.10220421,2.0548012,0.0,0.0,0.0,0.0,0.0,0.0,0.0,127.292175,928.17236,0.0021847521,0.0,0.0
5.0,3.0,0.0,0.0,0.0,0.0,0.0,0.0,0.006522491,3.9608747E-4,0.089387834,0.0,0.0,0.0,0.0,0.17126104,9.775632,0.0,0.0,0.0,0.0,0.0,0.0,0.0,101.89779,708.844,0.0035576273,0.0,0.0
5.0,4.0,0.0,0.0,0.0,0.0,0.0,0.0,0.02020806,1.3963359E-4,2.7825415,0.0,0.0,0.0,0.0,2.4976144,3.4477496,0.0,0.0,0.0,0.0,0.0,0.0,0.0,66.021225,558.6661,0.012826503,0.0,0.0
5.0,5.0,0.0,0.0,0.0,0.0,0.0,0.0,6.4198437,0.15357819,43.392475,0.0,0.0,0.0,0.0,1.1551731,22.401402,0.0,0.0,0.0,0.0,0.0,0.0,0.0,46.37563,478.45673,0.0380197,0.0,0.0
5.0,6.0,0.0,0.0,0.0,0.0,0.0,0.0,1.6385745,0.0,11.1026535,0.0,0.0,0.0,0.0,0.9603501,6.3228226,0.0,0.0,0.0,0.0,0.0,0.0,0.0,13.774403,148.35632,0.013754757,0.0,0.0
5.0,7.0,0.0,0.0,0.0,0.0,0.0,0.0,1.488156,0.0,7.953697,0.0,0.0,0.0,0.0,0.75282526,2.9148068,0.0,0.0,0.0,0.0,0.0,0.0,0.0,7.313877,80.917534,0.007829591,0.0,0.0
5.0,8.0,0.0,0.0,0.0,0.0,0.0,0.0,0.8188914,0.098977946,3.7531528,0.0,0.0,0.0,0.0,0.34151757,3.4492412,0.0,0.0,0.0,0.0,0.0,0.0,0.0,4.255749,49.056705,0.0058524525,0.0,0.0
5.0,9.0,0.0,2.2971544E-6,0.0,0.0,0.0,0.0,1.114924,0.0,3.3124187,0.0,0.0,0.0,0.0,0.19708915,2.0032525,0.0,0.0,0.0,0.0,0.0,0.0,0.0,2.9212465,33.64017,0.004271264,0.0,0.0
5.0,10.0,0.0,0.0,0.0,0.0,0.0,0.0,0.4916373,0.0,1.5190649,0.0,0.0,0.0,0.0,0.24253839,1.3077483,0.0,0.0,0.0,0.0,0.0,0.0,0.0,2.291047,28.396067,0.0038626967,0.0,0.0
5.0,11.0,0.0,1.5621707E-6,0.0,0.0,0.0,0.0,0.79300797,0.0,1.2732344,0.0,0.0,0.0,0.0,0.15745647,1.0730325,0.0,0.0,0.0,0.0,0.0,0.0,0.0,1.7585021,20.212837,0.003478086,0.0,0.0
5.0,12.0,0.0,1.668192E-6,0.0,0.0,0.0,0.0,0.6338496,0.0,1.1950958,0.0,0.0,0.0,0.0,0.115285434,0.8375557,0.0,0.0,0.0,0.0,0.0,0.0,0.0,1.749081,19.142061,0.003147433,0.0,0.0
5.0,13.0,0.0,0.0,0.0,0.0,0.0,0.0,0.52670705,0.0,0.96197623,0.0,0.0,0.0,0.0,0.1289953,0.530343,0.0,0.0,0.0,0.0,0.0,0.0,0.0,1.0844228,13.567436,0.0024753294,0.0,0.0
5.0,14.0,0.0,1.8662843E-6,0.0,0.0,0.0,0.0,0.32478005,0.0,0.5870355,0.0,0.0,0.0,0.0,0.17682974,0.65932065,0.0,0.0,0.0,0.0,0.0,0.0,0.0,0.98100215,10.5280905,0.0019336225,0.0,0.0
5.0,15.0,0.0,0.0,0.0,0.0,0.0,0.0,0.26078779,0.0,0.79814804,0.0,0.0,0.0,0.0,0.06430765,0.40363157,0.0,0.0,0.0,0.0,0.0,0.0,0.0,0.79927856,9.345453,0.0020142212,0.0,0.0
5.0,16.0,0.0,0.0,0.0,0.0,0.0,0.0,0.4432415,0.0,0.45071924,0.0,0.0,0.0,0.0,0.06238805,0.35974613,0.0,0.0,0.0,0.0,0.0,0.0,0.0,0.7148201,7.987483,0.0018804905,0.0,0.0
5.0,17.0,0.0,0.0,0.0,0.0,0.0,0.0,0.37171507,0.0,0.44667307,0.0,0.0,0.0,0.0,0.050416112,0.27251825,0.0,0.0,0.0,0.0,0.0,0.0,0.0,0.7746281,7.9939566,0.0014226239,0.0,0.0
5.0,18.0,0.0,0.0,0.0,0.0,0.0,0.0,0.31055778,0.0,0.54979956,0.0,0.0,0.0,0.0,0.04475563,0.12932692,0.0,0.0,0.0,0.0,0.0,0.0,0.0,0.5059481,6.055412,0.0018859887,0.0,0.0
5.0,19.0,0.0,0.0,0.0,0.0,0.0,0.0,0.29513264,0.0,0.522954,0.0,0.0,0.0,0.0,0.025455173,0.47550815,0.0,0.0,0.0,0.0,0.0,0.0,0.0,0.4507285,5.231035,0.0017301164,0.0,0.0
5.0,20.0,0.0,0.0,0.0,0.0,0.0,0.0,0.0,0.0,0.0,0.0,0.0,0.0,0.0,0.0,0.0,0.0,0.0,0.0,0.0,0.0,0.0,0.0,0.0,0.0,0.0,0.0,0.0
5.0,21.0,0.0,0.0,0.0,0.0,0.0,0.0,0.0,0.0,0.0,0.0,0.0,0.0,0.0,0.0,0.0,0.0,0.0,0.0,0.0,0.0,0.0,0.0,0.0,0.0,0.0,0.0,0.0
5.0,22.0,0.0,0.0,0.0,0.0,0.0,0.0,0.0,0.0,0.0,0.0,0.0,0.0,0.0,0.0,0.0,0.0,0.0,0.0,0.0,0.0,0.0,0.0,0.0,0.0,0.0,0.0,0.0
5.0,23.0,0.0,0.0,0.0,0.0,0.0,0.0,0.0,0.0,0.0,0.0,0.0,0.0,0.0,0.0,0.0,0.0,0.0,0.0,0.0,0.0,0.0,0.0,0.0,0.0,0.0,0.0,0.0
5.0,24.0,0.0,0.0,0.0,0.0,0.0,0.0,0.0,0.0,0.0,0.0,0.0,0.0,0.0,0.0,0.0,0.0,0.0,0.0,0.0,0.0,0.0,0.0,0.0,0.0,0.0,0.0,0.0
5.0,25.0,0.0,0.0,0.0,0.0,0.0,0.0,0.0,0.0,0.0,0.0,0.0,0.0,0.0,0.0,0.0,0.0,0.0,0.0,0.0,0.0,0.0,0.0,0.0,0.0,0.0,0.0,0.0
6.0,0.0,0.0,0.027354628,0.0065922197,11.3770275,1.1568246,0.15029807,1.514561,3.2419696,0.8995991,0.7285555,5.396621,0.0,11.997586,0.15082926,0.18017669,0.0,0.0,0.0,0.0,24.330734,750.3531,244.84883,817.1699,4293.9653,0.0012796904,0.0,0.0
6.0,1.0,0.0,0.0,0.0,0.0,0.0,0.0,0.0,1.2747637E-8,0.89113533,0.0,0.0,0.0,0.0,0.20190814,5.6632204,0.0,0.0,0.0,0.0,0.0,0.0,0.0,384.3352,1908.5969,0.0025114845,0.0,0.0
6.0,2.0,0.0,0.0,0.0,0.0,0.0,0.0,0.0,1.1371163E-8,1.9891436,0.0,0.0,0.0,0.0,0.10893783,5.143351,0.0,0.0,0.0,0.0,0.0,0.0,0.0,107.59103,772.1608,0.0045243944,0.0,0.0
6.0,3.0,0.0,0.0,0.0,0.0,0.0,0.0,0.00448029,0.0,0.023027332,0.0,0.0,0.0,0.0,0.14057685,5.7568817,0.0,0.0,0.0,0.0,0.0,0.0,0.0,85.0162,666.12775,0.0040669763,0.0,0.0
6.0,4.0,0.0,1.3669579E-12,0.0,0.0,0.0,0.0,0.024762379,2.2662773E-6,1.877198,0.0,0.0,0.0,0.0,0.23955846,10.295323,0.0,0.0,0.0,0.0,0.0,0.0,0.0,60.06903,477.4086,0.004907916,0.0,0.0
6.0,5.0,0.0,4.4455924E-6,0.0,0.0,0.0,0.0,0.74625665,2.3225813E-4,2.40966,0.0,0.0,0.0,0.0,0.7018431,3.0490928,0.0,0.0,0.0,0.0,0.0,0.0,0.0,40.06127,359.431,0.0120678395,3.2956904E-4,0.0
6.0,6.0,0.0,0.0,0.0,0.0,0.0,0.0,2.5178897,0.13050067,35.047947,0.0,0.0,0.0,0.0,0.8419637,12.699399,0.0,0.0,0.0,0.0,0.0,0.0,0.0,33.80283,338.89725,0.033510353,6.0893373E-5,0.0
6.0,7.0,0.0,0.0,0.0,0.0,0.0,0.0,1.4171416,4.179004E-4,11.412335,0.0,0.0,0.0,0.0,0.2422558,4.4533267,0.0,0.0,0.0,0.0,0.0,0.0,0.0,9.6552,106.02802,0.013357547,0.0,0.0
6.0,8.0,0.0,0.0,0.0,0.0,0.0,0.0,0.59760815,2.223412E-8,6.059605,0.0,0.0,0.0,0.0,0.24315557,1.7703785,0.0,0.0,0.0,0.0,0.0,0.0,0.0,5.1459427,57.588585,0.0093941735,0.0,0.0
6.0,9.0,0.0,0.0,0.0,0.0,0.0,0.0,0.94726783,0.0,4.0728455,0.0,0.0,0.0,0.0,0.18373977,0.75139683,0.0,0.0,0.0,0.0,0.0,0.0,0.0,3.3988986,35.689117,0.00545587,0.0,0.0
6.0,10.0,0.0,0.0,0.0,0.0,0.0,0.0,0.7692292,0.0,2.9706786,0.0,0.0,0.0,0.0,0.21952203,0.83770746,0.0,0.0,0.0,0.0,0.0,0.0,0.0,2.3060782,24.684076,0.004091785,0.0,0.0
6.0,11.0,0.0,0.0,0.0,0.0,0.0,0.0,0.40731987,0.0,1.4630023,0.0,0.0,0.0,0.0,0.10950356,0.22782104,0.0,0.0,0.0,0.0,0.0,0.0,0.0,1.7597041,19.721704,0.0047774874,0.0,0.0
6.0,12.0,0.0,0.0,0.0,0.0,0.0,0.0,0.4649497,8.3455625E-9,1.4237436,0.0,0.0,0.0,0.0,0.066243336,0.69847107,0.0,0.0,0.0,0.0,0.0,0.0,0.0,1.3686538,14.830915,0.0029544388,0.0,0.0
6.0,13.0,0.0,0.0,0.0,0.0,0.0,0.0,0.2883905,0.013842782,1.3054066,0.0,0.0,0.0,0.0,0.04126933,0.3164562,0.0,0.0,0.0,0.0,0.0,0.0,0.0,1.4629654,14.307976,0.002845823,0.0,0.0
6.0,14.0,0.0,0.0,0.0,0.0,0.0,0.0,0.46516785,0.0,0.94052505,0.0,0.0,0.0,0.0,0.065423116,0.49398065,0.0,0.0,0.0,0.0,0.0,0.0,0.0,0.9756668,9.600594,0.0022399842,0.0,0.0
6.0,15.0,0.0,0.0,0.0,0.0,0.0,0.0,0.22421797,4.8693575E-5,1.0492591,0.0,0.0,0.0,0.0,0.027119376,0.17794362,0.0,0.0,0.0,0.0,0.0,0.0,0.0,0.787233,7.314489,0.0017078313,0.0,0.0
6.0,16.0,0.0,0.0,0.0,0.0,0.0,0.0,0.18804777,0.0,0.7113829,0.0,0.0,0.0,0.0,0.04756407,0.08815467,0.0,0.0,0.0,0.0,0.0,0.0,0.0,0.58600175,6.7781763,0.0017593523,0.0,0.0
6.0,17.0,0.0,0.0,0.0,0.0,0.0,0.0,0.29897973,1.6997265E-5,0.603352,0.0,0.0,0.0,0.0,0.10047732,0.25300726,0.0,0.0,0.0,0.0,0.0,0.0,0.0,0.5345285,6.171514,0.0014657354,0.0,0.0
6.0,18.0,0.0,0.0,0.0,0.0,0.0,0.0,0.26265153,0.0,0.9288386,0.0,0.0,0.0,0.0,0.027107002,0.121424906,0.0,0.0,0.0,0.0,0.0,0.0,0.0,0.47021714,5.582731,0.001840311,0.0,0.0
6.0,19.0,0.0,0.0,0.0,0.0,0.0,0.0,0.14025298,9.3185154E-5,0.27670082,0.0,0.0,0.0,0.0,0.041505955,0.15134881,0.0,0.0,0.0,0.0,0.0,0.0,0.0,0.37321192,4.6271973,0.0017700901,0.0,0.0
6.0,20.0,0.0,0.0,0.0,0.0,0.0,0.0,0.0,0.0,0.0,0.0,0.0,0.0,0.0,0.0,0.0,0.0,0.0,0.0,0.0,0.0,0.0,0.0,0.0,0.0,0.0,0.0,0.0
6.0,21.0,0.0,0.0,0.0,0.0,0.0,0.0,0.0,0.0,0.0,0.0,0.0,0.0,0.0,0.0,0.0,0.0,0.0,0.0,0.0,0.0,0.0,0.0,0.0,0.0,0.0,0.0,0.0
6.0,22.0,0.0,0.0,0.0,0.0,0.0,0.0,0.0,0.0,0.0,0.0,0.0,0.0,0.0,0.0,0.0,0.0,0.0,0.0,0.0,0.0,0.0,0.0,0.0,0.0,0.0,0.0,0.0
6.0,23.0,0.0,0.0,0.0,0.0,0.0,0.0,0.0,0.0,0.0,0.0,0.0,0.0,0.0,0.0,0.0,0.0,0.0,0.0,0.0,0.0,0.0,0.0,0.0,0.0,0.0,0.0,0.0
6.0,24.0,0.0,0.0,0.0,0.0,0.0,0.0,0.0,0.0,0.0,0.0,0.0,0.0,0.0,0.0,0.0,0.0,0.0,0.0,0.0,0.0,0.0,0.0,0.0,0.0,0.0,0.0,0.0
6.0,25.0,0.0,0.0,0.0,0.0,0.0,0.0,0.0,0.0,0.0,0.0,0.0,0.0,0.0,0.0,0.0,0.0,0.0,0.0,0.0,0.0,0.0,0.0,0.0,0.0,0.0,0.0,0.0
7.0,0.0,0.0,0.028726116,0.0039633545,7.6856756,0.42554817,0.6092002,0.80197746,2.3618202,0.047091924,0.84976137,3.1858478,0.0,48.5304,0.00543451,0.06844841,0.0,0.0,0.0,0.0,17.352427,736.8547,249.23808,790.0939,4206.165,0.0011348496,0.0,0.0
7.0,1.0,0.0,3.5634315E-8,0.0,0.0,0.0,0.0,0.0,0.0,0.07550203,0.0,0.0,0.0,0.0,0.3088853,3.3413415,0.0,0.0,0.0,0.0,0.0,0.0,0.0,361.75644,2023.8325,0.003333195,0.0,0.0
7.0,2.0,0.0,0.0,0.0,0.0,0.0,0.0,0.0,0.0,0.51364374,0.0,0.0,0.0,0.0,0.334924,2.741883,0.0,0.0,0.0,0.0,0.0,0.0,0.0,162.12315,1105.2946,0.0052614324,0.0,0.0
7.0,3.0,0.0,0.0,0.0,0.0,0.0,0.0,8.9551126E-5,0.0,1.3872013,0.0,0.0,0.0,0.0,0.2872779,5.7372375,0.0,0.0,0.0,0.0,0.0,0.0,0.0,69.656075,585.3746,0.0062972684,0.0,0.0
7.0,4.0,0.0,0.0,0.0,0.0,0.0,0.0,0.0,0.0,3.0056643,0.0,0.0,0.0,0.0,0.7885331,10.01454,0.0,0.0,0.0,0.0,0.0,0.0,0.0,58.580925,476.87997,0.004396598,0.0,0.0
7.0,5.0,0.0,2.0247035E-5,0.0,0.0,0.0,0.0,9.0875453E-4,3.2449915E-4,2.7491026,0.0,0.0,0.0,0.0,0.80686706,5.6235566,0.0,0.0,0.0,0.0,0.0,0.0,0.0,37.774124,325.07358,0.005280542,0.0,0.0
7.0,6.0,0.0,0.0,0.0,0.0,0.0,0.0,0.019693516,0.0010897509,3.213077,0.0,0.0,0.0,0.0,2.284778,2.293644,0.0,0.0,0.0,0.0,0.0,0.0,0.0,23.796917,244.37852,0.010967076,5.0773646E-4,0.0
7.0,7.0,0.0,1.2819316E-4,0.0,0.0,0.0,0.0,0.42325914,1.6542684E-4,22.668509,0.0,0.0,0.0,0.0,1.2392473,14.349133,0.0,0.0,0.0,0.0,0.0,0.0,0.0,22.83271,242.14229,0.029904973,1.7285191E-4,0.0
7.0,8.0,0.0,0.0,0.0,0.0,0.0,0.0,0.04652266,0.0,5.7718577,0.0,0.0,0.0,0.0,0.4510972,5.130812,0.0,0.0,0.0,0.0,0.0,0.0,0.0,7.088148,77.96037,0.012582582,0.0,0.0
7.0,9.0,0.0,5.6834346E-5,0.0,0.0,0.0,0.0,0.46348792,0.0,4.60558,0.0,0.0,0.0,0.0,0.2280862,2.744377,0.0,0.0,0.0,0.0,0.0,0.0,0.0,3.8076153,42.36828,0.006361641,0.0,0.0
7.0,10.0,0.0,0.0,0.0,0.0,0.0,0.0,0.13398449,0.0,1.6780503,0.0,0.0,0.0,0.0,0.19844916,1.5829535,0.0,0.0,0.0,0.0,0.0,0.0,0.0,2.5329974,27.263657,0.004497896,0.0,0.0
7.0,11.0,0.0,0.0,0.0,0.0,0.0,0.0,0.08685066,0.0,1.7518619,0.0,0.0,0.0,0.0,0.105338104,1.199345,0.0,0.0,0.0,0.0,0.0,0.0,0.0,1.520951,17.52164,0.003932901,0.0,0.0
7.0,12.0,0.0,0.0,0.0,0.0,0.0,0.0,0.034779586,0.0,1.6129439,0.0,0.0,0.0,0.0,0.118446015,1.0109905,0.0,0.0,0.0,0.0,0.0,0.0,0.0,1.0601484,13.79878,0.003008808,0.0,0.0
7.0,13.0,0.0,0.0,0.0,0.0,0.0,0.0,0.07904299,0.0,1.024087,0.0,0.0,0.0,0.0,0.14451136,0.41193703,0.0,0.0,0.0,0.0,0.0,0.0,0.0,0.95764625,11.81275,0.0024315116,0.0,0.0
7.0,14.0,0.0,1.0148601E-4,0.0,0.0,0.0,0.0,0.03382468,0.0,0.77323234,0.0,0.0,0.0,0.0,0.09476633,0.8360926,0.0,0.0,0.0,0.0,0.0,0.0,0.0,0.92049605,10.971076,0.0023184866,0.0,0.0
7.0,15.0,0.0,0.0,0.0,0.0,0.0,0.0,0.06496547,0.0,1.0845526,0.0,0.0,0.0,0.0,0.06874963,0.5204765,0.0,0.0,0.0,0.0,0.0,0.0,0.0,0.6053069,7.057606,0.002435388,0.0,0.0
7.0,16.0,0.0,0.0,0.0,0.0,0.0,0.0,0.028180977,0.0,0.405169,0.0,0.0,0.0,0.0,0.0659564,0.45814273,0.0,0.0,0.0,0.0,0.0,0.0,0.0,0.46516815,5.7275195,0.0018707932,0.0,0.0
7.0,17.0,0.0,0.0,0.0,0.0,0.0,0.0,0.05213815,0.0,0.5094974,0.0,0.0,0.0,0.0,0.072075196,0.24056903,0.0,0.0,0.0,0.0,0.0,0.0,0.0,0.42581752,5.2879133,0.0011875991,0.0,0.0
7.0,18.0,0.0,0.0,0.0,0.0,0.0,0.0,0.0,0.0,0.35945496,0.0,0.0,0.0,0.0,0.037458062,0.13461521,0.0,0.0,0.0,0.0,0.0,0.0,0.0,0.35456747,4.70158,0.0013234748,0.0,0.0
7.0,19.0,0.0,0.0,0.0,0.0,0.0,0.0,0.012010594,0.0,0.34414855,0.0,0.0,0.0,0.0,0.028763639,0.4223184,0.0,0.0,0.0,0.0,0.0,0.0,0.0,0.3838649,4.3550715,0.0016726536,0.0,0.0
7.0,20.0,0.0,0.0,0.0,0.0,0.0,0.0,0.0,0.0,0.0,0.0,0.0,0.0,0.0,0.0,0.0,0.0,0.0,0.0,0.0,0.0,0.0,0.0,0.0,0.0,0.0,0.0,0.0
7.0,21.0,0.0,0.0,0.0,0.0,0.0,0.0,0.0,0.0,0.0,0.0,0.0,0.0,0.0,0.0,0.0,0.0,0.0,0.0,0.0,0.0,0.0,0.0,0.0,0.0,0.0,0.0,0.0
7.0,22.0,0.0,0.0,0.0,0.0,0.0,0.0,0.0,0.0,0.0,0.0,0.0,0.0,0.0,0.0,0.0,0.0,0.0,0.0,0.0,0.0,0.0,0.0,0.0,0.0,0.0,0.0,0.0
7.0,23.0,0.0,0.0,0.0,0.0,0.0,0.0,0.0,0.0,0.0,0.0,0.0,0.0,0.0,0.0,0.0,0.0,0.0,0.0,0.0,0.0,0.0,0.0,0.0,0.0,0.0,0.0,0.0
7.0,24.0,0.0,0.0,0.0,0.0,0.0,0.0,0.0,0.0,0.0,0.0,0.0,0.0,0.0,0.0,0.0,0.0,0.0,0.0,0.0,0.0,0.0,0.0,0.0,0.0,0.0,0.0,0.0
7.0,25.0,0.0,0.0,0.0,0.0,0.0,0.0,0.0,0.0,0.0,0.0,0.0,0.0,0.0,0.0,0.0,0.0,0.0,0.0,0.0,0.0,0.0,0.0,0.0,0.0,0.0,0.0,0.0
8.0,0.0,0.0,0.020428535,0.004972513,7.955554,0.94794923,1.077698,1.2188298,1.7873322,0.15795447,0.4473946,5.0515285,0.0,31.274557,0.054365568,0.18410306,0.0,0.0,0.0,0.0,16.56755,804.43256,277.9423,838.95074,4452.411,4.5756772E-4,0.0,0.0
8.0,1.0,0.0,0.0,0.0,0.0,0.0,0.0,0.0,0.0,2.1850727,0.0,0.0,0.0,0.0,0.40571433,0.31500277,0.0,0.0,0.0,0.0,0.0,0.0,0.0,301.49414,1773.1074,0.0029871447,0.0,0.0
8.0,2.0,0.0,0.0,0.0,0.0,0.0,0.0,2.5976046E-6,0.0,13.068208,0.0,0.0,0.0,0.0,0.8099125,0.92334265,0.0,0.0,0.0,0.0,0.0,0.0,0.0,154.85367,1150.8655,0.007570278,0.0,0.0
8.0,3.0,0.0,0.0,0.0,0.0,0.0,0.0,0.0017547397,0.0,7.4148464,0.0,0.0,0.0,0.0,0.29703116,5.1813784,0.0,0.0,0.0,0.0,0.0,0.0,0.0,119.86265,831.8931,0.0071663866,0.0,0.0
8.0,4.0,0.0,0.0,0.0,0.0,0.0,0.0,0.0,0.0,9.062242,0.0,0.0,0.0,0.0,0.5391746,12.188255,0.0,0.0,0.0,0.0,0.0,0.0,0.0,48.1098,411.3352,0.007912319,0.0,0.0
8.0,5.0,0.0,0.0,0.0,0.0,0.0,0.0,0.0,0.0,4.1068153,0.0,0.0,0.0,0.0,0.3039956,7.306826,0.0,0.0,0.0,0.0,0.0,0.0,0.0,43.55417,326.73434,0.006094614,0.0,0.0
8.0,6.0,0.0,0.0,0.0,0.0,0.0,0.0,3.5133702E-4,0.0,2.929034,0.0,0.0,0.0,0.0,0.19872676,5.00304,0.0,0.0,0.0,0.0,0.0,0.0,0.0,26.57251,226.63228,0.0060842466,0.0,0.0
8.0,7.0,0.0,2.1266933E-5,0.0,0.0,0.0,0.0,0.23375435,4.145218E-4,3.4509082,0.0,0.0,0.0,0.0,0.64927304,4.5141006,0.0,0.0,0.0,0.0,0.0,0.0,0.0,16.51651,167.65344,0.009860476,0.0011629115,0.0
8.0,8.0,0.0,0.0,0.0,0.0,0.0,0.0,0.24367961,0.0,21.063673,0.0,0.0,0.0,0.0,0.4285917,10.044819,0.0,0.0,0.0,0.0,0.0,0.0,0.0,17.361767,171.1901,0.023259949,3.7396574E-4,0.0
8.0,9.0,0.0,0.0,0.0,0.0,0.0,0.0,0.18712807,0.0,7.574443,0.0,0.0,0.0,0.0,0.15761568,2.6360376,0.0,0.0,0.0,0.0,0.0,0.0,0.0,5.2837143,55.947105,0.00874611,0.0,0.0
8.0,10.0,0.0,0.0,0.0,0.0,0.0,0.0,0.4425913,0.0,4.0173335,0.0,0.0,0.0,0.0,0.27929857,1.8155284,0.0,0.0,0.0,0.0,0.0,0.0,0.0,2.8301024,30.745234,0.005668114,0.0,0.0
8.0,11.0,0.0,1.0184797E-4,0.0,0.0,0.0,0.0,0.28122735,0.0,3.0395162,0.0,0.0,0.0,0.0,0.08473109,0.72938883,0.0,0.0,0.0,0.0,0.0,0.0,0.0,1.7457542,18.787817,0.0042878715,0.0,0.0
8.0,12.0,0.0,0.0,0.0,0.0,0.0,0.0,0.0952568,0.0,2.0617273,0.0,0.0,0.0,0.0,0.10680446,0.6301155,0.0,0.0,0.0,0.0,0.0,0.0,0.0,1.221393,12.618532,0.0031561966,0.0,0.0
8.0,13.0,0.0,0.0,0.0,0.0,0.0,0.0,0.029877609,0.0,1.5364417,0.0,0.0,0.0,0.0,0.03153167,0.65165824,0.0,0.0,0.0,0.0,0.0,0.0,0.0,0.9479134,9.979543,0.0027595449,0.0,0.0
8.0,14.0,0.0,0.0,0.0,0.0,0.0,0.0,0.095165074,0.0,1.1533002,0.0,0.0,0.0,0.0,0.053155404,0.60358775,0.0,0.0,0.0,0.0,0.0,0.0,0.0,0.82252437,8.0954075,0.0018155354,0.0,0.0
8.0,15.0,0.0,0.0,0.0,0.0,0.0,0.0,0.12808046,0.0,1.3645335,0.0,0.0,0.0,0.0,0.02844742,0.22717977,0.0,0.0,0.0,0.0,0.0,0.0,0.0,0.7575835,7.804729,0.0021313108,0.0,0.0
8.0,16.0,0.0,0.0,0.0,0.0,0.0,0.0,0.036958914,0.0,0.60759765,0.0,0.0,0.0,0.0,0.004348568,0.15614681,0.0,0.0,0.0,0.0,0.0,0.0,0.0,0.53876317,5.515814,0.0015107633,0.0,0.0
8.0,17.0,0.0,0.0,0.0,0.0,0.0,0.0,0.08323138,0.0,0.2388948,0.0,0.0,0.0,0.0,0.012661723,0.16945028,0.0,0.0,0.0,0.0,0.0,0.0,0.0,0.48018646,4.288099,0.0013469213,0.0,0.0
8.0,18.0,0.0,0.0,0.0,0.0,0.0,0.0,0.061182354,0.0,0.36667842,0.0,0.0,0.0,0.0,0.039702225,0.16545291,0.0,0.0,0.0,0.0,0.0,0.0,0.0,0.33518043,3.6502998,0.0014892793,0.0,0.0
8.0,19.0,0.0,0.0,0.0,0.0,0.0,0.0,0.0043230243,0.0,0.32084608,0.0,0.0,0.0,0.0,0.029904345,0.19046758,0.0,0.0,0.0,0.0,0.0,0.0,0.0,0.31774256,3.306044,0.0012583432,0.0,0.0
8.0,20.0,0.0,0.0,0.0,0.0,0.0,0.0,0.0,0.0,0.0,0.0,0.0,0.0,0.0,0.0,0.0,0.0,0.0,0.0,0.0,0.0,0.0,0.0,0.0,0.0,0.0,0.0,0.0
8.0,21.0,0.0,0.0,0.0,0.0,0.0,0.0,0.0,0.0,0.0,0.0,0.0,0.0,0.0,0.0,0.0,0.0,0.0,0.0,0.0,0.0,0.0,0.0,0.0,0.0,0.0,0.0,0.0
8.0,22.0,0.0,0.0,0.0,0.0,0.0,0.0,0.0,0.0,0.0,0.0,0.0,0.0,0.0,0.0,0.0,0.0,0.0,0.0,0.0,0.0,0.0,0.0,0.0,0.0,0.0,0.0,0.0
8.0,23.0,0.0,0.0,0.0,0.0,0.0,0.0,0.0,0.0,0.0,0.0,0.0,0.0,0.0,0.0,0.0,0.0,0.0,0.0,0.0,0.0,0.0,0.0,0.0,0.0,0.0,0.0,0.0
8.0,24.0,0.0,0.0,0.0,0.0,0.0,0.0,0.0,0.0,0.0,0.0,0.0,0.0,0.0,0.0,0.0,0.0,0.0,0.0,0.0,0.0,0.0,0.0,0.0,0.0,0.0,0.0,0.0
8.0,25.0,0.0,0.0,0.0,0.0,0.0,0.0,0.0,0.0,0.0,0.0,0.0,0.0,0.0,0.0,0.0,0.0,0.0,0.0,0.0,0.0,0.0,0.0,0.0,0.0,0.0,0.0,0.0
9.0,0.0,0.0,0.016244167,0.0044541326,7.9568515,0.62838954,0.5093063,0.67523414,1.6701189,0.016314555,0.4479059,8.55247,0.0,36.410255,0.14314769,0.08673665,0.0,0.0,0.0,0.0,16.126724,756.8101,250.14577,829.0345,4357.5625,9.2805165E-4,0.0,0.0
9.0,1.0,0.0,0.0,0.0,0.0,0.0,0.0,0.0,0.0,2.5600455,0.0,0.0,0.0,0.0,0.0788601,3.844839,0.0,0.0,0.0,0.0,0.0,0.0,0.0,350.96252,1940.9453,0.0025526492,0.0,0.0
9.0,2.0,0.0,0.0,0.0,0.0,0.0,0.0,0.0,0.0,0.30364746,0.0,0.0,0.0,0.0,0.10715288,0.46041048,0.0,0.0,0.0,0.0,0.0,0.0,0.0,122.312195,958.55347,0.0050701145,0.0,0.0
9.0,3.0,0.0,6.479644E-8,0.0,0.0,0.0,0.0,9.563631E-5,0.0,14.995238,0.0,0.0,0.0,0.0,0.51928186,26.274595,0.0,0.0,0.0,0.0,0.0,0.0,0.0,104.68718,834.4238,0.0088174725,0.0,0.0
9.0,4.0,0.0,0.0,0.0,0.0,0.0,0.0,0.7382196,0.0,9.332616,0.0,0.0,0.0,0.0,0.78125453,25.914347,0.0,0.0,0.0,0.0,0.0,0.0,0.0,66.738556,522.64325,0.008026078,0.0,0.0
9.0,5.0,0.0,0.0,0.0,0.0,0.0,0.0,0.028609231,3.4827312E-6,3.8543034,0.0,0.0,0.0,0.0,0.2863442,8.048865,0.0,0.0,0.0,0.0,0.0,0.0,0.0,32.00264,277.19476,0.0072166524,0.0,0.0
9.0,6.0,0.0,5.6525948E-14,0.0,0.0,0.0,0.0,2.2678376E-4,0.0,1.8837006,0.0,0.0,0.0,0.0,0.39189208,4.5811877,0.0,0.0,0.0,0.0,0.0,0.0,0.0,26.194996,229.02179,0.006083199,0.0,0.0
9.0,7.0,0.0,0.0,0.0,0.0,0.0,0.0,0.0,0.0,2.6945982,0.0,0.0,0.0,0.0,0.08504532,5.1840463,0.0,0.0,0.0,0.0,0.0,0.0,0.0,16.13995,146.93016,0.005710823,0.0,0.0
9.0,8.0,0.0,0.0,0.0,0.0,0.0,0.0,1.20623044E-4,1.4276494E-4,1.994779,0.0,0.0,0.0,0.0,1.0317293,0.7904235,0.0,0.0,0.0,0.0,0.0,0.0,0.0,11.487446,112.34243,0.009602749,0.0021575077,0.0
9.0,9.0,0.0,1.5347791E-4,0.0,0.0,0.0,0.0,0.6560153,0.0,19.923458,0.0,0.0,0.0,0.0,0.56470335,8.736369,0.0,0.0,0.0,0.0,0.0,0.0,0.0,12.14793,117.34302,0.02062099,4.4728912E-4,0.0
9.0,10.0,0.0,6.986805E-5,0.0,0.0,0.0,0.0,0.08563809,0.009632092,6.252741,0.0,0.0,0.0,0.0,0.11709226,2.298002,0.0,0.0,0.0,0.0,0.0,0.0,0.0,3.722809,39.49809,0.008706839,0.0,0.0
9.0,11.0,0.0,0.0,0.0,0.0,0.0,0.0,0.1705013,0.0,3.1003194,0.0,0.0,0.0,0.0,0.18951489,1.3075988,0.0,0.0,0.0,0.0,0.0,0.0,0.0,1.9578512,22.896826,0.005077885,0.0,0.0
9.0,12.0,0.0,0.0,0.0,0.0,0.0,0.0,0.23118798,0.019559212,2.3148355,0.0,0.0,0.0,0.0,0.067423925,0.62719893,0.0,0.0,0.0,0.0,0.0,0.0,0.0,1.2370191,13.86462,0.0037359116,0.0,0.0
9.0,13.0,0.0,0.0,0.0,0.0,0.0,0.0,0.13119009,0.0,1.0848855,0.0,0.0,0.0,0.0,0.14488946,0.5229452,0.0,0.0,0.0,0.0,0.0,0.0,0.0,0.95317817,9.3585825,0.0020660758,0.0,0.0
9.0,14.0,0.0,1.5250165E-10,0.0,0.0,0.0,0.0,0.030733751,0.0,1.079522,0.0,0.0,0.0,0.0,0.048389707,0.34272668,0.0,0.0,0.0,0.0,0.0,0.0,0.0,0.68815196,7.559191,0.0026438667,0.0,0.0
9.0,15.0,0.0,0.0,0.0,0.0,0.0,0.0,0.04353608,0.0,0.7358597,0.0,0.0,0.0,0.0,0.025495518,0.38372198,0.0,0.0,0.0,0.0,0.0,0.0,0.0,0.5578797,6.2941422,0.0017142292,0.0,0.0
9.0,16.0,0.0,0.0,0.0,0.0,0.0,0.0,0.032911383,0.0,0.94138235,0.0,0.0,0.0,0.0,0.0671614,0.29076323,0.0,0.0,0.0,0.0,0.0,0.0,0.0,0.58037746,5.8974013,0.0014782592,0.0,0.0
9.0,17.0,0.0,0.0,0.0,0.0,0.0,0.0,0.020485133,0.0,0.6439733,0.0,0.0,0.0,0.0,0.022323651,0.22655126,0.0,0.0,0.0,0.0,0.0,0.0,0.0,0.4099254,3.9969018,0.0015549302,0.0,0.0
9.0,18.0,0.0,0.0,0.0,0.0,0.0,0.0,0.014534909,0.0,0.28500074,0.0,0.0,0.0,0.0,0.0146930665,0.12139544,0.0,0.0,0.0,0.0,0.0,0.0,0.0,0.26184943,3.0247257,0.0014909355,0.0,0.0
9.0,19.0,0.0,0.0,0.0,0.0,0.0,0.0,0.0059559764,0.0,0.22694336,0.0,0.0,0.0,0.0,0.033390984,0.14857912,0.0,0.0,0.0,0.0,0.0,0.0,0.0,0.27425414,2.6683578,0.00136093,0.0,0.0
9.0,20.0,0.0,0.0,0.0,0.0,0.0,0.0,0.0,0.0,0.0,0.0,0.0,0.0,0.0,0.0,0.0,0.0,0.0,0.0,0.0,0.0,0.0,0.0,0.0,0.0,0.0,0.0,0.0
9.0,21.0,0.0,0.0,0.0,0.0,0.0,0.0,0.0,0.0,0.0,0.0,0.0,0.0,0.0,0.0,0.0,0.0,0.0,0.0,0.0,0.0,0.0,0.0,0.0,0.0,0.0,0.0,0.0
9.0,22.0,0.0,0.0,0.0,0.0,0.0,0.0,0.0,0.0,0.0,0.0,0.0,0.0,0.0,0.0,0.0,0.0,0.0,0.0,0.0,0.0,0.0,0.0,0.0,0.0,0.0,0.0,0.0
9.0,23.0,0.0,0.0,0.0,0.0,0.0,0.0,0.0,0.0,0.0,0.0,0.0,0.0,0.0,0.0,0.0,0.0,0.0,0.0,0.0,0.0,0.0,0.0,0.0,0.0,0.0,0.0,0.0
9.0,24.0,0.0,0.0,0.0,0.0,0.0,0.0,0.0,0.0,0.0,0.0,0.0,0.0,0.0,0.0,0.0,0.0,0.0,0.0,0.0,0.0,0.0,0.0,0.0,0.0,0.0,0.0,0.0
9.0,25.0,0.0,0.0,0.0,0.0,0.0,0.0,0.0,0.0,0.0,0.0,0.0,0.0,0.0,0.0,0.0,0.0,0.0,0.0,0.0,0.0,0.0,0.0,0.0,0.0,0.0,0.0,0.0
10.0,0.0,0.0,0.0074603073,0.004069267,5.394583,0.33389616,0.2846752,0.85485685,0.8623219,3.6419738E-6,0.3716814,4.68948,0.0,10.8761635,0.15445228,0.1768693,0.0,0.0,0.0,0.0,12.758187,679.6868,213.00435,759.38153,4189.6963,4.7935318E-4,0.0,0.0
10.0,1.0,0.0,0.0,0.0,0.0,0.0,0.0,0.0,0.0,0.8005627,0.0,0.0,0.0,0.0,0.27523276,3.4080265,0.0,0.0,0.0,0.0,0.0,0.0,0.0,360.01175,2130.372,0.0029478122,0.0,0.0
10.0,2.0,0.0,0.0,0.0,0.0,0.0,0.0,0.0,0.0,4.931894,0.0,0.0,0.0,0.0,0.28487432,3.701416,0.0,0.0,0.0,0.0,0.0,0.0,0.0,162.90115,1109.5355,0.005815806,0.0,0.0
10.0,3.0,0.0,0.0,0.0,0.0,0.0,0.0,0.0,0.0,6.5802536,0.0,0.0,0.0,0.0,0.4975433,4.525093,0.0,0.0,0.0,0.0,0.0,0.0,0.0,85.59946,678.8251,0.008119698,0.0,0.0
10.0,4.0,0.0,0.0,0.0,0.0,0.0,0.0,0.0,0.0,7.5609336,0.0,0.0,0.0,0.0,0.25215206,16.321692,0.0,0.0,0.0,0.0,0.0,0.0,0.0,65.981995,523.5679,0.0110857915,0.0,0.0
10.0,5.0,0.0,0.0,0.0,0.0,0.0,0.0,3.8026847E-4,0.0,8.681856,0.0,0.0,0.0,0.0,0.24406374,5.600591,0.0,0.0,0.0,0.0,0.0,0.0,0.0,42.894314,344.3473,0.009829534,0.0,0.0
10.0,6.0,0.0,0.0,0.0,0.0,0.0,0.0,0.0,0.0,5.480327,0.0,0.0,0.0,0.0,0.28401855,2.8337743,0.0,0.0,0.0,0.0,0.0,0.0,0.0,22.255146,189.8725,0.008707016,0.0,0.0
10.0,7.0,0.0,0.0,0.0,0.0,0.0,0.0,5.563236E-6,0.0,5.193797,0.0,0.0,0.0,0.0,0.03109062,3.0654743,0.0,0.0,0.0,0.0,0.0,0.0,0.0,17.274908,148.91464,0.00668509,0.0,0.0
10.0,8.0,0.0,0.0,0.0,0.0,0.0,0.0,0.0,2.2799228E-4,2.0815787,0.0,0.0,0.0,0.0,0.17802383,1.4272997,0.0,0.0,0.0,0.0,0.0,0.0,0.0,11.827834,92.31011,0.0058364375,0.0,0.0
10.0,9.0,0.0,4.4083308E-13,0.0,0.0,0.0,0.0,0.0,4.9885733E-5,1.376894,0.0,0.0,0.0,0.0,0.5257075,1.4507593,0.0,0.0,0.0,0.0,0.0,0.0,0.0,7.0888176,74.341484,0.0077445256,0.0010150617,0.0
10.0,10.0,0.0,9.055328E-8,0.0,0.0,0.0,0.0,0.36911625,2.2707929E-5,14.821667,0.0,0.0,0.0,0.0,0.27624133,4.5193553,0.0,0.0,0.0,0.0,0.0,0.0,0.0,9.095005,86.38362,0.019011695,3.8685024E-4,0.0
10.0,11.0,0.0,0.0,0.0,0.0,0.0,0.0,0.045281414,0.0,5.528937,0.0,0.0,0.0,0.0,0.056807153,1.2312009,0.0,0.0,0.0,0.0,0.0,0.0,0.0,2.7632592,27.94427,0.007425108,0.0,0.0
10.0,12.0,0.0,0.0,0.0,0.0,0.0,0.0,0.11036231,0.0,3.109247,0.0,0.0,0.0,0.0,0.052629616,0.48729208,0.0,0.0,0.0,0.0,0.0,0.0,0.0,1.6105443,16.07434,0.005455231,0.0,0.0
10.0,13.0,0.0,0.0,0.0,0.0,0.0,0.0,0.05312624,0.0,1.9726351,0.0,0.0,0.0,0.0,0.035165407,0.388881,0.0,0.0,0.0,0.0,0.0,0.0,0.0,1.0406921,9.98391,0.003000154,0.0,0.0
10.0,14.0,0.0,0.0,0.0,0.0,0.0,0.0,0.020345354,0.0,1.3620551,0.0,0.0,0.0,0.0,0.028850697,0.22694159,0.0,0.0,0.0,0.0,0.0,0.0,0.0,0.65653646,6.5101976,0.0023775846,0.0,0.0
10.0,15.0,0.0,0.0,0.0,0.0,0.0,0.0,0.016724886,0.0,0.644298,0.0,0.0,0.0,0.0,0.027982673,0.19721061,0.0,0.0,0.0,0.0,0.0,0.0,0.0,0.61105716,5.644406,0.002906494,0.0,0.0
10.0,16.0,0.0,0.0,0.0,0.0,0.0,0.0,0.0,0.0,0.74129516,0.0,0.0,0.0,0.0,0.001346921,0.19361342,0.0,0.0,0.0,0.0,0.0,0.0,0.0,0.40525997,4.63794,0.0017812749,0.0,0.0
10.0,17.0,0.0,0.0,0.0,0.0,0.0,0.0,0.015192607,0.0,0.81504244,0.0,0.0,0.0,0.0,0.012071068,0.114453755,0.0,0.0,0.0,0.0,0.0,0.0,0.0,0.47462758,4.1873956,0.0017065438,0.0,0.0
10.0,18.0,0.0,0.0,0.0,0.0,0.0,0.0,0.018805867,0.0,0.55251807,0.0,0.0,0.0,0.0,0.007481712,0.12900001,0.0,0.0,0.0,0.0,0.0,0.0,0.0,0.28373998,2.7669094,0.0020044676,0.0,0.0
10.0,19.0,0.0,0.0,0.0,0.0,0.0,0.0,0.0,0.0,0.30346924,0.0,0.0,0.0,0.0,0.00300001,0.04507233,0.0,0.0,0.0,0.0,0.0,0.0,0.0,0.2141321,2.0414402,0.0017605907,0.0,0.0
10.0,20.0,0.0,0.0,0.0,0.0,0.0,0.0,0.0,0.0,0.0,0.0,0.0,0.0,0.0,0.0,0.0,0.0,0.0,0.0,0.0,0.0,0.0,0.0,0.0,0.0,0.0,0.0,0.0
10.0,21.0,0.0,0.0,0.0,0.0,0.0,0.0,0.0,0.0,0.0,0.0,0.0,0.0,0.0,0.0,0.0,0.0,0.0,0.0,0.0,0.0,0.0,0.0,0.0,0.0,0.0,0.0,0.0
10.0,22.0,0.0,0.0,0.0,0.0,0.0,0.0,0.0,0.0,0.0,0.0,0.0,0.0,0.0,0.0,0.0,0.0,0.0,0.0,0.0,0.0,0.0,0.0,0.0,0.0,0.0,0.0,0.0
10.0,23.0,0.0,0.0,0.0,0.0,0.0,0.0,0.0,0.0,0.0,0.0,0.0,0.0,0.0,0.0,0.0,0.0,0.0,0.0,0.0,0.0,0.0,0.0,0.0,0.0,0.0,0.0,0.0
10.0,24.0,0.0,0.0,0.0,0.0,0.0,0.0,0.0,0.0,0.0,0.0,0.0,0.0,0.0,0.0,0.0,0.0,0.0,0.0,0.0,0.0,0.0,0.0,0.0,0.0,0.0,0.0,0.0
10.0,25.0,0.0,0.0,0.0,0.0,0.0,0.0,0.0,0.0,0.0,0.0,0.0,0.0,0.0,0.0,0.0,0.0,0.0,0.0,0.0,0.0,0.0,0.0,0.0,0.0,0.0,0.0,0.0
11.0,0.0,0.0,0.012044715,0.004873504,2.190685,0.3207027,1.4321355,0.5075833,0.8667197,0.41644734,0.47827944,10.581985,0.0,5.1240606,0.16849528,0.110269085,0.0,0.0,0.0,0.0,9.94142,544.8543,188.00139,743.39465,4129.019,0.0010288615,0.0,0.0
11.0,1.0,0.0,0.0,0.0,0.0,0.0,0.0,0.0,0.0,4.0752435,0.0,0.0,0.0,0.0,0.51786524,0.6384549,0.0,0.0,0.0,0.0,0.0,0.0,0.0,381.60745,2240.0947,0.0023210063,0.0,0.0
11.0,2.0,0.0,0.0,0.0,0.0,0.0,0.0,0.0,0.0,15.9116535,0.0,0.0,0.0,0.0,1.4728103,4.962249,0.0,0.0,0.0,0.0,0.0,0.0,0.0,168.47604,1232.2479,0.006054452,0.0,0.0
11.0,3.0,0.0,0.0,0.0,0.0,0.0,0.0,0.0,0.0,6.008009,0.0,0.0,0.0,0.0,0.80765015,14.373313,0.0,0.0,0.0,0.0,0.0,0.0,0.0,98.66222,761.663,0.007889194,0.0,0.0
11.0,4.0,0.0,0.0,0.0,0.0,0.0,0.0,0.010797179,0.0,5.398524,0.0,0.0,0.0,0.0,1.7605692,12.329539,0.0,0.0,0.0,0.0,0.0,0.0,0.0,47.72727,448.07123,0.011389543,0.0,0.0
11.0,5.0,0.0,2.824474E-6,0.0,0.0,0.0,0.0,0.2167476,0.0,15.0723295,0.0,0.0,0.0,0.0,0.59609765,14.555363,0.0,0.0,0.0,0.0,0.0,0.0,0.0,39.338898,344.50647,0.011378059,0.0,0.0
11.0,6.0,0.0,0.0,0.0,0.0,0.0,0.0,0.12604637,0.0,7.844733,0.0,0.0,0.0,0.0,0.45274472,5.4060054,0.0,0.0,0.0,0.0,0.0,0.0,0.0,25.203726,226.19485,0.010949738,0.0,0.0
11.0,7.0,0.0,0.0,0.0,0.0,0.0,0.0,2.288877E-4,0.0,5.4975452,0.0,0.0,0.0,0.0,0.27036452,4.1631746,0.0,0.0,0.0,0.0,0.0,0.0,0.0,14.806495,129.51225,0.00711132,0.0,0.0
11.0,8.0,0.0,0.0,0.0,0.0,0.0,0.0,0.008978881,3.5955847E-5,3.4582918,0.0,0.0,0.0,0.0,0.10128225,4.4230957,0.0,0.0,0.0,0.0,0.0,0.0,0.0,10.193934,94.378006,0.0058376896,0.0,0.0
11.0,9.0,0.0,2.5349932E-6,0.0,0.0,0.0,0.0,0.0,0.0,2.0063632,0.0,0.0,0.0,0.0,0.07630498,2.718111,0.0,0.0,0.0,0.0,0.0,0.0,0.0,6.185117,55.793877,0.004800347,0.0,0.0
11.0,10.0,0.0,0.0017707078,0.0,0.0,0.0,0.0,4.1085115E-4,1.0175244E-4,1.5523459,0.0,0.0,0.0,0.0,0.5909655,1.3768889,0.0,0.0,0.0,0.0,0.0,0.0,0.0,4.952948,51.363556,0.0074939863,0.0014452288,0.0
11.0,11.0,0.0,2.9393355E-5,0.0,0.0,0.0,0.0,0.19523193,1.7821128E-5,8.639964,0.0,0.0,0.0,0.0,0.17251064,3.7844853,0.0,0.0,0.0,0.0,0.0,0.0,0.0,6.1706977,64.50931,0.019042427,4.8351087E-4,0.0
11.0,12.0,0.0,4.9915315E-7,0.0,0.0,0.0,0.0,0.27447972,0.0,3.296262,0.0,0.0,0.0,0.0,0.14703181,1.5554266,0.0,0.0,0.0,0.0,0.0,0.0,0.0,1.8294566,21.041348,0.007930319,0.0,0.0
11.0,13.0,0.0,1.2757204E-4,0.0,0.0,0.0,0.0,0.020509234,0.0,1.6815035,0.0,0.0,0.0,0.0,0.1176101,0.7602383,0.0,0.0,0.0,0.0,0.0,0.0,0.0,1.0420703,12.208061,0.0058317194,0.0,0.0
11.0,14.0,0.0,0.0,0.0,0.0,0.0,0.0,0.009891391,0.0,1.1815358,0.0,0.0,0.0,0.0,0.026455091,0.42382982,0.0,0.0,0.0,0.0,0.0,0.0,0.0,0.73455155,7.7076097,0.004198237,0.0,0.0
11.0,15.0,0.0,0.0,0.0,0.0,0.0,0.0,0.0669019,0.0,0.5021913,0.0,0.0,0.0,0.0,0.011259568,0.20150554,0.0,0.0,0.0,0.0,0.0,0.0,0.0,0.4448371,5.2903953,0.003128155,0.0,0.0
11.0,16.0,0.0,1.5043637E-5,0.0,0.0,0.0,0.0,0.0064757075,0.0,0.52689946,0.0,0.0,0.0,0.0,0.025969286,0.34681156,0.0,0.0,0.0,0.0,0.0,0.0,0.0,0.37557566,4.072257,0.0025641255,0.0,0.0
11.0,17.0,0.0,7.9609164E-10,0.0,0.0,0.0,0.0,0.011189453,0.0,0.5407133,0.0,0.0,0.0,0.0,0.003585334,0.26795736,0.0,0.0,0.0,0.0,0.0,0.0,0.0,0.3027318,3.3975697,0.0021583093,0.0,0.0
11.0,18.0,0.0,0.0,0.0,0.0,0.0,0.0,0.025462832,0.0,0.41392073,0.0,0.0,0.0,0.0,0.031414505,0.3356314,0.0,0.0,0.0,0.0,0.0,0.0,0.0,0.27117243,2.892928,0.0020806664,0.0,0.0
11.0,19.0,0.0,4.8732063E-10,0.0,0.0,0.0,0.0,0.003971323,0.0,0.35974166,0.0,0.0,0.0,0.0,0.0194548,0.18449928,0.0,0.0,0.0,0.0,0.0,0.0,0.0,0.19867167,2.1268919,0.0017549153,0.0,0.0
11.0,20.0,0.0,0.0,0.0,0.0,0.0,0.0,0.0,0.0,0.0,0.0,0.0,0.0,0.0,0.0,0.0,0.0,0.0,0.0,0.0,0.0,0.0,0.0,0.0,0.0,0.0,0.0,0.0
11.0,21.0,0.0,0.0,0.0,0.0,0.0,0.0,0.0,0.0,0.0,0.0,0.0,0.0,0.0,0.0,0.0,0.0,0.0,0.0,0.0,0.0,0.0,0.0,0.0,0.0,0.0,0.0,0.0
11.0,22.0,0.0,0.0,0.0,0.0,0.0,0.0,0.0,0.0,0.0,0.0,0.0,0.0,0.0,0.0,0.0,0.0,0.0,0.0,0.0,0.0,0.0,0.0,0.0,0.0,0.0,0.0,0.0
11.0,23.0,0.0,0.0,0.0,0.0,0.0,0.0,0.0,0.0,0.0,0.0,0.0,0.0,0.0,0.0,0.0,0.0,0.0,0.0,0.0,0.0,0.0,0.0,0.0,0.0,0.0,0.0,0.0
11.0,24.0,0.0,0.0,0.0,0.0,0.0,0.0,0.0,0.0,0.0,0.0,0.0,0.0,0.0,0.0,0.0,0.0,0.0,0.0,0.0,0.0,0.0,0.0,0.0,0.0,0.0,0.0,0.0
11.0,25.0,0.0,0.0,0.0,0.0,0.0,0.0,0.0,0.0,0.0,0.0,0.0,0.0,0.0,0.0,0.0,0.0,0.0,0.0,0.0,0.0,0.0,0.0,0.0,0.0,0.0,0.0,0.0
12.0,0.0,0.0,0.0076053827,0.003752684,3.608307,0.3745614,0.20294538,0.37278104,0.81652176,0.83423597,0.38505152,10.178977,0.0,13.486499,0.04707236,0.37070185,0.0,0.0,0.0,0.0,11.599382,527.83875,179.96576,700.77875,4060.5225,0.0012649483,0.0,0.0
12.0,1.0,0.0,0.0,0.0,0.0,0.0,0.0,0.0,0.0,0.5578785,0.0,0.0,0.0,0.0,0.32126194,0.7356056,0.0,0.0,0.0,0.0,0.0,0.0,0.0,364.18027,2087.1472,0.0029022142,0.0,0.0
12.0,2.0,0.0,0.0,0.0,0.0,0.0,0.0,0.0,0.0,10.2429285,0.0,0.0,0.0,0.0,0.32925287,4.1662407,0.0,0.0,0.0,0.0,0.0,0.0,0.0,183.77176,1258.2153,0.0050275372,0.0,0.0
12.0,3.0,0.0,0.0,0.0,0.0,0.0,0.0,0.0,0.0,6.7315273,0.0,0.0,0.0,0.0,0.32799777,4.194937,0.0,0.0,0.0,0.0,0.0,0.0,0.0,116.66153,852.76245,0.007749927,0.0,0.0
12.0,4.0,0.0,0.0,0.0,0.0,0.0,0.0,0.0,0.0,11.689683,0.0,0.0,0.0,0.0,1.0462185,9.349118,0.0,0.0,0.0,0.0,0.0,0.0,0.0,63.12272,492.1511,0.0092092445,0.0,0.0
12.0,5.0,0.0,0.0,0.0,0.0,0.0,0.0,9.654794E-4,0.0,11.25367,0.0,0.0,0.0,0.0,0.34938318,7.0992637,0.0,0.0,0.0,0.0,0.0,0.0,0.0,34.488636,297.29526,0.011351726,0.0,0.0
12.0,6.0,0.0,3.924862E-6,0.0,0.0,0.0,0.0,8.254917E-4,0.0,7.26173,0.0,0.0,0.0,0.0,0.39460889,5.4485517,0.0,0.0,0.0,0.0,0.0,0.0,0.0,26.367615,235.87325,0.011662305,0.0,0.0
12.0,7.0,0.0,0.0,0.0,0.0,0.0,0.0,0.025558706,0.0,6.031073,0.0,0.0,0.0,0.0,0.13417307,4.6548433,0.0,0.0,0.0,0.0,0.0,0.0,0.0,18.806995,147.34192,0.009335465,0.0,0.0
12.0,8.0,0.0,0.0,0.0,0.0,0.0,0.0,0.020874187,8.1187005E-5,2.9716818,0.0,0.0,0.0,0.0,0.07764164,1.9601046,0.0,0.0,0.0,0.0,0.0,0.0,0.0,11.295358,88.471855,0.006192756,0.0,0.0
12.0,9.0,0.0,0.0,0.0,0.0,0.0,0.0,1.8251712E-5,0.0,1.5479288,0.0,0.0,0.0,0.0,0.23114416,2.1053848,0.0,0.0,0.0,0.0,0.0,0.0,0.0,7.229233,62.60523,0.004355374,0.0,0.0
12.0,10.0,0.0,0.0,0.0,0.0,0.0,0.0,0.011135826,1.644244E-4,2.1754289,0.0,0.0,0.0,0.0,0.06669037,0.92678154,0.0,0.0,0.0,0.0,0.0,0.0,0.0,4.565174,37.138767,0.0036392796,0.0,0.0
12.0,11.0,0.0,1.2226742E-9,0.0,0.0,0.0,0.0,7.179866E-4,0.0017583272,1.1528198,0.0,0.0,0.0,0.0,0.30311352,0.8661024,0.0,0.0,0.0,0.0,0.0,0.0,0.0,3.2406585,35.294853,0.008262525,0.0011898185,0.0
12.0,12.0,0.0,2.6658307E-9,0.0,0.0,0.0,0.0,0.32288975,7.4712125E-6,7.200231,0.0,0.0,0.0,0.0,0.17530371,2.5716195,0.0,0.0,0.0,0.0,0.0,0.0,0.0,5.1884084,47.879864,0.017140422,4.1865374E-4,0.0
12.0,13.0,0.0,0.0,0.0,0.0,0.0,0.0,0.036827676,0.0,2.0779285,0.0,0.0,0.0,0.0,0.08837981,0.9911584,0.0,0.0,0.0,0.0,0.0,0.0,0.0,1.6516877,16.297634,0.008279248,0.0,0.0
12.0,14.0,0.0,0.0,0.0,0.0,0.0,0.0,0.02921214,0.0,1.2503328,0.0,0.0,0.0,0.0,0.03933025,0.6492204,0.0,0.0,0.0,0.0,0.0,0.0,0.0,0.87262523,9.013561,0.0047033248,0.0,0.0
12.0,15.0,0.0,0.0,0.0,0.0,0.0,0.0,0.013463675,0.0,0.8261201,0.0,0.0,0.0,0.0,0.038297717,0.32282928,0.0,0.0,0.0,0.0,0.0,0.0,0.0,0.6144705,5.9356318,0.0034386069,0.0,0.0
12.0,16.0,0.0,0.0,0.0,0.0,0.0,0.0,0.02401361,0.0,0.6168212,0.0,0.0,0.0,0.0,0.026280228,0.14278446,0.0,0.0,0.0,0.0,0.0,0.0,0.0,0.3555531,3.9017048,0.0025162303,0.0,0.0
12.0,17.0,0.0,0.0,0.0,0.0,0.0,0.0,0.013540766,0.0,0.39779317,0.0,0.0,0.0,0.0,0.036504846,0.15819457,0.0,0.0,0.0,0.0,0.0,0.0,0.0,0.28990597,3.182269,0.002913981,0.0,0.0
12.0,18.0,0.0,0.0,0.0,0.0,0.0,0.0,0.011619947,0.0,0.3588913,0.0,0.0,0.0,0.0,0.019970207,0.10563071,0.0,0.0,0.0,0.0,0.0,0.0,0.0,0.2715501,2.6975412,0.0020616937,0.0,0.0
12.0,19.0,0.0,0.0,0.0,0.0,0.0,0.0,0.0134922825,0.0,0.28640845,0.0,0.0,0.0,0.0,0.0042330553,0.11498497,0.0,0.0,0.0,0.0,0.0,0.0,0.0,0.25676426,2.4054067,0.0019215317,0.0,0.0
12.0,20.0,0.0,0.0,0.0,0.0,0.0,0.0,0.0,0.0,0.0,0.0,0.0,0.0,0.0,0.0,0.0,0.0,0.0,0.0,0.0,0.0,0.0,0.0,0.0,0.0,0.0,0.0,0.0
12.0,21.0,0.0,0.0,0.0,0.0,0.0,0.0,0.0,0.0,0.0,0.0,0.0,0.0,0.0,0.0,0.0,0.0,0.0,0.0,0.0,0.0,0.0,0.0,0.0,0.0,0.0,0.0,0.0
12.0,22.0,0.0,0.0,0.0,0.0,0.0,0.0,0.0,0.0,0.0,0.0,0.0,0.0,0.0,0.0,0.0,0.0,0.0,0.0,0.0,0.0,0.0,0.0,0.0,0.0,0.0,0.0,0.0
12.0,23.0,0.0,0.0,0.0,0.0,0.0,0.0,0.0,0.0,0.0,0.0,0.0,0.0,0.0,0.0,0.0,0.0,0.0,0.0,0.0,0.0,0.0,0.0,0.0,0.0,0.0,0.0,0.0
12.0,24.0,0.0,0.0,0.0,0.0,0.0,0.0,0.0,0.0,0.0,0.0,0.0,0.0,0.0,0.0,0.0,0.0,0.0,0.0,0.0,0.0,0.0,0.0,0.0,0.0,0.0,0.0,0.0
12.0,25.0,0.0,0.0,0.0,0.0,0.0,0.0,0.0,0.0,0.0,0.0,0.0,0.0,0.0,0.0,0.0,0.0,0.0,0.0,0.0,0.0,0.0,0.0,0.0,0.0,0.0,0.0,0.0
13.0,0.0,0.0,0.0063672457,0.0038696628,9.025926,0.44753197,0.8311481,0.6974037,1.512442,0.011985443,0.3581274,5.4351125,0.0,9.20232,0.007310715,0.18463472,0.0,0.0,0.0,0.0,11.337915,531.12646,197.48357,723.2357,4041.7278,0.0012911985,0.0,0.0
13.0,1.0,0.0,0.0,0.0,0.0,0.0,0.0,0.0,0.0,3.2328668,0.0,0.0,0.0,0.0,0.12406463,0.48423696,0.0,0.0,0.0,0.0,0.0,0.0,0.0,330.7665,2095.46,0.003811175,0.0,0.0
13.0,2.0,0.0,0.0,0.0,0.0,0.0,0.0,0.0,0.0,5.783192,0.0,0.0,0.0,0.0,0.17577499,12.7833,0.0,0.0,0.0,0.0,0.0,0.0,0.0,175.89299,1340.8469,0.0060465676,0.0,0.0
13.0,3.0,0.0,0.0,0.0,0.0,0.0,0.0,0.0,0.0,7.089286,0.0,0.0,0.0,0.0,0.46366787,11.112706,0.0,0.0,0.0,0.0,0.0,0.0,0.0,115.89591,893.87134,0.006966753,0.0,0.0
13.0,4.0,0.0,0.0,0.0,0.0,0.0,0.0,0.001113206,0.0,8.51085,0.0,0.0,0.0,0.0,0.14501743,14.164993,0.0,0.0,0.0,0.0,0.0,0.0,0.0,65.523865,577.0304,0.011037812,0.0,0.0
13.0,5.0,0.0,0.0,0.0,0.0,0.0,0.0,0.0,0.0,4.998281,0.0,0.0,0.0,0.0,0.06866842,9.753269,0.0,0.0,0.0,0.0,0.0,0.0,0.0,38.17693,342.3793,0.009801281,0.0,0.0
13.0,6.0,0.0,0.0,0.0,0.0,0.0,0.0,0.023028806,6.190945E-6,7.8628287,0.0,0.0,0.0,0.0,0.48903075,9.14682,0.0,0.0,0.0,0.0,0.0,0.0,0.0,21.728292,213.99677,0.012536285,0.0,0.0
13.0,7.0,0.0,0.0,0.0,0.0,0.0,0.0,0.0064386697,0.0,8.915061,0.0,0.0,0.0,0.0,0.23300806,10.305428,0.0,0.0,0.0,0.0,0.0,0.0,0.0,17.055237,157.32498,0.009757226,0.0,0.0
13.0,8.0,0.0,0.0,0.0,0.0,0.0,0.0,0.04165486,0.0,2.7214415,0.0,0.0,0.0,0.0,0.1320449,4.863187,0.0,0.0,0.0,0.0,0.0,0.0,0.0,11.033298,102.3585,0.007629345,0.0,0.0
13.0,9.0,0.0,0.0,0.0,0.0,0.0,0.0,0.0022080024,0.0,2.5965276,0.0,0.0,0.0,0.0,0.0799342,2.1033425,0.0,0.0,0.0,0.0,0.0,0.0,0.0,6.0094643,55.914833,0.006916931,0.0,0.0
13.0,10.0,0.0,0.0,0.0,0.0,0.0,0.0,0.001160892,5.8364993E-5,1.0966475,0.0,0.0,0.0,0.0,0.048805937,1.114737,0.0,0.0,0.0,0.0,0.0,0.0,0.0,4.487717,41.631924,0.0050969683,0.0,0.0
13.0,11.0,0.0,9.1862436E-5,0.0,0.0,0.0,0.0,3.2874473E-4,0.0,0.6258446,0.0,0.0,0.0,0.0,0.02726618,0.9367529,0.0,0.0,0.0,0.0,0.0,0.0,0.0,2.7298832,24.291023,0.003932093,0.0,0.0
13.0,12.0,0.0,8.926602E-6,0.0,0.0,0.0,0.0,0.0018508517,1.4863227E-4,0.75976443,0.0,0.0,0.0,0.0,0.20511092,0.72026527,0.0,0.0,0.0,0.0,0.0,0.0,0.0,1.9349288,25.893028,0.0077098827,0.0011215059,0.0
13.0,13.0,0.0,0.0,0.0,0.0,0.0,0.0,0.46721497,0.033837054,6.2463946,0.0,0.0,0.0,0.0,0.09706609,2.5407066,0.0,0.0,0.0,0.0,0.0,0.0,0.0,3.402982,36.60906,0.01590492,3.8151612E-4,0.0
13.0,14.0,0.0,0.0,0.0,0.0,0.0,0.0,0.22145301,0.0,2.08695,0.0,0.0,0.0,0.0,0.050275426,0.5976336,0.0,0.0,0.0,0.0,0.0,0.0,0.0,1.1444857,12.51906,0.0073683416,0.0,0.0
13.0,15.0,0.0,0.0,0.0,0.0,0.0,0.0,0.15334679,0.0,1.1516596,0.0,0.0,0.0,0.0,0.0480129,0.3837903,0.0,0.0,0.0,0.0,0.0,0.0,0.0,0.67890465,7.379597,0.00441241,0.0,0.0
13.0,16.0,0.0,0.0,0.0,0.0,0.0,0.0,0.040000185,0.0071539744,0.7343651,0.0,0.0,0.0,0.0,0.021121847,0.3404007,0.0,0.0,0.0,0.0,0.0,0.0,0.0,0.41497853,4.6218677,0.0029171435,0.0,0.0
13.0,17.0,0.0,0.0,0.0,0.0,0.0,0.0,0.03469573,0.006345405,0.29952678,0.0,0.0,0.0,0.0,0.011723173,0.21413223,0.0,0.0,0.0,0.0,0.0,0.0,0.0,0.27336687,3.1378374,0.0026395295,0.0,0.0
13.0,18.0,0.0,0.0,0.0,0.0,0.0,0.0,0.01657461,0.0,0.399493,0.0,0.0,0.0,0.0,0.0034846212,0.0700858,0.0,0.0,0.0,0.0,0.0,0.0,0.0,0.21291386,2.5828073,0.0022418424,0.0,0.0
13.0,19.0,0.0,0.0,0.0,0.0,0.0,0.0,0.03550894,0.0,0.19103503,0.0,0.0,0.0,0.0,0.0019861746,0.17774309,0.0,0.0,0.0,0.0,0.0,0.0,0.0,0.17408533,2.2041233,0.0027373184,0.0,0.0
13.0,20.0,0.0,0.0,0.0,0.0,0.0,0.0,0.0,0.0,0.0,0.0,0.0,0.0,0.0,0.0,0.0,0.0,0.0,0.0,0.0,0.0,0.0,0.0,0.0,0.0,0.0,0.0,0.0
13.0,21.0,0.0,0.0,0.0,0.0,0.0,0.0,0.0,0.0,0.0,0.0,0.0,0.0,0.0,0.0,0.0,0.0,0.0,0.0,0.0,0.0,0.0,0.0,0.0,0.0,0.0,0.0,0.0
13.0,22.0,0.0,0.0,0.0,0.0,0.0,0.0,0.0,0.0,0.0,0.0,0.0,0.0,0.0,0.0,0.0,0.0,0.0,0.0,0.0,0.0,0.0,0.0,0.0,0.0,0.0,0.0,0.0
13.0,23.0,0.0,0.0,0.0,0.0,0.0,0.0,0.0,0.0,0.0,0.0,0.0,0.0,0.0,0.0,0.0,0.0,0.0,0.0,0.0,0.0,0.0,0.0,0.0,0.0,0.0,0.0,0.0
13.0,24.0,0.0,0.0,0.0,0.0,0.0,0.0,0.0,0.0,0.0,0.0,0.0,0.0,0.0,0.0,0.0,0.0,0.0,0.0,0.0,0.0,0.0,0.0,0.0,0.0,0.0,0.0,0.0
13.0,25.0,0.0,0.0,0.0,0.0,0.0,0.0,0.0,0.0,0.0,0.0,0.0,0.0,0.0,0.0,0.0,0.0,0.0,0.0,0.0,0.0,0.0,0.0,0.0,0.0,0.0,0.0,0.0
14.0,0.0,0.0,0.0078008454,0.0027426872,4.4673433,0.39243785,1.2035788,1.0413735,0.987753,1.8549825E-4,0.2732274,17.160212,0.0,16.025547,0.08296137,0.23412079,0.0,0.0,0.0,0.0,11.093025,628.9913,195.9485,757.75055,4154.378,0.001035659,0.0,0.0
14.0,1.0,0.0,0.0,0.0,0.0,0.0,0.0,0.0,0.0,0.70655847,0.0,0.0,0.0,0.0,0.23143674,2.2321458,0.0,0.0,0.0,0.0,0.0,0.0,0.0,354.89114,2069.3,0.002542064,0.0,0.0
14.0,2.0,0.0,0.0,0.0,0.0,0.0,0.0,0.0,0.0,6.199609,0.0,0.0,0.0,0.0,0.16958019,4.4950833,0.0,0.0,0.0,0.0,0.0,0.0,0.0,174.97083,1287.8419,0.0065579084,0.0,0.0
14.0,3.0,0.0,0.0,0.0,0.0,0.0,0.0,0.0049886024,0.0,10.360503,0.0,0.0,0.0,0.0,0.1319668,14.83745,0.0,0.0,0.0,0.0,0.0,0.0,0.0,120.110016,886.4025,0.0086888,0.0,0.0
14.0,4.0,0.0,0.0,0.0,0.0,0.0,0.0,0.061068665,0.0,8.135527,0.0,0.0,0.0,0.0,0.17129004,9.395961,0.0,0.0,0.0,0.0,0.0,0.0,0.0,76.384254,587.7922,0.0078098597,0.0,0.0
14.0,5.0,0.0,0.0,0.0,0.0,0.0,0.0,0.036638346,0.0,7.960678,0.0,0.0,0.0,0.0,0.18904623,9.844987,0.0,0.0,0.0,0.0,0.0,0.0,0.0,47.524094,378.03632,0.010330956,0.0,0.0
14.0,6.0,0.0,0.0,0.0,0.0,0.0,0.0,0.48106053,0.0,2.309689,0.0,0.0,0.0,0.0,0.40851697,9.971589,0.0,0.0,0.0,0.0,0.0,0.0,0.0,26.770515,222.94969,0.010343112,0.0,0.0
14.0,7.0,0.0,0.0012192788,0.0,0.0,0.0,0.0,0.007939082,0.0,2.2546313,0.0,0.0,0.0,0.0,0.19180372,4.551565,0.0,0.0,0.0,0.0,0.0,0.0,0.0,15.784813,142.02081,0.010690912,0.0,0.0
14.0,8.0,0.0,0.0,0.0,0.0,0.0,0.0,0.058808498,0.0,1.6899763,0.0,0.0,0.0,0.0,0.2792527,3.5269713,0.0,0.0,0.0,0.0,0.0,0.0,0.0,13.384302,108.2769,0.00850259,0.0,0.0
14.0,9.0,0.0,0.0,0.0,0.0,0.0,0.0,0.017077122,0.0,1.0987859,0.0,0.0,0.0,0.0,0.21978621,0.84094244,0.0,0.0,0.0,0.0,0.0,0.0,0.0,7.561503,68.11849,0.008218138,0.0,0.0
14.0,10.0,0.0,0.0,0.0,0.0,0.0,0.0,0.027258368,0.0,1.121066,0.0,0.0,0.0,0.0,0.09691442,0.56046814,0.0,0.0,0.0,0.0,0.0,0.0,0.0,3.9855778,35.207672,0.0061974134,0.0,0.0
14.0,11.0,0.0,0.0,0.0,0.0,0.0,0.0,0.0037187596,1.2036146E-5,0.6777219,0.0,0.0,0.0,0.0,0.051583778,0.5187234,0.0,0.0,0.0,0.0,0.0,0.0,0.0,3.0202758,26.470804,0.0041601146,0.0,0.0
14.0,12.0,0.0,7.387061E-8,0.0,0.0,0.0,0.0,0.002729063,7.5847347E-4,0.5249171,0.0,0.0,0.0,0.0,0.042386416,0.62943596,0.0,0.0,0.0,0.0,0.0,0.0,0.0,1.8426868,15.215812,0.0035539325,0.0,0.0
14.0,13.0,0.0,0.0,0.0,0.0,0.0,0.0,0.021664843,1.0786833E-4,0.23232009,0.0,0.0,0.0,0.0,0.11792981,0.11618456,0.0,0.0,0.0,0.0,0.0,0.0,0.0,1.6067414,19.242958,0.005953229,0.0020238047,0.0
14.0,14.0,0.0,0.002684375,0.0,0.0,0.0,0.0,0.23875022,0.0,3.2290368,0.0,0.0,0.0,0.0,0.079345554,1.2021888,0.0,0.0,0.0,0.0,0.0,0.0,0.0,3.015463,29.163294,0.016824089,4.6326817E-4,0.0
14.0,15.0,0.0,0.0012537418,0.0,0.0,0.0,0.0,0.10599858,0.0,1.1246697,0.0,0.0,0.0,0.0,0.059765745,0.48970968,0.0,0.0,0.0,0.0,0.0,0.0,0.0,0.9916845,10.074527,0.0069475593,0.0,0.0
14.0,16.0,0.0,0.0,0.0,0.0,0.0,0.0,0.08209395,0.0,0.51634604,0.0,0.0,0.0,0.0,0.03363572,0.30584112,0.0,0.0,0.0,0.0,0.0,0.0,0.0,0.5840536,5.7892175,0.0048579695,0.0,0.0
14.0,17.0,0.0,1.5527956E-8,0.0,0.0,0.0,0.0,0.03694414,0.0,0.2979973,0.0,0.0,0.0,0.0,0.021582017,0.20531274,0.0,0.0,0.0,0.0,0.0,0.0,0.0,0.39925122,3.8866644,0.0034651137,0.0,0.0
14.0,18.0,0.0,2.2838684E-8,0.0,0.0,0.0,0.0,0.011721401,0.0,0.23729974,0.0,0.0,0.0,0.0,0.026870413,0.11235546,0.0,0.0,0.0,0.0,0.0,0.0,0.0,0.25572234,2.4956944,0.0020255947,0.0,0.0
14.0,19.0,0.0,9.673897E-4,0.0,0.0,0.0,0.0,0.014707967,0.0,0.16397998,0.0,0.0,0.0,0.0,0.0014257235,0.09488949,0.0,0.0,0.0,0.0,0.0,0.0,0.0,0.1822179,2.0076914,0.0026963826,0.0,0.0
14.0,20.0,0.0,0.0,0.0,0.0,0.0,0.0,0.0,0.0,0.0,0.0,0.0,0.0,0.0,0.0,0.0,0.0,0.0,0.0,0.0,0.0,0.0,0.0,0.0,0.0,0.0,0.0,0.0
14.0,21.0,0.0,0.0,0.0,0.0,0.0,0.0,0.0,0.0,0.0,0.0,0.0,0.0,0.0,0.0,0.0,0.0,0.0,0.0,0.0,0.0,0.0,0.0,0.0,0.0,0.0,0.0,0.0
14.0,22.0,0.0,0.0,0.0,0.0,0.0,0.0,0.0,0.0,0.0,0.0,0.0,0.0,0.0,0.0,0.0,0.0,0.0,0.0,0.0,0.0,0.0,0.0,0.0,0.0,0.0,0.0,0.0
14.0,23.0,0.0,0.0,0.0,0.0,0.0,0.0,0.0,0.0,0.0,0.0,0.0,0.0,0.0,0.0,0.0,0.0,0.0,0.0,0.0,0.0,0.0,0.0,0.0,0.0,0.0,0.0,0.0
14.0,24.0,0.0,0.0,0.0,0.0,0.0,0.0,0.0,0.0,0.0,0.0,0.0,0.0,0.0,0.0,0.0,0.0,0.0,0.0,0.0,0.0,0.0,0.0,0.0,0.0,0.0,0.0,0.0
14.0,25.0,0.0,0.0,0.0,0.0,0.0,0.0,0.0,0.0,0.0,0.0,0.0,0.0,0.0,0.0,0.0,0.0,0.0,0.0,0.0,0.0,0.0,0.0,0.0,0.0,0.0,0.0,0.0
15.0,0.0,0.0,0.006805171,0.0034640317,5.868671,0.5299506,0.5579258,0.56773555,0.9429932,0.16654903,0.40993202,8.752138,0.0,18.498789,0.01414345,0.08335716,0.0,0.0,0.0,0.0,11.204398,540.9629,175.15999,728.72644,3986.9277,0.001274681,0.0,0.0
15.0,1.0,0.0,0.0,0.0,0.0,0.0,0.0,0.0,0.0,0.30357406,0.0,0.0,0.0,0.0,0.42892867,2.479921,0.0,0.0,0.0,0.0,0.0,0.0,0.0,385.9726,2159.8667,0.0030808346,0.0,0.0
15.0,2.0,0.0,0.0,0.0,0.0,0.0,0.0,0.0,0.0,0.89909893,0.0,0.0,0.0,0.0,0.07135466,10.578668,0.0,0.0,0.0,0.0,0.0,0.0,0.0,164.3547,1168.1602,0.006605785,0.0,0.0
15.0,3.0,0.0,0.0,0.0,0.0,0.0,0.0,0.0,0.0,2.8900387,0.0,0.0,0.0,0.0,1.5011322,10.131086,0.0,0.0,0.0,0.0,0.0,0.0,0.0,125.00226,955.2592,0.010024293,0.0,0.0
15.0,4.0,0.0,0.0,0.0,0.0,0.0,0.0,0.0013210197,0.0,3.231023,0.0,0.0,0.0,0.0,0.37359402,13.427462,0.0,0.0,0.0,0.0,0.0,0.0,0.0,71.134476,605.32996,0.011839535,0.0,0.0
15.0,5.0,0.0,0.0,0.0,0.0,0.0,0.0,0.014981392,0.0,2.9623425,0.0,0.0,0.0,0.0,1.6802523,11.336909,0.0,0.0,0.0,0.0,0.0,0.0,0.0,45.597107,393.33765,0.010310653,0.0,0.0
15.0,6.0,0.0,0.0,0.0,0.0,0.0,0.0,1.2919832,0.0,4.521986,0.0,0.0,0.0,0.0,0.6815367,5.944718,0.0,0.0,0.0,0.0,0.0,0.0,0.0,31.041075,259.94266,0.010621377,0.0,0.0
15.0,7.0,0.0,0.0,0.0,0.0,0.0,0.0,0.12912332,0.0,1.2426665,0.0,0.0,0.0,0.0,0.5605999,4.760086,0.0,0.0,0.0,0.0,0.0,0.0,0.0,18.54934,157.12999,0.00838988,0.0,0.0
15.0,8.0,0.0,0.0,0.0,0.0,0.0,0.0,0.0024262439,0.0,2.4643648,0.0,0.0,0.0,0.0,0.1950889,4.0837855,0.0,0.0,0.0,0.0,0.0,0.0,0.0,10.56506,99.68062,0.009125849,0.0,0.0
15.0,9.0,0.0,0.0,0.0,0.0,0.0,0.0,0.04029685,0.0,2.1138318,0.0,0.0,0.0,0.0,0.24903914,2.3089437,0.0,0.0,0.0,0.0,0.0,0.0,0.0,7.814669,72.781425,0.009478925,0.0,0.0
15.0,10.0,0.0,0.0,0.0,0.0,0.0,0.0,0.0027214158,0.0,1.0548325,0.0,0.0,0.0,0.0,0.09164708,2.4419587,0.0,0.0,0.0,0.0,0.0,0.0,0.0,5.309908,44.723934,0.0067274906,0.0,0.0
15.0,11.0,0.0,6.416312E-4,0.0,0.0,0.0,0.0,7.74066E-6,0.0,0.3987861,0.0,0.0,0.0,0.0,0.077672005,1.1013893,0.0,0.0,0.0,0.0,0.0,0.0,0.0,2.6741984,23.31509,0.005745573,0.0,0.0
15.0,12.0,0.0,0.0,0.0,0.0,0.0,0.0,3.9278773E-5,3.8612667E-5,0.051989444,0.0,0.0,0.0,0.0,0.02930241,0.5599644,0.0,0.0,0.0,0.0,0.0,0.0,0.0,2.1329095,17.442339,0.0032216222,0.0,0.0
15.0,13.0,0.0,4.613519E-5,0.0,0.0,0.0,0.0,0.0017510665,8.2785776E-4,0.22115657,0.0,0.0,0.0,0.0,0.0069520883,0.19743823,0.0,0.0,0.0,0.0,0.0,0.0,0.0,1.2080743,9.88311,0.003564998,0.0,0.0
15.0,14.0,0.0,2.0650867E-7,0.0,0.0,0.0,0.0,0.012879251,2.4156834E-5,0.20753801,0.0,0.0,0.0,0.0,0.16094662,0.18795642,0.0,0.0,0.0,0.0,0.0,0.0,0.0,1.1733173,14.040648,0.0057406076,0.0013799235,0.0
15.0,15.0,0.0,3.8995935E-5,0.0,0.0,0.0,0.0,0.08760531,0.0,2.0848463,0.0,0.0,0.0,0.0,0.09812397,1.0767779,0.0,0.0,0.0,0.0,0.0,0.0,0.0,2.3487496,22.91891,0.017453985,3.894521E-4,0.0
15.0,16.0,0.0,2.4455017E-7,0.0,0.0,0.0,0.0,0.046957515,0.0,0.5056905,0.0,0.0,0.0,0.0,0.039866365,0.3982862,0.0,0.0,0.0,0.0,0.0,0.0,0.0,0.8217821,8.323097,0.0063156066,0.0,0.0
15.0,17.0,0.0,0.0,0.0,0.0,0.0,0.0,0.047514822,0.0,0.41033977,0.0,0.0,0.0,0.0,0.021254916,0.20149074,0.0,0.0,0.0,0.0,0.0,0.0,0.0,0.45452133,4.7614784,0.0047481228,0.0,0.0
15.0,18.0,0.0,9.0673726E-5,0.0,0.0,0.0,0.0,0.025989868,0.0,0.24439,0.0,0.0,0.0,0.0,0.015028828,0.16608042,0.0,0.0,0.0,0.0,0.0,0.0,0.0,0.28619877,3.0994296,0.0031592657,0.0,0.0
15.0,19.0,0.0,0.0022994014,0.0,0.0,0.0,0.0,0.014799927,0.0,0.14906485,0.0,0.0,0.0,0.0,0.018468091,0.08054586,0.0,0.0,0.0,0.0,0.0,0.0,0.0,0.19010131,1.9962769,0.0022287169,0.0,0.0
15.0,20.0,0.0,0.0,0.0,0.0,0.0,0.0,0.0,0.0,0.0,0.0,0.0,0.0,0.0,0.0,0.0,0.0,0.0,0.0,0.0,0.0,0.0,0.0,0.0,0.0,0.0,0.0,0.0
15.0,21.0,0.0,0.0,0.0,0.0,0.0,0.0,0.0,0.0,0.0,0.0,0.0,0.0,0.0,0.0,0.0,0.0,0.0,0.0,0.0,0.0,0.0,0.0,0.0,0.0,0.0,0.0,0.0
15.0,22.0,0.0,0.0,0.0,0.0,0.0,0.0,0.0,0.0,0.0,0.0,0.0,0.0,0.0,0.0,0.0,0.0,0.0,0.0,0.0,0.0,0.0,0.0,0.0,0.0,0.0,0.0,0.0
15.0,23.0,0.0,0.0,0.0,0.0,0.0,0.0,0.0,0.0,0.0,0.0,0.0,0.0,0.0,0.0,0.0,0.0,0.0,0.0,0.0,0.0,0.0,0.0,0.0,0.0,0.0,0.0,0.0
15.0,24.0,0.0,0.0,0.0,0.0,0.0,0.0,0.0,0.0,0.0,0.0,0.0,0.0,0.0,0.0,0.0,0.0,0.0,0.0,0.0,0.0,0.0,0.0,0.0,0.0,0.0,0.0,0.0
15.0,25.0,0.0,0.0,0.0,0.0,0.0,0.0,0.0,0.0,0.0,0.0,0.0,0.0,0.0,0.0,0.0,0.0,0.0,0.0,0.0,0.0,0.0,0.0,0.0,0.0,0.0,0.0,0.0
16.0,0.0,0.0,0.010455002,0.0018660236,9.241221,0.6278694,1.3324497,0.52122045,0.88590467,0.06570635,0.5213559,3.716063,0.0,18.53828,0.38805306,0.17529812,0.0,0.0,0.0,0.0,9.905041,546.431,171.75563,776.7133,4251.8604,9.349688E-4,0.0,0.0
16.0,1.0,0.0,0.0,0.0,0.0,0.0,0.0,1.0695442E-8,0.0,1.4491996E-5,0.0,0.0,0.0,0.0,0.16242287,7.1060195,0.0,0.0,0.0,0.0,0.0,0.0,0.0,405.09695,2380.4185,0.0030740737,0.0,0.0
16.0,2.0,0.0,0.0,0.0,0.0,0.0,0.0,0.035412595,0.0,0.47517878,0.0,0.0,0.0,0.0,0.3093686,30.028297,0.0,0.0,0.0,0.0,0.0,0.0,0.0,168.53278,1251.2303,0.0080369,0.0,0.0
16.0,3.0,0.0,0.0,0.0,0.0,0.0,0.0,0.0032977173,0.0,2.9455018,0.0,0.0,0.0,0.0,0.59454143,11.171182,0.0,0.0,0.0,0.0,0.0,0.0,0.0,109.63777,862.8128,0.010635835,0.0,0.0
16.0,4.0,0.0,0.0,0.0,0.0,0.0,0.0,0.18728803,2.5789726E-7,2.1577609,0.0,0.0,0.0,0.0,0.5538365,19.323404,0.0,0.0,0.0,0.0,0.0,0.0,0.0,75.95752,643.29535,0.013147118,0.0,0.0
16.0,5.0,0.0,0.0,0.0,0.0,0.0,0.0,0.33271378,1.0939847E-4,0.11942588,0.0,0.0,0.0,0.0,0.6431578,15.433017,0.0,0.0,0.0,0.0,0.0,0.0,0.0,51.65086,420.72943,0.010949399,0.0,0.0
16.0,6.0,0.0,0.0,0.0,0.0,0.0,0.0,0.030279847,0.0,1.2930055,0.0,0.0,0.0,0.0,0.9005997,9.922575,0.0,0.0,0.0,0.0,0.0,0.0,0.0,29.82814,267.27927,0.012021381,0.0,0.0
16.0,7.0,0.0,0.0,0.0,0.0,0.0,0.0,0.06975161,1.6812708E-4,3.1253092,0.0,0.0,0.0,0.0,0.4736268,5.6346464,0.0,0.0,0.0,0.0,0.0,0.0,0.0,18.221405,176.4773,0.011196372,0.0,0.0
16.0,8.0,0.0,0.0,0.0,0.0,0.0,0.0,0.10486981,0.0,0.88916814,0.0,0.0,0.0,0.0,0.16168383,4.018965,0.0,0.0,0.0,0.0,0.0,0.0,0.0,11.684713,106.39686,0.009179218,0.0,0.0
16.0,9.0,0.0,0.0,0.0,0.0,0.0,0.0,0.09909587,7.251162E-4,0.7093904,0.0,0.0,0.0,0.0,0.117514975,2.993881,0.0,0.0,0.0,0.0,0.0,0.0,0.0,6.974166,68.45313,0.008543907,0.0,0.0
16.0,10.0,0.0,0.0,0.0,0.0,0.0,0.0,0.048163828,0.0,0.5009494,0.0,0.0,0.0,0.0,0.33314887,2.292132,0.0,0.0,0.0,0.0,0.0,0.0,0.0,5.3570356,49.01293,0.008932219,0.0,0.0
16.0,11.0,0.0,0.0,0.0,0.0,0.0,0.0,0.0030035228,0.0,0.236163,0.0,0.0,0.0,0.0,0.05721711,0.6651279,0.0,0.0,0.0,0.0,0.0,0.0,0.0,3.2953255,32.128895,0.00620816,0.0,0.0
16.0,12.0,0.0,0.0,0.0,0.0,0.0,0.0,0.035293568,0.052974477,0.18163517,0.0,0.0,0.0,0.0,0.09139961,0.39896348,0.0,0.0,0.0,0.0,0.0,0.0,0.0,1.7228552,15.669431,0.004865949,0.0,0.0
16.0,13.0,0.0,0.0,0.0,0.0,0.0,0.0,0.03584542,0.0,0.06109956,0.0,0.0,0.0,0.0,0.014076573,0.50293744,0.0,0.0,0.0,0.0,0.0,0.0,0.0,1.3735589,10.903156,0.003546385,0.0,0.0
16.0,14.0,0.0,0.0,0.0,0.0,0.0,0.0,0.011540477,0.0,0.04827946,0.0,0.0,0.0,0.0,0.015938928,0.26137,0.0,0.0,0.0,0.0,0.0,0.0,0.0,0.7112311,6.4656053,0.0032326255,0.0,0.0
16.0,15.0,0.0,2.1446147E-6,0.0,0.0,0.0,0.0,0.00854073,3.4217004E-4,0.10202224,0.0,0.0,0.0,0.0,0.13562787,0.17565803,0.0,0.0,0.0,0.0,0.0,0.0,0.0,0.7843172,10.785106,0.0051131477,0.0011198537,0.0
16.0,16.0,0.0,1.1787387E-7,0.0,0.0,0.0,0.0,0.10508057,0.016034162,1.1797711,0.0,0.0,0.0,0.0,0.047426056,1.4366677,0.0,0.0,0.0,0.0,0.0,0.0,0.0,1.6657225,17.811075,0.018285844,3.2013058E-4,0.0
16.0,17.0,0.0,0.0,0.0,0.0,0.0,0.0,0.07107028,0.0,0.39729425,0.0,0.0,0.0,0.0,0.020136096,0.4687168,0.0,0.0,0.0,0.0,0.0,0.0,0.0,0.58188736,6.3261805,0.0071805315,0.0,0.0
16.0,18.0,0.0,0.0,0.0,0.0,0.0,0.0,0.04640092,0.0,0.20507468,0.0,0.0,0.0,0.0,0.026888011,0.2668929,0.0,0.0,0.0,0.0,0.0,0.0,0.0,0.32007733,3.7356946,0.004747459,0.0,0.0
16.0,19.0,0.0,0.0,0.0,0.0,0.0,0.0,0.014852596,0.0,0.13878325,0.0,0.0,0.0,0.0,0.009670985,0.10730298,0.0,0.0,0.0,0.0,0.0,0.0,0.0,0.26034757,2.5144656,0.0032880811,0.0,0.0
16.0,20.0,0.0,0.0,0.0,0.0,0.0,0.0,0.0,0.0,0.0,0.0,0.0,0.0,0.0,0.0,0.0,0.0,0.0,0.0,0.0,0.0,0.0,0.0,0.0,0.0,0.0,0.0,0.0
16.0,21.0,0.0,0.0,0.0,0.0,0.0,0.0,0.0,0.0,0.0,0.0,0.0,0.0,0.0,0.0,0.0,0.0,0.0,0.0,0.0,0.0,0.0,0.0,0.0,0.0,0.0,0.0,0.0
16.0,22.0,0.0,0.0,0.0,0.0,0.0,0.0,0.0,0.0,0.0,0.0,0.0,0.0,0.0,0.0,0.0,0.0,0.0,0.0,0.0,0.0,0.0,0.0,0.0,0.0,0.0,0.0,0.0
16.0,23.0,0.0,0.0,0.0,0.0,0.0,0.0,0.0,0.0,0.0,0.0,0.0,0.0,0.0,0.0,0.0,0.0,0.0,0.0,0.0,0.0,0.0,0.0,0.0,0.0,0.0,0.0,0.0
16.0,24.0,0.0,0.0,0.0,0.0,0.0,0.0,0.0,0.0,0.0,0.0,0.0,0.0,0.0,0.0,0.0,0.0,0.0,0.0,0.0,0.0,0.0,0.0,0.0,0.0,0.0,0.0,0.0
16.0,25.0,0.0,0.0,0.0,0.0,0.0,0.0,0.0,0.0,0.0,0.0,0.0,0.0,0.0,0.0,0.0,0.0,0.0,0.0,0.0,0.0,0.0,0.0,0.0,0.0,0.0,0.0,0.0
17.0,0.0,0.0,0.0076550157,0.002143412,4.88881,0.32449067,1.4718059,0.78068423,1.24129,0.06180081,0.44882995,13.506204,0.0,19.032883,0.19804311,0.16796763,0.0,0.0,0.0,0.0,10.943179,575.4959,181.87378,734.54785,4000.081,6.557684E-4,0.0,0.0
17.0,1.0,0.0,0.0,0.0,0.0,0.0,0.0,7.173957E-5,0.0,0.023601022,0.0,0.0,0.0,0.0,0.4513393,10.689501,0.0,0.0,0.0,0.0,0.0,0.0,0.0,370.96338,2181.9907,0.003193884,0.0,0.0
17.0,2.0,0.0,0.0,0.0,0.0,0.0,0.0,0.0,0.0,1.1989857,0.0,0.0,0.0,0.0,0.9077943,9.938624,0.0,0.0,0.0,0.0,0.0,0.0,0.0,206.27965,1485.0375,0.006227744,0.0,0.0
17.0,3.0,0.0,0.0,0.0,0.0,0.0,0.0,0.0,0.0,2.7100363,0.0,0.0,0.0,0.0,0.76674485,31.568619,0.0,0.0,0.0,0.0,0.0,0.0,0.0,97.26422,791.6166,0.010645866,0.0,0.0
17.0,4.0,0.0,0.0,0.0,0.0,0.0,0.0,0.0,0.0024112856,3.0287716,0.0,0.0,0.0,0.0,1.2555302,19.905413,0.0,0.0,0.0,0.0,0.0,0.0,0.0,59.275913,542.0028,0.01178858,0.0,0.0
17.0,5.0,0.0,1.4121967E-7,0.0,0.0,0.0,0.0,1.3860203E-4,0.30832493,4.658533,0.0,0.0,0.0,0.0,0.39124972,16.844704,0.0,0.0,0.0,0.0,0.0,0.0,0.0,47.18985,407.9689,0.0129794,0.0,0.0
17.0,6.0,0.0,0.0,0.0,0.0,0.0,0.0,0.044589654,0.0,2.2274806,0.0,0.0,0.0,0.0,0.5174755,7.2255707,0.0,0.0,0.0,0.0,0.0,0.0,0.0,30.946192,288.98886,0.013107634,0.0,0.0
17.0,7.0,0.0,0.0,0.0,0.0,0.0,0.0,0.0,0.009860593,1.2285564,0.0,0.0,0.0,0.0,0.4648934,8.190735,0.0,0.0,0.0,0.0,0.0,0.0,0.0,18.424555,172.20154,0.010496408,0.0,0.0
17.0,8.0,0.0,1.9377594E-6,0.0,0.0,0.0,0.0,0.05519683,0.0010571942,1.0326806,0.0,0.0,0.0,0.0,0.24894466,2.589762,0.0,0.0,0.0,0.0,0.0,0.0,0.0,13.589042,117.5013,0.01008002,0.0,0.0
17.0,9.0,0.0,0.0,0.0,0.0,0.0,0.0,0.0,1.2495397E-5,0.53420347,0.0,0.0,0.0,0.0,0.3467241,1.8713044,0.0,0.0,0.0,0.0,0.0,0.0,0.0,7.050832,67.95893,0.00848923,0.0,0.0
17.0,10.0,0.0,1.1015652E-4,0.0,0.0,0.0,0.0,0.0012641839,2.5372808E-6,0.9073097,0.0,0.0,0.0,0.0,0.1575231,2.2683117,0.0,0.0,0.0,0.0,0.0,0.0,0.0,4.27413,44.052967,0.008581834,0.0,0.0
17.0,11.0,0.0,4.1590194E-9,0.0,0.0,0.0,0.0,6.218683E-5,0.027038256,0.5204085,0.0,0.0,0.0,0.0,0.13063692,1.027189,0.0,0.0,0.0,0.0,0.0,0.0,0.0,3.6109338,32.856766,0.0069457875,0.0,0.0
17.0,12.0,0.0,0.0,0.0,0.0,0.0,0.0,0.00607889,0.002512509,0.44451177,0.0,0.0,0.0,0.0,0.05818514,0.93728656,0.0,0.0,0.0,0.0,0.0,0.0,0.0,2.3737705,20.953417,0.0058521847,0.0,0.0
17.0,13.0,0.0,0.0,0.0,0.0,0.0,0.0,0.021853847,6.008944E-6,0.16918246,0.0,0.0,0.0,0.0,0.011194431,0.4305959,0.0,0.0,0.0,0.0,0.0,0.0,0.0,1.0932318,9.526837,0.004356358,0.0,0.0
17.0,14.0,0.0,0.0,0.0,0.0,0.0,0.0,3.654618E-5,5.8153894E-4,0.054799397,0.0,0.0,0.0,0.0,0.016852157,0.259553,0.0,0.0,0.0,0.0,0.0,0.0,0.0,0.8842045,7.21428,0.0034623537,0.0,0.0
17.0,15.0,0.0,1.7790195E-13,0.0,0.0,0.0,0.0,1.4562631E-4,0.0011587234,0.031733125,0.0,0.0,0.0,0.0,0.024127379,0.1750259,0.0,0.0,0.0,0.0,0.0,0.0,0.0,0.46413007,4.0136733,0.0025348174,0.0,0.0
17.0,16.0,0.0,3.280692E-8,0.0,0.0,0.0,0.0,5.341289E-5,1.09930275E-4,0.10563313,0.0,0.0,0.0,0.0,0.0783367,0.17480826,0.0,0.0,0.0,0.0,0.0,0.0,0.0,0.5390856,7.8535457,0.0061071613,0.0013160413,0.0
17.0,17.0,0.0,9.310162E-4,0.0,0.0,0.0,0.0,0.05490922,0.0028965694,1.4391304,0.0,0.0,0.0,0.0,0.065809764,0.8029014,0.0,0.0,0.0,0.0,0.0,0.0,0.0,1.2710773,13.513172,0.015779572,4.4293283E-4,0.0
17.0,18.0,0.0,6.208565E-4,0.0,0.0,0.0,0.0,0.0016187076,0.002300179,0.4659887,0.0,0.0,0.0,0.0,0.026054041,0.26382798,0.0,0.0,0.0,0.0,0.0,0.0,0.0,0.42288372,4.73814,0.006431005,0.0,0.0
17.0,19.0,0.0,1.5473718E-6,0.0,0.0,0.0,0.0,0.019140953,6.131692E-5,0.21801573,0.0,0.0,0.0,0.0,0.029053941,0.15607432,0.0,0.0,0.0,0.0,0.0,0.0,0.0,0.24679808,2.870531,0.0041613313,0.0,0.0
17.0,20.0,0.0,0.0,0.0,0.0,0.0,0.0,0.0,0.0,0.0,0.0,0.0,0.0,0.0,0.0,0.0,0.0,0.0,0.0,0.0,0.0,0.0,0.0,0.0,0.0,0.0,0.0,0.0
17.0,21.0,0.0,0.0,0.0,0.0,0.0,0.0,0.0,0.0,0.0,0.0,0.0,0.0,0.0,0.0,0.0,0.0,0.0,0.0,0.0,0.0,0.0,0.0,0.0,0.0,0.0,0.0,0.0
17.0,22.0,0.0,0.0,0.0,0.0,0.0,0.0,0.0,0.0,0.0,0.0,0.0,0.0,0.0,0.0,0.0,0.0,0.0,0.0,0.0,0.0,0.0,0.0,0.0,0.0,0.0,0.0,0.0
17.0,23.0,0.0,0.0,0.0,0.0,0.0,0.0,0.0,0.0,0.0,0.0,0.0,0.0,0.0,0.0,0.0,0.0,0.0,0.0,0.0,0.0,0.0,0.0,0.0,0.0,0.0,0.0,0.0
17.0,24.0,0.0,0.0,0.0,0.0,0.0,0.0,0.0,0.0,0.0,0.0,0.0,0.0,0.0,0.0,0.0,0.0,0.0,0.0,0.0,0.0,0.0,0.0,0.0,0.0,0.0,0.0,0.0
17.0,25.0,0.0,0.0,0.0,0.0,0.0,0.0,0.0,0.0,0.0,0.0,0.0,0.0,0.0,0.0,0.0,0.0,0.0,0.0,0.0,0.0,0.0,0.0,0.0,0.0,0.0,0.0,0.0
18.0,0.0,0.0,0.00997307,0.0033471982,5.133875,0.24825488,0.91804165,0.8477069,0.84815925,0.13275357,0.5336674,15.736455,0.0,23.375122,0.015321743,0.1025029,0.0,0.0,0.0,0.0,13.341141,648.7854,196.66971,766.8271,4171.9604,3.4204908E-4,0.0,0.0
18.0,1.0,0.0,0.0,0.0,0.0,0.0,0.0,0.0,0.0,0.0016807119,0.0,0.0,0.0,0.0,0.21374914,6.7065854,0.0,0.0,0.0,0.0,0.0,0.0,0.0,363.98944,2114.0547,0.002084992,0.0,0.0
18.0,2.0,0.0,0.0,0.0,0.0,0.0,0.0,0.0,0.0,0.60949296,0.0,0.0,0.0,0.0,0.9975672,2.759426,0.0,0.0,0.0,0.0,0.0,0.0,0.0,168.7594,1269.8195,0.007431846,0.0,0.0
18.0,3.0,0.0,0.0,0.0,0.0,0.0,0.0,1.330022,0.0,0.553219,0.0,0.0,0.0,0.0,0.41764474,10.625546,0.0,0.0,0.0,0.0,0.0,0.0,0.0,125.72381,1009.4735,0.009348829,0.0,0.0
18.0,4.0,0.0,0.0,0.0,0.0,0.0,0.0,0.005588124,0.0,3.108587,0.0,0.0,0.0,0.0,0.3826087,10.367611,0.0,0.0,0.0,0.0,0.0,0.0,0.0,60.353207,516.03564,0.013403086,0.0,0.0
18.0,5.0,0.0,0.0,0.0,0.0,0.0,0.0,9.058311E-4,0.0,1.8372911,0.0,0.0,0.0,0.0,0.4066408,7.1364264,0.0,0.0,0.0,0.0,0.0,0.0,0.0,38.06564,362.57523,0.013045924,0.0,0.0
18.0,6.0,0.0,0.0,0.0,0.0,0.0,0.0,2.9235747E-5,0.0,2.2951548,0.0,0.0,0.0,0.0,0.84517545,7.5034323,0.0,0.0,0.0,0.0,0.0,0.0,0.0,31.61694,285.85526,0.013248147,0.0,0.0
18.0,7.0,0.0,0.0,0.0,0.0,0.0,0.0,0.08163555,0.0,2.8862548,0.0,0.0,0.0,0.0,0.18199767,4.264035,0.0,0.0,0.0,0.0,0.0,0.0,0.0,18.759819,187.04698,0.0142133795,0.0,0.0
18.0,8.0,0.0,0.0,0.0,0.0,0.0,0.0,1.3569031E-4,0.0,1.1946263,0.0,0.0,0.0,0.0,0.22918399,2.1614869,0.0,0.0,0.0,0.0,0.0,0.0,0.0,11.652355,109.458336,0.009525487,0.0,0.0
18.0,9.0,0.0,0.0,0.0,0.0,0.0,0.0,0.08968387,0.0,0.6227447,0.0,0.0,0.0,0.0,0.12253968,2.5642893,0.0,0.0,0.0,0.0,0.0,0.0,0.0,8.44162,76.8218,0.009476376,0.0,0.0
18.0,10.0,0.0,0.0,0.0,0.0,0.0,0.0,0.0,0.0,0.51664937,0.0,0.0,0.0,0.0,0.060921337,0.8721759,0.0,0.0,0.0,0.0,0.0,0.0,0.0,4.8107705,44.39054,0.008514311,0.0,0.0
18.0,11.0,0.0,0.0,0.0,0.0,0.0,0.0,0.002279884,3.6330218E-4,0.45003426,0.0,0.0,0.0,0.0,0.061994895,0.6800743,0.0,0.0,0.0,0.0,0.0,0.0,0.0,3.1516833,30.22794,0.006984223,0.0,0.0
18.0,12.0,0.0,6.972498E-8,0.0,0.0,0.0,0.0,0.030577267,4.837883E-6,0.15582159,0.0,0.0,0.0,0.0,0.07405898,0.64865637,0.0,0.0,0.0,0.0,0.0,0.0,0.0,2.2685294,21.394997,0.0066029863,0.0,0.0
18.0,13.0,0.0,0.0,0.0,0.0,0.0,0.0,0.048242457,0.0,0.2340029,0.0,0.0,0.0,0.0,0.036794722,0.3367312,0.0,0.0,0.0,0.0,0.0,0.0,0.0,1.3543688,13.414625,0.006544638,0.0,0.0
18.0,14.0,0.0,0.0,0.0,0.0,0.0,0.0,0.0,0.0,0.124118075,0.0,0.0,0.0,0.0,0.028945746,0.07748599,0.0,0.0,0.0,0.0,0.0,0.0,0.0,0.6907746,6.1946654,0.003543249,0.0,0.0
18.0,15.0,0.0,0.0,0.0,0.0,0.0,0.0,7.4277783E-4,0.0,0.078336306,0.0,0.0,0.0,0.0,0.015127671,0.13327217,0.0,0.0,0.0,0.0,0.0,0.0,0.0,0.53398436,4.543972,0.0028020153,0.0,0.0
18.0,16.0,0.0,0.0,0.0,0.0,0.0,0.0,8.9395937E-4,0.0,0.044116337,0.0,0.0,0.0,0.0,0.0063830167,0.05481499,0.0,0.0,0.0,0.0,0.0,0.0,0.0,0.32660824,2.7778225,0.002728099,0.0,0.0
18.0,17.0,0.0,1.1756449E-7,0.0,0.0,0.0,0.0,0.0046776603,2.4500985E-5,0.045550905,0.0,0.0,0.0,0.0,0.07090355,0.049951646,0.0,0.0,0.0,0.0,0.0,0.0,0.0,0.4504811,5.975672,0.005479662,0.0012563717,0.0
18.0,18.0,0.0,1.81159E-7,0.0,0.0,0.0,0.0,0.07970238,2.1655915E-5,0.73091245,0.0,0.0,0.0,0.0,0.03674916,0.44319826,0.0,0.0,0.0,0.0,0.0,0.0,0.0,1.0311724,10.963799,0.015365505,3.139674E-4,0.0
18.0,19.0,0.0,0.0,0.0,0.0,0.0,0.0,0.009760756,0.0,0.2511937,0.0,0.0,0.0,0.0,0.016878035,0.10227768,0.0,0.0,0.0,0.0,0.0,0.0,0.0,0.34770626,3.864381,0.0071260016,0.0,0.0
18.0,20.0,0.0,0.0,0.0,0.0,0.0,0.0,0.0,0.0,0.0,0.0,0.0,0.0,0.0,0.0,0.0,0.0,0.0,0.0,0.0,0.0,0.0,0.0,0.0,0.0,0.0,0.0,0.0
18.0,21.0,0.0,0.0,0.0,0.0,0.0,0.0,0.0,0.0,0.0,0.0,0.0,0.0,0.0,0.0,0.0,0.0,0.0,0.0,0.0,0.0,0.0,0.0,0.0,0.0,0.0,0.0,0.0
18.0,22.0,0.0,0.0,0.0,0.0,0.0,0.0,0.0,0.0,0.0,0.0,0.0,0.0,0.0,0.0,0.0,0.0,0.0,0.0,0.0,0.0,0.0,0.0,0.0,0.0,0.0,0.0,0.0
18.0,23.0,0.0,0.0,0.0,0.0,0.0,0.0,0.0,0.0,0.0,0.0,0.0,0.0,0.0,0.0,0.0,0.0,0.0,0.0,0.0,0.0,0.0,0.0,0.0,0.0,0.0,0.0,0.0
18.0,24.0,0.0,0.0,0.0,0.0,0.0,0.0,0.0,0.0,0.0,0.0,0.0,0.0,0.0,0.0,0.0,0.0,0.0,0.0,0.0,0.0,0.0,0.0,0.0,0.0,0.0,0.0,0.0
18.0,25.0,0.0,0.0,0.0,0.0,0.0,0.0,0.0,0.0,0.0,0.0,0.0,0.0,0.0,0.0,0.0,0.0,0.0,0.0,0.0,0.0,0.0,0.0,0.0,0.0,0.0,0.0,0.0
19.0,0.0,0.0,0.007890146,0.0031218817,6.6348567,0.3145745,0.8222331,0.6817837,1.716156,0.37876925,0.69584775,12.118132,0.0,44.499275,0.7158125,0.088270135,0.0,0.0,0.0,0.0,13.447355,644.38074,206.38448,772.4891,4240.957,6.972711E-4,0.0,0.0
19.0,1.0,0.0,0.0,0.0,0.0,0.0,0.0,0.0,0.0,4.382846E-4,0.0,0.0,0.0,0.0,0.08409946,8.389097,0.0,0.0,0.0,0.0,0.0,0.0,0.0,415.64816,2391.1682,0.001826551,0.0,0.0
19.0,2.0,0.0,0.0,0.0,0.0,0.0,0.0,0.0057763923,0.0,0.15892842,0.0,0.0,0.0,0.0,0.093908675,4.45489,0.0,0.0,0.0,0.0,0.0,0.0,0.0,162.83817,1220.5339,0.0057401774,0.0,0.0
19.0,3.0,0.0,0.0,0.0,0.0,0.0,0.0,9.397728E-5,0.0,0.18025701,0.0,0.0,0.0,0.0,0.2306026,10.478632,0.0,0.0,0.0,0.0,0.0,0.0,0.0,92.1606,817.80493,0.008579539,0.0,0.0
19.0,4.0,0.0,0.0,0.0,0.0,0.0,0.0,0.0018522586,0.0,3.6143122,0.0,0.0,0.0,0.0,0.23294437,14.58863,0.0,0.0,0.0,0.0,0.0,0.0,0.0,62.50267,590.9112,0.011339271,0.0,0.0
19.0,5.0,0.0,0.0,0.0,0.0,0.0,0.0,0.61223304,0.0,3.4417288,0.0,0.0,0.0,0.0,0.694503,6.6649046,0.0,0.0,0.0,0.0,0.0,0.0,0.0,35.865917,343.52533,0.013439899,0.0,0.0
19.0,6.0,0.0,0.0,0.0,0.0,0.0,0.0,6.510475E-6,0.0,1.691056,0.0,0.0,0.0,0.0,0.2941774,5.4760118,0.0,0.0,0.0,0.0,0.0,0.0,0.0,26.166643,253.48857,0.012221682,0.0,0.0
19.0,7.0,0.0,0.0,0.0,0.0,0.0,0.0,0.0080318395,0.0,1.9544982,0.0,0.0,0.0,0.0,0.27088106,4.010502,0.0,0.0,0.0,0.0,0.0,0.0,0.0,20.753372,194.68011,0.01271994,0.0,0.0
19.0,8.0,0.0,0.0,0.0,0.0,0.0,0.0,9.234364E-5,0.0,1.5633014,0.0,0.0,0.0,0.0,0.5540867,2.9807186,0.0,0.0,0.0,0.0,0.0,0.0,0.0,11.860798,117.85114,0.0110839,0.0,0.0
19.0,9.0,0.0,0.0,0.0,0.0,0.0,0.0,0.0,0.0,0.6043025,0.0,0.0,0.0,0.0,0.27525848,1.6178707,0.0,0.0,0.0,0.0,0.0,0.0,0.0,7.130602,71.787186,0.008699831,0.0,0.0
19.0,10.0,0.0,0.0,0.0,0.0,0.0,0.0,0.002629277,0.0,0.41025782,0.0,0.0,0.0,0.0,0.18967023,2.5151315,0.0,0.0,0.0,0.0,0.0,0.0,0.0,5.0026374,50.91183,0.008393987,0.0,0.0
19.0,11.0,0.0,0.0,0.0,0.0,0.0,0.0,0.0056934794,0.0,0.21682164,0.0,0.0,0.0,0.0,0.10117877,1.0470613,0.0,0.0,0.0,0.0,0.0,0.0,0.0,2.9415133,28.236242,0.007586882,0.0,0.0
19.0,12.0,0.0,2.4030537E-6,0.0,0.0,0.0,0.0,0.035717204,0.0,0.29435197,0.0,0.0,0.0,0.0,0.04909535,0.43607205,0.0,0.0,0.0,0.0,0.0,0.0,0.0,1.8305806,19.140116,0.0074964887,0.0,0.0
19.0,13.0,0.0,0.0,0.0,0.0,0.0,0.0,0.005229929,0.0,0.18791644,0.0,0.0,0.0,0.0,0.031691097,0.47138837,0.0,0.0,0.0,0.0,0.0,0.0,0.0,1.4504813,13.984909,0.006028499,0.0,0.0
19.0,14.0,0.0,0.0,0.0,0.0,0.0,0.0,0.0046127336,0.0,0.106652215,0.0,0.0,0.0,0.0,0.033894718,0.3408572,0.0,0.0,0.0,0.0,0.0,0.0,0.0,0.8544478,8.53508,0.0049279546,0.0,0.0
19.0,15.0,0.0,0.0,0.0,0.0,0.0,0.0,7.05637E-4,0.0,0.030367551,0.0,0.0,0.0,0.0,0.016333086,0.14424658,0.0,0.0,0.0,0.0,0.0,0.0,0.0,0.48271766,4.189914,0.0033086098,0.0,0.0
19.0,16.0,0.0,0.0,0.0,0.0,0.0,0.0,4.0075978E-5,0.0,0.015590107,0.0,0.0,0.0,0.0,0.019552633,0.06023974,0.0,0.0,0.0,0.0,0.0,0.0,0.0,0.28703877,2.876523,0.0022852074,0.0,0.0
19.0,17.0,0.0,0.0,0.0,0.0,0.0,0.0,0.0018910338,0.0,0.055915497,0.0,0.0,0.0,0.0,0.0059754467,0.042651266,0.0,0.0,0.0,0.0,0.0,0.0,0.0,0.19386387,1.7432896,0.0024697036,0.0,0.0
19.0,18.0,0.0,1.3606169E-8,0.0,0.0,0.0,0.0,0.0011100746,8.9509245E-5,0.03527781,0.0,0.0,0.0,0.0,0.06621611,0.096936785,0.0,0.0,0.0,0.0,0.0,0.0,0.0,0.30142155,4.499978,0.005317678,0.0014314458,0.0
19.0,19.0,0.0,0.0,0.0,0.0,0.0,0.0,0.034343943,1.0121117E-4,0.7751707,0.0,0.0,0.0,0.0,0.03203326,0.44301277,0.0,0.0,0.0,0.0,0.0,0.0,0.0,0.71638423,8.187425,0.015199194,3.0071454E-4,0.0
19.0,20.0,0.0,0.0,0.0,0.0,0.0,0.0,0.0,0.0,0.0,0.0,0.0,0.0,0.0,0.0,0.0,0.0,0.0,0.0,0.0,0.0,0.0,0.0,0.0,0.0,0.0,0.0,0.0
19.0,21.0,0.0,0.0,0.0,0.0,0.0,0.0,0.0,0.0,0.0,0.0,0.0,0.0,0.0,0.0,0.0,0.0,0.0,0.0,0.0,0.0,0.0,0.0,0.0,0.0,0.0,0.0,0.0
19.0,22.0,0.0,0.0,0.0,0.0,0.0,0.0,0.0,0.0,0.0,0.0,0.0,0.0,0.0,0.0,0.0,0.0,0.0,0.0,0.0,0.0,0.0,0.0,0.0,0.0,0.0,0.0,0.0
19.0,23.0,0.0,0.0,0.0,0.0,0.0,0.0,0.0,0.0,0.0,0.0,0.0,0.0,0.0,0.0,0.0,0.0,0.0,0.0,0.0,0.0,0.0,0.0,0.0,0.0,0.0,0.0,0.0
19.0,24.0,0.0,0.0,0.0,0.0,0.0,0.0,0.0,0.0,0.0,0.0,0.0,0.0,0.0,0.0,0.0,0.0,0.0,0.0,0.0,0.0,0.0,0.0,0.0,0.0,0.0,0.0,0.0
19.0,25.0,0.0,0.0,0.0,0.0,0.0,0.0,0.0,0.0,0.0,0.0,0.0,0.0,0.0,0.0,0.0,0.0,0.0,0.0,0.0,0.0,0.0,0.0,0.0,0.0,0.0,0.0,0.0
20.0,0.0,0.0,0.010964509,0.00248024,7.4522357,0.3726367,0.29173902,0.47909585,1.4366091,0.0,0.5657358,20.726421,0.0,34.187645,0.0024749418,0.13320751,0.0,0.0,0.0,0.0,14.903097,695.0508,226.822,797.58026,4106.851,8.1195746E-4,0.0,0.0
20.0,1.0,0.0,0.0,0.0,0.0,0.0,0.0,0.0,0.0,0.037184343,0.0,0.0,0.0,0.0,0.054786723,2.332956,0.0,0.0,0.0,0.0,0.0,0.0,0.0,333.5613,1960.4998,0.0034057875,0.0,0.0
20.0,2.0,0.0,0.0,0.0,0.0,0.0,0.0,0.0,0.0,8.130153,0.0,0.0,0.0,0.0,0.46688315,4.8418865,0.0,0.0,0.0,0.0,0.0,0.0,0.0,179.9948,1262.0083,0.005172401,0.0,0.0
20.0,3.0,0.0,0.009234305,0.0,0.0,0.0,0.0,0.1875635,0.0,1.3297224,0.0,0.0,0.0,0.0,0.47985107,16.218607,0.0,0.0,0.0,0.0,0.0,0.0,0.0,110.71196,820.3016,0.008378293,0.0,0.0
20.0,4.0,0.0,0.0,0.0,0.0,0.0,0.0,4.137745E-4,4.1225474E-5,5.0453606,0.0,0.0,0.0,0.0,0.4397438,10.086957,0.0,0.0,0.0,0.0,0.0,0.0,0.0,63.731476,535.9782,0.009408258,0.0,0.0
20.0,5.0,0.0,0.0,0.0,0.0,0.0,0.0,0.0,0.0,3.4894207,0.0,0.0,0.0,0.0,0.22073299,12.826054,0.0,0.0,0.0,0.0,0.0,0.0,0.0,46.124344,400.04434,0.012308192,0.0,0.0
20.0,6.0,0.0,0.0,0.0,0.0,0.0,0.0,0.0010721609,0.0,3.472402,0.0,0.0,0.0,0.0,0.40440613,11.270056,0.0,0.0,0.0,0.0,0.0,0.0,0.0,27.506454,243.52765,0.013460863,0.0,0.0
20.0,7.0,0.0,0.0,0.0,0.0,0.0,0.0,0.6239493,3.383885E-4,2.6225107,0.0,0.0,0.0,0.0,0.27010638,5.271754,0.0,0.0,0.0,0.0,0.0,0.0,0.0,18.58302,166.72614,0.012975711,0.0,0.0
20.0,8.0,0.0,3.3149392E-6,0.0,0.0,0.0,0.0,0.22337574,0.0,4.476561,0.0,0.0,0.0,0.0,0.13057512,4.5890255,0.0,0.0,0.0,0.0,0.0,0.0,0.0,13.589343,125.2927,0.011728368,0.0,0.0
20.0,9.0,0.0,0.0,0.0,0.0,0.0,0.0,0.16670099,0.0,2.6028278,0.0,0.0,0.0,0.0,0.06705957,3.3639727,0.0,0.0,0.0,0.0,0.0,0.0,0.0,8.884088,77.06127,0.011360181,0.0,0.0
20.0,10.0,0.0,0.0,0.0,0.0,0.0,0.0,0.13130166,0.0,0.46181104,0.0,0.0,0.0,0.0,0.12855811,1.7599328,0.0,0.0,0.0,0.0,0.0,0.0,0.0,5.1524763,45.956146,0.008749894,0.0,0.0
20.0,11.0,0.0,0.0,0.0,0.0,0.0,0.0,9.060766E-5,0.0,1.6923945,0.0,0.0,0.0,0.0,0.06665646,0.8975292,0.0,0.0,0.0,0.0,0.0,0.0,0.0,3.747605,33.14065,0.007195044,0.0,0.0
20.0,12.0,0.0,0.0,0.0,0.0,0.0,0.0,0.031324297,0.0,0.51473236,0.0,0.0,0.0,0.0,0.034167547,0.8499022,0.0,0.0,0.0,0.0,0.0,0.0,0.0,1.9369689,17.583256,0.007195638,0.0,0.0
20.0,13.0,0.0,0.0,0.0,0.0,0.0,0.0,5.405043E-4,0.001724287,0.7980547,0.0,0.0,0.0,0.0,0.03412216,0.7652713,0.0,0.0,0.0,0.0,0.0,0.0,0.0,1.343886,12.150242,0.0051915604,0.0,0.0
20.0,14.0,0.0,0.0,0.0,0.0,0.0,0.0,4.8767505E-4,0.0,0.47725895,0.0,0.0,0.0,0.0,0.034752123,0.30238715,0.0,0.0,0.0,0.0,0.0,0.0,0.0,0.991166,8.919521,0.006345863,0.0,0.0
20.0,15.0,0.0,0.0,0.0,0.0,0.0,0.0,0.005666796,0.0,0.08972457,0.0,0.0,0.0,0.0,0.031888388,0.16111402,0.0,0.0,0.0,0.0,0.0,0.0,0.0,0.669099,5.6767097,0.0041652108,0.0,0.0
20.0,16.0,0.0,0.0,0.0,0.0,0.0,0.0,0.00253906,0.030827623,0.15243453,0.0,0.0,0.0,0.0,0.0075436616,0.09258326,0.0,0.0,0.0,0.0,0.0,0.0,0.0,0.343893,2.8121982,0.0030993156,0.0,0.0
20.0,17.0,0.0,3.1044334E-7,0.0,0.0,0.0,0.0,2.3896357E-5,0.0,0.05396171,0.0,0.0,0.0,0.0,0.0015925178,0.0427245,0.0,0.0,0.0,0.0,0.0,0.0,0.0,0.19832619,1.8065611,0.0025322274,0.0,0.0
20.0,18.0,0.0,0.0,0.0,0.0,0.0,0.0,0.0018335705,0.0,0.030613001,0.0,0.0,0.0,0.0,0.002580343,0.03744385,0.0,0.0,0.0,0.0,0.0,0.0,0.0,0.13411884,1.2106173,0.0022608226,0.0,0.0
20.0,19.0,0.0,2.5939082E-12,0.0,0.0,0.0,0.0,0.00593483,1.662796E-4,0.040057354,0.0,0.0,0.0,0.0,0.03946715,0.033332348,0.0,0.0,0.0,0.0,0.0,0.0,0.0,0.2596363,3.4393084,0.0043726955,0.0011632803,0.0
20.0,20.0,0.0,0.0,0.0,0.0,0.0,0.0,0.0,0.0,0.0,0.0,0.0,0.0,0.0,0.0,0.0,0.0,0.0,0.0,0.0,0.0,0.0,0.0,0.0,0.0,0.0,0.0,0.0
20.0,21.0,0.0,0.0,0.0,0.0,0.0,0.0,0.0,0.0,0.0,0.0,0.0,0.0,0.0,0.0,0.0,0.0,0.0,0.0,0.0,0.0,0.0,0.0,0.0,0.0,0.0,0.0,0.0
20.0,22.0,0.0,0.0,0.0,0.0,0.0,0.0,0.0,0.0,0.0,0.0,0.0,0.0,0.0,0.0,0.0,0.0,0.0,0.0,0.0,0.0,0.0,0.0,0.0,0.0,0.0,0.0,0.0
20.0,23.0,0.0,0.0,0.0,0.0,0.0,0.0,0.0,0.0,0.0,0.0,0.0,0.0,0.0,0.0,0.0,0.0,0.0,0.0,0.0,0.0,0.0,0.0,0.0,0.0,0.0,0.0,0.0
20.0,24.0,0.0,0.0,0.0,0.0,0.0,0.0,0.0,0.0,0.0,0.0,0.0,0.0,0.0,0.0,0.0,0.0,0.0,0.0,0.0,0.0,0.0,0.0,0.0,0.0,0.0,0.0,0.0
20.0,25.0,0.0,0.0,0.0,0.0,0.0,0.0,0.0,0.0,0.0,0.0,0.0,0.0,0.0,0.0,0.0,0.0,0.0,0.0,0.0,0.0,0.0,0.0,0.0,0.0,0.0,0.0,0.0
