"Distribution of the biomass (tonne) of prey species (in columns) in the diet of lesserSpottedDogfish by Age class (year). For class i, the preyed biomass in [i,i+1[ is reported."
"Time","Age","lesserSpottedDogfish","redMullet","pouting","whiting","poorCod","cod","dragonet","sole","plaice","horseMackerel","mackerel","herring","sardine","squids","cuttlefish","thornbackRay","diatoms","microPhytoplankton","heterotrophicFlagellates","microZooplankton","mesoZooplankton","Macrozoo","meioBenthos","depositBenthos","suspensionBenthos","largeBenthos","veryLargeBenthos"
1.0,0.0,0.0,0.0826133,0.27147797,1.9011747,0.0033743414,6.1151176E-4,0.12615176,0.19909559,1.7557544,0.0015407689,0.042254504,0.25426775,0.2197259,0.01555376,0.2117181,0.0,0.0,0.0,0.0,0.0,9.9404346E-8,1.251131,0.12996745,0.07456796,25.994795,1.0757656,0.0
1.0,1.0,0.0,2.3028333,2.404246,6.7508726,0.055979256,0.0010679294,1.5795578,1.2312534,5.3305035,0.21291128,4.5782332,1.4897026,5.855858,1.0205748,2.6956162,0.0,0.0,0.0,0.0,0.0,9.657587E-8,3.6214528,0.110798985,0.17934702,66.08572,14.515042,0.0
1.0,2.0,0.0,0.306969,1.2955348,1.0236473,0.75875,0.038768813,1.6163954,0.4263886,4.258857,0.39109248,1.1530118,3.0522618,8.530651,40.929943,10.9038315,0.0,0.0,0.0,0.0,0.0,0.0,6.8689313,0.0,0.31794825,73.426384,31.729729,2.2525978
1.0,3.0,0.0,0.85385925,1.5203632,0.0016693712,2.4856696,0.20831278,2.0151114,1.0946428,3.449602,0.2935972,2.1137986,5.0037875,10.364598,64.364525,21.979115,0.0,0.0,0.0,0.0,0.0,0.0,7.1331005,0.0,0.3612744,89.8135,39.99539,17.565123
1.0,4.0,0.0,0.8362851,3.67392,0.12447961,3.619866,0.17016421,3.0921965,1.5834761,5.660324,1.1062868,3.2335083,9.46488,16.526812,81.7495,32.208965,0.0,0.0,0.0,0.0,0.0,0.0,7.6465387,0.0,0.37700132,104.865036,46.497208,36.358273
1.0,5.0,0.004132425,0.20387468,2.2974489,0.28692496,3.5602362,0.20088579,4.821534,1.9213163,7.1726356,1.9098761,3.137856,20.552145,21.281713,101.86831,38.050594,0.0,0.0,0.0,0.0,0.0,0.0,8.142881,0.0,0.39558536,119.491196,53.202854,50.190765
1.0,6.0,0.011525513,0.52460355,4.9914155,0.16806754,6.3520947,0.43956795,4.943509,2.2516494,5.8970857,5.1535482,4.595713,23.822044,30.89864,101.03983,46.340424,0.0,0.0,0.0,0.0,0.0,0.0,8.038558,0.0,0.41892466,137.8538,59.2158,55.889267
1.0,7.0,0.015139695,1.0069602,7.496599,0.15154243,6.6455307,0.58283323,5.1133704,3.6905987,7.686337,7.4975996,7.3765345,24.948324,24.191727,106.22786,43.878098,0.0,0.0,0.0,0.0,0.0,0.0,7.2949815,0.0,0.3633916,132.45094,57.591366,54.3575
1.0,8.0,0.014528668,0.78297335,5.947629,0.32945022,7.1444116,0.28349066,5.0282264,1.99497,5.1416736,8.976734,4.961781,25.945204,26.134556,103.29134,42.255196,0.0,0.0,0.0,0.0,0.0,0.0,5.982942,0.0,0.29858154,116.61055,50.017197,47.213017
1.0,9.0,0.0031882357,0.42096174,4.271173,0.5266727,5.831508,0.41928333,6.0773,1.9341475,5.684563,13.178701,4.9582076,25.518045,27.285925,96.64682,38.105473,0.0,0.0,0.0,0.0,0.0,0.0,5.1723685,0.0,0.2451503,103.79643,46.09217,43.50041
1.0,10.0,0.0,0.0,0.0,0.0,0.0,0.0,0.0,0.0,0.0,0.0,0.0,0.0,0.0,0.0,0.0,0.0,0.0,0.0,0.0,0.0,0.0,0.0,0.0,0.0,0.0,0.0,0.0
1.0,11.0,0.0,0.0,0.0,0.0,0.0,0.0,0.0,0.0,0.0,0.0,0.0,0.0,0.0,0.0,0.0,0.0,0.0,0.0,0.0,0.0,0.0,0.0,0.0,0.0,0.0,0.0,0.0
1.0,12.0,0.0,0.0,0.0,0.0,0.0,0.0,0.0,0.0,0.0,0.0,0.0,0.0,0.0,0.0,0.0,0.0,0.0,0.0,0.0,0.0,0.0,0.0,0.0,0.0,0.0,0.0,0.0
1.0,13.0,0.0,0.0,0.0,0.0,0.0,0.0,0.0,0.0,0.0,0.0,0.0,0.0,0.0,0.0,0.0,0.0,0.0,0.0,0.0,0.0,0.0,0.0,0.0,0.0,0.0,0.0,0.0
1.0,14.0,0.0,0.0,0.0,0.0,0.0,0.0,0.0,0.0,0.0,0.0,0.0,0.0,0.0,0.0,0.0,0.0,0.0,0.0,0.0,0.0,0.0,0.0,0.0,0.0,0.0,0.0,0.0
1.0,15.0,0.0,0.0,0.0,0.0,0.0,0.0,0.0,0.0,0.0,0.0,0.0,0.0,0.0,0.0,0.0,0.0,0.0,0.0,0.0,0.0,0.0,0.0,0.0,0.0,0.0,0.0,0.0
1.0,16.0,0.0,0.0,0.0,0.0,0.0,0.0,0.0,0.0,0.0,0.0,0.0,0.0,0.0,0.0,0.0,0.0,0.0,0.0,0.0,0.0,0.0,0.0,0.0,0.0,0.0,0.0,0.0
1.0,17.0,0.0,0.0,0.0,0.0,0.0,0.0,0.0,0.0,0.0,0.0,0.0,0.0,0.0,0.0,0.0,0.0,0.0,0.0,0.0,0.0,0.0,0.0,0.0,0.0,0.0,0.0,0.0
1.0,18.0,0.0,0.0,0.0,0.0,0.0,0.0,0.0,0.0,0.0,0.0,0.0,0.0,0.0,0.0,0.0,0.0,0.0,0.0,0.0,0.0,0.0,0.0,0.0,0.0,0.0,0.0,0.0
1.0,19.0,0.0,0.0,0.0,0.0,0.0,0.0,0.0,0.0,0.0,0.0,0.0,0.0,0.0,0.0,0.0,0.0,0.0,0.0,0.0,0.0,0.0,0.0,0.0,0.0,0.0,0.0,0.0
1.0,20.0,0.0,0.0,0.0,0.0,0.0,0.0,0.0,0.0,0.0,0.0,0.0,0.0,0.0,0.0,0.0,0.0,0.0,0.0,0.0,0.0,0.0,0.0,0.0,0.0,0.0,0.0,0.0
1.0,21.0,0.0,0.0,0.0,0.0,0.0,0.0,0.0,0.0,0.0,0.0,0.0,0.0,0.0,0.0,0.0,0.0,0.0,0.0,0.0,0.0,0.0,0.0,0.0,0.0,0.0,0.0,0.0
1.0,22.0,0.0,0.0,0.0,0.0,0.0,0.0,0.0,0.0,0.0,0.0,0.0,0.0,0.0,0.0,0.0,0.0,0.0,0.0,0.0,0.0,0.0,0.0,0.0,0.0,0.0,0.0,0.0
1.0,23.0,0.0,0.0,0.0,0.0,0.0,0.0,0.0,0.0,0.0,0.0,0.0,0.0,0.0,0.0,0.0,0.0,0.0,0.0,0.0,0.0,0.0,0.0,0.0,0.0,0.0,0.0,0.0
1.0,24.0,0.0,0.0,0.0,0.0,0.0,0.0,0.0,0.0,0.0,0.0,0.0,0.0,0.0,0.0,0.0,0.0,0.0,0.0,0.0,0.0,0.0,0.0,0.0,0.0,0.0,0.0,0.0
1.0,25.0,0.0,0.0,0.0,0.0,0.0,0.0,0.0,0.0,0.0,0.0,0.0,0.0,0.0,0.0,0.0,0.0,0.0,0.0,0.0,0.0,0.0,0.0,0.0,0.0,0.0,0.0,0.0
2.0,0.0,0.0,0.096545756,0.10573136,0.11482953,0.004336806,0.004911764,0.12555283,0.030334316,0.16140112,0.0024459744,0.091243416,4.5589306E-5,0.12420179,0.13653731,0.10425186,0.0,0.0,0.0,0.0,0.0,2.7058782E-8,0.21328239,0.053568084,0.015642045,4.4641986,0.24529493,0.0
2.0,1.0,0.0,0.98818576,2.4513986,1.9379724,0.01752418,0.06839497,1.8211097,3.1203158,3.6879697,0.14563477,1.6531491,0.0018654299,2.1546252,4.437863,0.70049816,0.0,0.0,0.0,0.0,0.0,3.2988012E-8,2.949095,0.02142156,0.109379254,40.17807,16.32859,0.0
2.0,2.0,0.0,0.31357688,3.3831403,0.66461027,0.11913289,8.6822745E-4,1.6273044,1.4709394,1.8912328,0.12645611,3.1955903,2.0173671E-4,8.470025,57.71761,26.709007,0.0,0.0,0.0,0.0,0.0,0.0,7.6357894,0.0,0.3791197,75.30115,33.852997,2.6261706
2.0,3.0,0.0,0.56807995,2.4192145,0.64110166,3.7575102,0.031601205,3.0716033,1.1435858,1.1605713,1.0889862,3.1456754,1.9818157,8.722232,84.64904,40.301815,0.0,0.0,0.0,0.0,0.0,0.0,7.356784,0.0,0.33712143,75.67492,34.763912,17.192122
2.0,4.0,0.0,0.8335627,5.9412208,3.1872885,7.4655356,0.27965954,3.3904479,2.5473533,2.3713088,0.19057916,4.8316345,5.5257835,8.621906,119.66879,40.778763,0.0,0.0,0.0,0.0,0.0,0.0,7.5972195,0.0,0.32098815,84.21664,37.517326,32.31329
2.0,5.0,9.94491E-4,1.7110462,10.54492,3.1377735,11.548934,0.28310806,3.1443744,2.2047002,1.5974798,0.81624717,4.1463027,10.097097,14.6900425,156.96289,52.02634,0.0,0.0,0.0,0.0,0.0,0.0,7.37013,0.0,0.31115663,88.96513,39.641308,38.957584
2.0,6.0,0.0028789414,0.94248664,11.791663,4.357971,14.442887,0.4736059,4.971749,2.8661644,2.5564194,0.5325774,5.5769114,14.870369,16.66323,171.08803,66.49692,0.0,0.0,0.0,0.0,0.0,0.0,8.314399,0.0,0.31062278,98.49265,44.456623,43.245346
2.0,7.0,0.001684749,0.8992769,19.612309,8.811807,14.509192,0.5258957,5.678064,2.836008,1.7476258,1.4032565,6.4223742,16.413904,17.048948,178.55762,80.84125,0.0,0.0,0.0,0.0,0.0,0.0,7.184197,0.0,0.29301786,103.710014,44.359642,42.761227
2.0,8.0,0.0035584623,1.3992263,21.077,9.553913,19.583225,0.5837038,5.058499,3.554677,2.6638262,1.6512448,6.613295,18.322088,16.880327,159.71027,87.7629,0.0,0.0,0.0,0.0,0.0,0.0,5.8325396,0.0,0.23596211,92.4133,40.361797,38.595318
2.0,9.0,0.0016608773,0.8348288,15.390718,7.3988657,15.112828,0.19942309,4.5420275,2.6473327,1.7835604,2.999586,5.39716,16.441628,19.098534,147.63904,82.95926,0.0,0.0,0.0,0.0,0.0,0.0,4.399494,0.0,0.19113468,78.90196,34.753532,33.050133
2.0,10.0,0.0,0.0,0.0,0.0,0.0,0.0,0.0,0.0,0.0,0.0,0.0,0.0,0.0,0.0,0.0,0.0,0.0,0.0,0.0,0.0,0.0,0.0,0.0,0.0,0.0,0.0,0.0
2.0,11.0,0.0,0.0,0.0,0.0,0.0,0.0,0.0,0.0,0.0,0.0,0.0,0.0,0.0,0.0,0.0,0.0,0.0,0.0,0.0,0.0,0.0,0.0,0.0,0.0,0.0,0.0,0.0
2.0,12.0,0.0,0.0,0.0,0.0,0.0,0.0,0.0,0.0,0.0,0.0,0.0,0.0,0.0,0.0,0.0,0.0,0.0,0.0,0.0,0.0,0.0,0.0,0.0,0.0,0.0,0.0,0.0
2.0,13.0,0.0,0.0,0.0,0.0,0.0,0.0,0.0,0.0,0.0,0.0,0.0,0.0,0.0,0.0,0.0,0.0,0.0,0.0,0.0,0.0,0.0,0.0,0.0,0.0,0.0,0.0,0.0
2.0,14.0,0.0,0.0,0.0,0.0,0.0,0.0,0.0,0.0,0.0,0.0,0.0,0.0,0.0,0.0,0.0,0.0,0.0,0.0,0.0,0.0,0.0,0.0,0.0,0.0,0.0,0.0,0.0
2.0,15.0,0.0,0.0,0.0,0.0,0.0,0.0,0.0,0.0,0.0,0.0,0.0,0.0,0.0,0.0,0.0,0.0,0.0,0.0,0.0,0.0,0.0,0.0,0.0,0.0,0.0,0.0,0.0
2.0,16.0,0.0,0.0,0.0,0.0,0.0,0.0,0.0,0.0,0.0,0.0,0.0,0.0,0.0,0.0,0.0,0.0,0.0,0.0,0.0,0.0,0.0,0.0,0.0,0.0,0.0,0.0,0.0
2.0,17.0,0.0,0.0,0.0,0.0,0.0,0.0,0.0,0.0,0.0,0.0,0.0,0.0,0.0,0.0,0.0,0.0,0.0,0.0,0.0,0.0,0.0,0.0,0.0,0.0,0.0,0.0,0.0
2.0,18.0,0.0,0.0,0.0,0.0,0.0,0.0,0.0,0.0,0.0,0.0,0.0,0.0,0.0,0.0,0.0,0.0,0.0,0.0,0.0,0.0,0.0,0.0,0.0,0.0,0.0,0.0,0.0
2.0,19.0,0.0,0.0,0.0,0.0,0.0,0.0,0.0,0.0,0.0,0.0,0.0,0.0,0.0,0.0,0.0,0.0,0.0,0.0,0.0,0.0,0.0,0.0,0.0,0.0,0.0,0.0,0.0
2.0,20.0,0.0,0.0,0.0,0.0,0.0,0.0,0.0,0.0,0.0,0.0,0.0,0.0,0.0,0.0,0.0,0.0,0.0,0.0,0.0,0.0,0.0,0.0,0.0,0.0,0.0,0.0,0.0
2.0,21.0,0.0,0.0,0.0,0.0,0.0,0.0,0.0,0.0,0.0,0.0,0.0,0.0,0.0,0.0,0.0,0.0,0.0,0.0,0.0,0.0,0.0,0.0,0.0,0.0,0.0,0.0,0.0
2.0,22.0,0.0,0.0,0.0,0.0,0.0,0.0,0.0,0.0,0.0,0.0,0.0,0.0,0.0,0.0,0.0,0.0,0.0,0.0,0.0,0.0,0.0,0.0,0.0,0.0,0.0,0.0,0.0
2.0,23.0,0.0,0.0,0.0,0.0,0.0,0.0,0.0,0.0,0.0,0.0,0.0,0.0,0.0,0.0,0.0,0.0,0.0,0.0,0.0,0.0,0.0,0.0,0.0,0.0,0.0,0.0,0.0
2.0,24.0,0.0,0.0,0.0,0.0,0.0,0.0,0.0,0.0,0.0,0.0,0.0,0.0,0.0,0.0,0.0,0.0,0.0,0.0,0.0,0.0,0.0,0.0,0.0,0.0,0.0,0.0,0.0
2.0,25.0,0.0,0.0,0.0,0.0,0.0,0.0,0.0,0.0,0.0,0.0,0.0,0.0,0.0,0.0,0.0,0.0,0.0,0.0,0.0,0.0,0.0,0.0,0.0,0.0,0.0,0.0,0.0
3.0,0.0,0.0,0.08474548,0.23335987,0.12511297,0.03846603,0.014515454,0.19655202,0.044188388,0.5219464,0.010297742,0.035181656,2.2394134E-4,0.0965408,0.003588594,0.11135022,0.0,0.0,0.0,0.0,0.0,7.4888135E-8,0.2769351,0.065500036,0.017027989,5.2193522,0.22723493,0.0
3.0,1.0,0.0,0.28745437,2.1631694,0.58025366,0.18295217,0.03389192,0.3383973,0.5459219,1.097216,0.05850096,0.7117768,3.6414852E-4,0.8593962,0.07449416,0.529032,0.0,0.0,0.0,0.0,0.0,2.4683803E-8,0.5627767,0.024180973,0.021717954,7.4142447,2.3100681,0.0
3.0,2.0,0.0,0.3134949,1.3401877,0.3201132,2.2175195,0.23277678,2.3983004,0.62496865,3.4973047,0.028429901,1.3828951,0.46158233,2.9240108,10.911456,13.580288,0.0,0.0,0.0,0.0,0.0,4.2820673E-16,6.3466015,4.2553894E-10,0.2882975,58.37386,33.840347,6.065692
3.0,3.0,0.0,1.8558906,2.413537,3.2121725,18.769156,0.25281507,4.4064665,2.0689192,5.3600535,1.399275,3.5026832,0.41432422,19.203037,22.35732,65.03327,0.0,0.0,0.0,0.0,0.0,0.0,9.631548,0.0,0.44016472,100.8672,52.218273,27.140985
3.0,4.0,0.0,0.7311567,4.4503813,7.763257,20.835506,1.7406045,7.151651,3.3210847,7.5860877,1.4538978,5.684765,0.24237107,18.389904,31.988459,71.666504,0.0,0.0,0.0,0.0,0.0,0.0,9.05157,0.0,0.40225694,105.13623,50.442448,42.22134
3.0,5.0,0.0024136354,1.5064678,11.691312,9.804677,29.56935,1.5893254,9.942172,3.368672,6.580562,1.3002553,5.3424664,2.4098923,20.215134,49.21094,73.95333,0.0,0.0,0.0,0.0,0.0,0.0,9.424544,0.0,0.38457206,115.62918,54.03539,51.779305
3.0,6.0,0.0017877873,1.5924326,18.95895,14.653139,42.826485,1.6770694,8.46507,2.5522249,8.027946,1.5940417,7.4751663,9.9215555,19.607988,58.906876,87.26246,0.0,0.0,0.0,0.0,0.0,0.0,9.163478,0.0,0.37441212,118.36469,56.685703,54.63218
3.0,7.0,0.0045684036,1.655867,20.259031,18.062355,52.64203,2.1344042,8.34833,4.0025454,6.7594423,2.7176347,7.955077,9.246564,23.689009,66.159615,87.25342,0.0,0.0,0.0,0.0,0.0,0.0,9.470964,0.0,0.37227958,127.99687,60.67743,58.202705
3.0,8.0,0.0048910235,1.5758036,32.310055,17.158413,45.728146,1.8212935,7.8772044,4.0224757,6.898331,2.0121238,9.786241,12.957188,30.278069,69.53849,101.56575,0.0,0.0,0.0,0.0,0.0,0.0,8.122673,0.0,0.32349467,125.22317,57.480423,54.996365
3.0,9.0,0.0042359815,2.1637197,32.403778,16.706167,48.39276,3.1525202,7.438519,4.7745867,5.568056,1.9266251,10.117939,13.921028,32.705776,63.080082,87.99815,0.0,0.0,0.0,0.0,0.0,0.0,6.6338224,0.0,0.26527977,111.3807,51.500984,49.21401
3.0,10.0,0.0,0.0,0.0,0.0,0.0,0.0,0.0,0.0,0.0,0.0,0.0,0.0,0.0,0.0,0.0,0.0,0.0,0.0,0.0,0.0,0.0,0.0,0.0,0.0,0.0,0.0,0.0
3.0,11.0,0.0,0.0,0.0,0.0,0.0,0.0,0.0,0.0,0.0,0.0,0.0,0.0,0.0,0.0,0.0,0.0,0.0,0.0,0.0,0.0,0.0,0.0,0.0,0.0,0.0,0.0,0.0
3.0,12.0,0.0,0.0,0.0,0.0,0.0,0.0,0.0,0.0,0.0,0.0,0.0,0.0,0.0,0.0,0.0,0.0,0.0,0.0,0.0,0.0,0.0,0.0,0.0,0.0,0.0,0.0,0.0
3.0,13.0,0.0,0.0,0.0,0.0,0.0,0.0,0.0,0.0,0.0,0.0,0.0,0.0,0.0,0.0,0.0,0.0,0.0,0.0,0.0,0.0,0.0,0.0,0.0,0.0,0.0,0.0,0.0
3.0,14.0,0.0,0.0,0.0,0.0,0.0,0.0,0.0,0.0,0.0,0.0,0.0,0.0,0.0,0.0,0.0,0.0,0.0,0.0,0.0,0.0,0.0,0.0,0.0,0.0,0.0,0.0,0.0
3.0,15.0,0.0,0.0,0.0,0.0,0.0,0.0,0.0,0.0,0.0,0.0,0.0,0.0,0.0,0.0,0.0,0.0,0.0,0.0,0.0,0.0,0.0,0.0,0.0,0.0,0.0,0.0,0.0
3.0,16.0,0.0,0.0,0.0,0.0,0.0,0.0,0.0,0.0,0.0,0.0,0.0,0.0,0.0,0.0,0.0,0.0,0.0,0.0,0.0,0.0,0.0,0.0,0.0,0.0,0.0,0.0,0.0
3.0,17.0,0.0,0.0,0.0,0.0,0.0,0.0,0.0,0.0,0.0,0.0,0.0,0.0,0.0,0.0,0.0,0.0,0.0,0.0,0.0,0.0,0.0,0.0,0.0,0.0,0.0,0.0,0.0
3.0,18.0,0.0,0.0,0.0,0.0,0.0,0.0,0.0,0.0,0.0,0.0,0.0,0.0,0.0,0.0,0.0,0.0,0.0,0.0,0.0,0.0,0.0,0.0,0.0,0.0,0.0,0.0,0.0
3.0,19.0,0.0,0.0,0.0,0.0,0.0,0.0,0.0,0.0,0.0,0.0,0.0,0.0,0.0,0.0,0.0,0.0,0.0,0.0,0.0,0.0,0.0,0.0,0.0,0.0,0.0,0.0,0.0
3.0,20.0,0.0,0.0,0.0,0.0,0.0,0.0,0.0,0.0,0.0,0.0,0.0,0.0,0.0,0.0,0.0,0.0,0.0,0.0,0.0,0.0,0.0,0.0,0.0,0.0,0.0,0.0,0.0
3.0,21.0,0.0,0.0,0.0,0.0,0.0,0.0,0.0,0.0,0.0,0.0,0.0,0.0,0.0,0.0,0.0,0.0,0.0,0.0,0.0,0.0,0.0,0.0,0.0,0.0,0.0,0.0,0.0
3.0,22.0,0.0,0.0,0.0,0.0,0.0,0.0,0.0,0.0,0.0,0.0,0.0,0.0,0.0,0.0,0.0,0.0,0.0,0.0,0.0,0.0,0.0,0.0,0.0,0.0,0.0,0.0,0.0
3.0,23.0,0.0,0.0,0.0,0.0,0.0,0.0,0.0,0.0,0.0,0.0,0.0,0.0,0.0,0.0,0.0,0.0,0.0,0.0,0.0,0.0,0.0,0.0,0.0,0.0,0.0,0.0,0.0
3.0,24.0,0.0,0.0,0.0,0.0,0.0,0.0,0.0,0.0,0.0,0.0,0.0,0.0,0.0,0.0,0.0,0.0,0.0,0.0,0.0,0.0,0.0,0.0,0.0,0.0,0.0,0.0,0.0
3.0,25.0,0.0,0.0,0.0,0.0,0.0,0.0,0.0,0.0,0.0,0.0,0.0,0.0,0.0,0.0,0.0,0.0,0.0,0.0,0.0,0.0,0.0,0.0,0.0,0.0,0.0,0.0,0.0
4.0,0.0,0.0,0.10756297,0.5045199,0.13105915,0.055948265,0.0041878675,0.29881707,0.056771,0.37426603,0.003684584,0.043152843,3.4246346E-5,0.10199621,1.2779694E-7,0.06225885,0.0,0.0,0.0,0.0,0.0,5.274862E-8,0.30752563,0.08392927,0.021484613,5.9653287,0.25058037,0.0
4.0,1.0,0.0,0.6084321,2.4750226,0.74438006,0.19013992,0.014580553,0.7512615,0.6206946,0.9544604,0.09727891,0.9040499,1.5801187E-4,0.58431906,8.8055394E-8,0.16699381,0.0,0.0,0.0,0.0,0.0,2.3218986E-7,0.8426088,0.028427131,0.031667553,10.328489,3.0462472,0.0
4.0,2.0,0.0,0.17373514,0.64072174,0.34052104,2.2759578,0.15546307,0.5705984,0.2712444,0.97770095,0.06869182,1.0972787,0.016974423,2.5116553,0.07192163,4.0150847,0.0,0.0,0.0,0.0,0.0,0.0,1.4429909,0.0,0.0644281,13.002851,6.474173,0.6822304
4.0,3.0,0.0,0.5592548,2.5908697,5.500668,13.996995,0.31059146,2.9418483,1.6280614,7.361345,1.3551258,3.0664933,0.06881007,17.882023,2.8525698,12.020612,0.0,0.0,0.0,0.0,0.0,0.0,8.02343,0.0,0.33202827,70.626564,40.67009,25.210257
4.0,4.0,0.0,1.292984,15.671628,12.103484,41.616734,0.6315653,6.328483,3.0441456,10.008504,4.170235,10.947604,0.490773,33.134052,5.521628,65.23982,0.0,0.0,0.0,0.0,0.0,0.0,11.775788,0.0,0.51780933,128.4412,64.161964,58.96609
4.0,5.0,0.0012722195,1.1342468,8.658634,15.076247,48.42253,1.4644011,6.112593,2.2082467,8.070272,2.4585822,8.987024,1.7737031,38.372696,13.602402,76.68812,0.0,0.0,0.0,0.0,0.0,0.0,10.928268,0.0,0.45809087,127.35352,63.601536,63.921806
4.0,6.0,8.559347E-5,1.8327979,23.024109,25.136494,59.22062,2.9553566,5.1416693,3.1769657,9.9976425,6.8156576,13.358438,4.6379523,26.295591,19.134237,67.12858,0.0,0.0,0.0,0.0,0.0,0.0,10.94651,0.0,0.45504257,136.75557,66.155594,65.257706
4.0,7.0,0.0012248233,2.0125268,25.058859,26.434776,69.47306,2.9726675,5.8414,3.8638704,8.298345,9.886361,11.126607,7.440161,29.430803,23.797861,78.71685,0.0,0.0,0.0,0.0,0.0,0.0,10.982261,0.0,0.4433138,141.92403,68.9136,67.76695
4.0,8.0,0.0018266147,1.7771022,31.33184,27.575535,80.97801,3.1870234,7.039372,3.0856977,8.876862,10.173467,11.79157,7.9759574,35.485218,29.672691,81.525536,0.0,0.0,0.0,0.0,0.0,0.0,10.007774,0.0,0.39531204,137.93553,66.56235,65.04761
4.0,9.0,0.0037101256,1.8668265,38.5049,28.813253,84.81297,4.1111174,6.751538,3.3614213,8.089567,10.367117,15.01278,9.307547,40.09658,28.114239,81.72359,0.0,0.0,0.0,0.0,0.0,0.0,8.5250435,0.0,0.345751,132.94376,61.972317,60.376995
4.0,10.0,0.0,0.0,0.0,0.0,0.0,0.0,0.0,0.0,0.0,0.0,0.0,0.0,0.0,0.0,0.0,0.0,0.0,0.0,0.0,0.0,0.0,0.0,0.0,0.0,0.0,0.0,0.0
4.0,11.0,0.0,0.0,0.0,0.0,0.0,0.0,0.0,0.0,0.0,0.0,0.0,0.0,0.0,0.0,0.0,0.0,0.0,0.0,0.0,0.0,0.0,0.0,0.0,0.0,0.0,0.0,0.0
4.0,12.0,0.0,0.0,0.0,0.0,0.0,0.0,0.0,0.0,0.0,0.0,0.0,0.0,0.0,0.0,0.0,0.0,0.0,0.0,0.0,0.0,0.0,0.0,0.0,0.0,0.0,0.0,0.0
4.0,13.0,0.0,0.0,0.0,0.0,0.0,0.0,0.0,0.0,0.0,0.0,0.0,0.0,0.0,0.0,0.0,0.0,0.0,0.0,0.0,0.0,0.0,0.0,0.0,0.0,0.0,0.0,0.0
4.0,14.0,0.0,0.0,0.0,0.0,0.0,0.0,0.0,0.0,0.0,0.0,0.0,0.0,0.0,0.0,0.0,0.0,0.0,0.0,0.0,0.0,0.0,0.0,0.0,0.0,0.0,0.0,0.0
4.0,15.0,0.0,0.0,0.0,0.0,0.0,0.0,0.0,0.0,0.0,0.0,0.0,0.0,0.0,0.0,0.0,0.0,0.0,0.0,0.0,0.0,0.0,0.0,0.0,0.0,0.0,0.0,0.0
4.0,16.0,0.0,0.0,0.0,0.0,0.0,0.0,0.0,0.0,0.0,0.0,0.0,0.0,0.0,0.0,0.0,0.0,0.0,0.0,0.0,0.0,0.0,0.0,0.0,0.0,0.0,0.0,0.0
4.0,17.0,0.0,0.0,0.0,0.0,0.0,0.0,0.0,0.0,0.0,0.0,0.0,0.0,0.0,0.0,0.0,0.0,0.0,0.0,0.0,0.0,0.0,0.0,0.0,0.0,0.0,0.0,0.0
4.0,18.0,0.0,0.0,0.0,0.0,0.0,0.0,0.0,0.0,0.0,0.0,0.0,0.0,0.0,0.0,0.0,0.0,0.0,0.0,0.0,0.0,0.0,0.0,0.0,0.0,0.0,0.0,0.0
4.0,19.0,0.0,0.0,0.0,0.0,0.0,0.0,0.0,0.0,0.0,0.0,0.0,0.0,0.0,0.0,0.0,0.0,0.0,0.0,0.0,0.0,0.0,0.0,0.0,0.0,0.0,0.0,0.0
4.0,20.0,0.0,0.0,0.0,0.0,0.0,0.0,0.0,0.0,0.0,0.0,0.0,0.0,0.0,0.0,0.0,0.0,0.0,0.0,0.0,0.0,0.0,0.0,0.0,0.0,0.0,0.0,0.0
4.0,21.0,0.0,0.0,0.0,0.0,0.0,0.0,0.0,0.0,0.0,0.0,0.0,0.0,0.0,0.0,0.0,0.0,0.0,0.0,0.0,0.0,0.0,0.0,0.0,0.0,0.0,0.0,0.0
4.0,22.0,0.0,0.0,0.0,0.0,0.0,0.0,0.0,0.0,0.0,0.0,0.0,0.0,0.0,0.0,0.0,0.0,0.0,0.0,0.0,0.0,0.0,0.0,0.0,0.0,0.0,0.0,0.0
4.0,23.0,0.0,0.0,0.0,0.0,0.0,0.0,0.0,0.0,0.0,0.0,0.0,0.0,0.0,0.0,0.0,0.0,0.0,0.0,0.0,0.0,0.0,0.0,0.0,0.0,0.0,0.0,0.0
4.0,24.0,0.0,0.0,0.0,0.0,0.0,0.0,0.0,0.0,0.0,0.0,0.0,0.0,0.0,0.0,0.0,0.0,0.0,0.0,0.0,0.0,0.0,0.0,0.0,0.0,0.0,0.0,0.0
4.0,25.0,0.0,0.0,0.0,0.0,0.0,0.0,0.0,0.0,0.0,0.0,0.0,0.0,0.0,0.0,0.0,0.0,0.0,0.0,0.0,0.0,0.0,0.0,0.0,0.0,0.0,0.0,0.0
5.0,0.0,0.0,0.16527021,0.59312195,0.80144906,0.03841392,0.042026885,0.21141408,0.047985505,0.3145086,0.008892951,0.010038014,2.1882431E-4,0.16020516,0.007401007,0.056907844,0.0,0.0,0.0,0.0,0.0,9.202652E-8,0.33363327,0.116315745,0.022880066,5.616156,0.2426387,0.0
5.0,1.0,0.0,0.7693668,2.4940133,3.524119,0.3716673,0.11461249,0.6187384,0.60377103,0.8171563,0.064341776,0.49179924,2.6668177E-4,0.64071286,0.042497426,0.26442423,0.0,0.0,0.0,0.0,0.0,1.4514546E-7,1.0123568,0.037109762,0.035537064,10.901976,3.3185384,0.0
5.0,2.0,0.0,0.21190383,0.972557,1.1100119,3.439247,0.19079566,0.39483553,0.3042406,0.54248196,0.112835646,0.6691451,0.009338222,3.1817365,3.5490606,3.8548973,0.0,0.0,0.0,0.0,0.0,0.0,1.8149034,0.0,0.07896057,15.163604,7.7285686,0.8955279
5.0,3.0,0.0,0.18796083,0.92773205,1.4647002,5.0169535,0.1959609,0.5533997,0.3981752,0.510542,0.14961411,0.81628287,0.015604662,4.7284355,4.6089907,5.31692,0.0,0.0,0.0,0.0,0.0,0.0,1.6986932,0.0,0.06873287,16.046822,8.04489,4.5470448
5.0,4.0,9.279588E-5,0.30647326,2.3899565,5.752809,26.55682,1.2176726,1.7404547,1.1885389,6.8730435,2.1771245,1.7751037,0.3172974,23.621872,18.417095,21.678059,0.0,0.0,0.0,0.0,0.0,0.0,8.605149,0.0,0.33782053,85.19411,45.093445,45.85757
5.0,5.0,0.0028416996,1.3593026,12.744998,22.381523,75.46275,2.3678212,3.6532314,3.4825826,6.4260907,4.1346073,11.3711405,0.43067002,53.002655,48.08257,53.62083,0.0,0.0,0.0,0.0,0.0,0.0,13.493469,0.0,0.5463936,151.61584,74.0459,76.46351
5.0,6.0,0.0027525923,2.830535,13.523378,34.15703,69.34849,2.244614,2.6616764,1.7128723,4.8663383,5.940673,8.768594,0.892288,48.476105,56.862625,60.720203,0.0,0.0,0.0,0.0,0.0,0.0,11.777409,0.0,0.47770068,140.19531,69.727325,70.2101
5.0,7.0,7.687745E-4,2.6928885,27.051579,39.371414,87.15979,2.4402661,4.3670464,3.7533772,5.224846,10.981695,11.0311165,2.3917322,31.412704,59.611973,66.19559,0.0,0.0,0.0,0.0,0.0,0.0,10.068817,0.0,0.4018334,135.39655,65.73482,65.59523
5.0,8.0,0.0015220145,2.2618468,25.018377,57.127594,109.19541,1.4419656,2.7018008,3.7764006,6.1026626,11.8532505,10.410426,3.4933078,35.33329,55.186882,71.93777,0.0,0.0,0.0,0.0,0.0,0.0,9.126756,0.0,0.35361877,129.15164,62.851482,61.843304
5.0,9.0,0.003522448,1.7873806,28.547783,47.73374,109.51575,1.5258828,3.3028798,2.6353147,5.041992,18.165476,13.411278,3.8438501,41.09005,55.97377,77.57372,0.0,0.0,0.0,0.0,0.0,0.0,8.085651,0.0,0.32084525,127.92894,61.03144,59.619034
5.0,10.0,0.0,0.0,0.0,0.0,0.0,0.0,0.0,0.0,0.0,0.0,0.0,0.0,0.0,0.0,0.0,0.0,0.0,0.0,0.0,0.0,0.0,0.0,0.0,0.0,0.0,0.0,0.0
5.0,11.0,0.0,0.0,0.0,0.0,0.0,0.0,0.0,0.0,0.0,0.0,0.0,0.0,0.0,0.0,0.0,0.0,0.0,0.0,0.0,0.0,0.0,0.0,0.0,0.0,0.0,0.0,0.0
5.0,12.0,0.0,0.0,0.0,0.0,0.0,0.0,0.0,0.0,0.0,0.0,0.0,0.0,0.0,0.0,0.0,0.0,0.0,0.0,0.0,0.0,0.0,0.0,0.0,0.0,0.0,0.0,0.0
5.0,13.0,0.0,0.0,0.0,0.0,0.0,0.0,0.0,0.0,0.0,0.0,0.0,0.0,0.0,0.0,0.0,0.0,0.0,0.0,0.0,0.0,0.0,0.0,0.0,0.0,0.0,0.0,0.0
5.0,14.0,0.0,0.0,0.0,0.0,0.0,0.0,0.0,0.0,0.0,0.0,0.0,0.0,0.0,0.0,0.0,0.0,0.0,0.0,0.0,0.0,0.0,0.0,0.0,0.0,0.0,0.0,0.0
5.0,15.0,0.0,0.0,0.0,0.0,0.0,0.0,0.0,0.0,0.0,0.0,0.0,0.0,0.0,0.0,0.0,0.0,0.0,0.0,0.0,0.0,0.0,0.0,0.0,0.0,0.0,0.0,0.0
5.0,16.0,0.0,0.0,0.0,0.0,0.0,0.0,0.0,0.0,0.0,0.0,0.0,0.0,0.0,0.0,0.0,0.0,0.0,0.0,0.0,0.0,0.0,0.0,0.0,0.0,0.0,0.0,0.0
5.0,17.0,0.0,0.0,0.0,0.0,0.0,0.0,0.0,0.0,0.0,0.0,0.0,0.0,0.0,0.0,0.0,0.0,0.0,0.0,0.0,0.0,0.0,0.0,0.0,0.0,0.0,0.0,0.0
5.0,18.0,0.0,0.0,0.0,0.0,0.0,0.0,0.0,0.0,0.0,0.0,0.0,0.0,0.0,0.0,0.0,0.0,0.0,0.0,0.0,0.0,0.0,0.0,0.0,0.0,0.0,0.0,0.0
5.0,19.0,0.0,0.0,0.0,0.0,0.0,0.0,0.0,0.0,0.0,0.0,0.0,0.0,0.0,0.0,0.0,0.0,0.0,0.0,0.0,0.0,0.0,0.0,0.0,0.0,0.0,0.0,0.0
5.0,20.0,0.0,0.0,0.0,0.0,0.0,0.0,0.0,0.0,0.0,0.0,0.0,0.0,0.0,0.0,0.0,0.0,0.0,0.0,0.0,0.0,0.0,0.0,0.0,0.0,0.0,0.0,0.0
5.0,21.0,0.0,0.0,0.0,0.0,0.0,0.0,0.0,0.0,0.0,0.0,0.0,0.0,0.0,0.0,0.0,0.0,0.0,0.0,0.0,0.0,0.0,0.0,0.0,0.0,0.0,0.0,0.0
5.0,22.0,0.0,0.0,0.0,0.0,0.0,0.0,0.0,0.0,0.0,0.0,0.0,0.0,0.0,0.0,0.0,0.0,0.0,0.0,0.0,0.0,0.0,0.0,0.0,0.0,0.0,0.0,0.0
5.0,23.0,0.0,0.0,0.0,0.0,0.0,0.0,0.0,0.0,0.0,0.0,0.0,0.0,0.0,0.0,0.0,0.0,0.0,0.0,0.0,0.0,0.0,0.0,0.0,0.0,0.0,0.0,0.0
5.0,24.0,0.0,0.0,0.0,0.0,0.0,0.0,0.0,0.0,0.0,0.0,0.0,0.0,0.0,0.0,0.0,0.0,0.0,0.0,0.0,0.0,0.0,0.0,0.0,0.0,0.0,0.0,0.0
5.0,25.0,0.0,0.0,0.0,0.0,0.0,0.0,0.0,0.0,0.0,0.0,0.0,0.0,0.0,0.0,0.0,0.0,0.0,0.0,0.0,0.0,0.0,0.0,0.0,0.0,0.0,0.0,0.0
6.0,0.0,0.0,0.1454819,0.3692064,0.65899724,0.027602347,0.0057207686,0.04593067,0.021125391,0.28745553,0.0011813226,0.0042536934,2.7515003E-4,0.052886583,2.595598E-4,0.18809879,0.0,0.0,0.0,0.0,0.0,6.451216E-8,0.25573242,0.11914273,0.023257652,5.1998453,0.16129173,0.0
6.0,1.0,0.0,0.4424265,2.4182148,3.993841,0.15685914,0.035140783,0.20620526,0.33826682,1.0621014,0.029051684,0.14709732,0.0018483058,0.37736908,4.119017E-5,0.6224109,0.0,0.0,0.0,0.0,0.0,3.4798028E-8,0.8357607,0.034846902,0.03483109,9.862092,2.993713,0.0
6.0,2.0,0.0,0.16565694,0.9139334,1.9584866,3.5274625,0.22645196,0.39136726,0.3192982,1.0177898,0.034084965,0.36712992,0.0049898224,3.643078,0.8938662,5.0605927,0.0,0.0,0.0,0.0,0.0,4.726512E-15,2.2054772,7.994633E-9,0.10224064,19.245255,9.723035,1.2285105
6.0,3.0,0.0,0.21996234,1.4530172,2.419869,6.517784,0.3593755,0.39640096,0.47081092,1.117856,0.040732447,0.7947077,0.008450345,3.8910658,2.2019496,7.417134,0.0,0.0,0.0,0.0,0.0,0.0,2.3483853,0.0,0.1027556,22.58998,11.361418,6.390852
6.0,4.0,1.1704098E-5,0.22634853,1.6139197,3.3997092,7.7550564,0.5199642,0.48639908,0.48413166,1.009383,0.05581293,0.945765,0.10508049,4.449222,3.9915242,8.63411,0.0,0.0,0.0,0.0,0.0,0.0,2.0153933,0.0,0.090904765,22.16248,10.506287,9.600455
6.0,5.0,0.0038105068,0.5469125,7.409476,16.97501,38.122272,0.7452755,0.75227755,1.3034825,7.294381,1.8119329,3.3379407,0.14271423,15.619949,35.58413,26.169163,0.0,0.0,0.0,0.0,0.0,0.0,9.367223,0.0,0.38794062,102.47744,54.758476,57.917805
6.0,6.0,2.7148434E-7,2.7109847,26.362541,40.35842,100.69379,1.1515346,3.8099048,3.541807,6.6202364,3.5225823,10.683865,0.8893804,35.192986,52.55034,84.74668,0.0,0.0,0.0,0.0,0.0,0.0,14.109371,0.0,0.5966004,178.69067,86.68103,87.69192
6.0,7.0,3.4417512E-4,2.7484393,22.247908,46.407322,96.1667,0.7888707,3.7639565,2.1039865,9.027899,7.2398396,6.1750455,1.0487164,37.849373,45.24529,83.37432,0.0,0.0,0.0,0.0,0.0,0.0,12.20411,0.0,0.49928135,161.3098,78.77837,77.87284
6.0,8.0,0.004052104,2.1333025,35.778324,71.832344,98.002426,2.090623,2.6251755,2.1301658,6.167438,7.308992,8.703623,1.0472254,43.622993,45.728367,82.39561,0.0,0.0,0.0,0.0,0.0,0.0,9.455599,0.0,0.40054286,143.80103,67.36704,66.53722
6.0,9.0,0.0017114923,2.2188838,36.167065,64.973236,95.226654,2.9244578,4.0644164,3.1505754,8.482416,11.302859,8.0444765,2.2791324,39.73022,53.27391,84.883156,0.0,0.0,0.0,0.0,0.0,0.0,9.059715,0.0,0.3719642,146.12784,67.89923,66.32221
6.0,10.0,0.0,0.0,0.0,0.0,0.0,0.0,0.0,0.0,0.0,0.0,0.0,0.0,0.0,0.0,0.0,0.0,0.0,0.0,0.0,0.0,0.0,0.0,0.0,0.0,0.0,0.0,0.0
6.0,11.0,0.0,0.0,0.0,0.0,0.0,0.0,0.0,0.0,0.0,0.0,0.0,0.0,0.0,0.0,0.0,0.0,0.0,0.0,0.0,0.0,0.0,0.0,0.0,0.0,0.0,0.0,0.0
6.0,12.0,0.0,0.0,0.0,0.0,0.0,0.0,0.0,0.0,0.0,0.0,0.0,0.0,0.0,0.0,0.0,0.0,0.0,0.0,0.0,0.0,0.0,0.0,0.0,0.0,0.0,0.0,0.0
6.0,13.0,0.0,0.0,0.0,0.0,0.0,0.0,0.0,0.0,0.0,0.0,0.0,0.0,0.0,0.0,0.0,0.0,0.0,0.0,0.0,0.0,0.0,0.0,0.0,0.0,0.0,0.0,0.0
6.0,14.0,0.0,0.0,0.0,0.0,0.0,0.0,0.0,0.0,0.0,0.0,0.0,0.0,0.0,0.0,0.0,0.0,0.0,0.0,0.0,0.0,0.0,0.0,0.0,0.0,0.0,0.0,0.0
6.0,15.0,0.0,0.0,0.0,0.0,0.0,0.0,0.0,0.0,0.0,0.0,0.0,0.0,0.0,0.0,0.0,0.0,0.0,0.0,0.0,0.0,0.0,0.0,0.0,0.0,0.0,0.0,0.0
6.0,16.0,0.0,0.0,0.0,0.0,0.0,0.0,0.0,0.0,0.0,0.0,0.0,0.0,0.0,0.0,0.0,0.0,0.0,0.0,0.0,0.0,0.0,0.0,0.0,0.0,0.0,0.0,0.0
6.0,17.0,0.0,0.0,0.0,0.0,0.0,0.0,0.0,0.0,0.0,0.0,0.0,0.0,0.0,0.0,0.0,0.0,0.0,0.0,0.0,0.0,0.0,0.0,0.0,0.0,0.0,0.0,0.0
6.0,18.0,0.0,0.0,0.0,0.0,0.0,0.0,0.0,0.0,0.0,0.0,0.0,0.0,0.0,0.0,0.0,0.0,0.0,0.0,0.0,0.0,0.0,0.0,0.0,0.0,0.0,0.0,0.0
6.0,19.0,0.0,0.0,0.0,0.0,0.0,0.0,0.0,0.0,0.0,0.0,0.0,0.0,0.0,0.0,0.0,0.0,0.0,0.0,0.0,0.0,0.0,0.0,0.0,0.0,0.0,0.0,0.0
6.0,20.0,0.0,0.0,0.0,0.0,0.0,0.0,0.0,0.0,0.0,0.0,0.0,0.0,0.0,0.0,0.0,0.0,0.0,0.0,0.0,0.0,0.0,0.0,0.0,0.0,0.0,0.0,0.0
6.0,21.0,0.0,0.0,0.0,0.0,0.0,0.0,0.0,0.0,0.0,0.0,0.0,0.0,0.0,0.0,0.0,0.0,0.0,0.0,0.0,0.0,0.0,0.0,0.0,0.0,0.0,0.0,0.0
6.0,22.0,0.0,0.0,0.0,0.0,0.0,0.0,0.0,0.0,0.0,0.0,0.0,0.0,0.0,0.0,0.0,0.0,0.0,0.0,0.0,0.0,0.0,0.0,0.0,0.0,0.0,0.0,0.0
6.0,23.0,0.0,0.0,0.0,0.0,0.0,0.0,0.0,0.0,0.0,0.0,0.0,0.0,0.0,0.0,0.0,0.0,0.0,0.0,0.0,0.0,0.0,0.0,0.0,0.0,0.0,0.0,0.0
6.0,24.0,0.0,0.0,0.0,0.0,0.0,0.0,0.0,0.0,0.0,0.0,0.0,0.0,0.0,0.0,0.0,0.0,0.0,0.0,0.0,0.0,0.0,0.0,0.0,0.0,0.0,0.0,0.0
6.0,25.0,0.0,0.0,0.0,0.0,0.0,0.0,0.0,0.0,0.0,0.0,0.0,0.0,0.0,0.0,0.0,0.0,0.0,0.0,0.0,0.0,0.0,0.0,0.0,0.0,0.0,0.0,0.0
7.0,0.0,0.0,0.20338906,0.51603884,0.5049918,0.056504592,0.0035692481,0.006852971,0.023398666,0.41799787,0.0030986578,0.017564474,0.0021499589,0.04451412,5.771659E-4,0.063058324,0.0,0.0,0.0,0.0,0.0,2.0735418E-7,0.3077932,0.14323895,0.024760604,5.788832,0.19333479,0.0
7.0,1.0,0.0,0.25724128,2.3224475,2.5705822,0.20501159,0.0055416776,0.02778431,0.27255628,0.868064,0.023808984,0.22373264,0.0026653272,0.42579734,0.0071142823,0.20560767,0.0,0.0,0.0,0.0,0.0,6.872149E-8,0.7219476,0.0497355,0.02782532,7.93615,2.3496754,0.0
7.0,2.0,0.0,0.20868614,0.9312401,1.3653693,3.057836,0.19873326,0.07505912,0.19575036,1.4263766,0.009054979,0.6531848,0.05349527,3.1483905,2.847439,3.362739,0.0,0.0,0.0,0.0,0.0,1.1796653E-14,1.933561,1.1627069E-9,0.083955295,16.670572,8.29945,0.9825284
7.0,3.0,0.0,0.2817338,1.4422891,4.02355,7.523176,0.5489839,0.12305335,0.3671341,1.4930248,0.012295468,0.95318764,0.09245133,5.3509426,5.258751,7.0396404,0.0,0.0,0.0,0.0,0.0,0.0,2.73255,0.0,0.10785264,24.9866,12.164069,6.45029
7.0,4.0,1.3158432E-5,0.46341345,1.7750646,4.403695,11.243038,0.7632498,0.14119384,0.42095867,1.7481256,0.10092687,1.8752323,0.30527237,5.6332493,7.64269,8.614457,0.0,0.0,0.0,0.0,0.0,0.0,2.5993347,0.0,0.103902586,27.270222,12.696979,11.523664
7.0,5.0,1.7840635E-4,0.26752532,1.8703617,6.304259,13.233653,0.44804856,0.15896717,0.42811787,1.5243559,0.228316,1.5425802,0.85176593,5.431077,7.8256955,8.842557,0.0,0.0,0.0,0.0,0.0,0.0,2.3871,0.0,0.09137035,25.629522,12.189385,12.327625
7.0,6.0,0.003438611,0.37411508,15.774383,35.941776,63.045826,0.84422886,0.47709516,1.0084507,12.486724,2.3954985,5.907038,1.6027683,25.60561,30.670444,23.37023,0.0,0.0,0.0,0.0,0.0,0.0,9.648677,0.0,0.36825353,110.30235,56.10524,57.37751
7.0,7.0,0.001025029,1.8253251,25.728739,52.310772,123.009155,3.7369325,0.83985215,2.871209,10.599128,6.2594423,18.262043,12.618995,38.042675,78.25297,93.885124,0.0,0.0,0.0,0.0,0.0,0.0,14.169131,0.0,0.5685314,192.49011,90.381424,89.0047
7.0,8.0,0.0034425755,3.1778684,22.809923,67.68248,139.3919,0.82308203,1.1794882,2.1379557,7.676786,7.1110063,9.493108,4.233666,44.931747,54.36632,65.77616,0.0,0.0,0.0,0.0,0.0,0.0,11.58968,0.0,0.45365033,171.83719,78.8675,77.20616
7.0,9.0,0.003778638,2.5726979,30.576605,68.39247,131.04605,4.1161194,1.264534,2.3217328,9.027799,9.902095,12.324836,5.4724374,33.35889,55.906307,68.144356,0.0,0.0,0.0,0.0,0.0,0.0,9.940375,0.0,0.3936141,159.80734,73.15515,71.96497
7.0,10.0,0.0,0.0,0.0,0.0,0.0,0.0,0.0,0.0,0.0,0.0,0.0,0.0,0.0,0.0,0.0,0.0,0.0,0.0,0.0,0.0,0.0,0.0,0.0,0.0,0.0,0.0,0.0
7.0,11.0,0.0,0.0,0.0,0.0,0.0,0.0,0.0,0.0,0.0,0.0,0.0,0.0,0.0,0.0,0.0,0.0,0.0,0.0,0.0,0.0,0.0,0.0,0.0,0.0,0.0,0.0,0.0
7.0,12.0,0.0,0.0,0.0,0.0,0.0,0.0,0.0,0.0,0.0,0.0,0.0,0.0,0.0,0.0,0.0,0.0,0.0,0.0,0.0,0.0,0.0,0.0,0.0,0.0,0.0,0.0,0.0
7.0,13.0,0.0,0.0,0.0,0.0,0.0,0.0,0.0,0.0,0.0,0.0,0.0,0.0,0.0,0.0,0.0,0.0,0.0,0.0,0.0,0.0,0.0,0.0,0.0,0.0,0.0,0.0,0.0
7.0,14.0,0.0,0.0,0.0,0.0,0.0,0.0,0.0,0.0,0.0,0.0,0.0,0.0,0.0,0.0,0.0,0.0,0.0,0.0,0.0,0.0,0.0,0.0,0.0,0.0,0.0,0.0,0.0
7.0,15.0,0.0,0.0,0.0,0.0,0.0,0.0,0.0,0.0,0.0,0.0,0.0,0.0,0.0,0.0,0.0,0.0,0.0,0.0,0.0,0.0,0.0,0.0,0.0,0.0,0.0,0.0,0.0
7.0,16.0,0.0,0.0,0.0,0.0,0.0,0.0,0.0,0.0,0.0,0.0,0.0,0.0,0.0,0.0,0.0,0.0,0.0,0.0,0.0,0.0,0.0,0.0,0.0,0.0,0.0,0.0,0.0
7.0,17.0,0.0,0.0,0.0,0.0,0.0,0.0,0.0,0.0,0.0,0.0,0.0,0.0,0.0,0.0,0.0,0.0,0.0,0.0,0.0,0.0,0.0,0.0,0.0,0.0,0.0,0.0,0.0
7.0,18.0,0.0,0.0,0.0,0.0,0.0,0.0,0.0,0.0,0.0,0.0,0.0,0.0,0.0,0.0,0.0,0.0,0.0,0.0,0.0,0.0,0.0,0.0,0.0,0.0,0.0,0.0,0.0
7.0,19.0,0.0,0.0,0.0,0.0,0.0,0.0,0.0,0.0,0.0,0.0,0.0,0.0,0.0,0.0,0.0,0.0,0.0,0.0,0.0,0.0,0.0,0.0,0.0,0.0,0.0,0.0,0.0
7.0,20.0,0.0,0.0,0.0,0.0,0.0,0.0,0.0,0.0,0.0,0.0,0.0,0.0,0.0,0.0,0.0,0.0,0.0,0.0,0.0,0.0,0.0,0.0,0.0,0.0,0.0,0.0,0.0
7.0,21.0,0.0,0.0,0.0,0.0,0.0,0.0,0.0,0.0,0.0,0.0,0.0,0.0,0.0,0.0,0.0,0.0,0.0,0.0,0.0,0.0,0.0,0.0,0.0,0.0,0.0,0.0,0.0
7.0,22.0,0.0,0.0,0.0,0.0,0.0,0.0,0.0,0.0,0.0,0.0,0.0,0.0,0.0,0.0,0.0,0.0,0.0,0.0,0.0,0.0,0.0,0.0,0.0,0.0,0.0,0.0,0.0
7.0,23.0,0.0,0.0,0.0,0.0,0.0,0.0,0.0,0.0,0.0,0.0,0.0,0.0,0.0,0.0,0.0,0.0,0.0,0.0,0.0,0.0,0.0,0.0,0.0,0.0,0.0,0.0,0.0
7.0,24.0,0.0,0.0,0.0,0.0,0.0,0.0,0.0,0.0,0.0,0.0,0.0,0.0,0.0,0.0,0.0,0.0,0.0,0.0,0.0,0.0,0.0,0.0,0.0,0.0,0.0,0.0,0.0
7.0,25.0,0.0,0.0,0.0,0.0,0.0,0.0,0.0,0.0,0.0,0.0,0.0,0.0,0.0,0.0,0.0,0.0,0.0,0.0,0.0,0.0,0.0,0.0,0.0,0.0,0.0,0.0,0.0
8.0,0.0,0.0,0.2859248,0.6487008,0.5628147,0.058390487,0.026838303,0.012201881,0.04205875,0.63493276,0.0031625046,0.017250063,0.005396141,0.12645142,0.0147297755,0.16324584,0.0,0.0,0.0,0.0,0.0,3.1202745E-7,0.40451086,0.1748626,0.030329943,7.3487477,0.37329614,0.0
8.0,1.0,0.0,0.6802758,2.4877286,2.8444784,0.30439627,0.07474521,0.073313564,0.37362075,0.86741084,0.048331268,0.45336697,0.010774728,0.70855147,0.054917324,0.39903826,0.0,0.0,0.0,0.0,0.0,1.3122612E-7,0.7995125,0.062461548,0.03157105,9.285697,2.9532318,0.0
8.0,2.0,0.0,0.16667311,0.84041613,1.1491106,2.210099,0.4420637,0.05964923,0.22915396,0.88435966,0.024242213,0.32818472,0.035838842,2.2172022,1.9307246,3.8024938,0.0,0.0,0.0,0.0,0.0,0.0,1.5026608,0.0,0.069906235,13.919972,6.741517,0.71468973
8.0,3.0,0.0,0.44368553,1.1551704,3.6891382,5.5259223,0.79538494,0.10961856,0.32014492,1.3874418,0.02048078,0.7306539,0.048020102,4.152533,5.4608684,7.616511,0.0,0.0,0.0,0.0,0.0,0.0,2.1251059,0.0,0.09811709,21.975647,10.89825,6.093111
8.0,4.0,3.1072454E-5,0.51739967,2.128236,6.242803,9.933145,0.87274206,0.21208648,0.41467282,1.6293124,0.06179084,0.992758,0.35974514,6.2492523,9.788435,13.778722,0.0,0.0,0.0,0.0,0.0,0.0,2.7365518,0.0,0.124661915,31.251282,14.886832,13.794342
8.0,5.0,7.6539477E-4,0.69505787,3.2012713,6.4269657,12.03604,0.8763206,0.21290718,0.5326998,1.8756821,0.12338723,1.8066083,0.69117564,7.019238,13.413382,16.62931,0.0,0.0,0.0,0.0,0.0,0.0,2.6136968,0.0,0.11327488,32.022938,14.912848,15.195334
8.0,6.0,3.4638666E-4,0.47873163,3.912594,9.623891,14.577848,0.6459212,0.25028563,0.5406722,1.2920169,0.3860335,2.0604415,0.6306062,5.898756,13.747589,15.66817,0.0,0.0,0.0,0.0,0.0,0.0,2.0382712,0.0,0.08886746,27.569715,12.698494,12.543073
8.0,7.0,1.3655613E-4,1.0324423,9.854402,48.873276,75.5304,2.5131068,0.7965605,0.9632079,7.662554,2.01632,6.609108,7.021656,14.883719,66.45652,34.81653,0.0,0.0,0.0,0.0,0.0,0.0,9.022492,0.0,0.36323875,113.61959,60.63594,59.52798
8.0,8.0,1.5797984E-4,7.7657137,27.64036,67.74884,119.8703,3.4914272,1.2442263,3.2714055,10.641189,5.382296,11.0251045,11.68349,48.51987,109.48415,135.83139,0.0,0.0,0.0,0.0,0.0,0.0,13.082218,0.0,0.5344037,195.9587,93.02857,90.77032
8.0,9.0,0.0015094738,2.9403474,29.037306,69.13069,110.223625,5.770359,1.7923847,2.2213166,8.89269,6.958584,10.194203,7.811749,53.498684,108.61373,106.02974,0.0,0.0,0.0,0.0,0.0,0.0,9.55266,0.0,0.39474434,158.70206,73.7745,71.58521
8.0,10.0,0.0,0.0,0.0,0.0,0.0,0.0,0.0,0.0,0.0,0.0,0.0,0.0,0.0,0.0,0.0,0.0,0.0,0.0,0.0,0.0,0.0,0.0,0.0,0.0,0.0,0.0,0.0
8.0,11.0,0.0,0.0,0.0,0.0,0.0,0.0,0.0,0.0,0.0,0.0,0.0,0.0,0.0,0.0,0.0,0.0,0.0,0.0,0.0,0.0,0.0,0.0,0.0,0.0,0.0,0.0,0.0
8.0,12.0,0.0,0.0,0.0,0.0,0.0,0.0,0.0,0.0,0.0,0.0,0.0,0.0,0.0,0.0,0.0,0.0,0.0,0.0,0.0,0.0,0.0,0.0,0.0,0.0,0.0,0.0,0.0
8.0,13.0,0.0,0.0,0.0,0.0,0.0,0.0,0.0,0.0,0.0,0.0,0.0,0.0,0.0,0.0,0.0,0.0,0.0,0.0,0.0,0.0,0.0,0.0,0.0,0.0,0.0,0.0,0.0
8.0,14.0,0.0,0.0,0.0,0.0,0.0,0.0,0.0,0.0,0.0,0.0,0.0,0.0,0.0,0.0,0.0,0.0,0.0,0.0,0.0,0.0,0.0,0.0,0.0,0.0,0.0,0.0,0.0
8.0,15.0,0.0,0.0,0.0,0.0,0.0,0.0,0.0,0.0,0.0,0.0,0.0,0.0,0.0,0.0,0.0,0.0,0.0,0.0,0.0,0.0,0.0,0.0,0.0,0.0,0.0,0.0,0.0
8.0,16.0,0.0,0.0,0.0,0.0,0.0,0.0,0.0,0.0,0.0,0.0,0.0,0.0,0.0,0.0,0.0,0.0,0.0,0.0,0.0,0.0,0.0,0.0,0.0,0.0,0.0,0.0,0.0
8.0,17.0,0.0,0.0,0.0,0.0,0.0,0.0,0.0,0.0,0.0,0.0,0.0,0.0,0.0,0.0,0.0,0.0,0.0,0.0,0.0,0.0,0.0,0.0,0.0,0.0,0.0,0.0,0.0
8.0,18.0,0.0,0.0,0.0,0.0,0.0,0.0,0.0,0.0,0.0,0.0,0.0,0.0,0.0,0.0,0.0,0.0,0.0,0.0,0.0,0.0,0.0,0.0,0.0,0.0,0.0,0.0,0.0
8.0,19.0,0.0,0.0,0.0,0.0,0.0,0.0,0.0,0.0,0.0,0.0,0.0,0.0,0.0,0.0,0.0,0.0,0.0,0.0,0.0,0.0,0.0,0.0,0.0,0.0,0.0,0.0,0.0
8.0,20.0,0.0,0.0,0.0,0.0,0.0,0.0,0.0,0.0,0.0,0.0,0.0,0.0,0.0,0.0,0.0,0.0,0.0,0.0,0.0,0.0,0.0,0.0,0.0,0.0,0.0,0.0,0.0
8.0,21.0,0.0,0.0,0.0,0.0,0.0,0.0,0.0,0.0,0.0,0.0,0.0,0.0,0.0,0.0,0.0,0.0,0.0,0.0,0.0,0.0,0.0,0.0,0.0,0.0,0.0,0.0,0.0
8.0,22.0,0.0,0.0,0.0,0.0,0.0,0.0,0.0,0.0,0.0,0.0,0.0,0.0,0.0,0.0,0.0,0.0,0.0,0.0,0.0,0.0,0.0,0.0,0.0,0.0,0.0,0.0,0.0
8.0,23.0,0.0,0.0,0.0,0.0,0.0,0.0,0.0,0.0,0.0,0.0,0.0,0.0,0.0,0.0,0.0,0.0,0.0,0.0,0.0,0.0,0.0,0.0,0.0,0.0,0.0,0.0,0.0
8.0,24.0,0.0,0.0,0.0,0.0,0.0,0.0,0.0,0.0,0.0,0.0,0.0,0.0,0.0,0.0,0.0,0.0,0.0,0.0,0.0,0.0,0.0,0.0,0.0,0.0,0.0,0.0,0.0
8.0,25.0,0.0,0.0,0.0,0.0,0.0,0.0,0.0,0.0,0.0,0.0,0.0,0.0,0.0,0.0,0.0,0.0,0.0,0.0,0.0,0.0,0.0,0.0,0.0,0.0,0.0,0.0,0.0
9.0,0.0,0.0,0.15269162,0.7793683,1.1081392,0.08111561,0.0357162,0.0080753565,0.03518167,0.9335901,0.0035260206,0.013340339,1.9415577E-4,0.08402476,0.0064669233,0.033093978,0.0,0.0,0.0,0.0,0.0,1.7266706E-7,0.50054747,0.15163825,0.029799398,7.10849,0.29687122,0.0
9.0,1.0,0.0,0.79432493,3.1645362,4.382481,0.30974174,0.10202969,0.04745093,0.6061269,2.1882522,0.0641723,0.28934875,9.882923E-4,0.6872673,0.018425943,0.20676689,0.0,0.0,0.0,0.0,0.0,1.2005643E-7,1.2218864,0.054233957,0.041228905,12.262412,3.8020275,0.0
9.0,2.0,0.0,0.32937393,0.8707408,1.5863936,2.1118035,0.15788805,0.071833596,0.28826666,0.95155436,0.03336013,0.78294575,0.02286096,2.5021079,3.5827029,5.103577,0.0,0.0,0.0,0.0,0.0,9.0332074E-15,1.9326348,6.1766814E-10,0.08438488,16.896502,8.096032,0.70712787
9.0,3.0,0.0,0.28202373,1.0750848,2.37047,3.1917038,0.27057746,0.07385395,0.26918733,0.91588014,0.025744416,0.80265206,0.016621634,3.5484128,5.454754,7.841025,0.0,0.0,0.0,0.0,0.0,0.0,1.8674968,0.0,0.080140695,18.75787,8.906843,4.6852164
9.0,4.0,4.1748517E-6,0.27903962,1.638097,6.330229,5.831796,0.42381898,0.13010615,0.589814,1.7862217,0.07726901,0.9907149,0.09432059,5.930622,11.123902,10.922043,0.0,0.0,0.0,0.0,0.0,0.0,2.6964808,0.0,0.113328725,28.46485,13.735447,12.660405
9.0,5.0,7.888402E-4,0.6751493,3.689046,10.814329,11.004335,0.6977472,0.22685798,0.716431,2.1582017,0.35634533,1.7297924,0.2850003,8.169745,16.245934,19.332523,0.0,0.0,0.0,0.0,0.0,0.0,3.1471636,0.0,0.13175371,37.70134,17.698929,17.593882
9.0,6.0,0.012754116,0.7449995,5.695695,11.025747,15.916356,0.7833753,0.20632249,0.90395993,2.2201586,0.58846146,1.7231742,0.74858695,8.550387,16.621464,19.23156,0.0,0.0,0.0,0.0,0.0,0.0,2.9133267,0.0,0.122892395,37.747234,17.23051,17.0383
9.0,7.0,0.002473827,0.5250593,4.9985976,11.93791,16.692553,0.5769088,0.120102935,0.7877247,1.5583837,0.5316197,2.1984096,0.80280757,8.438049,17.001896,17.827744,0.0,0.0,0.0,0.0,0.0,0.0,2.2488415,0.0,0.09369145,30.89309,14.209682,13.971542
9.0,8.0,5.9079693E-4,0.81535375,14.787704,41.33229,85.32991,1.2509892,0.3512095,2.0241685,13.682688,6.97449,7.6721816,8.593504,20.86085,80.50411,41.31484,0.0,0.0,0.0,0.0,0.0,0.0,8.666613,0.0,0.33860472,124.64469,61.195423,59.846462
9.0,9.0,0.005065085,2.129305,29.48324,108.54933,141.58037,2.7114334,1.2768825,4.6485972,6.9982095,9.22406,13.252565,8.924856,60.652245,134.9997,128.7825,0.0,0.0,0.0,0.0,0.0,0.0,11.925377,0.0,0.47685376,193.39804,91.6822,89.0535
9.0,10.0,0.0,0.0,0.0,0.0,0.0,0.0,0.0,0.0,0.0,0.0,0.0,0.0,0.0,0.0,0.0,0.0,0.0,0.0,0.0,0.0,0.0,0.0,0.0,0.0,0.0,0.0,0.0
9.0,11.0,0.0,0.0,0.0,0.0,0.0,0.0,0.0,0.0,0.0,0.0,0.0,0.0,0.0,0.0,0.0,0.0,0.0,0.0,0.0,0.0,0.0,0.0,0.0,0.0,0.0,0.0,0.0
9.0,12.0,0.0,0.0,0.0,0.0,0.0,0.0,0.0,0.0,0.0,0.0,0.0,0.0,0.0,0.0,0.0,0.0,0.0,0.0,0.0,0.0,0.0,0.0,0.0,0.0,0.0,0.0,0.0
9.0,13.0,0.0,0.0,0.0,0.0,0.0,0.0,0.0,0.0,0.0,0.0,0.0,0.0,0.0,0.0,0.0,0.0,0.0,0.0,0.0,0.0,0.0,0.0,0.0,0.0,0.0,0.0,0.0
9.0,14.0,0.0,0.0,0.0,0.0,0.0,0.0,0.0,0.0,0.0,0.0,0.0,0.0,0.0,0.0,0.0,0.0,0.0,0.0,0.0,0.0,0.0,0.0,0.0,0.0,0.0,0.0,0.0
9.0,15.0,0.0,0.0,0.0,0.0,0.0,0.0,0.0,0.0,0.0,0.0,0.0,0.0,0.0,0.0,0.0,0.0,0.0,0.0,0.0,0.0,0.0,0.0,0.0,0.0,0.0,0.0,0.0
9.0,16.0,0.0,0.0,0.0,0.0,0.0,0.0,0.0,0.0,0.0,0.0,0.0,0.0,0.0,0.0,0.0,0.0,0.0,0.0,0.0,0.0,0.0,0.0,0.0,0.0,0.0,0.0,0.0
9.0,17.0,0.0,0.0,0.0,0.0,0.0,0.0,0.0,0.0,0.0,0.0,0.0,0.0,0.0,0.0,0.0,0.0,0.0,0.0,0.0,0.0,0.0,0.0,0.0,0.0,0.0,0.0,0.0
9.0,18.0,0.0,0.0,0.0,0.0,0.0,0.0,0.0,0.0,0.0,0.0,0.0,0.0,0.0,0.0,0.0,0.0,0.0,0.0,0.0,0.0,0.0,0.0,0.0,0.0,0.0,0.0,0.0
9.0,19.0,0.0,0.0,0.0,0.0,0.0,0.0,0.0,0.0,0.0,0.0,0.0,0.0,0.0,0.0,0.0,0.0,0.0,0.0,0.0,0.0,0.0,0.0,0.0,0.0,0.0,0.0,0.0
9.0,20.0,0.0,0.0,0.0,0.0,0.0,0.0,0.0,0.0,0.0,0.0,0.0,0.0,0.0,0.0,0.0,0.0,0.0,0.0,0.0,0.0,0.0,0.0,0.0,0.0,0.0,0.0,0.0
9.0,21.0,0.0,0.0,0.0,0.0,0.0,0.0,0.0,0.0,0.0,0.0,0.0,0.0,0.0,0.0,0.0,0.0,0.0,0.0,0.0,0.0,0.0,0.0,0.0,0.0,0.0,0.0,0.0
9.0,22.0,0.0,0.0,0.0,0.0,0.0,0.0,0.0,0.0,0.0,0.0,0.0,0.0,0.0,0.0,0.0,0.0,0.0,0.0,0.0,0.0,0.0,0.0,0.0,0.0,0.0,0.0,0.0
9.0,23.0,0.0,0.0,0.0,0.0,0.0,0.0,0.0,0.0,0.0,0.0,0.0,0.0,0.0,0.0,0.0,0.0,0.0,0.0,0.0,0.0,0.0,0.0,0.0,0.0,0.0,0.0,0.0
9.0,24.0,0.0,0.0,0.0,0.0,0.0,0.0,0.0,0.0,0.0,0.0,0.0,0.0,0.0,0.0,0.0,0.0,0.0,0.0,0.0,0.0,0.0,0.0,0.0,0.0,0.0,0.0,0.0
9.0,25.0,0.0,0.0,0.0,0.0,0.0,0.0,0.0,0.0,0.0,0.0,0.0,0.0,0.0,0.0,0.0,0.0,0.0,0.0,0.0,0.0,0.0,0.0,0.0,0.0,0.0,0.0,0.0
10.0,0.0,0.0,0.07714254,0.65953165,0.47268426,0.029128248,0.029921822,0.008564676,0.011661395,0.49076748,0.0037970438,0.007306701,0.003027271,0.066434585,0.012826557,0.097257875,0.0,0.0,0.0,0.0,0.0,2.8862695E-7,0.31476802,0.11084522,0.018134287,4.256606,0.18005921,0.0
10.0,1.0,0.0,0.46453285,3.3682923,2.719635,0.16513078,0.15386231,0.060979906,0.29661542,1.6228749,0.041138183,0.26461115,0.0134340385,0.7143978,0.15409984,0.51990557,0.0,0.0,0.0,0.0,0.0,8.12704E-7,1.1644789,0.06907319,0.041984413,11.871159,3.734673,0.0
10.0,2.0,0.0,0.35486192,0.88560563,2.6899488,3.3494537,0.4280814,0.12397557,0.41613042,1.1914021,0.028332746,0.59418654,0.050230056,2.6024601,5.447049,5.27309,0.0,0.0,0.0,0.0,0.0,0.0,2.405676,0.0,0.10829914,22.601276,10.670084,1.2185533
10.0,3.0,0.0,0.3930525,0.87476265,3.3190074,4.6802926,0.4549502,0.09989503,0.38985837,0.9853834,0.017807763,0.90248054,0.039947663,3.8275084,7.6661716,9.278315,0.0,0.0,0.0,0.0,0.0,0.0,2.2975645,0.0,0.09995727,23.220335,11.057311,5.604941
10.0,4.0,5.780904E-5,0.27611813,0.9805307,5.4945383,5.973312,0.49913457,0.13730046,0.6624952,1.1311003,0.13567305,1.1175925,0.42029014,3.6568077,9.82208,10.72572,0.0,0.0,0.0,0.0,0.0,0.0,2.0817065,0.0,0.0869717,23.07623,10.778841,9.98574
10.0,5.0,1.8033915E-4,0.5725204,2.5342884,12.040806,11.624284,0.60735756,0.18958236,0.79240733,2.1508346,0.2515111,1.9913961,0.35935688,5.1502385,16.71471,13.319426,0.0,0.0,0.0,0.0,0.0,0.0,2.8270571,0.0,0.11530614,33.71227,15.555452,15.775502
10.0,6.0,8.145853E-4,0.7953348,3.5329049,14.46781,17.730999,0.7043514,0.3294354,0.9060236,2.0170448,0.93223536,2.0282977,1.2294911,7.4593353,24.268835,21.736929,0.0,0.0,0.0,0.0,0.0,0.0,3.5209703,0.0,0.14242342,45.048374,20.62972,20.19123
10.0,7.0,9.4144983E-4,0.5723706,4.4636836,19.752197,22.07483,1.0124402,0.24094151,1.2639785,2.3326685,0.86440456,2.0169144,1.3057129,7.058672,25.847837,21.316456,0.0,0.0,0.0,0.0,0.0,0.0,2.7594352,0.0,0.11095672,39.2932,17.756313,17.332743
10.0,8.0,0.0011439746,0.4006227,4.6330643,17.2307,18.384283,0.80182874,0.25148264,0.7120963,1.9030987,0.72864455,1.9403396,1.502893,7.2202587,21.367905,20.6375,0.0,0.0,0.0,0.0,0.0,0.0,2.190774,0.0,0.08687493,33.623314,15.252319,14.849631
10.0,9.0,0.028356602,1.3480628,21.252705,79.206726,75.22587,3.6350813,0.6063634,2.448659,13.244154,1.9883084,13.558478,2.4956245,24.982668,90.80494,40.730865,0.0,0.0,0.0,0.0,0.0,0.0,8.235367,0.0,0.2833418,123.09703,62.72783,61.78043
10.0,10.0,0.0,0.0,0.0,0.0,0.0,0.0,0.0,0.0,0.0,0.0,0.0,0.0,0.0,0.0,0.0,0.0,0.0,0.0,0.0,0.0,0.0,0.0,0.0,0.0,0.0,0.0,0.0
10.0,11.0,0.0,0.0,0.0,0.0,0.0,0.0,0.0,0.0,0.0,0.0,0.0,0.0,0.0,0.0,0.0,0.0,0.0,0.0,0.0,0.0,0.0,0.0,0.0,0.0,0.0,0.0,0.0
10.0,12.0,0.0,0.0,0.0,0.0,0.0,0.0,0.0,0.0,0.0,0.0,0.0,0.0,0.0,0.0,0.0,0.0,0.0,0.0,0.0,0.0,0.0,0.0,0.0,0.0,0.0,0.0,0.0
10.0,13.0,0.0,0.0,0.0,0.0,0.0,0.0,0.0,0.0,0.0,0.0,0.0,0.0,0.0,0.0,0.0,0.0,0.0,0.0,0.0,0.0,0.0,0.0,0.0,0.0,0.0,0.0,0.0
10.0,14.0,0.0,0.0,0.0,0.0,0.0,0.0,0.0,0.0,0.0,0.0,0.0,0.0,0.0,0.0,0.0,0.0,0.0,0.0,0.0,0.0,0.0,0.0,0.0,0.0,0.0,0.0,0.0
10.0,15.0,0.0,0.0,0.0,0.0,0.0,0.0,0.0,0.0,0.0,0.0,0.0,0.0,0.0,0.0,0.0,0.0,0.0,0.0,0.0,0.0,0.0,0.0,0.0,0.0,0.0,0.0,0.0
10.0,16.0,0.0,0.0,0.0,0.0,0.0,0.0,0.0,0.0,0.0,0.0,0.0,0.0,0.0,0.0,0.0,0.0,0.0,0.0,0.0,0.0,0.0,0.0,0.0,0.0,0.0,0.0,0.0
10.0,17.0,0.0,0.0,0.0,0.0,0.0,0.0,0.0,0.0,0.0,0.0,0.0,0.0,0.0,0.0,0.0,0.0,0.0,0.0,0.0,0.0,0.0,0.0,0.0,0.0,0.0,0.0,0.0
10.0,18.0,0.0,0.0,0.0,0.0,0.0,0.0,0.0,0.0,0.0,0.0,0.0,0.0,0.0,0.0,0.0,0.0,0.0,0.0,0.0,0.0,0.0,0.0,0.0,0.0,0.0,0.0,0.0
10.0,19.0,0.0,0.0,0.0,0.0,0.0,0.0,0.0,0.0,0.0,0.0,0.0,0.0,0.0,0.0,0.0,0.0,0.0,0.0,0.0,0.0,0.0,0.0,0.0,0.0,0.0,0.0,0.0
10.0,20.0,0.0,0.0,0.0,0.0,0.0,0.0,0.0,0.0,0.0,0.0,0.0,0.0,0.0,0.0,0.0,0.0,0.0,0.0,0.0,0.0,0.0,0.0,0.0,0.0,0.0,0.0,0.0
10.0,21.0,0.0,0.0,0.0,0.0,0.0,0.0,0.0,0.0,0.0,0.0,0.0,0.0,0.0,0.0,0.0,0.0,0.0,0.0,0.0,0.0,0.0,0.0,0.0,0.0,0.0,0.0,0.0
10.0,22.0,0.0,0.0,0.0,0.0,0.0,0.0,0.0,0.0,0.0,0.0,0.0,0.0,0.0,0.0,0.0,0.0,0.0,0.0,0.0,0.0,0.0,0.0,0.0,0.0,0.0,0.0,0.0
10.0,23.0,0.0,0.0,0.0,0.0,0.0,0.0,0.0,0.0,0.0,0.0,0.0,0.0,0.0,0.0,0.0,0.0,0.0,0.0,0.0,0.0,0.0,0.0,0.0,0.0,0.0,0.0,0.0
10.0,24.0,0.0,0.0,0.0,0.0,0.0,0.0,0.0,0.0,0.0,0.0,0.0,0.0,0.0,0.0,0.0,0.0,0.0,0.0,0.0,0.0,0.0,0.0,0.0,0.0,0.0,0.0,0.0
10.0,25.0,0.0,0.0,0.0,0.0,0.0,0.0,0.0,0.0,0.0,0.0,0.0,0.0,0.0,0.0,0.0,0.0,0.0,0.0,0.0,0.0,0.0,0.0,0.0,0.0,0.0,0.0,0.0
11.0,0.0,0.0,0.0561697,0.1581814,0.44751498,0.011050269,0.014781251,0.008023407,0.0054535586,0.2500663,0.0011937007,0.010980819,0.002254808,0.06587505,0.005053925,0.084737346,0.0,0.0,0.0,0.0,0.0,1.09261265E-7,0.17320137,0.05851635,0.010652787,2.49292,0.09435473,0.0
11.0,1.0,0.0,0.36440787,1.2544479,2.9927542,0.17380777,0.09971907,0.08217415,0.14553936,1.0469702,0.021110727,0.23608659,0.034460396,0.5718564,0.020335536,0.33259562,0.0,0.0,0.0,0.0,0.0,3.4207693E-7,0.6875102,0.04117747,0.025194246,7.167518,1.8022562,0.0
11.0,2.0,0.0,0.24755864,0.79887456,1.6949148,3.113056,0.43302125,0.10196801,0.26485464,1.3384773,0.010204207,0.70292383,0.049228575,2.4564946,2.9779646,5.0680747,0.0,0.0,0.0,0.0,0.0,1.5119579E-12,2.3882098,2.833688E-6,0.10497674,21.163,10.314357,1.3797207
11.0,3.0,0.0,0.53180563,1.4916863,3.3935935,6.543806,1.0682331,0.10688495,0.30923644,1.8180896,0.046987455,1.4320654,0.022511946,4.7260675,6.131732,11.429621,0.0,0.0,0.0,0.0,0.0,0.0,3.2721734,0.0,0.14197487,31.886799,15.504931,8.579091
11.0,4.0,2.1679538E-5,0.3744731,1.8063095,4.8006635,10.547038,0.68481064,0.15601414,0.38944677,1.7629057,0.16656381,2.6178248,0.4625217,4.8340816,7.8945913,11.863907,0.0,0.0,0.0,0.0,0.0,0.0,2.8863544,0.0,0.12273421,30.607918,14.437762,13.217265
11.0,5.0,4.5844298E-4,0.61292815,1.7658445,7.4782248,12.771958,0.9570432,0.18343806,0.34061846,1.9228677,0.29921517,2.4486015,0.6198606,3.8133087,10.910618,13.023813,0.0,0.0,0.0,0.0,0.0,0.0,2.4103854,0.0,0.105158046,28.900349,13.453635,13.903552
11.0,6.0,9.878001E-4,0.7586682,3.6716256,16.227674,21.385214,1.017457,0.2170613,0.5984666,3.2107563,0.7393146,2.1536415,1.0547184,6.0652933,18.364265,17.774235,0.0,0.0,0.0,0.0,0.0,0.0,2.899845,0.0,0.12057779,37.201702,17.6136,17.676706
11.0,7.0,0.0033942135,1.170946,6.3961806,19.455206,27.929253,1.4982451,0.25978827,0.63720304,3.1649146,1.0955523,3.324068,1.8161644,9.348644,23.80042,28.55629,0.0,0.0,0.0,0.0,0.0,0.0,3.262023,0.0,0.13889755,47.03369,21.40942,21.247845
11.0,8.0,4.003987E-4,0.94855094,6.94331,23.491451,30.832045,2.4640965,0.235775,0.86564857,2.464298,1.3848237,2.4837127,2.3620067,8.242326,21.993652,26.304337,0.0,0.0,0.0,0.0,0.0,0.0,2.6916661,0.0,0.10826055,41.1844,19.071882,18.657625
11.0,9.0,6.346733E-4,0.6029058,6.279856,21.151016,26.257038,1.2987554,0.25611663,0.45385802,2.1436856,1.3933921,2.514125,3.1937425,6.596009,20.789293,21.6462,0.0,0.0,0.0,0.0,0.0,0.0,1.9741652,0.0,0.08094918,33.281567,15.402752,15.007056
11.0,10.0,0.0,0.0,0.0,0.0,0.0,0.0,0.0,0.0,0.0,0.0,0.0,0.0,0.0,0.0,0.0,0.0,0.0,0.0,0.0,0.0,0.0,0.0,0.0,0.0,0.0,0.0,0.0
11.0,11.0,0.0,0.0,0.0,0.0,0.0,0.0,0.0,0.0,0.0,0.0,0.0,0.0,0.0,0.0,0.0,0.0,0.0,0.0,0.0,0.0,0.0,0.0,0.0,0.0,0.0,0.0,0.0
11.0,12.0,0.0,0.0,0.0,0.0,0.0,0.0,0.0,0.0,0.0,0.0,0.0,0.0,0.0,0.0,0.0,0.0,0.0,0.0,0.0,0.0,0.0,0.0,0.0,0.0,0.0,0.0,0.0
11.0,13.0,0.0,0.0,0.0,0.0,0.0,0.0,0.0,0.0,0.0,0.0,0.0,0.0,0.0,0.0,0.0,0.0,0.0,0.0,0.0,0.0,0.0,0.0,0.0,0.0,0.0,0.0,0.0
11.0,14.0,0.0,0.0,0.0,0.0,0.0,0.0,0.0,0.0,0.0,0.0,0.0,0.0,0.0,0.0,0.0,0.0,0.0,0.0,0.0,0.0,0.0,0.0,0.0,0.0,0.0,0.0,0.0
11.0,15.0,0.0,0.0,0.0,0.0,0.0,0.0,0.0,0.0,0.0,0.0,0.0,0.0,0.0,0.0,0.0,0.0,0.0,0.0,0.0,0.0,0.0,0.0,0.0,0.0,0.0,0.0,0.0
11.0,16.0,0.0,0.0,0.0,0.0,0.0,0.0,0.0,0.0,0.0,0.0,0.0,0.0,0.0,0.0,0.0,0.0,0.0,0.0,0.0,0.0,0.0,0.0,0.0,0.0,0.0,0.0,0.0
11.0,17.0,0.0,0.0,0.0,0.0,0.0,0.0,0.0,0.0,0.0,0.0,0.0,0.0,0.0,0.0,0.0,0.0,0.0,0.0,0.0,0.0,0.0,0.0,0.0,0.0,0.0,0.0,0.0
11.0,18.0,0.0,0.0,0.0,0.0,0.0,0.0,0.0,0.0,0.0,0.0,0.0,0.0,0.0,0.0,0.0,0.0,0.0,0.0,0.0,0.0,0.0,0.0,0.0,0.0,0.0,0.0,0.0
11.0,19.0,0.0,0.0,0.0,0.0,0.0,0.0,0.0,0.0,0.0,0.0,0.0,0.0,0.0,0.0,0.0,0.0,0.0,0.0,0.0,0.0,0.0,0.0,0.0,0.0,0.0,0.0,0.0
11.0,20.0,0.0,0.0,0.0,0.0,0.0,0.0,0.0,0.0,0.0,0.0,0.0,0.0,0.0,0.0,0.0,0.0,0.0,0.0,0.0,0.0,0.0,0.0,0.0,0.0,0.0,0.0,0.0
11.0,21.0,0.0,0.0,0.0,0.0,0.0,0.0,0.0,0.0,0.0,0.0,0.0,0.0,0.0,0.0,0.0,0.0,0.0,0.0,0.0,0.0,0.0,0.0,0.0,0.0,0.0,0.0,0.0
11.0,22.0,0.0,0.0,0.0,0.0,0.0,0.0,0.0,0.0,0.0,0.0,0.0,0.0,0.0,0.0,0.0,0.0,0.0,0.0,0.0,0.0,0.0,0.0,0.0,0.0,0.0,0.0,0.0
11.0,23.0,0.0,0.0,0.0,0.0,0.0,0.0,0.0,0.0,0.0,0.0,0.0,0.0,0.0,0.0,0.0,0.0,0.0,0.0,0.0,0.0,0.0,0.0,0.0,0.0,0.0,0.0,0.0
11.0,24.0,0.0,0.0,0.0,0.0,0.0,0.0,0.0,0.0,0.0,0.0,0.0,0.0,0.0,0.0,0.0,0.0,0.0,0.0,0.0,0.0,0.0,0.0,0.0,0.0,0.0,0.0,0.0
11.0,25.0,0.0,0.0,0.0,0.0,0.0,0.0,0.0,0.0,0.0,0.0,0.0,0.0,0.0,0.0,0.0,0.0,0.0,0.0,0.0,0.0,0.0,0.0,0.0,0.0,0.0,0.0,0.0
12.0,0.0,0.0,0.039779913,0.11722962,0.25688785,0.018555153,0.012562083,0.0013960126,0.00549711,0.3015157,1.2924166E-4,0.027090563,0.0026106392,0.026814343,0.008673124,0.046111073,0.0,0.0,0.0,0.0,0.0,7.068003E-8,0.11847084,0.049977046,0.009524265,2.0976114,0.07529651,0.0
12.0,1.0,0.0,0.11310777,0.57758236,1.2975129,0.06090302,0.060808636,0.016797543,0.070019685,0.7005552,0.0015492839,0.16341765,0.007162737,0.16190684,0.07314786,0.13538328,0.0,0.0,0.0,0.0,0.0,2.4961194E-8,0.31658345,0.011156366,0.012745622,3.272485,0.9820124,0.0
12.0,2.0,0.0,0.09530283,0.49974236,1.1328181,2.300074,0.25310737,0.04695631,0.21543111,1.2534579,0.0027714546,0.404152,0.045335915,1.3458962,2.8036997,2.3764825,0.0,0.0,0.0,0.0,0.0,0.0,1.3572155,0.0,0.060991965,12.098943,6.199632,0.6914913
12.0,3.0,0.0,0.29865816,0.7250605,3.076838,6.175006,0.92226154,0.10855288,0.46618453,2.3387504,0.009255216,1.5490602,0.052887402,5.1346574,8.439347,7.506509,0.0,0.0,0.0,0.0,0.0,0.0,2.977809,0.0,0.12161818,28.040691,13.911383,7.4350386
12.0,4.0,0.0,0.4302626,2.6404028,5.543104,12.748116,1.2523714,0.24134953,0.9474156,2.625126,0.037969593,2.5554912,0.17514385,8.516417,15.08115,13.150109,0.0,0.0,0.0,0.0,0.0,0.0,3.486456,0.0,0.14777924,39.04291,18.367138,16.627234
12.0,5.0,5.2449916E-5,0.36881402,2.367702,10.319047,17.245335,1.171817,0.24299158,0.9474367,2.0282218,0.2880512,2.1754992,0.5110943,8.073531,15.804408,14.177754,0.0,0.0,0.0,0.0,0.0,0.0,3.0380986,0.0,0.12245249,35.112167,16.353935,16.49606
12.0,6.0,2.1370439E-4,0.3860568,2.1451995,10.818308,17.451187,1.4654341,0.23896095,0.83625376,2.7446575,0.15871604,2.849839,0.93204486,7.2669454,18.221056,13.354939,0.0,0.0,0.0,0.0,0.0,0.0,2.5322099,0.0,0.10349193,32.950905,15.177691,14.990418
12.0,7.0,1.0180602E-4,0.4742052,5.0086884,18.78953,29.281113,1.1362654,0.29522106,1.1797855,3.587179,1.0622545,3.2501407,1.8730707,7.7960057,23.188477,16.86071,0.0,0.0,0.0,0.0,0.0,0.0,3.130617,0.0,0.12460523,42.77124,19.9936,19.719612
12.0,8.0,3.625042E-4,0.8919859,7.3480906,23.766895,35.78532,1.2005773,0.44476447,1.106524,3.8058531,1.6643058,3.617492,2.5366197,10.708094,32.297886,24.194355,0.0,0.0,0.0,0.0,0.0,0.0,3.531079,0.0,0.13522148,51.76171,24.024973,23.443089
12.0,9.0,5.872427E-4,0.8682781,8.418025,24.104511,35.29751,1.4081507,0.40826005,1.104898,2.5061052,2.1420703,3.8442867,2.8410158,7.686996,29.962914,23.886862,0.0,0.0,0.0,0.0,0.0,0.0,2.8342037,0.0,0.1084215,45.851635,21.11799,20.490654
12.0,10.0,0.0,0.0,0.0,0.0,0.0,0.0,0.0,0.0,0.0,0.0,0.0,0.0,0.0,0.0,0.0,0.0,0.0,0.0,0.0,0.0,0.0,0.0,0.0,0.0,0.0,0.0,0.0
12.0,11.0,0.0,0.0,0.0,0.0,0.0,0.0,0.0,0.0,0.0,0.0,0.0,0.0,0.0,0.0,0.0,0.0,0.0,0.0,0.0,0.0,0.0,0.0,0.0,0.0,0.0,0.0,0.0
12.0,12.0,0.0,0.0,0.0,0.0,0.0,0.0,0.0,0.0,0.0,0.0,0.0,0.0,0.0,0.0,0.0,0.0,0.0,0.0,0.0,0.0,0.0,0.0,0.0,0.0,0.0,0.0,0.0
12.0,13.0,0.0,0.0,0.0,0.0,0.0,0.0,0.0,0.0,0.0,0.0,0.0,0.0,0.0,0.0,0.0,0.0,0.0,0.0,0.0,0.0,0.0,0.0,0.0,0.0,0.0,0.0,0.0
12.0,14.0,0.0,0.0,0.0,0.0,0.0,0.0,0.0,0.0,0.0,0.0,0.0,0.0,0.0,0.0,0.0,0.0,0.0,0.0,0.0,0.0,0.0,0.0,0.0,0.0,0.0,0.0,0.0
12.0,15.0,0.0,0.0,0.0,0.0,0.0,0.0,0.0,0.0,0.0,0.0,0.0,0.0,0.0,0.0,0.0,0.0,0.0,0.0,0.0,0.0,0.0,0.0,0.0,0.0,0.0,0.0,0.0
12.0,16.0,0.0,0.0,0.0,0.0,0.0,0.0,0.0,0.0,0.0,0.0,0.0,0.0,0.0,0.0,0.0,0.0,0.0,0.0,0.0,0.0,0.0,0.0,0.0,0.0,0.0,0.0,0.0
12.0,17.0,0.0,0.0,0.0,0.0,0.0,0.0,0.0,0.0,0.0,0.0,0.0,0.0,0.0,0.0,0.0,0.0,0.0,0.0,0.0,0.0,0.0,0.0,0.0,0.0,0.0,0.0,0.0
12.0,18.0,0.0,0.0,0.0,0.0,0.0,0.0,0.0,0.0,0.0,0.0,0.0,0.0,0.0,0.0,0.0,0.0,0.0,0.0,0.0,0.0,0.0,0.0,0.0,0.0,0.0,0.0,0.0
12.0,19.0,0.0,0.0,0.0,0.0,0.0,0.0,0.0,0.0,0.0,0.0,0.0,0.0,0.0,0.0,0.0,0.0,0.0,0.0,0.0,0.0,0.0,0.0,0.0,0.0,0.0,0.0,0.0
12.0,20.0,0.0,0.0,0.0,0.0,0.0,0.0,0.0,0.0,0.0,0.0,0.0,0.0,0.0,0.0,0.0,0.0,0.0,0.0,0.0,0.0,0.0,0.0,0.0,0.0,0.0,0.0,0.0
12.0,21.0,0.0,0.0,0.0,0.0,0.0,0.0,0.0,0.0,0.0,0.0,0.0,0.0,0.0,0.0,0.0,0.0,0.0,0.0,0.0,0.0,0.0,0.0,0.0,0.0,0.0,0.0,0.0
12.0,22.0,0.0,0.0,0.0,0.0,0.0,0.0,0.0,0.0,0.0,0.0,0.0,0.0,0.0,0.0,0.0,0.0,0.0,0.0,0.0,0.0,0.0,0.0,0.0,0.0,0.0,0.0,0.0
12.0,23.0,0.0,0.0,0.0,0.0,0.0,0.0,0.0,0.0,0.0,0.0,0.0,0.0,0.0,0.0,0.0,0.0,0.0,0.0,0.0,0.0,0.0,0.0,0.0,0.0,0.0,0.0,0.0
12.0,24.0,0.0,0.0,0.0,0.0,0.0,0.0,0.0,0.0,0.0,0.0,0.0,0.0,0.0,0.0,0.0,0.0,0.0,0.0,0.0,0.0,0.0,0.0,0.0,0.0,0.0,0.0,0.0
12.0,25.0,0.0,0.0,0.0,0.0,0.0,0.0,0.0,0.0,0.0,0.0,0.0,0.0,0.0,0.0,0.0,0.0,0.0,0.0,0.0,0.0,0.0,0.0,0.0,0.0,0.0,0.0,0.0
13.0,0.0,0.0,0.06704084,0.15533265,0.25681645,0.04438973,0.009783442,0.0014607279,0.006929973,0.16660865,6.1244593E-4,0.011682578,6.8526674E-4,0.022953475,0.009142214,0.041320942,0.0,0.0,0.0,0.0,0.0,1.998727E-8,0.14123705,0.044415288,0.00963564,2.225995,0.074265696,0.0
13.0,1.0,0.0,0.15456963,0.4791871,0.9235042,0.11023623,0.027180318,0.0039489027,0.041408796,0.273342,0.00834819,0.2273585,0.0026907958,0.23862833,0.023863377,0.07950686,0.0,0.0,0.0,0.0,0.0,1.8521545E-8,0.24814697,0.008574783,0.012088673,2.725331,0.78206307,0.0
13.0,2.0,0.0,0.044559713,0.17076008,0.5059167,1.1571163,0.13765691,0.016618462,0.06868032,0.35912168,0.004578252,0.15982632,0.0048601925,0.6763201,1.2068552,1.2238605,0.0,0.0,0.0,0.0,0.0,0.0,0.6177737,0.0,0.027303124,5.3941665,2.9227152,0.39066458
13.0,3.0,0.0,0.102481455,0.57001543,2.6524594,4.8957653,0.28704423,0.06612461,0.21403106,1.2170873,0.0041962177,0.59751123,0.082406886,2.2855682,4.881283,4.9443645,0.0,0.0,0.0,0.0,0.0,0.0,1.6640633,0.0,0.0726786,16.267467,8.394745,4.678997
13.0,4.0,0.0,0.35926253,1.6438711,6.1375937,11.808265,0.8707021,0.15723345,0.46443632,1.7819372,0.014578339,1.1968052,0.35037974,5.662227,13.647421,13.076498,0.0,0.0,0.0,0.0,0.0,0.0,3.3565295,0.0,0.1410452,35.122574,17.979166,16.358582
13.0,5.0,4.1412565E-4,0.52520114,3.7722642,9.907855,19.515015,1.1227777,0.24182329,0.98960155,2.7499537,0.036975976,3.1963513,1.3149229,10.119769,21.717474,22.769276,0.0,0.0,0.0,0.0,0.0,0.0,3.9462798,0.0,0.16505484,46.53331,22.04201,22.111538
13.0,6.0,4.2248156E-4,0.6415268,3.6404452,16.117567,22.086893,1.04164,0.2516411,1.0595046,1.7016788,0.10384824,3.1411405,1.0605923,10.346972,23.954834,20.416008,0.0,0.0,0.0,0.0,0.0,0.0,3.07171,0.0,0.1302772,39.71878,18.187443,17.884686
13.0,7.0,0.0013222038,0.37295005,3.2207778,13.526098,26.222345,0.891277,0.15719526,0.6426121,1.9401288,0.28514764,2.5518925,1.2089219,7.348734,24.582306,18.98051,0.0,0.0,0.0,0.0,0.0,0.0,2.5909688,0.0,0.10471657,35.119198,16.40803,16.054659
13.0,8.0,0.0019534575,0.75758076,6.180237,18.97353,36.233982,1.1193123,0.24448954,0.8456147,2.3873966,0.9737032,3.9631987,2.4227948,9.101027,34.106747,24.237,0.0,0.0,0.0,0.0,0.0,0.0,2.9469402,0.0,0.11363863,43.067398,20.245348,19.770872
13.0,9.0,0.0035465653,0.53299373,9.163665,23.567614,41.117805,0.76374257,0.33910567,0.9308782,3.2132912,1.2768348,4.0193396,2.538369,10.340194,42.974445,35.99216,0.0,0.0,0.0,0.0,0.0,0.0,3.4317274,0.0,0.12592296,51.22161,24.506,23.756504
13.0,10.0,0.0,0.0,0.0,0.0,0.0,0.0,0.0,0.0,0.0,0.0,0.0,0.0,0.0,0.0,0.0,0.0,0.0,0.0,0.0,0.0,0.0,0.0,0.0,0.0,0.0,0.0,0.0
13.0,11.0,0.0,0.0,0.0,0.0,0.0,0.0,0.0,0.0,0.0,0.0,0.0,0.0,0.0,0.0,0.0,0.0,0.0,0.0,0.0,0.0,0.0,0.0,0.0,0.0,0.0,0.0,0.0
13.0,12.0,0.0,0.0,0.0,0.0,0.0,0.0,0.0,0.0,0.0,0.0,0.0,0.0,0.0,0.0,0.0,0.0,0.0,0.0,0.0,0.0,0.0,0.0,0.0,0.0,0.0,0.0,0.0
13.0,13.0,0.0,0.0,0.0,0.0,0.0,0.0,0.0,0.0,0.0,0.0,0.0,0.0,0.0,0.0,0.0,0.0,0.0,0.0,0.0,0.0,0.0,0.0,0.0,0.0,0.0,0.0,0.0
13.0,14.0,0.0,0.0,0.0,0.0,0.0,0.0,0.0,0.0,0.0,0.0,0.0,0.0,0.0,0.0,0.0,0.0,0.0,0.0,0.0,0.0,0.0,0.0,0.0,0.0,0.0,0.0,0.0
13.0,15.0,0.0,0.0,0.0,0.0,0.0,0.0,0.0,0.0,0.0,0.0,0.0,0.0,0.0,0.0,0.0,0.0,0.0,0.0,0.0,0.0,0.0,0.0,0.0,0.0,0.0,0.0,0.0
13.0,16.0,0.0,0.0,0.0,0.0,0.0,0.0,0.0,0.0,0.0,0.0,0.0,0.0,0.0,0.0,0.0,0.0,0.0,0.0,0.0,0.0,0.0,0.0,0.0,0.0,0.0,0.0,0.0
13.0,17.0,0.0,0.0,0.0,0.0,0.0,0.0,0.0,0.0,0.0,0.0,0.0,0.0,0.0,0.0,0.0,0.0,0.0,0.0,0.0,0.0,0.0,0.0,0.0,0.0,0.0,0.0,0.0
13.0,18.0,0.0,0.0,0.0,0.0,0.0,0.0,0.0,0.0,0.0,0.0,0.0,0.0,0.0,0.0,0.0,0.0,0.0,0.0,0.0,0.0,0.0,0.0,0.0,0.0,0.0,0.0,0.0
13.0,19.0,0.0,0.0,0.0,0.0,0.0,0.0,0.0,0.0,0.0,0.0,0.0,0.0,0.0,0.0,0.0,0.0,0.0,0.0,0.0,0.0,0.0,0.0,0.0,0.0,0.0,0.0,0.0
13.0,20.0,0.0,0.0,0.0,0.0,0.0,0.0,0.0,0.0,0.0,0.0,0.0,0.0,0.0,0.0,0.0,0.0,0.0,0.0,0.0,0.0,0.0,0.0,0.0,0.0,0.0,0.0,0.0
13.0,21.0,0.0,0.0,0.0,0.0,0.0,0.0,0.0,0.0,0.0,0.0,0.0,0.0,0.0,0.0,0.0,0.0,0.0,0.0,0.0,0.0,0.0,0.0,0.0,0.0,0.0,0.0,0.0
13.0,22.0,0.0,0.0,0.0,0.0,0.0,0.0,0.0,0.0,0.0,0.0,0.0,0.0,0.0,0.0,0.0,0.0,0.0,0.0,0.0,0.0,0.0,0.0,0.0,0.0,0.0,0.0,0.0
13.0,23.0,0.0,0.0,0.0,0.0,0.0,0.0,0.0,0.0,0.0,0.0,0.0,0.0,0.0,0.0,0.0,0.0,0.0,0.0,0.0,0.0,0.0,0.0,0.0,0.0,0.0,0.0,0.0
13.0,24.0,0.0,0.0,0.0,0.0,0.0,0.0,0.0,0.0,0.0,0.0,0.0,0.0,0.0,0.0,0.0,0.0,0.0,0.0,0.0,0.0,0.0,0.0,0.0,0.0,0.0,0.0,0.0
13.0,25.0,0.0,0.0,0.0,0.0,0.0,0.0,0.0,0.0,0.0,0.0,0.0,0.0,0.0,0.0,0.0,0.0,0.0,0.0,0.0,0.0,0.0,0.0,0.0,0.0,0.0,0.0,0.0
14.0,0.0,0.0,0.069077685,0.21560617,0.22966638,0.02548749,0.010697265,0.0019610084,0.007680926,0.21573576,0.0013008656,0.009984893,9.303355E-6,0.02167357,0.0037762518,0.05199061,0.0,0.0,0.0,0.0,0.0,4.1971848E-8,0.1360677,0.041817915,0.0081051495,2.246385,0.08536726,0.0
14.0,1.0,0.0,0.2446911,0.9420576,1.0677824,0.15233141,0.08138296,0.026264282,0.11576293,0.43948326,0.007322076,0.28042674,2.2812364E-5,0.11589661,0.029957332,0.1457308,0.0,0.0,0.0,0.0,0.0,1.9749018E-8,0.30000344,0.026234528,0.010469525,3.5208495,0.96622247,0.0
14.0,2.0,0.0,0.07732852,0.20778117,0.54848063,0.96443105,0.10650065,0.018746274,0.049211044,0.2345634,0.010770133,0.13969827,0.00288282,0.644151,0.9061327,1.251838,0.0,0.0,0.0,0.0,0.0,0.0,0.54434204,0.0,0.02173228,4.5581746,2.1752527,0.24911048
14.0,3.0,0.0,0.059696674,0.2976486,1.1250006,2.300449,0.16133787,0.023430137,0.11845375,0.5938401,0.007079332,0.30777255,0.01342803,1.0379157,2.3976893,1.8556937,0.0,0.0,0.0,0.0,0.0,0.0,0.83250695,0.0,0.031951807,7.3201585,3.7617753,2.1763284
14.0,4.0,1.924523E-6,0.18349454,1.0549256,4.388019,7.5681915,0.48877892,0.05334984,0.39260894,1.8469898,0.0055888174,0.93527293,0.21471506,3.7380812,9.230648,6.2603726,0.0,0.0,0.0,0.0,0.0,0.0,2.0122705,0.0,0.078212015,20.198929,9.928964,9.22634
14.0,5.0,2.0717763E-4,0.4871657,1.565101,11.412115,19.89269,1.1527534,0.14677052,0.69485927,2.8752124,0.080241606,1.876782,1.0360415,8.240555,18.953281,18.557837,0.0,0.0,0.0,0.0,0.0,0.0,3.7588153,0.0,0.14276147,41.074547,20.285572,20.377329
14.0,6.0,3.350698E-4,0.9770202,5.347587,24.967672,27.238049,1.8832217,0.24031828,1.0396851,2.790642,0.15264672,3.510956,1.3875506,11.215594,25.150383,29.000732,0.0,0.0,0.0,0.0,0.0,0.0,4.157071,0.0,0.16013527,52.371273,23.948471,23.702469
14.0,7.0,1.7910342E-4,0.6699115,4.7430286,22.214905,28.777168,1.6247061,0.2817415,1.0786316,2.362969,0.06660747,2.9255943,1.2880121,11.719081,25.68765,25.16665,0.0,0.0,0.0,0.0,0.0,0.0,3.252772,0.0,0.12393018,45.39865,20.367777,19.80848
14.0,8.0,3.23407E-4,0.47041565,5.590106,20.455473,28.413734,1.0835321,0.18549624,0.50345516,1.8358976,0.26377314,1.967318,1.7980424,7.687829,23.928247,24.191156,0.0,0.0,0.0,0.0,0.0,0.0,2.5997186,0.0,0.099840276,38.807793,17.895407,17.311487
14.0,9.0,1.8133158E-4,0.84043396,7.699895,27.988285,37.617123,1.1522684,0.24293286,0.8021723,3.799886,0.43031892,2.877014,2.104715,11.506876,30.745787,25.279144,0.0,0.0,0.0,0.0,0.0,0.0,3.0567043,0.0,0.11255345,48.613567,22.980883,22.273348
14.0,10.0,0.0,0.0,0.0,0.0,0.0,0.0,0.0,0.0,0.0,0.0,0.0,0.0,0.0,0.0,0.0,0.0,0.0,0.0,0.0,0.0,0.0,0.0,0.0,0.0,0.0,0.0,0.0
14.0,11.0,0.0,0.0,0.0,0.0,0.0,0.0,0.0,0.0,0.0,0.0,0.0,0.0,0.0,0.0,0.0,0.0,0.0,0.0,0.0,0.0,0.0,0.0,0.0,0.0,0.0,0.0,0.0
14.0,12.0,0.0,0.0,0.0,0.0,0.0,0.0,0.0,0.0,0.0,0.0,0.0,0.0,0.0,0.0,0.0,0.0,0.0,0.0,0.0,0.0,0.0,0.0,0.0,0.0,0.0,0.0,0.0
14.0,13.0,0.0,0.0,0.0,0.0,0.0,0.0,0.0,0.0,0.0,0.0,0.0,0.0,0.0,0.0,0.0,0.0,0.0,0.0,0.0,0.0,0.0,0.0,0.0,0.0,0.0,0.0,0.0
14.0,14.0,0.0,0.0,0.0,0.0,0.0,0.0,0.0,0.0,0.0,0.0,0.0,0.0,0.0,0.0,0.0,0.0,0.0,0.0,0.0,0.0,0.0,0.0,0.0,0.0,0.0,0.0,0.0
14.0,15.0,0.0,0.0,0.0,0.0,0.0,0.0,0.0,0.0,0.0,0.0,0.0,0.0,0.0,0.0,0.0,0.0,0.0,0.0,0.0,0.0,0.0,0.0,0.0,0.0,0.0,0.0,0.0
14.0,16.0,0.0,0.0,0.0,0.0,0.0,0.0,0.0,0.0,0.0,0.0,0.0,0.0,0.0,0.0,0.0,0.0,0.0,0.0,0.0,0.0,0.0,0.0,0.0,0.0,0.0,0.0,0.0
14.0,17.0,0.0,0.0,0.0,0.0,0.0,0.0,0.0,0.0,0.0,0.0,0.0,0.0,0.0,0.0,0.0,0.0,0.0,0.0,0.0,0.0,0.0,0.0,0.0,0.0,0.0,0.0,0.0
14.0,18.0,0.0,0.0,0.0,0.0,0.0,0.0,0.0,0.0,0.0,0.0,0.0,0.0,0.0,0.0,0.0,0.0,0.0,0.0,0.0,0.0,0.0,0.0,0.0,0.0,0.0,0.0,0.0
14.0,19.0,0.0,0.0,0.0,0.0,0.0,0.0,0.0,0.0,0.0,0.0,0.0,0.0,0.0,0.0,0.0,0.0,0.0,0.0,0.0,0.0,0.0,0.0,0.0,0.0,0.0,0.0,0.0
14.0,20.0,0.0,0.0,0.0,0.0,0.0,0.0,0.0,0.0,0.0,0.0,0.0,0.0,0.0,0.0,0.0,0.0,0.0,0.0,0.0,0.0,0.0,0.0,0.0,0.0,0.0,0.0,0.0
14.0,21.0,0.0,0.0,0.0,0.0,0.0,0.0,0.0,0.0,0.0,0.0,0.0,0.0,0.0,0.0,0.0,0.0,0.0,0.0,0.0,0.0,0.0,0.0,0.0,0.0,0.0,0.0,0.0
14.0,22.0,0.0,0.0,0.0,0.0,0.0,0.0,0.0,0.0,0.0,0.0,0.0,0.0,0.0,0.0,0.0,0.0,0.0,0.0,0.0,0.0,0.0,0.0,0.0,0.0,0.0,0.0,0.0
14.0,23.0,0.0,0.0,0.0,0.0,0.0,0.0,0.0,0.0,0.0,0.0,0.0,0.0,0.0,0.0,0.0,0.0,0.0,0.0,0.0,0.0,0.0,0.0,0.0,0.0,0.0,0.0,0.0
14.0,24.0,0.0,0.0,0.0,0.0,0.0,0.0,0.0,0.0,0.0,0.0,0.0,0.0,0.0,0.0,0.0,0.0,0.0,0.0,0.0,0.0,0.0,0.0,0.0,0.0,0.0,0.0,0.0
14.0,25.0,0.0,0.0,0.0,0.0,0.0,0.0,0.0,0.0,0.0,0.0,0.0,0.0,0.0,0.0,0.0,0.0,0.0,0.0,0.0,0.0,0.0,0.0,0.0,0.0,0.0,0.0,0.0
15.0,0.0,0.0,0.03351726,0.19652016,0.31507686,0.036352087,0.014966576,0.0061186273,0.008752255,0.22870956,0.0012919926,0.01178288,0.0012071658,0.038034942,0.0019023786,0.06567585,0.0,0.0,0.0,0.0,0.0,7.392177E-7,0.14668742,0.059273187,0.009982562,2.225572,0.08908973,0.0
15.0,1.0,0.0,0.107071884,0.8095156,1.1485176,0.13779026,0.032451257,0.03424183,0.08532043,0.49733594,0.024497366,0.14539322,0.00220133,0.11055505,0.008661496,0.15775461,0.0,0.0,0.0,0.0,0.0,6.891131E-7,0.34001678,0.029386325,0.0132855,3.5258398,0.981085,0.0
15.0,2.0,0.0,0.15464145,0.23514965,0.40776032,1.1965678,0.17037354,0.02729128,0.061614044,0.31675526,0.006032707,0.17001924,0.007890541,0.9453213,0.77215004,1.7133175,0.0,0.0,0.0,0.0,0.0,0.0,0.7325773,0.0,0.035061136,6.225623,2.9975917,0.34319472
15.0,3.0,0.0,0.077418976,0.25220603,0.6408729,1.5373439,0.29248655,0.03618396,0.092929475,0.4385381,0.005503094,0.27012658,0.022727108,1.5493255,1.1122897,2.6705458,0.0,0.0,0.0,0.0,0.0,0.0,0.66611505,0.0,0.027169917,6.3628693,3.0862632,1.5974277
15.0,4.0,7.515153E-10,0.1743158,0.5559424,1.4657488,3.0993614,0.39298344,0.033411484,0.16865477,0.69776845,0.0026291609,0.5385034,0.06001035,1.6126665,3.8745625,3.5929503,0.0,0.0,0.0,0.0,0.0,0.0,0.8689831,0.0,0.035008296,9.178932,4.3637843,3.9847727
15.0,5.0,4.1308816E-5,0.59714717,1.0594517,4.869506,10.4479885,1.0772156,0.110896364,0.37436935,1.6082721,0.011004991,1.407549,0.36451462,5.0852017,12.046681,10.616742,0.0,0.0,0.0,0.0,0.0,0.0,2.1684444,0.0,0.086682044,25.035467,12.083191,12.211219
15.0,6.0,9.203723E-5,0.97587603,3.0250921,12.59168,22.686243,1.177423,0.27976513,0.7918679,2.7460778,0.08832481,2.9186144,1.3701364,9.570564,28.353064,25.297617,0.0,0.0,0.0,0.0,0.0,0.0,3.9705162,0.0,0.15352763,48.662975,23.213377,22.808342
15.0,7.0,0.0014328501,0.799081,6.907672,19.211952,32.56701,3.5141985,0.36729756,1.1291423,3.5064902,0.34241614,3.6189523,4.3312902,14.69195,31.964725,34.998215,0.0,0.0,0.0,0.0,0.0,0.0,4.4309154,0.0,0.1726175,61.306194,27.547419,26.860085
15.0,8.0,7.387003E-4,0.751348,6.551457,22.356247,30.788746,2.0090048,0.26765078,1.8297856,2.5245206,0.33823735,4.5636387,2.8736582,13.501778,29.577621,31.760752,0.0,0.0,0.0,0.0,0.0,0.0,3.215798,0.0,0.12266187,47.63639,21.75082,21.09392
15.0,9.0,5.739777E-4,0.95970345,5.1203575,22.014427,29.299286,1.4014657,0.388228,0.8121008,2.5560558,0.49496526,3.0229993,2.3751845,9.99314,25.845835,28.847212,0.0,0.0,0.0,0.0,0.0,0.0,2.465776,0.0,0.09086704,40.05855,18.102484,17.546211
15.0,10.0,0.0,0.0,0.0,0.0,0.0,0.0,0.0,0.0,0.0,0.0,0.0,0.0,0.0,0.0,0.0,0.0,0.0,0.0,0.0,0.0,0.0,0.0,0.0,0.0,0.0,0.0,0.0
15.0,11.0,0.0,0.0,0.0,0.0,0.0,0.0,0.0,0.0,0.0,0.0,0.0,0.0,0.0,0.0,0.0,0.0,0.0,0.0,0.0,0.0,0.0,0.0,0.0,0.0,0.0,0.0,0.0
15.0,12.0,0.0,0.0,0.0,0.0,0.0,0.0,0.0,0.0,0.0,0.0,0.0,0.0,0.0,0.0,0.0,0.0,0.0,0.0,0.0,0.0,0.0,0.0,0.0,0.0,0.0,0.0,0.0
15.0,13.0,0.0,0.0,0.0,0.0,0.0,0.0,0.0,0.0,0.0,0.0,0.0,0.0,0.0,0.0,0.0,0.0,0.0,0.0,0.0,0.0,0.0,0.0,0.0,0.0,0.0,0.0,0.0
15.0,14.0,0.0,0.0,0.0,0.0,0.0,0.0,0.0,0.0,0.0,0.0,0.0,0.0,0.0,0.0,0.0,0.0,0.0,0.0,0.0,0.0,0.0,0.0,0.0,0.0,0.0,0.0,0.0
15.0,15.0,0.0,0.0,0.0,0.0,0.0,0.0,0.0,0.0,0.0,0.0,0.0,0.0,0.0,0.0,0.0,0.0,0.0,0.0,0.0,0.0,0.0,0.0,0.0,0.0,0.0,0.0,0.0
15.0,16.0,0.0,0.0,0.0,0.0,0.0,0.0,0.0,0.0,0.0,0.0,0.0,0.0,0.0,0.0,0.0,0.0,0.0,0.0,0.0,0.0,0.0,0.0,0.0,0.0,0.0,0.0,0.0
15.0,17.0,0.0,0.0,0.0,0.0,0.0,0.0,0.0,0.0,0.0,0.0,0.0,0.0,0.0,0.0,0.0,0.0,0.0,0.0,0.0,0.0,0.0,0.0,0.0,0.0,0.0,0.0,0.0
15.0,18.0,0.0,0.0,0.0,0.0,0.0,0.0,0.0,0.0,0.0,0.0,0.0,0.0,0.0,0.0,0.0,0.0,0.0,0.0,0.0,0.0,0.0,0.0,0.0,0.0,0.0,0.0,0.0
15.0,19.0,0.0,0.0,0.0,0.0,0.0,0.0,0.0,0.0,0.0,0.0,0.0,0.0,0.0,0.0,0.0,0.0,0.0,0.0,0.0,0.0,0.0,0.0,0.0,0.0,0.0,0.0,0.0
15.0,20.0,0.0,0.0,0.0,0.0,0.0,0.0,0.0,0.0,0.0,0.0,0.0,0.0,0.0,0.0,0.0,0.0,0.0,0.0,0.0,0.0,0.0,0.0,0.0,0.0,0.0,0.0,0.0
15.0,21.0,0.0,0.0,0.0,0.0,0.0,0.0,0.0,0.0,0.0,0.0,0.0,0.0,0.0,0.0,0.0,0.0,0.0,0.0,0.0,0.0,0.0,0.0,0.0,0.0,0.0,0.0,0.0
15.0,22.0,0.0,0.0,0.0,0.0,0.0,0.0,0.0,0.0,0.0,0.0,0.0,0.0,0.0,0.0,0.0,0.0,0.0,0.0,0.0,0.0,0.0,0.0,0.0,0.0,0.0,0.0,0.0
15.0,23.0,0.0,0.0,0.0,0.0,0.0,0.0,0.0,0.0,0.0,0.0,0.0,0.0,0.0,0.0,0.0,0.0,0.0,0.0,0.0,0.0,0.0,0.0,0.0,0.0,0.0,0.0,0.0
15.0,24.0,0.0,0.0,0.0,0.0,0.0,0.0,0.0,0.0,0.0,0.0,0.0,0.0,0.0,0.0,0.0,0.0,0.0,0.0,0.0,0.0,0.0,0.0,0.0,0.0,0.0,0.0,0.0
15.0,25.0,0.0,0.0,0.0,0.0,0.0,0.0,0.0,0.0,0.0,0.0,0.0,0.0,0.0,0.0,0.0,0.0,0.0,0.0,0.0,0.0,0.0,0.0,0.0,0.0,0.0,0.0,0.0
16.0,0.0,0.0,0.032568436,0.17375672,0.14729157,0.024222096,0.0033925343,0.0028465758,0.008911307,0.21863905,4.6490203E-4,0.005990159,4.501749E-4,0.024476724,0.017529022,0.04387649,0.0,0.0,0.0,0.0,0.0,2.505147E-8,0.107366025,0.038775824,0.008456961,2.1839812,0.0398999,0.0
16.0,1.0,0.0,0.08290864,0.7882385,0.82298476,0.06779976,0.029858503,0.0338521,0.050160468,0.41499725,0.0039304285,0.12472355,5.902193E-4,0.113187425,0.05787868,0.136783,0.0,0.0,0.0,0.0,0.0,1.745526E-8,0.22733882,0.01089185,0.008020604,2.5767767,0.630457,0.0
16.0,2.0,0.0,0.064129695,0.19017862,0.49618173,1.0600923,0.07798424,0.040486794,0.08340168,0.5232388,0.002507571,0.17437746,0.0056840847,0.64284724,1.9038283,1.2237123,0.0,0.0,0.0,0.0,0.0,0.0,0.63266706,0.0,0.02458377,5.371683,2.520793,0.28965047
16.0,3.0,0.0,0.10514368,0.32020506,0.7920255,2.1044016,0.17457347,0.053151865,0.11148129,0.61354613,0.011518519,0.37472382,0.016334288,1.1034292,3.756933,2.9039197,0.0,0.0,0.0,0.0,0.0,0.0,0.81654674,0.0,0.032588128,8.026947,3.779743,1.9866979
16.0,4.0,4.199234E-6,0.15021235,0.36457843,1.2112322,2.1205063,0.1596585,0.057461817,0.16885252,0.51253897,0.004340906,0.45623863,0.07849382,1.5313232,4.5364137,3.51645,0.0,0.0,0.0,0.0,0.0,0.0,0.719391,0.0,0.027901035,7.7906256,3.5348675,3.1332018
16.0,5.0,4.6557743E-6,0.20912683,0.6681329,2.4661734,4.253025,0.18666509,0.06617502,0.18770976,1.2338386,0.01531039,0.6384526,0.24028789,1.4537121,6.790858,4.0885763,0.0,0.0,0.0,0.0,0.0,0.0,0.99082714,0.0,0.037501525,11.228625,5.3725944,5.3335967
16.0,6.0,1.2996444E-4,0.46066222,1.5340042,9.054932,12.929582,0.4700809,0.20926067,0.50903785,3.02066,0.009906024,1.7648253,0.7451522,4.134819,20.571066,10.336925,0.0,0.0,0.0,0.0,0.0,0.0,2.3559735,0.0,0.08856723,29.042854,13.588822,13.31922
16.0,7.0,5.8565463E-4,0.9539313,3.571409,19.626705,28.609125,0.6148964,0.45802918,0.99111116,4.601113,0.7506988,3.9903722,2.4684532,8.494703,36.73011,28.315552,0.0,0.0,0.0,0.0,0.0,0.0,4.0370436,0.0,0.14162081,52.791702,24.741894,24.170328
16.0,8.0,6.553897E-4,1.3787539,5.6829524,27.474485,35.57625,1.6790801,0.50731194,1.3275193,5.311476,0.43519375,5.8009768,3.1256945,11.523315,46.163326,40.389194,0.0,0.0,0.0,0.0,0.0,0.0,4.370279,0.0,0.15955652,65.18721,29.02726,28.082994
16.0,9.0,1.3104503E-4,1.0922498,6.7718544,29.11614,30.710333,0.883275,0.5609908,1.4132731,3.5488498,0.77173346,4.5712323,4.035198,11.242336,40.55838,33.317623,0.0,0.0,0.0,0.0,0.0,0.0,2.9307644,0.0,0.10671704,51.212524,22.007187,21.158722
16.0,10.0,0.0,0.0,0.0,0.0,0.0,0.0,0.0,0.0,0.0,0.0,0.0,0.0,0.0,0.0,0.0,0.0,0.0,0.0,0.0,0.0,0.0,0.0,0.0,0.0,0.0,0.0,0.0
16.0,11.0,0.0,0.0,0.0,0.0,0.0,0.0,0.0,0.0,0.0,0.0,0.0,0.0,0.0,0.0,0.0,0.0,0.0,0.0,0.0,0.0,0.0,0.0,0.0,0.0,0.0,0.0,0.0
16.0,12.0,0.0,0.0,0.0,0.0,0.0,0.0,0.0,0.0,0.0,0.0,0.0,0.0,0.0,0.0,0.0,0.0,0.0,0.0,0.0,0.0,0.0,0.0,0.0,0.0,0.0,0.0,0.0
16.0,13.0,0.0,0.0,0.0,0.0,0.0,0.0,0.0,0.0,0.0,0.0,0.0,0.0,0.0,0.0,0.0,0.0,0.0,0.0,0.0,0.0,0.0,0.0,0.0,0.0,0.0,0.0,0.0
16.0,14.0,0.0,0.0,0.0,0.0,0.0,0.0,0.0,0.0,0.0,0.0,0.0,0.0,0.0,0.0,0.0,0.0,0.0,0.0,0.0,0.0,0.0,0.0,0.0,0.0,0.0,0.0,0.0
16.0,15.0,0.0,0.0,0.0,0.0,0.0,0.0,0.0,0.0,0.0,0.0,0.0,0.0,0.0,0.0,0.0,0.0,0.0,0.0,0.0,0.0,0.0,0.0,0.0,0.0,0.0,0.0,0.0
16.0,16.0,0.0,0.0,0.0,0.0,0.0,0.0,0.0,0.0,0.0,0.0,0.0,0.0,0.0,0.0,0.0,0.0,0.0,0.0,0.0,0.0,0.0,0.0,0.0,0.0,0.0,0.0,0.0
16.0,17.0,0.0,0.0,0.0,0.0,0.0,0.0,0.0,0.0,0.0,0.0,0.0,0.0,0.0,0.0,0.0,0.0,0.0,0.0,0.0,0.0,0.0,0.0,0.0,0.0,0.0,0.0,0.0
16.0,18.0,0.0,0.0,0.0,0.0,0.0,0.0,0.0,0.0,0.0,0.0,0.0,0.0,0.0,0.0,0.0,0.0,0.0,0.0,0.0,0.0,0.0,0.0,0.0,0.0,0.0,0.0,0.0
16.0,19.0,0.0,0.0,0.0,0.0,0.0,0.0,0.0,0.0,0.0,0.0,0.0,0.0,0.0,0.0,0.0,0.0,0.0,0.0,0.0,0.0,0.0,0.0,0.0,0.0,0.0,0.0,0.0
16.0,20.0,0.0,0.0,0.0,0.0,0.0,0.0,0.0,0.0,0.0,0.0,0.0,0.0,0.0,0.0,0.0,0.0,0.0,0.0,0.0,0.0,0.0,0.0,0.0,0.0,0.0,0.0,0.0
16.0,21.0,0.0,0.0,0.0,0.0,0.0,0.0,0.0,0.0,0.0,0.0,0.0,0.0,0.0,0.0,0.0,0.0,0.0,0.0,0.0,0.0,0.0,0.0,0.0,0.0,0.0,0.0,0.0
16.0,22.0,0.0,0.0,0.0,0.0,0.0,0.0,0.0,0.0,0.0,0.0,0.0,0.0,0.0,0.0,0.0,0.0,0.0,0.0,0.0,0.0,0.0,0.0,0.0,0.0,0.0,0.0,0.0
16.0,23.0,0.0,0.0,0.0,0.0,0.0,0.0,0.0,0.0,0.0,0.0,0.0,0.0,0.0,0.0,0.0,0.0,0.0,0.0,0.0,0.0,0.0,0.0,0.0,0.0,0.0,0.0,0.0
16.0,24.0,0.0,0.0,0.0,0.0,0.0,0.0,0.0,0.0,0.0,0.0,0.0,0.0,0.0,0.0,0.0,0.0,0.0,0.0,0.0,0.0,0.0,0.0,0.0,0.0,0.0,0.0,0.0
16.0,25.0,0.0,0.0,0.0,0.0,0.0,0.0,0.0,0.0,0.0,0.0,0.0,0.0,0.0,0.0,0.0,0.0,0.0,0.0,0.0,0.0,0.0,0.0,0.0,0.0,0.0,0.0,0.0
17.0,0.0,0.0,0.04204216,0.32747972,0.29087517,0.007983294,0.006520204,0.0037383195,0.011019293,0.24006563,0.0022145484,0.015952572,0.0015393305,0.11420259,0.0057451045,0.043401822,0.0,0.0,0.0,0.0,0.0,4.4535263E-8,0.1810895,0.06596598,0.012773485,2.9465177,0.1255684,0.0
17.0,1.0,0.0,0.1706628,0.79548824,0.90459436,0.055246953,0.0065908465,0.018739402,0.10435612,0.33511874,0.010926205,0.22806345,0.0029091197,0.29241478,0.0049225357,0.081284374,0.0,0.0,0.0,0.0,0.0,2.6427693E-7,0.2673936,0.041877255,0.010364099,3.0988815,0.7786044,0.0
17.0,2.0,0.0,0.056206536,0.13912247,0.24891187,0.86241347,0.033644233,0.029367518,0.044732507,0.16759086,0.0010200298,0.1342544,0.008222197,0.46190488,1.0078183,1.0877719,0.0,0.0,0.0,0.0,0.0,0.0,0.514465,0.0,0.025507852,4.570917,2.2222247,0.30757833
17.0,3.0,0.0,0.07260742,0.17538081,0.87566465,2.3293583,0.06697277,0.062419478,0.09367727,0.35742342,9.472332E-4,0.3472627,0.02445124,1.0224956,2.500498,2.5109746,0.0,0.0,0.0,0.0,0.0,0.0,0.83346486,0.0,0.033445112,7.8652725,3.820981,2.0582442
17.0,4.0,2.5012118E-6,0.16306937,0.5630712,1.8459542,4.0159087,0.089160725,0.08874142,0.118724376,0.3541392,0.0041335816,0.54251677,0.086935766,1.5451542,4.2326427,4.150915,0.0,0.0,0.0,0.0,0.0,0.0,0.98272026,0.0,0.04083611,10.816968,4.9749866,4.6029596
17.0,5.0,4.327723E-5,0.15895689,0.63277495,3.3262217,4.323057,0.11515066,0.06577147,0.14753725,0.40354586,0.007943512,0.52962524,0.13562326,1.4206773,4.726087,4.576244,0.0,0.0,0.0,0.0,0.0,0.0,0.8319481,0.0,0.033546735,9.576029,4.4293833,4.4317327
17.0,6.0,1.5320265E-5,0.20124786,1.5076007,3.7241836,6.025912,0.1355296,0.12584423,0.2055017,0.70517856,0.014403717,0.5005707,0.1904051,1.371747,8.775652,5.4488063,0.0,0.0,0.0,0.0,0.0,0.0,1.1500553,0.0,0.043425858,13.128457,6.3830853,6.2446404
17.0,7.0,1.8101464E-4,0.3426657,2.2697217,12.3840475,17.52037,0.22739474,0.33558652,0.42388013,1.2860866,0.07312261,1.5341654,0.8079726,4.5091434,27.110462,13.687147,0.0,0.0,0.0,0.0,0.0,0.0,2.3304396,0.0,0.08851029,31.143173,14.745187,14.3257265
17.0,8.0,2.54843E-4,1.1193265,4.731181,24.581106,29.41766,0.519125,0.6994411,0.65955126,2.732918,0.21569908,3.3494167,1.7348768,8.925254,49.068523,31.390442,0.0,0.0,0.0,0.0,0.0,0.0,4.2491517,0.0,0.15686435,58.79145,27.83924,26.908592
17.0,9.0,0.0017988895,1.2095833,10.405303,38.65865,41.032368,1.2870476,0.5135519,1.0874591,3.2840517,0.20530406,5.1011066,3.3346975,11.804378,57.00959,41.70178,0.0,0.0,0.0,0.0,0.0,0.0,3.9183831,0.0,0.15078796,64.589264,29.079205,28.055946
17.0,10.0,0.0,0.0,0.0,0.0,0.0,0.0,0.0,0.0,0.0,0.0,0.0,0.0,0.0,0.0,0.0,0.0,0.0,0.0,0.0,0.0,0.0,0.0,0.0,0.0,0.0,0.0,0.0
17.0,11.0,0.0,0.0,0.0,0.0,0.0,0.0,0.0,0.0,0.0,0.0,0.0,0.0,0.0,0.0,0.0,0.0,0.0,0.0,0.0,0.0,0.0,0.0,0.0,0.0,0.0,0.0,0.0
17.0,12.0,0.0,0.0,0.0,0.0,0.0,0.0,0.0,0.0,0.0,0.0,0.0,0.0,0.0,0.0,0.0,0.0,0.0,0.0,0.0,0.0,0.0,0.0,0.0,0.0,0.0,0.0,0.0
17.0,13.0,0.0,0.0,0.0,0.0,0.0,0.0,0.0,0.0,0.0,0.0,0.0,0.0,0.0,0.0,0.0,0.0,0.0,0.0,0.0,0.0,0.0,0.0,0.0,0.0,0.0,0.0,0.0
17.0,14.0,0.0,0.0,0.0,0.0,0.0,0.0,0.0,0.0,0.0,0.0,0.0,0.0,0.0,0.0,0.0,0.0,0.0,0.0,0.0,0.0,0.0,0.0,0.0,0.0,0.0,0.0,0.0
17.0,15.0,0.0,0.0,0.0,0.0,0.0,0.0,0.0,0.0,0.0,0.0,0.0,0.0,0.0,0.0,0.0,0.0,0.0,0.0,0.0,0.0,0.0,0.0,0.0,0.0,0.0,0.0,0.0
17.0,16.0,0.0,0.0,0.0,0.0,0.0,0.0,0.0,0.0,0.0,0.0,0.0,0.0,0.0,0.0,0.0,0.0,0.0,0.0,0.0,0.0,0.0,0.0,0.0,0.0,0.0,0.0,0.0
17.0,17.0,0.0,0.0,0.0,0.0,0.0,0.0,0.0,0.0,0.0,0.0,0.0,0.0,0.0,0.0,0.0,0.0,0.0,0.0,0.0,0.0,0.0,0.0,0.0,0.0,0.0,0.0,0.0
17.0,18.0,0.0,0.0,0.0,0.0,0.0,0.0,0.0,0.0,0.0,0.0,0.0,0.0,0.0,0.0,0.0,0.0,0.0,0.0,0.0,0.0,0.0,0.0,0.0,0.0,0.0,0.0,0.0
17.0,19.0,0.0,0.0,0.0,0.0,0.0,0.0,0.0,0.0,0.0,0.0,0.0,0.0,0.0,0.0,0.0,0.0,0.0,0.0,0.0,0.0,0.0,0.0,0.0,0.0,0.0,0.0,0.0
17.0,20.0,0.0,0.0,0.0,0.0,0.0,0.0,0.0,0.0,0.0,0.0,0.0,0.0,0.0,0.0,0.0,0.0,0.0,0.0,0.0,0.0,0.0,0.0,0.0,0.0,0.0,0.0,0.0
17.0,21.0,0.0,0.0,0.0,0.0,0.0,0.0,0.0,0.0,0.0,0.0,0.0,0.0,0.0,0.0,0.0,0.0,0.0,0.0,0.0,0.0,0.0,0.0,0.0,0.0,0.0,0.0,0.0
17.0,22.0,0.0,0.0,0.0,0.0,0.0,0.0,0.0,0.0,0.0,0.0,0.0,0.0,0.0,0.0,0.0,0.0,0.0,0.0,0.0,0.0,0.0,0.0,0.0,0.0,0.0,0.0,0.0
17.0,23.0,0.0,0.0,0.0,0.0,0.0,0.0,0.0,0.0,0.0,0.0,0.0,0.0,0.0,0.0,0.0,0.0,0.0,0.0,0.0,0.0,0.0,0.0,0.0,0.0,0.0,0.0,0.0
17.0,24.0,0.0,0.0,0.0,0.0,0.0,0.0,0.0,0.0,0.0,0.0,0.0,0.0,0.0,0.0,0.0,0.0,0.0,0.0,0.0,0.0,0.0,0.0,0.0,0.0,0.0,0.0,0.0
17.0,25.0,0.0,0.0,0.0,0.0,0.0,0.0,0.0,0.0,0.0,0.0,0.0,0.0,0.0,0.0,0.0,0.0,0.0,0.0,0.0,0.0,0.0,0.0,0.0,0.0,0.0,0.0,0.0
18.0,0.0,0.0,0.08738045,0.27254668,0.2509761,0.02060771,0.009358976,0.002752851,0.009244932,0.2680881,0.004354684,0.02171749,0.004479244,0.033803605,0.006759244,0.04713539,0.0,0.0,0.0,0.0,0.0,2.0897355E-7,0.19109687,0.03816773,0.009737471,2.5231123,0.10640807,0.0
18.0,1.0,0.0,0.26566526,0.9986349,0.91567624,0.057807773,0.028312994,0.014488476,0.08277331,0.584862,0.015598002,0.26671097,0.0026343546,0.19984779,0.031831015,0.12717979,0.0,0.0,0.0,0.0,0.0,2.2617996E-7,0.36008835,0.015409516,0.0125943925,3.9683027,1.0082992,0.0
18.0,2.0,0.0,0.042906795,0.24801333,0.3513259,0.7028275,0.061651643,0.019805068,0.09765294,0.34849322,0.0054070274,0.18572345,0.010478859,0.76081175,1.9437456,1.2285008,0.0,0.0,0.0,0.0,0.0,0.0,0.5121576,0.0,0.02377559,4.543727,2.0239072,0.18578243
18.0,3.0,0.0,0.062008828,0.14507411,0.620647,1.499686,0.047910124,0.019500528,0.11759652,0.29480907,7.6999876E-4,0.2996186,0.033591703,0.7974715,3.2124612,2.1412764,0.0,0.0,0.0,0.0,0.0,0.0,0.62985003,0.0,0.023068374,5.672069,2.7410667,1.4757279
18.0,4.0,2.8595423E-6,0.10700769,0.51398337,1.3737655,3.3505166,0.11331163,0.065455765,0.21344694,0.67628604,0.006238725,0.290015,0.01396435,1.4845221,6.3602366,3.871707,0.0,0.0,0.0,0.0,0.0,0.0,0.88343924,0.0,0.03296922,8.943509,4.3108974,3.9147637
18.0,5.0,6.4727596E-5,0.17564854,0.8507606,2.804095,5.0363436,0.13437013,0.03780636,0.21223821,0.8347791,0.029382395,0.66017944,0.1129849,2.0716553,8.499081,5.747026,0.0,0.0,0.0,0.0,0.0,0.0,1.1347045,0.0,0.044752356,12.460046,5.8906164,5.8356004
18.0,6.0,4.6973713E-5,0.118129626,0.91949904,3.1765683,4.8740163,0.17992255,0.082252085,0.214612,0.6549998,0.05616925,0.58095556,0.22520922,2.1467557,8.272692,6.472253,0.0,0.0,0.0,0.0,0.0,0.0,0.9191389,0.0,0.040677287,11.090548,5.0412164,4.906399
18.0,7.0,5.6788395E-4,0.20231934,1.975354,4.9592686,7.7985697,0.12634899,0.0739394,0.3538276,1.0314764,0.2498067,0.8871223,0.29244748,2.1992393,10.6732645,6.3672724,0.0,0.0,0.0,0.0,0.0,0.0,1.10298,0.0,0.039119165,14.220611,6.792736,6.582316
18.0,8.0,2.415324E-4,0.31657445,3.9012752,14.051807,19.494303,0.48694095,0.29370072,0.7246635,3.6829386,0.75311035,2.1826117,0.907479,6.415821,25.126074,16.043661,0.0,0.0,0.0,0.0,0.0,0.0,2.5945537,0.0,0.098516,34.6242,16.790972,16.231384
18.0,9.0,3.6708915E-4,0.9689862,10.18127,26.053137,36.27465,1.0320756,0.22876643,1.2264255,3.8914716,1.9756142,5.003056,2.2614043,13.999512,51.2181,34.696827,0.0,0.0,0.0,0.0,0.0,0.0,3.8191593,0.0,0.14987263,58.250603,27.746675,26.806637
18.0,10.0,0.0,0.0,0.0,0.0,0.0,0.0,0.0,0.0,0.0,0.0,0.0,0.0,0.0,0.0,0.0,0.0,0.0,0.0,0.0,0.0,0.0,0.0,0.0,0.0,0.0,0.0,0.0
18.0,11.0,0.0,0.0,0.0,0.0,0.0,0.0,0.0,0.0,0.0,0.0,0.0,0.0,0.0,0.0,0.0,0.0,0.0,0.0,0.0,0.0,0.0,0.0,0.0,0.0,0.0,0.0,0.0
18.0,12.0,0.0,0.0,0.0,0.0,0.0,0.0,0.0,0.0,0.0,0.0,0.0,0.0,0.0,0.0,0.0,0.0,0.0,0.0,0.0,0.0,0.0,0.0,0.0,0.0,0.0,0.0,0.0
18.0,13.0,0.0,0.0,0.0,0.0,0.0,0.0,0.0,0.0,0.0,0.0,0.0,0.0,0.0,0.0,0.0,0.0,0.0,0.0,0.0,0.0,0.0,0.0,0.0,0.0,0.0,0.0,0.0
18.0,14.0,0.0,0.0,0.0,0.0,0.0,0.0,0.0,0.0,0.0,0.0,0.0,0.0,0.0,0.0,0.0,0.0,0.0,0.0,0.0,0.0,0.0,0.0,0.0,0.0,0.0,0.0,0.0
18.0,15.0,0.0,0.0,0.0,0.0,0.0,0.0,0.0,0.0,0.0,0.0,0.0,0.0,0.0,0.0,0.0,0.0,0.0,0.0,0.0,0.0,0.0,0.0,0.0,0.0,0.0,0.0,0.0
18.0,16.0,0.0,0.0,0.0,0.0,0.0,0.0,0.0,0.0,0.0,0.0,0.0,0.0,0.0,0.0,0.0,0.0,0.0,0.0,0.0,0.0,0.0,0.0,0.0,0.0,0.0,0.0,0.0
18.0,17.0,0.0,0.0,0.0,0.0,0.0,0.0,0.0,0.0,0.0,0.0,0.0,0.0,0.0,0.0,0.0,0.0,0.0,0.0,0.0,0.0,0.0,0.0,0.0,0.0,0.0,0.0,0.0
18.0,18.0,0.0,0.0,0.0,0.0,0.0,0.0,0.0,0.0,0.0,0.0,0.0,0.0,0.0,0.0,0.0,0.0,0.0,0.0,0.0,0.0,0.0,0.0,0.0,0.0,0.0,0.0,0.0
18.0,19.0,0.0,0.0,0.0,0.0,0.0,0.0,0.0,0.0,0.0,0.0,0.0,0.0,0.0,0.0,0.0,0.0,0.0,0.0,0.0,0.0,0.0,0.0,0.0,0.0,0.0,0.0,0.0
18.0,20.0,0.0,0.0,0.0,0.0,0.0,0.0,0.0,0.0,0.0,0.0,0.0,0.0,0.0,0.0,0.0,0.0,0.0,0.0,0.0,0.0,0.0,0.0,0.0,0.0,0.0,0.0,0.0
18.0,21.0,0.0,0.0,0.0,0.0,0.0,0.0,0.0,0.0,0.0,0.0,0.0,0.0,0.0,0.0,0.0,0.0,0.0,0.0,0.0,0.0,0.0,0.0,0.0,0.0,0.0,0.0,0.0
18.0,22.0,0.0,0.0,0.0,0.0,0.0,0.0,0.0,0.0,0.0,0.0,0.0,0.0,0.0,0.0,0.0,0.0,0.0,0.0,0.0,0.0,0.0,0.0,0.0,0.0,0.0,0.0,0.0
18.0,23.0,0.0,0.0,0.0,0.0,0.0,0.0,0.0,0.0,0.0,0.0,0.0,0.0,0.0,0.0,0.0,0.0,0.0,0.0,0.0,0.0,0.0,0.0,0.0,0.0,0.0,0.0,0.0
18.0,24.0,0.0,0.0,0.0,0.0,0.0,0.0,0.0,0.0,0.0,0.0,0.0,0.0,0.0,0.0,0.0,0.0,0.0,0.0,0.0,0.0,0.0,0.0,0.0,0.0,0.0,0.0,0.0
18.0,25.0,0.0,0.0,0.0,0.0,0.0,0.0,0.0,0.0,0.0,0.0,0.0,0.0,0.0,0.0,0.0,0.0,0.0,0.0,0.0,0.0,0.0,0.0,0.0,0.0,0.0,0.0,0.0
19.0,0.0,0.0,0.06602978,0.16953984,0.28034624,0.014190451,0.013380037,0.0024653953,0.0064573716,0.23261388,0.0019934543,0.018213173,5.0743076E-4,0.010452909,0.0032493898,0.03478575,0.0,0.0,0.0,0.0,0.0,4.440637E-8,0.120679736,0.026909128,0.00628253,1.6703814,0.100235656,0.0
19.0,1.0,0.0,0.17421818,0.98670995,1.3336829,0.09927045,0.024271825,0.021897797,0.12091524,0.70767075,0.01550365,0.35156825,0.0011622705,0.16112687,0.002565711,0.06273848,0.0,0.0,0.0,0.0,0.0,6.479694E-8,0.33281207,0.022450268,0.012112788,3.6171594,0.9810216,0.0
19.0,2.0,0.0,0.08071088,0.34798285,0.45625168,1.3774912,0.15237688,0.044314567,0.10718887,0.33574918,0.002336672,0.31090763,0.0059059127,1.035336,1.0355873,1.905656,0.0,0.0,0.0,0.0,0.0,0.0,0.7312583,0.0,0.034865376,6.841146,3.2229755,0.32469994
19.0,3.0,0.0,0.058340214,0.33362493,0.7434411,2.081262,0.23667246,0.04731359,0.11013924,0.27552217,0.0014670764,0.36513713,0.0037510227,1.2355968,1.782042,2.7037275,0.0,0.0,0.0,0.0,0.0,0.0,0.71040136,0.0,0.029854484,6.968235,3.3856552,1.7456607
19.0,4.0,0.0,0.06427773,0.19814688,0.91740143,2.9408123,0.18829925,0.09817743,0.09153929,0.4521063,0.012386448,0.3881503,0.04401809,1.1437879,3.5211642,3.426858,0.0,0.0,0.0,0.0,0.0,0.0,0.77514225,0.0,0.031597354,7.8426366,3.9001796,3.5348504
19.0,5.0,1.7684566E-5,0.12989202,0.7940273,2.2687376,6.3409204,0.19682999,0.121801116,0.17256704,0.76554453,0.031031137,0.3819627,0.05513727,1.9454516,6.2225246,6.1752887,0.0,0.0,0.0,0.0,0.0,0.0,1.0420167,0.0,0.040183652,11.729835,5.63983,5.579878
19.0,6.0,2.576464E-5,0.18559599,1.4326391,3.6534579,8.173351,0.37813184,0.1422786,0.22657247,0.60780543,0.050014116,0.9066397,0.33317393,2.8623452,9.158648,8.3970175,0.0,0.0,0.0,0.0,0.0,0.0,1.2143854,0.0,0.048082236,15.287299,7.015477,6.884119
19.0,7.0,1.2721478E-4,0.43300682,1.4129585,4.1348057,7.794212,0.31349823,0.13661061,0.26079458,0.5580869,0.1282451,0.80157584,0.25852636,2.6153183,8.288244,8.387549,0.0,0.0,0.0,0.0,0.0,0.0,0.9053711,0.0,0.035214994,12.739648,5.74892,5.5977807
19.0,8.0,2.0345749E-4,0.18455201,2.9959528,5.1298265,10.019172,0.3398469,0.099409245,0.33331263,1.1532031,0.16633894,0.90770143,0.43983048,3.622266,11.372086,7.473218,0.0,0.0,0.0,0.0,0.0,0.0,1.0887275,0.0,0.04177157,15.9227085,7.621628,7.426116
19.0,9.0,1.772536E-4,0.60191816,6.913684,16.797377,23.58625,0.65939903,0.3295297,0.9117163,1.8667165,0.3425156,2.5520484,1.3556811,7.0428705,31.220562,18.34126,0.0,0.0,0.0,0.0,0.0,0.0,2.2663193,0.0,0.08745669,36.266724,17.197123,16.719637
19.0,10.0,0.0,0.0,0.0,0.0,0.0,0.0,0.0,0.0,0.0,0.0,0.0,0.0,0.0,0.0,0.0,0.0,0.0,0.0,0.0,0.0,0.0,0.0,0.0,0.0,0.0,0.0,0.0
19.0,11.0,0.0,0.0,0.0,0.0,0.0,0.0,0.0,0.0,0.0,0.0,0.0,0.0,0.0,0.0,0.0,0.0,0.0,0.0,0.0,0.0,0.0,0.0,0.0,0.0,0.0,0.0,0.0
19.0,12.0,0.0,0.0,0.0,0.0,0.0,0.0,0.0,0.0,0.0,0.0,0.0,0.0,0.0,0.0,0.0,0.0,0.0,0.0,0.0,0.0,0.0,0.0,0.0,0.0,0.0,0.0,0.0
19.0,13.0,0.0,0.0,0.0,0.0,0.0,0.0,0.0,0.0,0.0,0.0,0.0,0.0,0.0,0.0,0.0,0.0,0.0,0.0,0.0,0.0,0.0,0.0,0.0,0.0,0.0,0.0,0.0
19.0,14.0,0.0,0.0,0.0,0.0,0.0,0.0,0.0,0.0,0.0,0.0,0.0,0.0,0.0,0.0,0.0,0.0,0.0,0.0,0.0,0.0,0.0,0.0,0.0,0.0,0.0,0.0,0.0
19.0,15.0,0.0,0.0,0.0,0.0,0.0,0.0,0.0,0.0,0.0,0.0,0.0,0.0,0.0,0.0,0.0,0.0,0.0,0.0,0.0,0.0,0.0,0.0,0.0,0.0,0.0,0.0,0.0
19.0,16.0,0.0,0.0,0.0,0.0,0.0,0.0,0.0,0.0,0.0,0.0,0.0,0.0,0.0,0.0,0.0,0.0,0.0,0.0,0.0,0.0,0.0,0.0,0.0,0.0,0.0,0.0,0.0
19.0,17.0,0.0,0.0,0.0,0.0,0.0,0.0,0.0,0.0,0.0,0.0,0.0,0.0,0.0,0.0,0.0,0.0,0.0,0.0,0.0,0.0,0.0,0.0,0.0,0.0,0.0,0.0,0.0
19.0,18.0,0.0,0.0,0.0,0.0,0.0,0.0,0.0,0.0,0.0,0.0,0.0,0.0,0.0,0.0,0.0,0.0,0.0,0.0,0.0,0.0,0.0,0.0,0.0,0.0,0.0,0.0,0.0
19.0,19.0,0.0,0.0,0.0,0.0,0.0,0.0,0.0,0.0,0.0,0.0,0.0,0.0,0.0,0.0,0.0,0.0,0.0,0.0,0.0,0.0,0.0,0.0,0.0,0.0,0.0,0.0,0.0
19.0,20.0,0.0,0.0,0.0,0.0,0.0,0.0,0.0,0.0,0.0,0.0,0.0,0.0,0.0,0.0,0.0,0.0,0.0,0.0,0.0,0.0,0.0,0.0,0.0,0.0,0.0,0.0,0.0
19.0,21.0,0.0,0.0,0.0,0.0,0.0,0.0,0.0,0.0,0.0,0.0,0.0,0.0,0.0,0.0,0.0,0.0,0.0,0.0,0.0,0.0,0.0,0.0,0.0,0.0,0.0,0.0,0.0
19.0,22.0,0.0,0.0,0.0,0.0,0.0,0.0,0.0,0.0,0.0,0.0,0.0,0.0,0.0,0.0,0.0,0.0,0.0,0.0,0.0,0.0,0.0,0.0,0.0,0.0,0.0,0.0,0.0
19.0,23.0,0.0,0.0,0.0,0.0,0.0,0.0,0.0,0.0,0.0,0.0,0.0,0.0,0.0,0.0,0.0,0.0,0.0,0.0,0.0,0.0,0.0,0.0,0.0,0.0,0.0,0.0,0.0
19.0,24.0,0.0,0.0,0.0,0.0,0.0,0.0,0.0,0.0,0.0,0.0,0.0,0.0,0.0,0.0,0.0,0.0,0.0,0.0,0.0,0.0,0.0,0.0,0.0,0.0,0.0,0.0,0.0
19.0,25.0,0.0,0.0,0.0,0.0,0.0,0.0,0.0,0.0,0.0,0.0,0.0,0.0,0.0,0.0,0.0,0.0,0.0,0.0,0.0,0.0,0.0,0.0,0.0,0.0,0.0,0.0,0.0
20.0,0.0,0.0,0.031481016,0.1326599,0.0952078,0.006303541,0.00435545,0.0013423223,0.003431359,0.122826,4.540683E-4,0.002159511,0.00361174,0.014345708,0.0051345625,0.023785025,0.0,0.0,0.0,0.0,0.0,1.1295831E-7,0.07575132,0.02486588,0.0038688737,0.9656855,0.04794927,0.0
20.0,1.0,0.0,0.103300005,0.84439296,0.7608259,0.03229812,0.029871685,0.010835084,0.07180234,0.39760488,0.009840654,0.043698736,0.008606141,0.13136883,0.048080925,0.16384387,0.0,0.0,0.0,0.0,0.0,2.389128E-8,0.2432691,0.03072227,0.008817305,2.5926437,0.6859707,0.0
20.0,2.0,0.0,0.076244295,0.2860641,0.45958978,1.4213052,0.08741288,0.055519067,0.107960954,0.39103386,0.003492911,0.25495493,0.028645894,0.86854434,1.8588061,1.5577241,0.0,0.0,0.0,0.0,0.0,0.0,0.75785726,0.0,0.03104901,6.332038,3.075446,0.37100855
20.0,3.0,0.0,0.09916584,0.27760422,0.89228576,3.0071325,0.3353638,0.119982116,0.18460676,0.43813476,0.002104629,0.5931656,0.015510938,1.7801775,3.7650476,3.8206894,0.0,0.0,0.0,0.0,0.0,0.0,0.92391825,0.0,0.03653844,8.844266,4.2266903,2.2291555
20.0,4.0,0.0,0.16090277,0.2914953,1.0000728,3.2080038,0.14370357,0.13482887,0.18405513,0.44365156,0.026584337,0.74280214,0.08458812,1.8784119,4.848184,3.955365,0.0,0.0,0.0,0.0,0.0,0.0,0.84118503,0.0,0.03317379,8.640897,4.1497498,3.7528489
20.0,5.0,1.034388E-5,0.13364144,0.24830809,1.4364989,4.5797477,0.117402926,0.1441856,0.10594555,0.6936906,0.033993915,0.7199485,0.34804556,1.6335146,5.529994,4.2880974,0.0,0.0,0.0,0.0,0.0,0.0,0.9648769,0.0,0.035322893,9.680304,4.8859563,4.9368596
20.0,6.0,4.6676505E-5,0.16005038,0.63957393,3.6195862,8.289134,0.26393366,0.17841676,0.17492083,0.71770704,0.051670734,1.147631,0.5678993,2.664203,8.334792,6.600754,0.0,0.0,0.0,0.0,0.0,0.0,1.2781588,0.0,0.046870824,14.581528,7.064752,6.9744253
20.0,7.0,8.645581E-5,0.19791494,1.529995,5.592323,11.50077,0.27349585,0.18474656,0.40673178,0.9133933,0.07709672,1.1351749,0.7094481,4.202069,12.321348,9.006251,0.0,0.0,0.0,0.0,0.0,0.0,1.2061704,0.0,0.04642881,16.674286,7.767956,7.6259637
20.0,8.0,3.300324E-5,0.2847411,1.3250911,5.020206,11.59479,0.25609633,0.20987755,0.25863484,0.6771948,0.04093772,0.81000245,0.80703986,3.553782,10.551486,9.061379,0.0,0.0,0.0,0.0,0.0,0.0,0.8999106,0.0,0.03380492,13.3278885,6.136023,5.954496
20.0,9.0,1.04031074E-4,0.2951057,1.9899946,7.5177283,12.712426,0.20435788,0.18506838,0.21040697,1.0529002,0.25871557,1.2475652,0.92270845,4.6650214,12.3011465,7.7166295,0.0,0.0,0.0,0.0,0.0,0.0,1.1585095,0.0,0.041927323,17.398897,8.264469,8.1030855
20.0,10.0,0.0,0.0,0.0,0.0,0.0,0.0,0.0,0.0,0.0,0.0,0.0,0.0,0.0,0.0,0.0,0.0,0.0,0.0,0.0,0.0,0.0,0.0,0.0,0.0,0.0,0.0,0.0
20.0,11.0,0.0,0.0,0.0,0.0,0.0,0.0,0.0,0.0,0.0,0.0,0.0,0.0,0.0,0.0,0.0,0.0,0.0,0.0,0.0,0.0,0.0,0.0,0.0,0.0,0.0,0.0,0.0
20.0,12.0,0.0,0.0,0.0,0.0,0.0,0.0,0.0,0.0,0.0,0.0,0.0,0.0,0.0,0.0,0.0,0.0,0.0,0.0,0.0,0.0,0.0,0.0,0.0,0.0,0.0,0.0,0.0
20.0,13.0,0.0,0.0,0.0,0.0,0.0,0.0,0.0,0.0,0.0,0.0,0.0,0.0,0.0,0.0,0.0,0.0,0.0,0.0,0.0,0.0,0.0,0.0,0.0,0.0,0.0,0.0,0.0
20.0,14.0,0.0,0.0,0.0,0.0,0.0,0.0,0.0,0.0,0.0,0.0,0.0,0.0,0.0,0.0,0.0,0.0,0.0,0.0,0.0,0.0,0.0,0.0,0.0,0.0,0.0,0.0,0.0
20.0,15.0,0.0,0.0,0.0,0.0,0.0,0.0,0.0,0.0,0.0,0.0,0.0,0.0,0.0,0.0,0.0,0.0,0.0,0.0,0.0,0.0,0.0,0.0,0.0,0.0,0.0,0.0,0.0
20.0,16.0,0.0,0.0,0.0,0.0,0.0,0.0,0.0,0.0,0.0,0.0,0.0,0.0,0.0,0.0,0.0,0.0,0.0,0.0,0.0,0.0,0.0,0.0,0.0,0.0,0.0,0.0,0.0
20.0,17.0,0.0,0.0,0.0,0.0,0.0,0.0,0.0,0.0,0.0,0.0,0.0,0.0,0.0,0.0,0.0,0.0,0.0,0.0,0.0,0.0,0.0,0.0,0.0,0.0,0.0,0.0,0.0
20.0,18.0,0.0,0.0,0.0,0.0,0.0,0.0,0.0,0.0,0.0,0.0,0.0,0.0,0.0,0.0,0.0,0.0,0.0,0.0,0.0,0.0,0.0,0.0,0.0,0.0,0.0,0.0,0.0
20.0,19.0,0.0,0.0,0.0,0.0,0.0,0.0,0.0,0.0,0.0,0.0,0.0,0.0,0.0,0.0,0.0,0.0,0.0,0.0,0.0,0.0,0.0,0.0,0.0,0.0,0.0,0.0,0.0
20.0,20.0,0.0,0.0,0.0,0.0,0.0,0.0,0.0,0.0,0.0,0.0,0.0,0.0,0.0,0.0,0.0,0.0,0.0,0.0,0.0,0.0,0.0,0.0,0.0,0.0,0.0,0.0,0.0
20.0,21.0,0.0,0.0,0.0,0.0,0.0,0.0,0.0,0.0,0.0,0.0,0.0,0.0,0.0,0.0,0.0,0.0,0.0,0.0,0.0,0.0,0.0,0.0,0.0,0.0,0.0,0.0,0.0
20.0,22.0,0.0,0.0,0.0,0.0,0.0,0.0,0.0,0.0,0.0,0.0,0.0,0.0,0.0,0.0,0.0,0.0,0.0,0.0,0.0,0.0,0.0,0.0,0.0,0.0,0.0,0.0,0.0
20.0,23.0,0.0,0.0,0.0,0.0,0.0,0.0,0.0,0.0,0.0,0.0,0.0,0.0,0.0,0.0,0.0,0.0,0.0,0.0,0.0,0.0,0.0,0.0,0.0,0.0,0.0,0.0,0.0
20.0,24.0,0.0,0.0,0.0,0.0,0.0,0.0,0.0,0.0,0.0,0.0,0.0,0.0,0.0,0.0,0.0,0.0,0.0,0.0,0.0,0.0,0.0,0.0,0.0,0.0,0.0,0.0,0.0
20.0,25.0,0.0,0.0,0.0,0.0,0.0,0.0,0.0,0.0,0.0,0.0,0.0,0.0,0.0,0.0,0.0,0.0,0.0,0.0,0.0,0.0,0.0,0.0,0.0,0.0,0.0,0.0,0.0
