"Biomass of prey species (in tons per time step of saving, in rows) eaten by a predator species (in col). The last column reports the biomass of prey at the beginning of the time step (before all sources of mortality - fishing, predation, starvation, others)"
"Time","Prey","lesserSpottedDogfish","redMullet","pouting","whiting","poorCod","cod","dragonet","sole","plaice","horseMackerel","mackerel","herring","sardine","squids","cuttlefish","thornbackRay"
1.0,lesserSpottedDogfish,0.095806755,0.0,0.0,7.5176816,0.0,1.1155522,0.0,0.0,0.0,0.24816218,0.070778675,0.0,0.0,0.07973494,0.0022355658,0.0
1.0,redMullet,1.0084571,0.00985986,2.7523375,33.804443,2.2274587,1.4904451,0.002452774,0.024154346,0.035745382,1.2996316,0.39488667,3.3235387E-4,0.29641712,0.29275435,0.24351132,3.046321
1.0,pouting,1.1246585,3.8817728E-7,0.08297898,87.19772,0.003947599,4.452587,1.6077829E-4,0.0024499416,0.001187081,1.7069036,1.143136,0.004835106,0.036978602,37.314987,0.0,19.766762
1.0,whiting,76.78647,5.6136097E-4,285.86102,6084.4395,44.27367,42.30099,6.7733645,10.845231,28.226433,1810.3267,937.82526,124.18844,2260.5156,3798.1604,0.0,78.5837
1.0,poorCod,145.61642,0.0,52.857235,220.83136,3.4303749,9.692278,0.20137312,0.14529736,0.35352984,340.05615,91.38245,0.62478477,7.183986,405.30063,0.0,39.92914
1.0,cod,0.61740214,0.0,0.00747483,11.459311,0.0011943203,1.3348879,1.4508723E-7,2.7169725E-7,5.236059E-6,0.468276,0.40146652,1.8264033E-4,0.18121228,4.401557,0.0,1.7846992
1.0,dragonet,46.136253,16.68457,51.44103,450.85168,150.26239,10.131871,30.383738,53.27773,111.70157,212.48099,70.36401,76.391884,193.71611,587.4083,193.96603,15.639757
1.0,sole,52.081856,6.8431425,165.47784,1110.6555,35.16631,24.246254,1.5386852,7.8033123,180.08781,251.4594,217.04198,0.8457926,69.3889,96.14775,4.859396,24.620003
1.0,plaice,59.07104,47.37405,141.96475,817.97754,61.26,29.976362,57.85994,146.59593,311.01974,255.566,71.54206,247.49538,159.88885,296.73502,164.2424,26.648354
1.0,horseMackerel,71.48389,0.0062419525,195.62753,4054.5828,485.7346,23.573603,8.665261,43.73943,23.458067,3000.3655,657.99164,103.28297,774.17004,4822.0625,0.0,73.794876
1.0,mackerel,4.6364026,6.2513875E-4,0.06871202,93.07703,0.016115194,4.2887373,0.022264294,0.016729938,3.0302568E-4,7.1210365,3.3782444,1.5337294,0.3043177,126.567795,0.0,15.674129
1.0,herring,249.01396,2.8773711E-6,57.97146,862.2896,14.364251,62.640663,2.6579705E-6,0.0,4.7087755,689.9409,423.00153,2214.5872,656.50555,1251.2167,0.0,76.458305
1.0,sardine,166.01979,0.0,27.562082,1169.8947,0.9289162,58.481247,0.061121974,0.108365156,0.034183975,836.51917,646.3746,70.11884,5.2684307,2884.849,0.0,78.59502
1.0,squids,517.3622,4.657241,314.35147,2271.6753,460.84158,25.65244,14.172874,16.628103,20.72159,3018.443,1122.9745,1450.1714,1189.13,6067.299,12.610633,117.27828
1.0,cuttlefish,239.70557,13.6081505,87.29389,506.79346,279.06424,17.57519,26.805151,30.73911,90.78206,0.0,0.0,0.0,0.0,5.708805,771.94104,43.17762
1.0,thornbackRay,0.0,0.0,0.0,0.0,0.0,0.0,0.0,0.0,0.0,0.0,0.0,0.0,0.0,0.0,0.051315125,0.18059511
1.0,diatoms,0.0,0.0,0.0,0.0,0.0,0.0,0.0,0.0,0.0,0.0,0.0,63.921585,3.8126018,0.0,0.0,0.0
1.0,microPhytoplankton,0.0,0.0,0.0,0.0,0.0,0.0,0.0,0.0,0.0,0.0,0.0,31.985018,2.888439,0.0,0.0,0.0
1.0,heterotrophicFlagellates,0.0,0.0,0.0,0.0,0.0,0.0,0.0,0.0,0.0,0.0,0.0,7.5143905,0.0060789674,0.0,0.0,0.0
1.0,microZooplankton,0.0,0.45654002,0.0,0.0,1.2808677,0.0,280.54214,60.8222,189.40764,350.289,0.03237423,879.79004,3812.8794,0.0,0.0,0.0
1.0,mesoZooplankton,0.008751594,0.20618312,0.1346639,38.98898,19.198748,2.3052975E-4,11.98798,14.412809,5.924835,104.05091,18.590446,20.537975,144.9186,78.50945,0.0,0.0
1.0,Macrozoo,71.09736,1.0261089,133.8435,2440.169,1222.6332,3.6033611,48.78291,304.95718,283.58652,8314.284,1749.6049,3617.7703,8869.013,7001.982,0.0,0.0
1.0,meioBenthos,1.1656615E-5,0.005931069,1.2511463E-4,0.014807917,0.0108551625,2.7123406E-11,0.036871113,0.034754615,0.025354452,0.0,0.0,0.0,0.0,0.005546501,0.019596504,4.7464862E-5
1.0,depositBenthos,77.78172,692.03687,164.77669,1502.6172,1110.7332,5.418338,2886.2832,2870.2786,1861.3939,0.0,0.0,0.0,0.0,680.33405,1835.2612,29.852781
1.0,suspensionBenthos,1148.4229,774.4601,2090.1597,8725.795,5471.894,188.77106,1098.9492,2937.404,4311.401,0.0,0.0,0.0,0.0,50.520573,5530.4873,343.13394
1.0,largeBenthos,1.1311763E-4,0.0,9.361709E-5,2.64905E-4,1.2934277E-5,1.5167692E-5,0.0,0.0,5.766973E-5,0.0,0.0,0.0,0.0,0.0,2.3190479E-4,3.065396E-5
1.0,veryLargeBenthos,388.77643,0.0,0.0,1048.8556,0.0,48.469448,0.0,0.0,0.0,0.0,0.0,0.0,0.0,0.0,249.55534,124.68327
2.0,lesserSpottedDogfish,0.034840483,0.0,0.0,2.1601536,0.0,0.6944938,0.0,0.0,0.0,0.06841035,0.028085504,0.0,0.0,0.057200253,0.02302303,0.0
2.0,redMullet,2.6608953,0.002268637,0.8065209,37.256424,3.069125,2.6314714,0.030540548,0.076057024,0.13339648,0.5832165,0.20549873,0.046130937,0.46524483,0.32184076,29.383055,4.7561245
2.0,pouting,0.97220385,9.1621555E-9,0.3259742,30.367662,0.122265615,4.1387143,0.00143096,0.0049556717,0.0035574862,7.879983,9.532131,0.02387959,0.072873674,4.1513205,0.0,16.196365
2.0,whiting,168.18031,1.071277E-4,535.50476,15575.9375,868.8186,125.62918,28.19012,32.120026,48.49499,2584.9229,1258.012,217.23326,1114.5288,7347.215,0.0,127.65474
2.0,poorCod,503.06418,0.0,402.32584,3597.0232,4130.23,78.51042,15.4353285,18.28058,16.44195,2435.8916,434.19644,205.10242,172.05359,5634.8955,0.0,149.34694
2.0,cod,2.5599152E-6,0.0,6.4538744E-6,0.996873,1.3957427E-5,0.7166377,4.762833E-7,3.5751696E-6,1.9749218E-6,2.6548945E-4,9.9403675E-5,2.7355047E-5,1.2354631E-4,1.653228E-4,0.0,1.2393136
2.0,dragonet,51.217426,28.751978,96.45562,1497.0236,556.422,23.046253,38.517956,72.78087,214.10292,375.00137,110.34304,53.12644,201.97234,815.17346,706.00903,17.767069
2.0,sole,91.54098,29.00209,360.5046,5633.87,720.96747,66.872604,20.596073,111.06105,902.4986,393.83563,181.53079,14.924172,146.38835,914.4781,479.35638,36.767307
2.0,plaice,42.10081,21.00697,101.19038,2096.4453,479.64368,33.985203,6.363187,54.32662,522.9633,262.69153,50.250683,91.89144,55.534508,458.4599,323.47827,25.035227
2.0,horseMackerel,63.404167,0.030105729,194.28432,11904.477,1548.2462,34.989487,55.489536,133.85805,73.161125,3864.9438,760.55896,166.17427,696.02246,4630.161,0.0,63.49687
2.0,mackerel,0.7089562,3.4032227E-4,1.9649724,15.35432,0.8286906,1.1645135,0.03521061,0.07918341,0.0055283224,21.455082,13.376624,1.144057,0.6699998,24.873598,0.0,8.452651
2.0,herring,292.0404,0.0,25.36717,1180.7434,27.011084,100.2059,0.0,0.0,1.0139099,677.8707,338.60495,1100.9615,68.52367,1387.0848,0.0,80.9226
2.0,sardine,51.05616,0.0,1.3830384,374.95883,1.0156595,33.79111,0.09460073,0.11339261,0.01206641,104.41213,136.71805,0.28752962,3.2095468,485.74557,0.0,25.199442
2.0,squids,547.8225,7.643127,253.2748,2889.9285,1716.6512,44.067192,14.051693,10.171946,14.246469,2568.8071,715.415,538.70746,160.04893,8644.604,0.54566646,111.26482
2.0,cuttlefish,452.16727,54.197086,179.87819,1552.0404,1606.449,39.945873,159.91174,69.17754,150.42728,0.0,0.0,0.0,0.0,0.69500786,5541.1934,106.67683
2.0,thornbackRay,0.0,0.0,0.0,0.0,0.0,0.0,0.0,0.0,0.0,0.0,0.0,0.0,0.0,0.0,0.3767532,0.3667267
2.0,diatoms,0.0,0.0,0.0,0.0,0.0,0.0,0.0,0.0,0.0,0.0,0.0,21.629387,0.0976271,0.0,0.0,0.0
2.0,microPhytoplankton,0.0,0.0,0.0,0.0,0.0,0.0,0.0,0.0,0.0,0.0,0.0,10.822704,0.0523593,0.0,0.0,0.0
2.0,heterotrophicFlagellates,0.0,0.0,0.0,0.0,0.0,0.0,0.0,0.0,0.0,0.0,0.0,1.6174036,0.017012741,0.0,0.0,0.0
2.0,microZooplankton,0.0,0.18692078,0.0,0.0,68.37256,0.0,343.74866,259.33636,114.885345,423.84613,0.080188245,855.6748,1578.201,0.0,0.0,0.0
2.0,mesoZooplankton,0.0057541146,0.027680626,0.15872392,48.864723,106.66515,2.5105603E-6,14.236791,20.590616,6.4362273,123.00982,10.441578,18.429068,76.80293,35.899864,0.0,0.0
2.0,Macrozoo,52.081318,0.26931703,150.19077,4064.7554,5979.2134,2.4670737,70.51713,345.9356,297.67838,7767.5293,1268.786,3588.462,4289.541,7834.063,0.0,0.0
2.0,meioBenthos,3.682348E-6,0.007449425,5.8898153E-5,0.016180962,0.044842012,1.26720925E-11,0.041650113,0.06786085,0.02291718,0.0,0.0,0.0,0.0,0.003124519,0.022137754,4.0808535E-4
2.0,depositBenthos,56.7563,792.61774,149.97092,2305.3965,4171.556,2.559679,3182.404,4914.266,1982.7919,0.0,0.0,0.0,0.0,459.83075,2797.8037,21.894411
2.0,suspensionBenthos,870.43,1856.3575,2098.05,22728.76,19738.338,188.11757,1575.553,4337.0215,7163.499,0.0,0.0,0.0,0.0,0.0,17030.959,269.29056
2.0,largeBenthos,1.0290163E-4,0.0,2.8319805E-4,5.4214406E-4,2.843734E-4,1.6465316E-5,0.0,0.0,2.2443659E-4,0.0,0.0,0.0,0.0,0.0,0.0013324425,3.874396E-5
2.0,veryLargeBenthos,334.43823,0.0,2.8082977E-6,826.1616,0.0,72.11473,0.0,0.0,0.0,0.0,0.0,0.0,0.0,0.0,2295.8818,94.53393
3.0,lesserSpottedDogfish,0.03449187,0.0,0.0,1.5720911,0.0,0.5568283,0.0,0.0,0.0,0.091527805,0.2711473,0.0,0.0,0.040051837,0.03478259,0.0
3.0,redMullet,2.3585556,0.011529204,0.5184503,16.288912,10.138825,3.1783204,0.021647656,0.11896598,0.27679282,1.6738572,0.18051536,0.024935743,0.42345947,0.60380334,1.1357379,5.0126863
3.0,pouting,0.4769963,1.618542E-6,0.7418879,40.041233,1.0728829,6.871709,0.0021414994,0.008638639,0.0072987285,4.994134,3.356406,0.006151098,0.046732105,1.8486147,0.0,15.308004
3.0,whiting,295.91867,2.3881644E-6,609.84814,20765.455,3235.212,257.06708,21.236382,27.605547,53.144936,3166.8638,1046.4136,99.60362,570.7745,3543.1658,0.0,194.52348
3.0,poorCod,761.23096,0.0,636.2645,8517.217,8751.587,209.38702,11.383159,26.901926,31.6224,4205.2427,534.00037,819.55853,239.61116,3209.132,0.0,248.06796
3.0,cod,3.87012E-5,0.0,9.4158883E-4,0.0023854289,0.0014365425,0.14931871,4.230382E-6,1.7912404E-5,3.9423623E-5,0.002156263,4.1271254E-4,1.2244438E-4,4.391899E-4,0.0022561653,0.0,1.008412
3.0,dragonet,55.199253,53.40688,112.6986,2379.4172,1160.3884,23.533127,62.585205,65.52544,189.00168,534.99414,99.337,60.930565,134.96826,209.13022,520.17303,18.209343
3.0,sole,80.23876,52.386433,290.74167,6400.7393,2307.646,68.90654,30.980005,115.753914,772.9506,400.92233,98.39812,22.270645,67.32711,202.35263,416.17157,36.690105
3.0,plaice,48.738613,88.12747,117.50864,2789.6714,1724.1196,37.292255,64.18704,195.2165,775.7312,423.6606,59.207703,376.1758,96.99647,277.23358,271.3178,30.971262
3.0,horseMackerel,84.74144,0.016216265,219.32397,13603.943,2008.2402,44.666103,77.34111,131.52083,109.160225,4964.0415,544.30914,129.12872,357.01144,1556.455,0.0,67.317154
3.0,mackerel,1.1595982,4.441211E-4,0.28181005,19.09255,3.9739175,3.984644,0.022122385,0.056598026,0.003753913,22.629711,11.711337,0.41239768,0.17121905,5.3775525,0.0,4.074776
3.0,herring,293.6923,0.0,22.693075,1105.988,105.95605,109.63924,0.0,0.0,6.5108856E-7,357.63763,180.95103,271.63098,22.845316,758.5811,0.0,74.655655
3.0,sardine,27.902328,1.2132193E-4,1.5576415,193.01369,3.011307,28.37135,0.03482097,0.08160566,0.008898593,20.775969,24.324211,0.334976,1.6064459,95.95953,0.0,13.260575
3.0,squids,149.43645,1.9159135,40.19925,503.8673,112.13466,22.556223,2.123623,1.7383276,3.9069352,299.50644,85.085815,6.970106,0.06518569,726.70734,0.0024684253,42.902245
3.0,cuttlefish,386.6469,106.865105,171.98132,3883.6807,2850.7917,45.917206,214.3639,130.84883,354.0809,0.0,0.0,0.0,0.0,0.0016288854,3485.7917,89.21246
3.0,thornbackRay,0.0,0.0,0.0,0.0,0.0,0.0,0.0,0.0,0.0,0.0,0.0,0.0,0.0,0.0,0.10797549,0.68849087
3.0,diatoms,0.0,0.0,0.0,0.0,0.0,0.0,0.0,0.0,0.0,0.0,0.0,8.725664,0.08804681,0.0,0.0,0.0
3.0,microPhytoplankton,0.0,0.0,0.0,0.0,0.0,0.0,0.0,0.0,0.0,0.0,0.0,4.6585636,0.050832585,0.0,0.0,0.0
3.0,heterotrophicFlagellates,0.0,0.0,0.0,0.0,0.0,0.0,0.0,0.0,0.0,0.0,0.0,0.3127116,0.01040406,0.0,0.0,0.0
3.0,microZooplankton,0.0,0.75480235,0.0,0.0,148.98517,0.0,511.01807,251.69638,325.27798,546.67163,0.04834254,906.91974,594.09845,0.0,0.0,0.0
3.0,mesoZooplankton,0.029863276,0.17221966,0.2178465,56.582043,166.42271,3.8765284E-5,19.01986,21.979359,12.070686,115.41887,7.036815,19.923967,43.493557,2.0347905,0.0,0.0
3.0,Macrozoo,71.22092,1.6164392,195.63803,5197.1914,9648.951,1.532084,89.37324,326.79282,396.4114,8122.747,890.2477,3346.0232,2549.2454,2840.8386,0.0,0.0
3.0,meioBenthos,7.905363E-6,0.0060522263,1.1536085E-4,0.02104759,0.06255546,3.4020325E-10,0.03379755,0.079788744,0.025350457,0.0,0.0,0.0,0.0,3.9649132E-4,0.025602862,7.3881424E-4
3.0,depositBenthos,61.749203,700.09753,166.69826,2964.754,6069.9434,1.1974913,2254.6384,5450.642,1911.1677,0.0,0.0,0.0,0.0,49.413784,2505.377,25.101574
3.0,suspensionBenthos,938.70776,2514.78,2181.1265,31808.457,29823.64,188.38223,2009.9045,4025.492,9053.628,0.0,0.0,0.0,0.0,0.0,10386.564,293.92245
3.0,largeBenthos,1.3466219E-4,0.0,3.324162E-4,9.899708E-4,7.9239096E-4,1.851755E-5,0.0,0.0,4.955917E-4,0.0,0.0,0.0,0.0,0.0,8.347293E-4,5.34419E-5
3.0,veryLargeBenthos,450.26315,0.0,1.2141738,759.6403,0.0,84.665565,0.0,0.0,0.0,0.0,0.0,0.0,0.0,0.0,1254.7415,106.36249
4.0,lesserSpottedDogfish,0.013680986,0.0,0.0,1.7153945,0.0,0.9545876,0.0,0.0,0.0,0.26622266,0.7524338,0.0,0.0,5.645147E-4,0.061670583,0.0
4.0,redMullet,1.746181,0.076258734,3.8925903,31.026588,14.644004,3.604216,0.047308743,0.16812694,5.6526155,1.001966,0.3948433,0.2685206,0.42228922,0.2845537,17.378748,5.4410276
4.0,pouting,0.86420333,3.1272528E-8,0.27654037,29.536531,1.5278034,12.171252,0.0016872853,0.0056848736,0.0044215377,2.752567,2.519495,0.047600865,0.03800333,0.8911347,0.0,12.141565
4.0,whiting,344.51422,3.5978112E-4,480.83115,22298.26,5175.178,387.6266,24.063019,40.407932,67.58725,3547.4336,835.91394,41.062866,294.54776,1596.6128,0.0,246.72928
4.0,poorCod,1105.551,0.0,740.42444,11616.715,17008.65,325.45724,37.56053,29.265451,44.298893,4932.9946,392.5024,571.25775,178.27551,1530.798,0.0,387.9651
4.0,cod,7.9001795E-5,0.0,7.021666E-5,0.017741987,0.0067478856,0.041882757,2.000346E-6,3.0293277E-5,7.713262E-5,0.004731519,0.0014585207,6.509808E-4,0.0011677684,0.0010795126,0.0,0.27909243
4.0,dragonet,46.58331,59.37275,66.44028,2096.7664,1742.2919,26.977266,28.326721,78.0721,241.80232,656.4773,54.630592,125.008865,92.36037,119.94331,377.5665,16.717762
4.0,sole,48.25283,66.67558,148.90184,7233.497,2340.241,64.602974,25.31367,148.8788,753.8204,515.49115,57.714188,23.334618,48.18699,60.788734,241.47398,34.512436
4.0,plaice,44.230953,109.668686,108.26299,3066.0417,2399.545,42.40235,51.176926,146.33748,747.0453,547.9387,46.341846,628.9359,63.325245,79.833626,177.87439,31.465534
4.0,horseMackerel,110.99503,0.004190878,119.28421,11435.56,3764.1675,47.217606,67.79312,95.05666,77.48958,4191.8975,364.804,41.492146,220.83188,690.82947,0.0,65.78675
4.0,mackerel,1.5933487,4.5772348E-4,0.5567062,24.48017,2.667478,4.499495,0.020786269,0.033661,0.005298947,23.061207,3.7544894,0.192968,0.11516422,7.938752,0.0,1.9929631
4.0,herring,222.17303,0.0,0.3950863,926.09564,44.627308,111.1756,0.059549782,0.0,0.22584775,174.88777,86.96652,80.63097,6.5455427,228.53275,0.0,62.257004
4.0,sardine,22.035093,0.0,2.0572417,86.53536,2.864111,18.851984,0.05477829,0.04807658,0.012864851,55.28706,13.88596,0.4823134,0.70439297,88.8735,0.0,9.388716
4.0,squids,36.807213,1.7713741,3.6953475,81.854645,24.701536,12.341169,1.7991233,1.8369349,2.8666396,89.59967,14.527697,1.7139132,4.488653E-4,45.781727,0.70525026,12.521259
4.0,cuttlefish,388.3994,100.10626,103.558,2958.2222,3569.6553,42.057743,117.43105,81.54835,164.32672,0.0,0.0,0.0,0.0,0.16400912,2087.1973,84.95555
4.0,thornbackRay,0.0,0.0,0.0,0.0,0.0,0.0,0.0,0.0,0.0,0.0,0.0,0.0,0.0,0.0,0.03168781,0.8955165
4.0,diatoms,0.0,0.0,0.0,0.0,0.0,0.0,0.0,0.0,0.0,0.0,0.0,1.3073647,0.075437404,0.0,0.0,0.0
4.0,microPhytoplankton,0.0,0.0,0.0,0.0,0.0,0.0,0.0,0.0,0.0,0.0,0.0,0.6773769,0.048346847,0.0,0.0,0.0
4.0,heterotrophicFlagellates,0.0,0.0,0.0,0.0,0.0,0.0,0.0,0.0,0.0,0.0,0.0,0.11460779,0.0071506836,0.0,0.0,0.0
4.0,microZooplankton,0.0,0.9923973,0.0,0.0,237.6681,0.0,490.32693,255.05276,348.77255,489.23828,0.03056021,786.4663,394.5608,0.0,0.0,0.0
4.0,mesoZooplankton,0.0947452,0.26703015,0.35225552,54.28737,198.2568,8.285924E-5,19.543955,19.791029,10.479512,92.648186,4.275675,15.477773,26.607311,0.330545,0.0,0.0
4.0,Macrozoo,66.95519,2.6906838,174.29762,5706.171,12867.742,0.22978656,124.879364,310.2606,391.399,7406.6304,549.94183,2973.1228,1677.2815,787.73975,0.0,0.0
4.0,meioBenthos,1.1802973E-5,0.007814845,1.0228839E-4,0.021653768,0.08538395,3.3382173E-9,0.030746182,0.07887191,0.02528792,0.0,0.0,0.0,0.0,3.803001E-4,0.019840132,5.4600247E-4
4.0,depositBenthos,53.67102,763.9934,137.32576,3455.9993,8314.06,0.16205825,1825.4532,5353.976,1822.0166,0.0,0.0,0.0,0.0,14.562922,2037.9214,29.5552
4.0,suspensionBenthos,804.52374,3043.2227,1818.5283,37309.137,41778.074,192.953,2003.5206,3682.8508,10440.433,0.0,0.0,0.0,0.0,0.0,9537.135,329.4284
4.0,largeBenthos,1.2183762E-4,0.0,2.6734747E-4,0.00160857,0.0012488636,1.9076771E-5,0.0,5.5336972E-8,7.7671855E-4,0.0,0.0,0.0,0.0,0.0,7.199956E-4,7.1830924E-5
4.0,veryLargeBenthos,447.38525,0.0,26.114548,851.86334,2.0914109E-5,88.203186,0.0,0.0,0.0,0.0,0.0,0.0,0.0,0.0,579.4007,129.56874
5.0,lesserSpottedDogfish,0.01656239,0.0,0.0,1.0314121,0.0,0.80845153,0.0,0.0,0.0,0.5173976,0.6502237,0.0,0.0,0.012006056,0.023143431,0.0
5.0,redMullet,3.6722503,0.0024732703,2.8497965,28.612726,33.20564,3.8480377,0.03951949,0.18968818,2.64193,2.7747977,0.08210538,0.025449304,0.36876577,0.035901185,2.026461,4.9384937
5.0,pouting,1.6100538,1.3187113E-5,0.14794925,27.728188,2.6263397,16.443357,0.0011259054,0.004110637,0.0065019177,3.6649127,2.2991297,0.008591273,0.024779407,2.3786125,0.0,11.18468
5.0,whiting,384.21564,0.0011521559,514.36127,23993.988,7121.8,474.0721,25.939878,32.00603,66.80137,3222.7947,564.11066,16.129921,232.5069,1058.7947,0.0,321.9888
5.0,poorCod,1207.4218,0.0,711.08295,12965.3955,21564.785,454.4395,23.396395,46.236908,89.721275,5035.3623,351.6946,461.78787,206.56795,2965.6272,0.0,514.1029
5.0,cod,4.6066917E-4,0.0,0.001968138,0.015504077,0.018251188,0.01477016,2.0371344E-5,3.797136E-5,1.0099339E-4,0.013537625,0.0038369775,6.020753E-4,6.3260825E-4,0.015029919,0.0,1.6655332E-4
5.0,dragonet,27.253656,21.487934,35.067707,1462.3174,1315.3442,20.847937,13.341911,34.984222,102.58267,443.08838,21.367664,35.304085,28.829376,75.4814,116.49984,13.166053
5.0,sole,62.888874,58.597504,147.41144,6782.0957,3153.571,77.02437,15.992347,127.160034,874.0521,542.01324,45.149742,11.948309,28.378315,38.60374,128.89812,41.1081
5.0,plaice,44.803085,190.55229,117.932526,4137.9897,3840.4194,40.465862,62.754684,180.79964,905.6844,597.3021,50.73249,332.53714,53.417812,133.80435,37.582172,33.488457
5.0,horseMackerel,161.83885,0.0049769627,193.54486,9387.888,4340.134,62.815083,38.84399,109.438866,122.7668,3235.1968,184.93828,33.96757,159.17307,793.42365,0.0,74.3972
5.0,mackerel,0.5962369,4.3602035E-4,0.29705867,12.3942585,4.0191755,3.2231627,0.004919284,0.020648325,0.005250236,13.060423,2.9974606,0.022238571,0.05371742,2.8225865,0.0,1.5378197
5.0,herring,148.0121,0.0,0.034610204,346.77228,5.1459007,76.960304,0.0,0.0,0.36125842,92.385864,42.225803,25.001152,1.8156259,37.252304,0.0,44.591187
5.0,sardine,12.834023,2.7668193E-6,0.34027952,43.46145,5.7551155,25.6176,0.024274185,0.031191736,0.0117173325,23.258453,5.9435015,0.16110955,0.37847054,24.54823,0.0,8.265418
5.0,squids,102.61086,9.707887,52.676697,432.16495,786.7067,16.995375,9.629745,6.5328293,56.384724,472.2167,37.09477,27.720686,0.66617,222.72575,0.31218344,27.986168
5.0,cuttlefish,280.4473,105.91407,107.15797,1860.4142,4269.864,30.864204,72.82994,70.34942,179.81926,0.0,0.0,0.0,0.0,0.0029718552,1221.724,72.53128
5.0,thornbackRay,0.0,0.0,0.0,0.0,0.0,0.0,0.0,0.0,0.0,0.0,0.0,0.0,0.0,0.0,0.07235299,0.8372948
5.0,diatoms,0.0,0.0,0.0,0.0,0.0,0.0,0.0,0.0,0.0,0.0,0.0,0.05756901,0.022650797,0.0,0.0,0.0
5.0,microPhytoplankton,0.0,0.0,0.0,0.0,0.0,0.0,0.0,0.0,0.0,0.0,0.0,0.029768152,0.013899398,0.0,0.0,0.0
5.0,heterotrophicFlagellates,0.0,0.0,0.0,0.0,0.0,0.0,0.0,0.0,0.0,0.0,0.0,0.015573991,0.003290918,0.0,0.0,0.0
5.0,microZooplankton,0.0,1.2238235,0.0,0.0,363.4299,0.0,274.9983,205.3585,429.9234,339.91547,0.021800213,613.1651,302.1832,0.0,0.0,0.0
5.0,mesoZooplankton,0.12980977,0.22955215,0.35455376,51.762444,211.80444,1.9095941E-4,11.66171,19.854263,13.550174,90.14809,2.9833267,10.683658,20.59985,3.9216244,0.0,0.0
5.0,Macrozoo,60.60255,2.7653294,194.9649,5768.2197,14013.37,0.008071356,81.23501,371.1964,505.4329,7115.946,375.27786,2252.8308,1217.2389,1560.507,0.0,0.0
5.0,meioBenthos,1.5153067E-5,0.008473785,1.4816315E-4,0.02035604,0.08853203,8.351181E-9,0.02068139,0.07634476,0.026161121,0.0,0.0,0.0,0.0,0.001467834,0.016380893,0.0010006096
5.0,depositBenthos,48.213882,827.7954,143.13605,3474.1204,9241.108,8.6213945E-4,1343.658,5500.438,1855.2483,0.0,0.0,0.0,0.0,143.76788,1618.3087,36.524635
5.0,suspensionBenthos,745.99304,3423.0542,1885.8947,37093.78,53945.082,194.28096,1469.7721,3540.519,11136.256,0.0,0.0,0.0,0.0,0.0,5970.275,392.07327
5.0,largeBenthos,1.2664624E-4,0.0,2.7264774E-4,0.0018185084,0.001850317,1.9812338E-5,0.0,2.1498386E-7,9.1179035E-4,0.0,0.0,0.0,0.0,0.0,5.2670576E-4,9.976794E-5
5.0,veryLargeBenthos,445.9209,0.0,21.25748,1133.1132,0.052439183,92.44689,0.0,0.0,0.0,0.0,0.0,0.0,0.0,0.0,934.6383,168.8243
6.0,lesserSpottedDogfish,0.013350973,0.0,0.0,0.6685617,0.0,1.0798343,0.0,0.0,0.0,1.314076,0.35287705,0.0,0.0,0.042305928,0.03266916,0.0
6.0,redMullet,4.9294367,0.24545139,2.108318,24.286304,15.658162,3.6238341,0.03351061,0.32289335,1.8764689,1.922204,0.18442772,0.020195618,0.28777897,1.8023813,14.100428,4.1804657
6.0,pouting,0.5516645,6.7882384E-6,0.2387528,28.35308,1.6368383,24.423277,0.0016993473,0.005152171,0.0064354497,3.8867579,5.105986,0.015193365,0.018060507,5.4666796,0.0,12.873137
6.0,whiting,397.16214,3.433271E-4,542.508,24092.19,5322.299,464.30182,18.957256,38.828484,54.458275,2581.604,384.31442,15.317543,159.85732,2136.2185,0.0,391.64114
6.0,poorCod,1306.8102,0.0,678.9326,15568.607,21850.611,533.5655,18.73218,40.001026,80.4644,4436.493,307.70502,396.22998,186.928,3865.8708,0.0,646.26416
6.0,cod,9.9436416E-5,0.0,0.009108959,0.06687952,0.036091596,0.007003493,3.900993E-5,2.9002363E-4,2.6825996E-4,0.034389354,0.011805746,0.0020460556,0.0016536871,0.029622233,0.0,7.94374E-4
6.0,dragonet,23.980074,18.844912,34.424843,948.383,741.1306,17.229614,2.2603238,20.644133,154.249,219.04295,14.450752,15.280158,21.580519,91.08417,128.16467,11.93528
6.0,sole,48.087128,77.479004,208.96297,5449.39,2692.2776,94.175735,6.3440895,158.15048,954.1621,273.0331,32.61432,3.9417174,20.90291,125.7285,55.31338,52.800674
6.0,plaice,46.35145,213.57968,150.68631,3510.9832,3527.2668,49.055393,9.509505,205.35367,1049.1584,558.6715,34.65671,200.88924,29.378862,246.28906,90.798515,37.838387
6.0,horseMackerel,130.16045,0.10733479,149.85887,9164.995,3251.8247,83.28006,16.754166,56.093548,68.98301,3044.327,136.17921,12.823828,104.94323,1219.7897,0.0,82.28921
6.0,mackerel,0.34528354,0.0011520159,0.36462194,5.2771244,2.0314944,4.2866282,0.0044182846,0.0131987035,9.6392934E-4,7.7840686,1.7891026,0.15055135,0.02627141,6.9750443,0.0,1.1148859
6.0,herring,97.59775,0.0,0.14957134,163.1785,17.18696,44.74451,2.1468506E-7,0.0,0.35331342,44.92918,17.267546,5.552125,0.7750438,85.39827,0.0,33.924236
6.0,sardine,7.528798,4.3608514E-13,0.12584864,30.27371,4.206,21.211344,0.015230689,0.028551789,0.0058294497,6.889701,4.1287766,0.48608527,0.20964786,49.259453,0.0,6.2278585
6.0,squids,136.33098,13.392187,20.523514,370.3253,249.85359,29.148336,4.859304,7.497553,30.903414,338.9275,27.493263,23.816969,0.14504765,491.65152,0.5842413,47.549274
6.0,cuttlefish,227.8675,101.23307,79.11548,1924.5822,2438.5464,45.98367,27.565168,95.06752,398.13382,0.0,0.0,0.0,0.0,0.20336637,854.20184,86.63505
6.0,thornbackRay,0.0,0.0,0.0,0.0,0.0,0.0,0.0,0.0,0.0,0.0,0.0,0.0,0.0,0.0,0.0012188385,0.84635985
6.0,diatoms,0.0,0.0,0.0,0.0,0.0,0.0,0.0,0.0,0.0,0.0,0.0,0.043791912,0.03376785,0.0,0.0,0.0
6.0,microPhytoplankton,0.0,0.0,0.0,0.0,0.0,0.0,0.0,0.0,0.0,0.0,0.0,0.02554088,0.019697765,0.0,0.0,0.0
6.0,heterotrophicFlagellates,0.0,0.0,0.0,0.0,0.0,0.0,0.0,0.0,0.0,0.0,0.0,0.01467969,0.0045538475,0.0,0.0,0.0
6.0,microZooplankton,0.0,1.2654386,0.0,0.0,422.2828,0.0,145.22021,243.50687,425.24377,369.95682,0.012729359,452.9201,166.57419,0.0,0.0,0.0
6.0,mesoZooplankton,0.063216545,0.2109451,0.36614043,50.635254,224.95934,6.502695E-4,10.625473,19.49522,12.569123,89.317116,2.4402716,9.148716,18.187542,2.3969522,0.0,0.0
6.0,Macrozoo,54.46743,2.49242,202.6984,5763.2637,14335.743,0.03272323,119.353165,381.22122,482.85556,6793.0454,288.71466,1607.7964,980.6103,2157.8235,0.0,0.0
6.0,meioBenthos,1.500465E-5,0.007532437,1.333156E-4,0.019657355,0.09235949,3.1616747E-8,0.018345702,0.07966313,0.027588902,0.0,0.0,0.0,0.0,0.0012353163,0.01506948,8.8916044E-4
6.0,depositBenthos,43.283268,793.18585,147.90135,3300.9526,9218.495,0.0034451836,1081.8839,5880.1587,1900.5381,0.0,0.0,0.0,0.0,78.93672,1487.6262,44.982384
6.0,suspensionBenthos,696.01373,3765.7205,1963.3135,35340.297,50685.004,205.4893,449.7499,3427.7803,11595.189,0.0,0.0,0.0,0.0,0.0,6427.4126,489.62115
6.0,largeBenthos,1.2275453E-4,0.0,2.7743285E-4,0.0017249917,0.0017071252,2.2504384E-5,0.0,6.280135E-7,9.670531E-4,0.0,0.0,0.0,0.0,0.0,4.752865E-4,1.02716236E-4
6.0,veryLargeBenthos,392.14847,0.0,23.725788,1315.2655,0.08482301,104.39376,0.0,0.0,0.0,0.0,0.0,0.0,0.0,0.0,529.822,214.27417
7.0,lesserSpottedDogfish,0.018081598,0.0,0.0,0.8792326,0.0,1.6678861,0.0,0.0,0.0,1.0630506,0.385427,0.0,0.0,0.06335874,0.011107142,0.0
7.0,redMullet,5.0745745,0.21085027,4.6226377,24.696537,14.543739,4.83346,0.0084515065,0.61096585,4.743808,2.3422225,0.1834761,1.721536,0.23767251,0.9156577,16.541187,3.5953836
7.0,pouting,1.6715794,1.3467679E-6,0.12680162,25.336525,1.5415076,27.810085,4.1248498E-4,0.0062660114,0.0072055985,7.449127,2.2183309,0.033277676,0.042137433,16.625145,0.0,14.798225
7.0,whiting,380.3977,0.016765563,459.9286,23745.346,4771.0767,610.96826,0.36105338,66.54205,45.36094,2964.8086,396.4617,5.525533,150.86678,1485.5303,0.0,511.03162
7.0,poorCod,1275.7511,0.0,820.1445,14065.022,22695.78,501.68842,0.5624933,45.461487,94.57293,4897.1763,280.64325,305.1884,123.02153,2479.041,0.0,814.23553
7.0,cod,0.0038296862,0.0,0.0023003558,0.11720611,0.10816503,0.0026316768,2.0127804E-6,1.9060855E-4,2.260829E-4,0.09942855,0.022024816,0.0019631016,0.0030347998,0.07517308,0.0,0.0023814929
7.0,dragonet,11.721771,2.6094685,21.241625,280.37482,114.31715,6.5370555,0.037348457,3.9675205,44.33377,45.756714,3.9947379,3.9640949,2.5725956,29.164728,37.869614,6.1087704
7.0,sole,47.900093,104.58926,203.18103,6646.7495,3543.363,94.19849,0.56033516,182.07895,1192.8762,458.5803,36.372,6.0834737,17.865257,132.943,141.11354,68.80129
7.0,plaice,39.153683,183.79095,134.88011,4802.1445,4045.3247,53.629414,0.7345653,154.8776,1028.4275,641.8129,46.703506,171.90762,33.003494,109.759575,90.372055,41.900948
7.0,horseMackerel,115.725464,0.09028849,156.81787,11862.549,3609.4893,80.808365,2.4031591,95.66631,87.22122,2937.4814,146.90358,9.545427,106.95111,739.44824,0.0,101.16092
7.0,mackerel,1.3223152,1.9426613E-4,0.088312216,10.658174,1.3265156,4.37796,3.5854432E-4,0.02109272,0.0019903025,7.975091,1.7008922,0.12479978,0.01770997,2.2424846,0.0,1.6230168
7.0,herring,68.200485,0.0,0.2986279,126.21591,9.856858,38.850983,0.0,0.0,0.09293333,44.28599,12.829896,6.300174,0.4392586,85.30122,0.0,27.14708
7.0,sardine,11.995039,1.989068E-6,0.913893,18.362333,6.0839434,11.677919,0.0011682854,0.026970133,0.007358145,13.266821,4.227981,0.20696564,0.23262528,65.01231,0.0,7.382312
7.0,squids,51.83448,3.7672844,10.054181,139.26064,83.48527,20.718067,0.076095395,2.945356,12.0686245,126.98847,13.820548,3.163411,0.06259584,186.70052,0.7457816,28.18761
7.0,cuttlefish,272.53397,62.90535,109.067696,2250.4062,3024.2832,47.69707,3.705787,88.66861,288.21912,0.0,0.0,0.0,0.0,0.0019959589,1275.5653,124.06479
7.0,thornbackRay,0.0,0.0,0.0,0.0,0.0,0.0,0.0,0.0,0.0,0.0,0.0,0.0,0.0,0.0,0.06456403,0.91449344
7.0,diatoms,0.0,0.0,0.0,0.0,0.0,0.0,0.0,0.0,0.0,0.0,0.0,0.098072186,0.036062405,0.0,0.0,0.0
7.0,microPhytoplankton,0.0,0.0,0.0,0.0,0.0,0.0,0.0,0.0,0.0,0.0,0.0,0.041828908,0.02168567,0.0,0.0,0.0
7.0,heterotrophicFlagellates,0.0,0.0,0.0,0.0,0.0,0.0,0.0,0.0,0.0,0.0,0.0,0.015274314,0.0041066334,0.0,0.0,0.0
7.0,microZooplankton,0.0,1.3762492,0.0,0.0,351.33612,0.0,14.201492,228.90596,511.28897,448.20343,0.014071255,313.65848,159.04614,0.0,0.0,0.0
7.0,mesoZooplankton,0.16535486,0.32417828,0.45443547,49.19996,231.76437,0.0014667053,2.9808285,22.296114,15.875967,92.53426,3.1829016,7.8428974,14.738665,0.6183966,0.0,0.0
7.0,Macrozoo,54.055695,2.2445655,223.63371,5868.891,15025.134,0.076271586,36.292843,437.60388,561.74036,6911.214,308.08197,1231.8652,836.6266,1303.3983,0.0,0.0
7.0,meioBenthos,1.2728832E-5,0.0077400706,1.12395624E-4,0.018558532,0.09451716,1.0621179E-7,0.010151978,0.08315687,0.025463488,0.0,0.0,0.0,0.0,5.3204497E-4,0.014630659,0.0011482213
7.0,depositBenthos,41.34108,816.715,161.91478,3354.2703,9507.675,0.012565929,628.76715,6271.3975,1910.608,0.0,0.0,0.0,0.0,27.61259,1568.073,54.613224
7.0,suspensionBenthos,675.00574,4084.962,2073.278,36999.0,50987.855,194.9318,11.824422,3399.8467,12235.364,0.0,0.0,0.0,0.0,0.0,7393.0317,592.3835
7.0,largeBenthos,1.2235444E-4,0.0,2.9962382E-4,0.001829244,0.0016260428,2.1907143E-5,0.0,8.370525E-7,0.0010561665,0.0,0.0,0.0,0.0,0.0,7.1319117E-4,1.0890125E-4
7.0,veryLargeBenthos,370.74197,0.0,14.344549,1642.4884,0.0013005342,101.785934,0.0,0.0,0.0,0.0,0.0,0.0,0.0,0.0,1522.9003,263.7839
8.0,lesserSpottedDogfish,0.018050319,0.0,0.0,0.76760375,0.0,2.6874056,0.0,0.0,3.184195E-8,2.5195582,0.27723274,0.0,0.0,9.7314204E-4,0.04362907,0.0
8.0,redMullet,1.6839744,0.40137362,9.152789,40.37748,22.236301,6.3388376,0.047598377,0.7119072,6.3605146,2.4750257,0.45480487,0.27747217,0.27643615,0.45874122,3.0293877,3.6619089
8.0,pouting,0.47218254,6.4605656E-6,0.54156697,21.550503,2.0330975,30.346947,6.913375E-4,0.0035302748,0.008799857,5.4811544,1.483421,0.022006134,0.00998294,5.594496,0.0,17.393707
8.0,whiting,345.48206,8.261746E-4,564.84644,23806.309,5047.7593,651.2086,1.2604662,35.223793,52.932972,2636.718,415.02563,11.911189,126.882164,1413.8059,0.0,654.5375
8.0,poorCod,1246.1627,0.0,783.8209,15231.638,21826.77,485.20786,2.173166,44.798264,168.58615,4735.9897,282.86038,185.82356,165.84853,1840.3093,0.0,990.42896
8.0,cod,0.0024769234,0.0,0.012165096,0.16179702,0.037905224,0.006976974,2.643858E-5,1.5395792E-4,3.5544316E-4,0.13695422,0.008725894,9.743988E-4,0.0020674674,0.043098174,0.0,0.0019859904
8.0,dragonet,12.618592,0.14787985,23.60195,310.09537,179.1857,6.3161306,0.050670594,0.53776455,59.63763,59.024364,3.5308068,0.71338516,4.6597953,21.382193,31.663744,7.9457946
8.0,sole,47.941837,190.82933,289.64062,6852.159,2994.1865,98.21901,0.74324507,170.19156,1110.9104,364.38998,33.074337,8.023767,11.645328,125.95651,87.077545,79.63873
8.0,plaice,39.81191,280.5327,182.21521,5588.8555,4029.1182,47.177002,2.5801852,252.10057,1470.9248,774.3581,39.581104,145.56902,35.315533,104.52364,61.541843,65.17627
8.0,horseMackerel,112.866135,0.41396862,215.41458,10279.896,2593.9011,84.79891,2.219754,67.0346,105.02847,3253.029,171.70404,7.593934,55.830833,781.39417,0.0,137.09296
8.0,mackerel,0.38523546,5.058181E-4,0.28012782,5.301685,1.1886319,6.9992757,0.0028207013,0.016907208,0.0030540628,6.7872934,1.6480017,0.06346616,0.029382436,8.85597,0.0,1.8175206
8.0,herring,53.229836,0.0,0.2370081,54.00053,5.1921935,26.613716,0.0,0.0,0.12261218,25.772228,5.4983907,3.4003422,0.20122507,76.735466,0.0,21.520748
8.0,sardine,8.454124,0.0,0.15574595,15.066516,3.7953334,14.573514,0.0067344108,0.022732504,0.008520033,17.781126,5.3971844,0.06613782,0.22180389,27.124508,0.0,8.900597
8.0,squids,47.242767,8.562168,24.799755,321.7345,312.81592,24.492954,0.829053,8.186346,16.824318,274.38016,31.890034,9.544385,0.023096535,167.5679,1.0101447,33.892124
8.0,cuttlefish,214.86705,77.167206,115.35507,2110.1604,2823.8076,41.281975,6.838519,84.64871,291.32474,0.0,0.0,0.0,0.0,0.2251894,873.0153,136.26335
8.0,thornbackRay,0.0,0.0,0.0,0.0,0.0,0.0,0.0,0.0,0.0,0.0,0.0,0.0,0.0,0.0,0.049560368,0.95193774
8.0,diatoms,0.0,0.0,0.0,0.0,0.0,0.0,0.0,0.0,0.0,0.0,0.0,0.05204589,0.03129734,0.0,0.0,0.0
8.0,microPhytoplankton,0.0,0.0,0.0,0.0,0.0,0.0,0.0,0.0,0.0,0.0,0.0,0.026644073,0.018791754,0.0,0.0,0.0
8.0,heterotrophicFlagellates,0.0,0.0,0.0,0.0,0.0,0.0,0.0,0.0,0.0,0.0,0.0,0.009203597,0.0035992847,0.0,0.0,0.0
8.0,microZooplankton,0.0,2.1647282,0.0,0.0,364.44443,0.0,19.548075,210.09128,607.12415,395.05762,0.016552404,205.43948,123.349365,0.0,0.0,0.0
8.0,mesoZooplankton,0.06934043,0.48008642,0.40822074,48.43611,223.1715,0.0015228584,4.6063266,21.77754,16.478666,87.62037,3.1255565,6.2953463,13.997598,1.807722,0.0,0.0
8.0,Macrozoo,52.735035,4.939808,254.88628,5871.9766,15070.743,0.06276059,59.943855,418.60117,636.7982,6877.725,306.29935,926.9753,785.53485,1254.6892,0.0,0.0
8.0,meioBenthos,9.935032E-6,0.006753894,1.5829204E-4,0.017028699,0.09132885,1.04752154E-7,0.009829493,0.079182886,0.031027295,0.0,0.0,0.0,0.0,0.0011048798,0.015666652,0.0010565346
8.0,depositBenthos,38.894512,754.0148,177.04381,3280.7842,9383.33,0.012247507,612.20605,6047.114,2182.503,0.0,0.0,0.0,0.0,76.05664,1544.1534,65.41507
8.0,suspensionBenthos,636.38696,4046.3984,2312.987,37136.406,49265.664,195.75871,24.946733,3290.3003,12438.651,0.0,0.0,0.0,0.0,0.0,5732.8867,695.13635
8.0,largeBenthos,1.1711886E-4,0.0,2.9532E-4,0.0018665161,0.0016588201,2.3303053E-5,0.0,9.911068E-7,0.0011653032,0.0,0.0,0.0,0.0,0.0,4.6397903E-4,1.14344904E-4
8.0,veryLargeBenthos,336.59756,0.0,21.665844,1753.1106,5.2704883E-4,108.68653,0.0,0.0,4.0173222E-4,0.0,0.0,0.0,0.0,0.0,868.33856,323.25055
9.0,lesserSpottedDogfish,0.021456832,0.0,0.0,0.58942777,0.0,2.0840669,0.0,0.0,9.343087E-4,1.7059273,0.32561988,0.0,0.0,0.10814842,0.0270973,0.0
9.0,redMullet,3.1896896,0.43752468,7.555646,22.893637,31.813692,8.051289,0.011791255,0.35150227,5.8438406,2.2245378,0.07995945,1.1512286E-4,0.23925667,0.5900476,7.560987,6.8948727
9.0,pouting,1.8981408,2.6642764E-8,0.78357816,17.409582,1.4281442,39.59442,7.624425E-4,0.0062920838,0.008989791,7.566263,1.3954657,0.004653835,0.00981157,5.377595,0.0,24.950832
9.0,whiting,363.25378,3.1052218E-4,705.02905,23587.49,4248.7188,610.8928,0.92361146,35.62496,62.893604,2421.9255,433.26157,11.096414,173.05136,2226.8284,0.0,782.93353
9.0,poorCod,991.7652,0.0,969.7757,15323.293,20175.678,540.1531,1.6699842,56.91207,114.87289,5003.3086,288.57422,170.45807,122.33524,3318.1157,0.0,1179.0734
9.0,cod,0.0019078647,0.0,0.07263239,0.14573386,0.045272343,0.0031570944,0.0,3.6705003E-4,3.6079527E-4,0.06687818,0.008551195,9.2935737E-4,0.0017278902,0.07890902,0.0,0.0040894556
9.0,dragonet,10.743216,2.9837213,20.894154,311.73105,130.88013,5.63993,0.075061984,0.9541448,54.99299,70.01278,3.5157125,0.6612393,2.9881892,27.300821,43.005768,9.007294
9.0,sole,39.279537,171.13063,236.10805,6108.8794,2538.4377,93.833664,0.7594718,177.22922,1266.1133,468.62158,32.66602,5.0283837,15.056114,118.574165,64.68948,94.77489
9.0,plaice,40.178387,243.23524,202.50282,4914.7837,4364.5728,46.696957,1.2332145,218.19247,1124.0447,739.2293,44.988735,109.70895,34.68219,277.75998,122.417305,65.31868
9.0,horseMackerel,115.89707,0.027460719,278.94333,9875.463,3326.538,90.20849,5.819486,97.00207,67.314514,3156.8975,202.76808,0.9772879,100.03115,1568.4551,0.0,154.68307
9.0,mackerel,0.35834375,2.863052E-4,0.25700518,3.5213878,1.4426296,4.7696147,7.2090456E-4,0.020328758,0.0032425192,3.9258847,1.2248256,0.042162597,0.026708351,7.0562167,0.0,1.733837
9.0,herring,28.879908,0.0,0.64040774,67.41916,13.496701,26.49048,1.1934927E-5,0.0,0.053110875,31.878162,6.6440563,3.4009116,0.4889912,36.500843,0.0,21.227268
9.0,sardine,3.3735998,3.812274E-8,0.20938447,14.229825,2.0162492,14.213474,0.0026031302,0.019196948,0.0055607143,8.712358,1.407841,0.07245594,0.21176456,11.602504,0.0,9.314878
9.0,squids,77.83287,8.38195,63.44906,361.11478,409.04654,28.077465,0.035478074,8.203428,31.499823,351.2164,41.249615,13.833957,0.21014473,379.21344,1.4583215,74.98834
9.0,cuttlefish,205.67421,49.32862,167.63618,1953.5106,3281.5718,38.8202,3.854156,65.30164,241.47781,0.0,0.0,0.0,0.0,4.773395E-4,1431.1884,179.0746
9.0,thornbackRay,0.0,0.0,0.0,0.0,0.0,0.0,0.0,0.0,0.0,0.0,0.0,0.0,0.0,0.0,0.056822672,1.0557376
9.0,diatoms,0.0,0.0,0.0,0.0,0.0,0.0,0.0,0.0,0.0,0.0,0.0,0.06347117,0.017954119,0.0,0.0,0.0
9.0,microPhytoplankton,0.0,0.0,0.0,0.0,0.0,0.0,0.0,0.0,0.0,0.0,0.0,0.0346555,0.010880695,0.0,0.0,0.0
9.0,heterotrophicFlagellates,0.0,0.0,0.0,0.0,0.0,0.0,0.0,0.0,0.0,0.0,0.0,0.015543494,0.0033968235,0.0,0.0,0.0
9.0,microZooplankton,0.0,1.2049488,0.0,0.0,333.91013,0.0,18.299541,189.77371,584.9729,363.9245,0.014555134,144.52393,66.72282,0.0,0.0,0.0
9.0,mesoZooplankton,0.15592735,0.36299217,0.5177002,49.390556,223.39088,0.001044759,3.6550694,21.725899,15.250435,96.99099,3.056006,5.652352,14.162428,3.7091377,0.0,0.0
9.0,Macrozoo,49.36196,2.401028,294.60663,5972.2803,14387.498,0.045240693,39.590942,410.75388,550.0023,7246.512,304.5936,746.9854,728.2242,2112.6519,0.0,0.0
9.0,meioBenthos,1.0526529E-5,0.00932698,1.5039062E-4,0.018626409,0.08748256,5.729614E-8,0.009864618,0.080280386,0.029352635,0.0,0.0,0.0,0.0,0.0011723615,0.015295517,0.0012993076
9.0,depositBenthos,37.156498,880.2758,202.75926,3390.7786,8912.946,0.006788991,587.1959,6075.4634,2100.0732,0.0,0.0,0.0,0.0,89.713615,1635.9996,77.12696
9.0,suspensionBenthos,585.69855,4105.2427,2679.986,38569.547,49575.195,169.99808,23.300522,3189.584,12982.283,0.0,0.0,0.0,0.0,0.0,7621.575,832.1327
9.0,largeBenthos,1.2024388E-4,0.0,3.378768E-4,0.00194659,0.0015306073,2.080724E-5,0.0,1.0748892E-6,0.00124195,0.0,0.0,0.0,0.0,0.0,6.1972457E-4,1.2262273E-4
9.0,veryLargeBenthos,312.79333,0.0,30.331924,1845.6006,3.0090445E-5,97.53976,0.0,0.0,0.0027684155,0.0,0.0,0.0,0.0,0.0,986.6365,380.28717
10.0,lesserSpottedDogfish,0.037329204,0.0,0.0,0.493495,0.0,1.6671118,0.0,0.0,0.028358376,0.9310068,0.18767813,0.0,0.0,0.13430123,0.02194769,0.0
10.0,redMullet,3.596495,0.17948875,1.6020713,29.308977,23.458153,7.786116,0.009213545,0.30505317,3.4174342,1.8923185,0.31456262,9.101981E-4,0.25964275,1.6610847,9.781825,9.34037
10.0,pouting,1.6967535,2.9169822E-9,1.6966858,24.801813,4.1193857,44.61511,0.0011205825,0.007774608,0.009191612,7.9643707,2.0968597,0.044857945,0.02029912,13.959524,0.0,31.800848
10.0,whiting,338.5794,9.0117456E-4,733.62885,22058.303,5285.562,574.04614,0.9145031,22.555079,55.30549,2636.2986,367.62473,5.7207117,108.95054,2809.1118,0.0,885.1344
10.0,poorCod,727.35864,0.0,1270.1827,14129.413,20382.404,530.47815,0.7284504,45.779167,117.74618,5130.3184,249.24701,219.80437,121.20478,4783.8174,0.0,1402.0981
10.0,cod,0.0011057116,0.0,0.0024273526,0.09715362,0.09795934,0.0060937754,1.5316858E-5,3.1149786E-4,6.2846486E-4,0.08717111,0.0039301296,0.0015180556,0.0036288546,0.10673529,0.0,0.0034870568
10.0,dragonet,5.450172,1.7886508,11.756594,206.82689,87.18839,3.9693313,0.026658457,1.2647921,39.446194,34.704666,2.7604737,2.170609,1.8060846,30.429914,74.67095,7.775191
10.0,sole,32.849766,129.11926,215.38487,5823.8477,2745.711,68.08776,0.8394951,155.6917,1182.2268,330.59616,20.054127,5.9715195,9.551273,149.58235,103.959236,93.645996
10.0,plaice,28.598524,208.92488,226.1889,5084.93,3790.2878,49.25366,3.6817105,218.77673,1274.9326,853.23096,42.428963,82.5271,59.526035,303.02213,101.54566,66.62815
10.0,horseMackerel,92.32085,0.09801646,346.74716,7973.4595,3777.7856,112.79113,3.6149278,90.720184,62.580788,3418.7458,197.39813,12.994626,69.88705,939.84204,0.0,206.73154
10.0,mackerel,0.0847064,4.704143E-4,0.25895807,3.7598355,4.9755177,5.251278,9.852612E-4,0.018123224,0.0041473163,4.695726,3.2986379,0.041651167,0.029919907,10.3171215,0.0,1.3751247
10.0,herring,22.63591,0.0,6.4001136,167.84267,83.38681,25.176992,0.0,0.0,0.72064644,67.850075,14.322334,15.908386,1.3507161,192.5587,0.0,38.303974
10.0,sardine,3.1860273,5.359065E-5,0.2732361,12.528237,4.980585,10.193868,0.0013729706,0.021543335,0.009158632,8.434577,3.1015718,0.19506352,0.1467719,26.279043,0.0,10.0964155
10.0,squids,94.45135,13.412772,116.85241,1002.2231,655.6605,61.700775,0.19329639,9.397496,53.728466,576.6029,84.32212,15.010915,1.9044175,884.0333,1.6747066,150.30403
10.0,cuttlefish,139.82138,88.59328,120.020905,2691.1902,3063.8726,41.817173,4.0886455,108.84803,345.70584,0.0,0.0,0.0,0.0,0.48472273,1378.6646,219.65944
10.0,thornbackRay,0.0,0.0,0.0,0.0,0.0,0.0,0.0,0.0,0.0,0.0,0.0,0.0,0.0,0.0,0.05066053,1.1454886
10.0,diatoms,0.0,0.0,0.0,0.0,0.0,0.0,0.0,0.0,0.0,0.0,0.0,0.8016412,0.026336394,0.0,0.0,0.0
10.0,microPhytoplankton,0.0,0.0,0.0,0.0,0.0,0.0,0.0,0.0,0.0,0.0,0.0,0.3903181,0.014632492,0.0,0.0,0.0
10.0,heterotrophicFlagellates,0.0,0.0,0.0,0.0,0.0,0.0,0.0,0.0,0.0,0.0,0.0,0.07209216,0.0028487004,0.0,0.0,0.0
10.0,microZooplankton,0.0,1.3644228,0.0,0.0,343.38293,0.0,12.503577,181.22417,560.08167,326.16913,0.021555448,211.32014,48.104794,0.0,0.0,0.0
10.0,mesoZooplankton,0.2264918,0.31114784,0.8612619,47.61434,224.80612,0.0016783848,2.9892461,18.696604,16.127995,100.00751,2.5529544,6.9934387,13.459131,10.857811,0.0,0.0
10.0,Macrozoo,44.344986,2.6446834,349.9478,5687.775,14021.588,0.066476166,35.077705,333.5863,501.60815,7288.7266,291.83392,858.6758,612.37335,3074.9836,0.0,0.0
10.0,meioBenthos,1.3148787E-5,0.009404908,2.2136632E-4,0.017889947,0.087463535,3.9500156E-7,0.008482996,0.07866369,0.030192528,0.0,0.0,0.0,0.0,0.0020530282,0.01692337,0.0010030449
10.0,depositBenthos,33.638084,955.5836,232.61519,3415.0198,8911.787,0.0076328907,486.50436,5909.8022,2131.9346,0.0,0.0,0.0,0.0,193.93129,1691.4576,88.352844
10.0,suspensionBenthos,506.0916,4067.9048,3172.6511,39238.984,49684.14,150.80098,22.555967,3187.3887,13105.155,0.0,0.0,0.0,0.0,0.0,7329.1367,959.3169
10.0,largeBenthos,1.1845965E-4,0.0,3.6385408E-4,0.0020934928,0.0015197258,1.9067502E-5,0.0,1.805597E-6,0.0012883522,0.0,0.0,0.0,0.0,0.0,5.7557464E-4,1.26749E-4
10.0,veryLargeBenthos,253.99818,0.0,30.732992,2047.2954,2.5998065E-4,89.82683,0.0,0.0,0.27925372,0.0,0.0,0.0,0.0,0.0,901.8887,437.68558
11.0,lesserSpottedDogfish,0.0051040966,0.0,0.0,0.23736593,0.0,1.8948284,0.0,0.0,0.021765005,0.6346881,0.26742834,0.0,0.0,0.052217674,0.008012461,0.0
11.0,redMullet,2.7595377,0.026860124,3.5670478,17.691254,33.49011,8.991883,0.020012168,0.23710798,5.9065285,2.5200987,0.28931352,0.08506688,0.19403532,2.1421402,4.472236,11.275999
11.0,pouting,1.4646207,5.74627E-6,0.7874169,34.69572,4.890452,58.291275,8.1970554E-4,0.0046836264,0.011361442,5.925029,2.63485,0.004849109,0.017055508,13.810434,0.0,41.664803
11.0,whiting,226.37073,1.4479445E-4,882.2087,19972.459,4351.197,539.52277,0.9598134,27.059008,63.481377,2833.7588,440.92786,16.27678,79.27695,2383.7393,0.0,1002.9504
11.0,poorCod,618.5437,0.0,1214.4724,12391.446,18206.818,438.62518,1.7050431,50.360363,114.06658,5698.6753,266.62076,215.34805,158.60735,4457.43,0.0,1568.4064
11.0,cod,9.953706E-4,0.0,0.028154315,0.27465957,0.075210534,0.014415128,3.9544917E-5,3.1666772E-4,8.3533017E-4,0.12100744,0.032764673,0.0019935565,0.0031239719,0.14930193,0.0,0.008697108
11.0,dragonet,6.1870966,0.12724972,21.569101,249.87532,203.74097,5.631434,0.041485168,1.2856703,68.8347,73.66615,5.2373905,4.053907,2.9429822,40.836422,57.69062,10.833
11.0,sole,37.38645,23.162277,304.67667,5770.852,2424.3342,98.977516,1.4855747,136.07607,1220.681,520.0716,27.167849,2.6834917,8.7171755,151.25043,119.936745,134.9903
11.0,plaice,36.438282,71.643936,243.35266,4947.423,3642.5833,45.592648,2.813966,278.51926,1397.5552,811.0536,43.502586,249.75034,42.454136,456.42792,117.2133,93.691635
11.0,horseMackerel,69.85667,0.0051870784,370.9117,8642.428,3196.7285,107.98124,3.8923402,80.84437,90.67682,2974.4497,251.50156,30.959515,61.53588,1272.857,0.0,265.8294
11.0,mackerel,0.31026474,5.083356E-4,0.71922475,8.488805,1.9886417,4.121968,0.0022827298,0.011507752,0.0029504865,9.303859,2.29477,0.12405294,0.020159192,13.099892,0.0,2.2266726
11.0,herring,31.215185,0.0,10.51365,259.539,52.49858,39.798252,0.0,0.0,0.6313144,114.94596,34.303387,28.477058,1.2573073,145.16374,0.0,67.268684
11.0,sardine,1.2169142,5.9934027E-6,0.47280717,8.264779,1.9000709,7.9696593,0.0031322967,0.023643114,0.0041912463,8.117067,3.929845,0.32825118,0.16883683,9.679419,0.0,11.491584
11.0,squids,81.86265,7.96311,38.666103,440.73303,274.3804,43.040497,0.2536593,8.20013,20.314798,236.89857,31.825123,20.456892,0.121641695,506.26138,0.49180436,176.13887
11.0,cuttlefish,181.37747,13.112116,202.93967,2067.8154,3827.939,45.044834,2.8919573,99.619804,210.6325,0.0,0.0,0.0,0.0,3.4503712E-4,1615.1162,262.84195
11.0,thornbackRay,0.0,0.0,0.0,0.0,0.0,0.0,0.0,0.0,0.0,0.0,0.0,0.0,0.0,0.0,0.013095409,1.3247532
11.0,diatoms,0.0,0.0,0.0,0.0,0.0,0.0,0.0,0.0,0.0,0.0,0.0,1.4795039,0.023511311,0.0,0.0,0.0
11.0,microPhytoplankton,0.0,0.0,0.0,0.0,0.0,0.0,0.0,0.0,0.0,0.0,0.0,0.7293159,0.014322411,0.0,0.0,0.0
11.0,heterotrophicFlagellates,0.0,0.0,0.0,0.0,0.0,0.0,0.0,0.0,0.0,0.0,0.0,0.1701537,0.003722811,0.0,0.0,0.0
11.0,microZooplankton,0.0,1.439942,0.0,0.0,351.43665,0.0,20.994818,175.50497,577.6448,350.41364,0.02079139,279.96896,76.60211,0.0,0.0,0.0
11.0,mesoZooplankton,0.0856142,0.438702,0.7221722,46.073975,211.71367,0.0022256502,5.2735705,21.9963,16.218353,111.86926,3.0113535,7.7253695,12.750297,1.7198046,0.0,0.0
11.0,Macrozoo,44.11277,3.583424,359.63956,5530.202,13337.453,0.113804035,58.725193,435.36295,566.05273,7875.0747,312.18225,1159.568,602.2137,2672.4683,0.0,0.0
11.0,meioBenthos,7.703277E-6,0.008820252,2.7099883E-4,0.016693339,0.08334055,7.59025E-8,0.009230473,0.08058662,0.030606331,0.0,0.0,0.0,0.0,0.0010455871,0.017503,0.0012868174
11.0,depositBenthos,34.739548,778.093,264.3063,3262.063,8741.136,0.011568568,492.01996,6109.5996,2250.3938,0.0,0.0,0.0,0.0,78.53099,1769.5498,100.96763
11.0,suspensionBenthos,494.43716,2031.6467,3456.0247,36819.62,50040.25,170.9755,20.624115,3248.7407,13377.999,0.0,0.0,0.0,0.0,0.0,7429.763,1118.3414
11.0,largeBenthos,1.0932502E-4,0.0,3.87881E-4,0.0019940103,0.0016622534,2.165434E-5,0.0,1.9618342E-6,0.0011914899,0.0,0.0,0.0,0.0,0.0,6.101992E-4,1.4379022E-4
11.0,veryLargeBenthos,264.22098,0.0,41.239185,2047.7314,0.001601757,102.01937,0.0,0.0,2.5901473,0.0,0.0,0.0,0.0,0.0,1168.4979,503.19943
12.0,lesserSpottedDogfish,0.009595138,0.0,0.0,0.23716101,0.0,1.5870675,0.0,0.0,0.020964686,0.4141817,0.09798838,0.0,0.0,0.13884452,0.017683836,0.0
12.0,redMullet,2.678799,1.2676364E-4,1.4994297,12.851342,8.89251,5.447821,0.0019831886,0.048866883,3.8590286,0.964146,0.059409544,0.057489604,0.034694202,0.18142316,6.571875,15.867687
12.0,pouting,1.4763589,3.4997555E-7,0.80442864,26.091923,4.146174,56.53617,0.0023959265,0.015811007,0.011926056,7.719029,4.6749887,0.013507156,0.035148967,6.1284475,0.0,53.589546
12.0,whiting,259.2836,8.560033E-4,891.0058,21051.02,4123.6353,607.7285,0.54728657,19.019732,56.420067,2193.7283,538.2388,7.6741986,87.50741,2542.4402,0.0,1280.9595
12.0,poorCod,711.5044,0.0,1402.3347,14167.824,18880.057,391.32288,1.6031973,52.66092,101.186745,5140.7617,291.2179,602.29047,143.56432,2937.741,0.0,1825.4731
12.0,cod,0.0021611133,0.0,0.049095877,0.1851355,0.075569764,0.0142865935,3.5138964E-5,8.685069E-4,0.0013506092,0.12595378,0.039856426,0.001559455,0.0032293105,0.11032139,0.0,0.005316664
12.0,dragonet,4.235599,0.0032077201,17.601385,289.17776,157.5216,5.616695,0.08194853,0.94313645,60.891052,99.7232,8.129986,1.1292073,3.800657,46.11797,32.241184,10.6038065
12.0,sole,42.09507,6.8729177,443.40817,7303.54,2373.8486,81.49126,0.28713918,185.16702,1418.3319,390.6277,38.675945,4.1850905,11.853015,147.10353,111.45799,146.06549
12.0,plaice,38.81366,47.50347,308.30753,5366.868,3908.777,38.95051,3.9103866,224.5685,1159.8356,832.7497,46.46099,234.43533,44.002148,237.74126,57.12586,104.011505
12.0,horseMackerel,91.55733,0.0068256366,429.6664,8856.2,3622.6318,88.93822,2.798999,87.30808,79.96587,2931.1548,255.6342,3.5366795,69.19604,1429.4154,0.0,286.72607
12.0,mackerel,0.28084397,2.3545769E-4,1.2886527,6.8652835,2.2172928,6.1598163,0.0066335965,0.020387823,0.0015483848,9.535265,1.7218739,0.03791351,0.02329833,9.067132,0.0,3.3953826
12.0,herring,49.070698,0.0,16.26966,243.93805,178.23048,61.190628,0.0,0.0,0.5778817,131.92232,21.234459,43.228275,2.6735883,90.61278,0.0,102.118484
12.0,sardine,1.764378,0.0,1.1328028,10.777998,4.888714,9.762663,0.0010310546,0.01031853,0.009100326,14.0593405,3.501975,0.123553604,0.12187964,28.746454,0.0,13.90363
12.0,squids,54.297745,1.219042,52.417015,407.77957,378.4249,26.757566,0.19296415,8.243821,37.261063,356.43256,47.872143,17.104853,0.6730278,296.5216,1.0670466,120.333115
12.0,cuttlefish,168.60582,24.226728,191.7237,2514.9304,2648.6812,37.82879,2.0994024,66.81374,363.0398,0.0,0.0,0.0,0.0,0.32084775,1141.8867,295.9746
12.0,thornbackRay,0.0,0.0,0.0,0.0,0.0,0.0,0.0,0.0,0.0,0.0,0.0,0.0,0.0,0.0,0.027166007,1.4920892
12.0,diatoms,0.0,0.0,0.0,0.0,0.0,0.0,0.0,0.0,0.0,0.0,0.0,1.7980192,0.044859827,0.0,0.0,0.0
12.0,microPhytoplankton,0.0,0.0,0.0,0.0,0.0,0.0,0.0,0.0,0.0,0.0,0.0,1.1770145,0.026628833,0.0,0.0,0.0
12.0,heterotrophicFlagellates,0.0,0.0,0.0,0.0,0.0,0.0,0.0,0.0,0.0,0.0,0.0,0.16734034,0.0039372053,0.0,0.0,0.0
12.0,microZooplankton,0.0,0.32006866,0.0,0.0,326.30002,0.0,20.85654,222.36176,649.4044,360.23004,0.020591998,353.27792,104.70305,0.0,0.0,0.0
12.0,mesoZooplankton,0.078354,0.08531949,0.59804296,48.22733,219.02632,0.0014443379,5.0520973,22.792923,17.540102,104.45374,3.434991,10.60267,11.192591,3.7745647,0.0,0.0
12.0,Macrozoo,46.340282,0.71041507,375.90152,5805.9404,13735.564,0.09329271,57.738686,441.0333,571.305,7560.547,345.52786,1405.4478,573.0283,1754.1394,0.0,0.0
12.0,meioBenthos,6.1127807E-6,0.0077587985,2.1944527E-4,0.017366307,0.08642515,6.157766E-8,0.0072572343,0.083709076,0.028298372,0.0,0.0,0.0,0.0,0.0014982204,0.01757636,0.0010902511
12.0,depositBenthos,36.590355,708.80664,283.72928,3466.3008,8644.701,0.008928988,420.88123,6283.6665,2103.4065,0.0,0.0,0.0,0.0,100.90903,1742.2555,114.69928
12.0,suspensionBenthos,531.98413,535.675,3672.671,41149.777,46513.17,145.82782,25.617603,3334.5088,13615.467,0.0,0.0,0.0,0.0,0.0,6949.6743,1255.0311
12.0,largeBenthos,9.081362E-5,0.0,4.041084E-4,0.0020860848,0.0015071811,1.9710022E-5,0.0,1.3872013E-6,0.0013118284,0.0,0.0,0.0,0.0,0.0,5.118872E-4,1.4593924E-4
12.0,veryLargeBenthos,284.68076,0.0,31.06506,2142.4565,1.1049126E-5,93.04524,0.0,0.0,41.325333,0.0,0.0,0.0,0.0,0.0,889.7809,570.4662
13.0,lesserSpottedDogfish,0.01159412,0.0,0.0,0.17239995,0.0,1.6219991,0.0,0.0,0.025540985,0.2443907,0.3654133,0.0,0.0,0.004893132,0.053832494,0.0
13.0,redMullet,1.7628717,3.0789903E-4,0.71217346,16.417418,3.493369,8.090141,0.005474602,0.109207384,0.2718645,0.33466604,0.11796515,0.005500585,0.08800602,0.39534947,3.9986517,14.360077
13.0,pouting,1.4595087,2.3381201E-8,1.0092765,23.09266,1.8380258,52.244366,0.0012667807,0.008758616,0.01684967,5.6390657,2.6243227,0.051814135,0.0143854655,12.2962675,0.0,59.878345
13.0,whiting,305.14163,3.820491E-4,1021.3341,23244.412,4180.6055,527.129,1.0255477,29.10845,44.767986,2074.8044,635.3693,36.365807,78.03403,2982.1772,0.0,1507.9122
13.0,poorCod,733.87665,0.0,1284.6829,14125.313,16259.465,364.2294,0.6385144,39.332302,101.10285,3971.8818,304.51608,460.60577,137.9274,4456.543,0.0,2045.3557
13.0,cod,0.0018012807,0.0,0.011569334,0.21839893,0.073666364,0.016571252,4.9551265E-5,2.7826885E-4,6.429904E-4,0.039041486,0.009665366,0.0026013174,0.0029092673,0.10177136,0.0,0.0074924324
13.0,dragonet,5.257479,0.024816446,15.920264,207.29858,85.12208,3.9258914,0.1468821,1.1150652,76.10368,68.165405,6.5297832,1.0431856,2.874463,70.972786,43.049133,10.395777
13.0,sole,35.649857,3.3072958,332.8558,6214.0845,2532.0432,80.841415,0.60635185,146.72948,1172.6829,287.41638,36.353878,10.541527,9.7636385,128.3586,73.22515,148.94958
13.0,plaice,35.244236,45.85022,326.84082,5146.791,3815.759,70.1476,3.1401138,206.30585,1298.2007,672.4409,47.685238,374.43198,39.25596,279.82596,110.204,120.13509
13.0,horseMackerel,82.03218,0.039783303,412.7119,10743.063,3518.03,82.38285,3.7029135,75.29591,77.298706,2349.6052,211.14891,40.03127,83.055565,1210.2383,0.0,296.28854
13.0,mackerel,0.28296906,5.819446E-5,0.7488895,9.708135,2.3127909,4.1938043,0.0035867738,0.025971813,0.0020668865,9.640389,3.4492452,0.06155518,0.09033792,10.513609,0.0,3.999001
13.0,herring,64.38456,0.0,5.509686,392.2896,65.70289,44.328037,0.0,0.0,0.8730521,102.83919,15.07907,37.96445,2.5742648,186.11664,0.0,121.34445
13.0,sardine,1.4138964,3.6795075E-6,0.21795513,6.3197136,3.180259,6.531487,3.418495E-4,0.017772732,0.0125979595,10.459384,3.2218685,0.3303656,0.16274306,10.69076,0.0,18.083153
13.0,squids,87.06064,1.8021498,70.83556,510.9526,470.70972,40.541973,0.43576953,12.010068,46.159927,447.09247,44.29203,17.841057,0.07460285,549.0403,0.42598313,226.57108
13.0,cuttlefish,174.8241,14.332011,216.26265,3311.0889,2219.7432,46.985477,5.350504,118.44078,484.26776,0.0,0.0,0.0,0.0,3.5523096E-4,1708.1473,362.63528
13.0,thornbackRay,0.0,0.0,0.0,0.0,0.0,0.0,0.0,0.0,0.0,0.0,0.0,0.0,0.0,0.0,0.06731232,1.7955217
13.0,diatoms,0.0,0.0,0.0,0.0,0.0,0.0,0.0,0.0,0.0,0.0,0.0,1.2355123,0.023253888,0.0,0.0,0.0
13.0,microPhytoplankton,0.0,0.0,0.0,0.0,0.0,0.0,0.0,0.0,0.0,0.0,0.0,0.58972555,0.013663996,0.0,0.0,0.0
13.0,heterotrophicFlagellates,0.0,0.0,0.0,0.0,0.0,0.0,0.0,0.0,0.0,0.0,0.0,0.1256456,0.0036984095,0.0,0.0,0.0
13.0,microZooplankton,0.0,0.30490285,0.0,0.0,300.3986,0.0,19.169046,200.91025,528.1789,365.0497,0.029178308,298.99408,75.41201,0.0,0.0,0.0
13.0,mesoZooplankton,0.052730452,0.076474205,0.65505093,47.162342,198.48598,0.0015755537,3.6810906,19.888176,14.992102,103.36062,3.113856,8.896892,12.08178,5.530754,0.0,0.0
13.0,Macrozoo,46.972168,0.59457904,410.33017,6134.4395,12913.313,0.09518046,45.576893,397.26562,512.0668,7331.264,388.8839,1531.3462,618.69574,2719.434,0.0,0.0
13.0,meioBenthos,7.634597E-6,0.007391433,2.54958E-4,0.018286623,0.08120465,3.5922582E-8,0.0066606067,0.07870587,0.029158605,0.0,0.0,0.0,0.0,0.0013091383,0.01721201,0.0011654926
13.0,depositBenthos,38.231277,661.3533,290.3659,3584.7026,8241.737,0.008315524,386.80786,5996.782,2175.6533,0.0,0.0,0.0,0.0,126.13813,1810.2484,124.87226
13.0,suspensionBenthos,552.4016,593.62463,3775.3936,41584.176,44969.418,151.63129,33.521034,3418.2844,13475.624,0.0,0.0,0.0,0.0,0.0,8215.813,1353.7925
13.0,largeBenthos,1.0324104E-4,0.0,4.4708542E-4,0.0021060542,0.0014401467,2.1428783E-5,0.0,1.8423868E-6,0.001235983,0.0,0.0,0.0,0.0,0.0,7.307752E-4,1.6844094E-4
13.0,veryLargeBenthos,319.8842,0.0,36.24871,2018.0133,8.11679E-4,100.69886,0.0,0.0,112.18248,0.0,0.0,0.0,0.0,0.0,1497.587,625.87354
14.0,lesserSpottedDogfish,0.0071569723,0.0,0.0,0.15298098,0.0,1.0538361,0.0,0.0,0.034922857,0.29418617,0.34266546,0.0,0.0,0.03683574,0.0054951515,0.0
14.0,redMullet,1.6747661,1.3007826E-4,1.4321749,17.916676,4.870285,9.745811,0.008967911,0.101193376,1.5611818,1.7966479,0.25384018,0.17552283,0.17605044,0.65771335,1.0982211,16.534683
14.0,pouting,1.0576311,1.9666285E-7,1.0926505,31.279613,4.0031853,52.094643,0.0017604488,0.015111854,0.007831588,5.874947,2.9849753,0.0262977,0.0178425,11.403438,0.0,67.81924
14.0,whiting,375.454,4.0049426E-4,756.67584,21651.662,4520.978,553.5075,3.1066852,30.474384,52.86169,2092.8184,590.8104,18.33059,63.122784,2409.3882,0.0,1629.3816
14.0,poorCod,775.95215,0.0,1280.0457,12101.848,19533.043,336.84894,4.855079,39.904892,88.1711,4068.223,325.42255,389.56384,103.24696,3617.3372,0.0,2290.8809
14.0,cod,5.4608023E-4,0.0,0.008128318,0.23552917,0.067814924,0.013868462,1.3558771E-5,4.585134E-4,6.0836977E-4,0.049523775,0.03245913,0.0023573271,0.002566557,0.117537804,0.0,0.012330755
14.0,dragonet,7.523889,0.0036602826,37.557552,445.48645,200.01338,4.6509733,0.08226966,1.6523174,74.213356,68.448845,10.304642,1.5397722,4.0443897,37.850216,73.97665,13.989833
14.0,sole,44.15145,0.38948295,289.26047,6531.139,2139.1309,80.05039,0.5791963,121.01309,1284.1526,314.64334,49.40519,2.9346821,13.761932,91.78265,46.399033,179.20636
14.0,plaice,34.406292,44.844387,334.80893,4999.5806,3840.5938,49.909657,9.568394,287.62207,1487.6815,601.84796,59.69358,357.99884,29.48579,299.4238,49.02079,142.7166
14.0,horseMackerel,66.942154,0.077568844,433.5197,9638.885,2860.921,64.76866,4.715752,78.984314,104.14497,2665.829,258.99503,11.856327,70.29852,1445.547,0.0,307.10953
14.0,mackerel,0.19310614,3.1577636E-4,0.39182845,6.8372116,3.3836253,6.3019395,0.006249073,0.023111068,0.0025246053,9.254107,4.758118,0.20730624,0.035333153,8.986888,0.0,5.5141454
14.0,herring,57.61142,0.0,0.8583239,168.49045,20.347824,51.74583,0.010146096,0.0,2.6584451,72.09268,17.1184,38.139996,1.9953754,75.1961,0.0,133.59355
14.0,sardine,0.52792114,4.309442E-10,1.1241506,8.87594,2.853572,4.993167,0.0033412967,0.013954377,0.0050934167,4.2823105,1.640866,0.18166228,0.15641735,18.572445,0.0,15.867142
14.0,squids,73.47155,1.1964821,61.956497,479.71274,421.68515,30.989658,0.33757934,8.044885,32.55771,282.4739,55.418957,29.23326,0.676399,498.81155,0.2489859,199.80168
14.0,cuttlefish,229.50212,24.258945,223.35138,2439.117,2855.3813,28.218218,2.9470804,90.215614,199.60106,0.0,0.0,0.0,0.0,0.23826076,1183.0947,368.00076
14.0,thornbackRay,0.0,0.0,0.0,0.0,0.0,0.0,0.0,0.0,8.5387194E-7,0.0,0.0,0.0,0.0,0.0,0.040958703,2.0170424
14.0,diatoms,0.0,0.0,0.0,0.0,0.0,0.0,0.0,0.0,0.0,0.0,0.0,1.0083672,0.031514548,0.0,0.0,0.0
14.0,microPhytoplankton,0.0,0.0,0.0,0.0,0.0,0.0,0.0,0.0,0.0,0.0,0.0,0.42700842,0.018621076,0.0,0.0,0.0
14.0,heterotrophicFlagellates,0.0,0.0,0.0,0.0,0.0,0.0,0.0,0.0,0.0,0.0,0.0,0.07601725,0.002763436,0.0,0.0,0.0
14.0,microZooplankton,0.0,0.7338146,0.0,0.0,311.30557,0.0,27.877506,176.81264,560.61145,339.5733,0.027784025,279.6221,27.83608,0.0,0.0,0.0
14.0,mesoZooplankton,0.08510329,0.17684628,0.8434268,47.162426,213.0874,0.0030389542,6.0600295,20.98506,15.471143,93.66762,3.1581826,9.095905,10.721902,3.2275758,0.0,0.0
14.0,Macrozoo,47.76216,1.4630282,435.91913,5985.3545,13318.82,0.105759986,87.048515,419.4522,555.61206,6888.426,380.65002,1515.527,513.8992,1892.2458,0.0,0.0
14.0,meioBenthos,5.9618155E-6,0.006133888,2.0222133E-4,0.01767391,0.083422735,1.0647903E-7,0.0072635775,0.07962939,0.029514717,0.0,0.0,0.0,0.0,0.0013892422,0.016173735,0.0011494283
14.0,depositBenthos,34.889908,583.7777,293.724,3493.7476,8144.4326,0.014177993,423.72223,6055.7476,2049.3513,0.0,0.0,0.0,0.0,103.72961,1595.6993,139.40903
14.0,suspensionBenthos,554.9045,684.0056,3971.3574,41294.477,42839.195,127.77847,39.05391,3504.2092,12071.522,0.0,0.0,0.0,0.0,0.0,6507.0596,1587.4038
14.0,largeBenthos,9.8781464E-5,0.0,4.5936464E-4,0.0021541775,0.0013153163,1.7404376E-5,0.0,2.393335E-6,0.001074317,0.0,0.0,0.0,0.0,0.0,4.9035036E-4,1.8642264E-4
14.0,veryLargeBenthos,306.9309,0.0,27.152283,2127.3167,1.2993656E-5,82.18707,0.0,0.0,206.11694,0.0,0.0,0.0,0.0,0.0,641.93475,704.34045
15.0,lesserSpottedDogfish,0.03351472,0.0,0.0,0.14171398,0.0,1.0417857,0.0,0.0,0.013298477,0.46677873,0.608804,0.0,0.0,0.01780338,0.08570717,0.0
15.0,redMullet,3.077987,4.9133546E-4,1.3702855,15.373555,3.5248673,7.0065913,0.0028296476,0.09491055,1.291871,0.9216098,0.15247513,0.12843683,0.13651353,0.9315356,9.057563,16.349176
15.0,pouting,1.457899,1.4751731E-6,1.2047471,28.49373,2.6913173,52.71753,0.0017096107,0.009613165,0.013576471,7.850028,3.281611,0.05341022,0.034363776,19.441916,0.0,85.33025
15.0,whiting,365.6321,0.0020208962,666.2707,18217.467,3331.1792,432.86633,1.0583091,25.00629,61.71896,1744.6774,577.57043,3.0067198,58.24147,2106.7876,0.0,1632.026
15.0,poorCod,834.7371,0.0,1354.6118,12145.461,18901.287,366.36945,2.4433012,40.387558,130.46573,4495.139,304.40137,744.81757,84.69245,3008.8262,0.0,2690.7715
15.0,cod,0.0017421128,0.0,0.010221684,0.21249184,0.16754413,0.013097698,9.60396E-5,3.9974856E-4,0.0011661332,0.06339408,0.05498719,0.0029925087,0.006264651,0.09714129,0.0,0.005712991
15.0,dragonet,6.22847,0.011830556,21.845371,268.64178,84.73379,2.5946364,0.045529537,0.91341573,44.712112,36.38407,8.643337,4.865151,2.8109624,28.930246,56.22323,11.09222
15.0,sole,53.323177,2.8368812,326.51437,6546.282,2750.5503,80.94863,0.6265356,110.582924,968.1433,334.11102,47.874043,3.2759888,11.511945,134.47346,119.7472,194.33769
15.0,plaice,35.324215,38.157673,312.09387,5185.4897,3900.723,39.637867,0.3251715,230.58177,1068.0913,565.05725,36.801365,272.1387,28.02817,199.27895,89.77011,123.9484
15.0,horseMackerel,65.39017,0.029357163,345.02554,7908.1343,3054.3352,75.35804,2.5073893,73.97517,62.91572,3359.906,256.94806,49.569443,58.212166,666.9478,0.0,355.34302
15.0,mackerel,0.58513737,5.0693244E-4,0.5867054,11.350512,4.668477,4.86822,0.0018454898,0.029016828,0.0041068126,12.659336,2.1734939,0.10488972,0.022058822,10.083165,0.0,4.8762994
15.0,herring,67.20605,0.0,21.927588,284.64853,82.14147,36.162926,0.0,0.0,1.1891367,85.83151,22.23861,51.252014,1.5342481,128.81761,0.0,155.08337
15.0,sardine,1.0034969,8.7030145E-7,0.16815299,5.541914,1.7796934,3.1337404,0.0014393956,0.010264142,0.0072344937,8.581076,1.5394442,0.14763594,0.10187618,4.81946,0.0,13.09001
15.0,squids,49.11489,0.4955691,33.100216,61.730194,88.31383,20.558838,0.0062725996,3.4438694,6.0042815,109.587395,19.14338,7.182848,0.0019861944,175.36565,0.94799936,159.67471
15.0,cuttlefish,185.5687,17.917904,195.58449,1768.5686,2758.7622,34.536793,2.557779,85.665276,176.45773,0.0,0.0,0.0,0.0,8.425188E-5,1539.1626,378.43607
15.0,thornbackRay,0.0,0.0,0.0,0.0,0.0,0.0,0.0,0.0,1.9435342E-7,0.0,0.0,0.0,0.0,0.0,0.1743174,2.1277757
15.0,diatoms,0.0,0.0,0.0,0.0,0.0,0.0,0.0,0.0,0.0,0.0,0.0,1.8910561,0.021302646,0.0,0.0,0.0
15.0,microPhytoplankton,0.0,0.0,0.0,0.0,0.0,0.0,0.0,0.0,0.0,0.0,0.0,0.9766031,0.012323659,0.0,0.0,0.0
15.0,heterotrophicFlagellates,0.0,0.0,0.0,0.0,0.0,0.0,0.0,0.0,0.0,0.0,0.0,0.1378092,0.0025999714,0.0,0.0,0.0
15.0,microZooplankton,0.0,0.5136072,0.0,0.0,317.7917,0.0,13.636912,184.96785,541.91614,394.06766,0.028065398,352.02386,36.001873,0.0,0.0,0.0
15.0,mesoZooplankton,0.15037061,0.12273628,0.87600785,45.279663,215.47661,0.0021510017,3.1937153,21.655296,16.22014,92.80012,4.0052323,10.353687,9.027118,0.74705535,0.0,0.0
15.0,Macrozoo,45.785236,0.95768964,435.7458,5998.211,13823.249,0.0938755,39.106995,467.12732,588.6967,6793.2676,410.8519,1646.7373,439.08618,1573.135,0.0,0.0
15.0,meioBenthos,7.863273E-6,0.0077357087,2.6566867E-4,0.016017616,0.087266386,2.3218759E-7,0.0062803216,0.083234996,0.026931638,0.0,0.0,0.0,0.0,4.673464E-4,0.01514233,0.0011620258
15.0,depositBenthos,33.638054,654.585,284.1804,3347.4392,8433.715,0.00796866,338.10867,6230.3267,1813.2606,0.0,0.0,0.0,0.0,25.879553,1532.2827,144.986
15.0,suspensionBenthos,555.5236,728.5671,3878.5574,39899.92,46314.883,109.01893,31.348045,3402.2043,9620.083,0.0,0.0,0.0,0.0,0.0,6967.009,1631.469
15.0,largeBenthos,1.01625286E-4,0.0,4.146912E-4,0.0023958024,0.0014002604,1.5483018E-5,0.0,2.2103823E-6,8.099114E-4,0.0,0.0,0.0,0.0,0.0,5.742366E-4,1.9100022E-4
15.0,veryLargeBenthos,301.504,0.0,24.511248,2189.2202,1.6745345E-5,72.07376,0.0,0.0,79.10277,0.0,0.0,0.0,0.0,0.0,1277.5989,745.8475
16.0,lesserSpottedDogfish,0.034028884,0.0,0.0,0.075360075,0.0,1.1881206,0.0,0.0,0.008466156,0.5866485,0.32338572,0.0,0.0,4.835149E-4,0.031347904,0.0
16.0,redMullet,2.880927,1.2120199E-4,1.455784,10.401255,4.2330604,5.733812,0.005953655,0.061976343,0.49606544,0.72058517,0.19124585,0.2445964,0.044764604,1.5825918,1.730165,17.657736
16.0,pouting,2.151588,8.2443385E-6,1.294609,27.011456,3.0344296,41.93373,2.636364E-4,0.009889825,0.0107284505,7.9554653,5.1542926,0.11560051,0.011616564,3.4254565,0.0,107.16792
16.0,whiting,326.49988,1.5485506E-6,742.753,18848.963,4304.733,427.70465,1.3648946,20.620712,35.565052,2338.676,529.2121,27.82397,78.55589,877.34717,0.0,1694.3064
16.0,poorCod,852.474,0.0,1415.2107,14173.108,19032.129,273.4329,1.3971946,55.876343,98.83758,4762.801,298.98083,589.7749,96.87461,1801.3318,0.0,2911.4749
16.0,cod,0.0015846398,0.0,0.0163944,0.19454272,0.08464822,0.009925606,3.0468324E-5,2.7953603E-4,6.1396224E-4,0.101646334,0.022388238,0.0035527186,0.0024764175,0.022375917,0.0,0.009862856
16.0,dragonet,3.4432938,0.28059435,12.2897625,232.71379,104.2714,3.1890247,0.052034363,2.6543655,30.903584,49.152534,6.4411592,1.1463463,1.204724,14.294352,30.81367,10.397648
16.0,sole,51.996037,5.818111,369.2366,5956.9106,2575.0728,69.38579,0.6507158,114.4534,650.86816,363.51788,31.368826,2.1301227,13.617271,37.75406,104.144455,210.4569
16.0,plaice,29.550127,30.74769,267.00458,4175.7036,3696.5522,37.293694,0.97704655,187.00291,788.98755,503.4121,38.735966,311.18387,26.795113,47.778538,43.978294,131.43031
16.0,horseMackerel,75.389175,0.009067458,329.04453,8879.017,2867.1865,64.09461,2.1275113,123.49104,68.77078,3682.111,199.69733,36.55622,73.442184,634.0673,0.0,404.5586
16.0,mackerel,0.059631992,7.479531E-5,0.32336622,7.2659698,2.512656,7.5789356,0.0011349311,0.019662483,0.0023264438,8.218216,3.4217193,0.13694704,0.021483392,1.8721015,0.0,6.091769
16.0,herring,59.55184,0.0,3.612248,130.62993,51.873566,40.22055,0.0,0.0,1.5245613,88.87264,18.774755,35.566624,1.6534042,59.59586,0.0,157.12148
16.0,sardine,4.243493,3.1048553E-6,0.99308956,12.849638,3.2842386,3.2016978,0.0023700348,0.010685289,0.0029820031,4.999914,2.6129713,0.07508761,0.06888943,2.451468,0.0,15.776972
16.0,squids,37.2579,2.6435416,31.719292,277.40228,302.25894,12.517503,0.079075985,9.096344,12.1001835,298.6201,31.28217,12.953792,0.06035962,142.72873,0.3632432,112.764275
16.0,cuttlefish,203.5449,25.362448,219.53746,2388.0383,2485.524,39.727127,1.6367687,100.80093,196.61221,0.0,0.0,0.0,0.0,0.3751801,1163.8534,440.03418
16.0,thornbackRay,0.0,0.0,0.0,0.0,0.0,0.0,0.0,0.0,0.0,0.0,0.0,0.0,0.0,0.0,0.11249075,3.2054136
16.0,diatoms,0.0,0.0,0.0,0.0,0.0,0.0,0.0,0.0,0.0,0.0,0.0,0.4888433,0.022271832,0.0,0.0,0.0
16.0,microPhytoplankton,0.0,0.0,0.0,0.0,0.0,0.0,0.0,0.0,0.0,0.0,0.0,0.20750949,0.012898281,0.0,0.0,0.0
16.0,heterotrophicFlagellates,0.0,0.0,0.0,0.0,0.0,0.0,0.0,0.0,0.0,0.0,0.0,0.08596965,0.002408064,0.0,0.0,0.0
16.0,microZooplankton,0.0,0.5102713,0.0,0.0,324.72064,0.0,13.460019,164.07292,517.93036,367.59204,0.020072112,299.05106,49.723156,0.0,0.0,0.0
16.0,mesoZooplankton,0.1116948,0.1219981,0.73702973,44.821125,221.14607,9.367938E-4,4.0659637,20.100279,15.899414,95.40479,3.9669902,8.6207075,8.343475,2.679508,0.0,0.0
16.0,Macrozoo,42.224823,0.7861417,412.6955,5657.563,14041.966,0.06110615,43.41706,405.97583,538.5206,7187.242,413.09616,1627.9282,450.974,1219.9774,0.0,0.0
16.0,meioBenthos,6.5452978E-6,0.0067725927,2.7056495E-4,0.01568783,0.08932177,2.5870042E-7,0.006292608,0.08525143,0.025820928,0.0,0.0,0.0,0.0,0.0010751396,0.017234655,0.0013561556
16.0,depositBenthos,31.293562,628.74866,287.6473,3227.3628,8758.818,0.011882206,323.7698,6416.3247,1681.7019,0.0,0.0,0.0,0.0,77.588554,1754.5397,151.51869
16.0,suspensionBenthos,522.92346,812.91473,3862.5852,38397.594,49205.777,111.24859,26.007769,3365.0625,8725.22,0.0,0.0,0.0,0.0,0.0,7602.796,1750.5547
16.0,largeBenthos,9.095608E-5,0.0,4.3299812E-4,0.0021762336,0.0014958455,1.5200099E-5,0.0,2.3548664E-6,7.315236E-4,0.0,0.0,0.0,0.0,0.0,5.9444795E-4,2.0238478E-4
16.0,veryLargeBenthos,272.29904,0.0,23.474104,2109.8372,0.026306063,70.53626,0.0,0.0,59.727024,0.0,0.0,0.0,0.0,0.0,981.08075,764.14233
17.0,lesserSpottedDogfish,0.014861525,0.0,0.0,0.0802732,0.0,1.3955724,0.0,0.0,0.025054187,0.76624286,0.6758541,0.0,0.0,0.07897215,0.025521206,0.0
17.0,redMullet,1.7826451,0.0012066332,2.005514,6.41305,7.0633087,5.9465084,0.003362705,0.121095344,1.1591376,1.1564034,0.075950384,0.010404591,0.04339816,0.4183787,0.5097129,20.434553
17.0,pouting,3.4761639,2.572135E-7,0.75302595,22.551968,4.394359,47.639915,7.4349245E-4,0.011798056,0.014010124,7.977191,4.95965,0.019517018,0.025166783,6.9284763,0.0,130.30635
17.0,whiting,296.85458,0.0017423242,921.64667,21055.13,3333.0215,395.0226,0.45107943,22.626678,51.12691,1874.948,578.28784,22.360645,67.34682,1410.8438,0.0,1893.3505
17.0,poorCod,800.7011,0.0,1498.484,13049.089,19314.346,274.09723,0.31617025,32.676296,84.12704,5361.737,313.2892,564.4663,119.015816,3168.1006,0.0,3134.3943
17.0,cod,0.0030540954,0.0,0.03791717,0.24602175,0.062346846,0.01132321,2.6710664E-5,7.977997E-5,5.0497666E-4,0.12347406,0.014385692,0.0034341463,0.004209303,0.10683597,0.0,0.01708907
17.0,dragonet,4.447521,5.103338E-4,18.685925,185.76912,59.068672,2.351985,0.04267432,1.0793265,21.033777,29.78003,2.99367,1.4791741,1.6322118,17.01958,28.88013,12.212454
17.0,sole,52.19688,7.9941115,423.48468,7112.635,2597.29,70.99957,0.9306289,126.31655,766.383,406.36258,46.216022,4.7439394,13.304897,60.718773,87.41198,240.71507
17.0,plaice,31.878056,35.571365,267.77118,3720.814,2966.4497,33.77491,1.0854111,148.42584,666.1182,575.8734,46.244255,241.32903,25.735098,185.61548,70.79388,128.47453
17.0,horseMackerel,75.56517,0.05790852,392.67847,8955.34,3646.4185,48.745144,0.84766537,118.02095,74.4289,2747.059,248.48575,0.7618207,75.678474,588.7287,0.0,424.22446
17.0,mackerel,0.28051597,6.377125E-5,0.38730583,7.5617194,1.9877799,5.215615,9.729143E-4,0.021738233,0.0011556172,8.839267,2.7883775,0.15347765,0.02781807,4.5778127,0.0,6.4574213
17.0,herring,49.886444,0.0,12.870223,196.43658,79.09049,31.274807,0.0,0.0,0.63200974,71.98884,22.742401,35.820953,1.3518852,123.57412,0.0,154.5068
17.0,sardine,3.25356,2.956494E-6,0.21678829,5.415786,1.7400761,3.3750083,0.0011042472,0.012213626,0.010072536,5.591894,1.255575,0.12743838,0.11704722,10.604663,0.0,17.526136
17.0,squids,48.71749,1.8355079,35.120445,175.87901,195.46025,16.192825,0.19689979,5.591492,13.205479,157.43982,12.607605,9.428475,0.38597885,196.23936,1.0739865,189.7728
17.0,cuttlefish,187.51877,15.300026,199.94185,2531.2834,2924.8684,26.945795,3.3017352,106.84802,222.56396,0.0,0.0,0.0,0.0,3.690036E-5,1582.4825,432.1479
17.0,thornbackRay,0.0,0.0,0.0,0.0,0.0,0.0,0.0,0.0,0.0,0.0,0.0,0.0,0.0,0.0,0.12041355,5.4126544
17.0,diatoms,0.0,0.0,0.0,0.0,0.0,0.0,0.0,0.0,0.0,0.0,0.0,0.81703943,0.018925514,0.0,0.0,0.0
17.0,microPhytoplankton,0.0,0.0,0.0,0.0,0.0,0.0,0.0,0.0,0.0,0.0,0.0,0.38413855,0.012054558,0.0,0.0,0.0
17.0,heterotrophicFlagellates,0.0,0.0,0.0,0.0,0.0,0.0,0.0,0.0,0.0,0.0,0.0,0.070867226,0.002861632,0.0,0.0,0.0
17.0,microZooplankton,0.0,0.5182641,0.0,0.0,384.13605,0.0,8.966492,206.24458,402.50107,363.27408,0.02653619,314.4715,49.497498,0.0,0.0,0.0
17.0,mesoZooplankton,0.15870565,0.11830613,0.61702347,45.563713,232.02448,0.0021539116,2.3312683,23.520031,13.830445,97.612175,4.07249,9.423562,9.339373,0.99942964,0.0,0.0
17.0,Macrozoo,39.61756,0.9275598,450.12183,5783.877,14058.57,0.1106788,25.577774,434.95013,501.90555,6882.205,384.91855,1636.6759,505.01727,1913.2261,0.0,0.0
17.0,meioBenthos,7.904455E-6,0.0064420383,2.5694584E-4,0.015968416,0.08956642,9.2373746E-8,0.006280513,0.08776387,0.023347193,0.0,0.0,0.0,0.0,7.453914E-4,0.016420174,0.0014646575
17.0,depositBenthos,30.668222,607.7877,320.41208,3358.9094,8804.179,0.0151477745,357.98663,6569.308,1574.1908,0.0,0.0,0.0,0.0,52.74579,1644.9863,161.01175
17.0,suspensionBenthos,499.427,807.6936,4317.1377,40939.734,48834.777,92.15002,21.085842,3509.8093,8505.362,0.0,0.0,0.0,0.0,0.0,7147.3794,1852.1768
17.0,largeBenthos,9.3690265E-5,0.0,4.9317256E-4,0.0022511992,0.001575776,1.3378143E-5,0.0,2.479632E-6,7.081818E-4,0.0,0.0,0.0,0.0,0.0,5.971682E-4,2.2347858E-4
17.0,veryLargeBenthos,256.14804,0.0,32.969406,2292.4768,1.743069E-4,62.28791,0.0,0.0,35.747658,0.0,0.0,0.0,0.0,0.0,1324.1876,808.7206
18.0,lesserSpottedDogfish,0.01179243,0.0,0.0,0.069345236,0.0,1.2225921,0.0,0.0,0.003108385,0.80054694,0.6589204,0.0,0.0,0.0021955369,0.010249629,0.0
18.0,redMullet,1.738159,0.0014545437,0.7812215,4.0898027,5.874604,4.2367635,0.006410805,0.056119297,0.6739225,0.5667839,0.07576768,0.467803,0.16836978,1.7545098,7.393398,21.214882
18.0,pouting,2.3438935,1.5163725E-7,0.9526773,24.874866,6.480559,37.552814,0.0012959766,0.008921756,0.013908966,6.585492,6.647019,0.006374597,0.024785671,7.5440173,0.0,118.43499
18.0,whiting,270.965,2.1957333E-4,953.0158,19059.078,3683.6353,369.42218,0.68592083,25.306486,42.57485,1793.3751,601.8865,19.490898,76.86083,1265.1088,0.0,2053.2075
18.0,poorCod,705.0946,0.0,1641.9113,13405.343,21398.814,273.30862,0.55245936,45.334366,120.85969,4562.2905,331.37503,379.6878,112.12881,2574.9036,0.0,3494.307
18.0,cod,0.0016901562,0.0,0.025429664,0.1448995,0.09387919,0.0048686652,4.444283E-7,2.4476228E-4,3.9262435E-4,0.06598341,0.03227953,0.002863927,0.0020867377,0.25649416,0.0,0.014119762
18.0,dragonet,3.2209976,0.033244014,15.938978,166.00415,111.92754,1.5835779,0.046176646,1.1705413,27.197727,36.06496,2.7617517,2.6615636,1.5649016,19.99296,15.43396,11.191367
18.0,sole,36.725067,4.253461,409.93896,7143.4175,2975.0842,58.533684,0.96057624,116.82637,650.7579,308.8218,45.93752,9.829901,10.764705,128.59993,77.500275,254.6534
18.0,plaice,36.247784,20.221437,270.2902,4250.5474,3638.4941,37.951588,1.1968801,204.41302,880.59674,524.6901,52.05697,177.35979,42.068745,111.23894,92.41309,161.90404
18.0,horseMackerel,56.572445,0.009856437,572.9378,9801.882,3933.2786,50.221497,2.4695244,96.02181,102.86864,2178.6545,268.56454,28.319775,67.07459,624.12225,0.0,412.50137
18.0,mackerel,0.43893504,8.314394E-5,0.69315004,7.9183483,2.1552167,2.8502192,0.006592027,0.025295306,0.004696669,10.44776,2.1555426,0.102719136,0.06365821,3.646767,0.0,8.602005
18.0,herring,48.713154,0.0,6.3140883,195.55185,160.68022,24.649122,0.0,0.0,0.4312766,129.84517,19.988571,49.832993,2.5165088,94.0418,0.0,154.97006
18.0,sardine,1.47834,1.565584E-6,0.2562766,4.8259616,3.3995337,2.4352646,0.0026079018,0.014556468,0.0062397504,10.021436,2.3753667,0.3661111,0.08494529,11.224664,0.0,18.833122
18.0,squids,50.54857,1.0989621,108.16959,595.5427,476.35004,18.298765,0.06267963,10.705603,19.365553,397.4635,66.92475,29.09529,0.17253336,276.93835,0.32172674,182.92049
18.0,cuttlefish,139.09695,22.968082,238.5826,2441.2454,2478.9084,22.386187,2.1843905,89.97857,214.6705,0.0,0.0,0.0,0.0,0.41168362,1016.0913,406.66702
18.0,thornbackRay,0.0,0.0,0.0,0.0,0.0,0.0,0.0,0.0,0.0,0.0,0.0,0.0,0.0,0.0,0.3090299,9.573568
18.0,diatoms,0.0,0.0,0.0,0.0,0.0,0.0,0.0,0.0,0.0,0.0,0.0,1.484608,0.022237074,0.0,0.0,0.0
18.0,microPhytoplankton,0.0,0.0,0.0,0.0,0.0,0.0,0.0,0.0,0.0,0.0,0.0,0.7191285,0.012754914,0.0,0.0,0.0
18.0,heterotrophicFlagellates,0.0,0.0,0.0,0.0,0.0,0.0,0.0,0.0,0.0,0.0,0.0,0.10511579,0.0029437372,0.0,0.0,0.0
18.0,microZooplankton,0.0,0.57012147,0.0,0.0,345.14456,0.0,12.664606,187.4436,496.5436,384.99997,0.023458488,296.35547,28.043102,0.0,0.0,0.0
18.0,mesoZooplankton,0.14612678,0.15399411,0.61717606,41.874516,230.2619,0.0015593724,3.4104273,23.079744,17.647743,94.472786,4.028625,9.885094,10.017857,4.094892,0.0,0.0
18.0,Macrozoo,38.960857,1.1253923,426.6238,5528.711,14383.441,0.08421145,32.38243,440.71155,614.9715,6791.556,391.69806,1570.0752,517.99603,1806.3936,0.0,0.0
18.0,meioBenthos,9.8124965E-6,0.0062882826,2.1345378E-4,0.014155045,0.08874442,1.9194488E-7,0.005306461,0.08424186,0.027315084,0.0,0.0,0.0,0.0,0.0013549338,0.01489263,0.0017809676
18.0,depositBenthos,29.491102,579.5402,288.77722,3153.4375,8850.813,0.022937631,312.03757,6426.6,1764.3035,0.0,0.0,0.0,0.0,113.14676,1455.4102,179.42966
18.0,suspensionBenthos,473.37888,831.5079,4033.781,38819.293,49214.074,76.57904,21.953884,3704.6487,8715.969,0.0,0.0,0.0,0.0,0.0,5736.578,2081.5698
18.0,largeBenthos,8.978019E-5,0.0,4.5996316E-4,0.002300272,0.0015861373,1.19043125E-5,0.0,2.1755554E-6,7.1841E-4,0.0,0.0,0.0,0.0,0.0,4.8360805E-4,2.4199155E-4
18.0,veryLargeBenthos,235.33676,0.0,28.461485,2418.045,1.6512486E-5,55.747047,0.0,0.0,44.57082,0.0,0.0,0.0,0.0,0.0,664.20514,882.66724
19.0,lesserSpottedDogfish,0.0062818592,0.0,0.0,0.09797046,0.0,1.0759723,0.0,0.0,0.008898189,0.6547868,0.61917186,0.0,0.0,0.0060400087,0.027880166,0.0
19.0,redMullet,1.467868,1.201386E-4,1.2588546,22.576462,5.4358697,4.9007993,0.0011341672,0.06742096,0.37155768,0.27008572,0.2322968,0.25560263,0.03301011,0.27212694,2.7472265,20.590796
19.0,pouting,2.2418215,4.1657236E-7,1.2239134,16.40837,5.612482,40.057606,3.431431E-4,0.009879898,0.012852931,7.735367,3.7793403,0.011210419,0.017618885,6.5146465,0.0,144.48024
19.0,whiting,221.30682,1.2424248E-4,775.7122,17437.268,3005.3396,320.49805,0.3549943,16.426388,38.02213,1620.7484,647.5687,9.578392,80.32186,1955.598,0.0,2209.4602
19.0,poorCod,649.2193,0.0,1621.2859,13174.505,18652.32,260.22778,0.2952835,34.31376,82.23409,4136.1924,458.16675,420.235,144.36708,3569.4395,0.0,3848.394
19.0,cod,1.9227035E-4,0.0,0.0027394195,0.06767994,0.034338433,0.005823839,1.9711244E-6,3.4272234E-4,7.7655516E-4,0.073751755,0.059269007,0.0018036817,0.0011585684,0.027196432,0.0,0.004086856
19.0,dragonet,3.9049582,0.0012814677,16.39407,142.58096,95.10163,1.4317269,0.045841068,0.39585814,21.190342,30.200167,4.1754823,4.406614,3.0552962,17.380424,24.099495,13.583947
19.0,sole,32.12761,6.976329,413.79443,6061.3145,2476.116,52.837147,0.22715579,139.08504,753.96106,292.70587,37.232044,8.395134,14.043948,144.44232,90.75545,275.06866
19.0,plaice,30.875658,33.747944,259.30347,3403.4885,3430.6284,25.844494,0.90256995,200.06973,823.5165,488.06863,44.472565,224.74855,34.92168,266.15448,56.471455,166.46237
19.0,horseMackerel,42.731884,0.007687104,548.39905,9667.016,4671.6406,59.797916,1.810844,110.61375,43.288242,2678.0312,326.4548,1.4685163,59.86686,921.58527,0.0,431.23267
19.0,mackerel,0.3150515,6.3550775E-4,0.46350092,7.7919736,4.347391,7.586159,0.0014262089,0.02029631,0.0027066413,9.597401,3.1156027,0.46205214,0.03638553,10.237961,0.0,13.861318
19.0,herring,36.16766,0.0,9.681186,311.78146,128.78922,23.146929,5.4137427E-6,0.0,0.7239294,72.14953,24.178978,51.078518,2.0246906,109.979164,0.0,165.3832
19.0,sardine,0.70546776,0.0,0.2744857,5.734075,2.573373,3.508664,5.855268E-4,0.015331319,0.009866252,4.369681,3.020928,0.06603618,0.084107086,19.571924,0.0,20.534683
19.0,squids,39.40994,1.7029362,52.614227,183.76172,173.41074,19.586372,0.08611483,4.7364473,12.310146,144.5409,15.485957,7.2197847,0.051822413,204.67323,1.200115,242.69514
19.0,cuttlefish,132.45003,15.35873,215.58942,2095.6565,2617.6787,18.423655,1.8198842,85.71038,111.79695,0.0,0.0,0.0,0.0,3.054815E-5,956.85236,462.95145
19.0,thornbackRay,0.0,0.0,0.0,0.0,0.0,0.0,0.0,0.0,0.0,0.0,0.0,0.0,0.0,0.0,0.2706311,13.9636345
19.0,diatoms,0.0,0.0,0.0,0.0,0.0,0.0,0.0,0.0,0.0,0.0,0.0,1.9406402,0.034725454,0.0,0.0,0.0
19.0,microPhytoplankton,0.0,0.0,0.0,0.0,0.0,0.0,0.0,0.0,0.0,0.0,0.0,0.9822946,0.019656165,0.0,0.0,0.0
19.0,heterotrophicFlagellates,0.0,0.0,0.0,0.0,0.0,0.0,0.0,0.0,0.0,0.0,0.0,0.1237564,0.002773008,0.0,0.0,0.0
19.0,microZooplankton,0.0,0.42340156,0.0,0.0,355.96353,0.0,12.11943,194.19171,448.5839,463.54553,0.029039215,276.51196,35.00137,0.0,0.0,0.0
19.0,mesoZooplankton,0.25095683,0.109541826,1.0130612,39.869392,225.64879,0.001030937,2.4382427,19.617147,13.714092,94.865486,4.8980184,8.788762,9.765555,1.0042179,0.0,0.0
19.0,Macrozoo,38.329773,0.7964487,486.97098,5579.1,14436.151,0.039046764,23.911419,394.2307,541.3893,6869.249,465.44348,1458.8469,504.1569,1821.5074,0.0,0.0
19.0,meioBenthos,9.568033E-6,0.0057385466,3.2173068E-4,0.014330184,0.09005232,4.9094176E-8,0.0066001727,0.08542283,0.024579579,0.0,0.0,0.0,0.0,7.953905E-4,0.013290538,0.0019053016
19.0,depositBenthos,29.668234,533.1409,352.1674,3149.0251,8841.12,0.006213024,363.46103,6531.1704,1681.0602,0.0,0.0,0.0,0.0,49.81095,1393.4678,201.51466
19.0,suspensionBenthos,444.14816,759.82355,4516.4478,37882.598,48477.758,77.06661,17.786716,3892.0498,9355.083,0.0,0.0,0.0,0.0,0.0,6869.7827,2287.9666
19.0,largeBenthos,1.0415559E-4,0.0,4.9085025E-4,0.0022814022,0.0015546168,1.12941025E-5,0.0,1.7666144E-6,7.4313063E-4,0.0,0.0,0.0,0.0,0.0,5.193944E-4,2.8152304E-4
19.0,veryLargeBenthos,222.89392,0.0,39.07131,2527.1016,8.9431825E-7,52.50599,0.0,0.0,30.533276,0.0,0.0,0.0,0.0,0.0,1048.8804,976.3417
20.0,lesserSpottedDogfish,0.009356531,0.0,0.0,0.037821054,0.0,1.1272695,0.0,0.0,0.011344669,0.37222448,0.42686164,0.0,0.0,0.020098466,0.0115651665,0.0
20.0,redMullet,0.92908615,1.8637287E-4,1.0617023,21.080902,2.9052696,4.1045136,0.0037925993,0.11093246,0.83415914,0.90983504,0.21388368,0.0060471403,0.06968837,0.2507367,0.9286326,20.259827
20.0,pouting,2.5901954,1.9837848E-6,1.7467804,20.326855,3.816876,38.64239,0.0027797024,0.011445342,0.01846544,8.826646,4.4868865,0.055804666,0.024862053,5.4748,0.0,183.59137
20.0,whiting,215.75671,4.2950312E-4,950.98926,21336.906,3640.9722,306.3063,1.4415199,21.179684,27.98458,2131.8423,673.448,31.561592,90.308205,1612.2302,0.0,2472.8162
20.0,poorCod,603.5606,0.0,1636.2286,13579.508,20171.842,243.23657,1.0955212,34.328575,84.97677,4064.6262,566.2078,423.85303,127.49734,2745.3848,0.0,3990.0532
20.0,cod,7.502559E-4,0.0,0.027207557,0.20882243,0.07525242,0.0041009947,1.4806225E-9,1.8824416E-4,3.5316375E-4,0.070342265,0.0054544993,0.0020805425,0.0020295081,0.0072722607,0.0,0.0037558493
20.0,dragonet,4.724492,1.541668E-4,20.670897,248.95883,122.86288,1.7045308,0.045691486,0.66810113,36.14473,37.25782,11.553127,2.8563182,2.4342685,16.53114,16.12991,20.107025
20.0,sole,28.562498,2.1676087,385.49948,6377.9463,2589.2678,55.981415,0.7937033,97.12186,762.9472,306.8559,81.73858,10.056992,11.8228,158.08098,60.6879,306.67435
20.0,plaice,30.416662,35.791695,298.8655,3745.472,3701.674,24.434963,0.84368,190.29512,846.0698,508.3431,48.37757,347.7331,26.253254,114.04219,93.06402,188.09262
20.0,horseMackerel,40.437508,0.016510231,397.76047,9934.078,3440.2136,44.712044,3.944267,69.79313,74.97668,2812.9446,319.1076,12.610392,48.00016,613.98737,0.0,454.12244
20.0,mackerel,0.09277295,3.0735414E-4,0.6159831,12.860095,2.5609343,6.156153,0.0053124386,0.031199297,0.0034721622,11.26733,7.6782527,0.08859671,0.068819605,10.873792,0.0,20.712402
20.0,herring,39.38583,0.0,26.048676,265.1882,183.00381,23.335238,0.0,0.0,1.0568771,94.48725,41.711502,45.78771,4.5015936,31.789871,0.0,208.54248
20.0,sardine,0.9985517,2.37571E-5,0.43675363,6.9776797,2.3893006,3.1824408,0.001289669,0.01652933,0.008948705,7.236736,3.5195725,0.39172605,0.11153027,7.3546195,0.0,23.940794
20.0,squids,56.80378,1.485131,110.947975,492.543,464.7571,16.51574,0.38485304,10.568971,31.566835,449.88712,75.140915,24.918957,0.4507045,345.82727,0.33394006,250.9507
20.0,cuttlefish,155.07956,26.113379,190.13156,2205.6653,2916.2776,18.819708,2.2146678,108.92442,289.3843,0.0,0.0,0.0,0.0,0.10675128,1382.4531,611.3394
20.0,thornbackRay,0.0,0.0,0.0,0.0,0.0,0.0,0.0,0.0,0.0,0.0,0.0,0.0,0.0,0.0,0.3214518,19.901533
20.0,diatoms,0.0,0.0,0.0,0.0,0.0,0.0,0.0,0.0,0.0,0.0,0.0,1.3938442,0.025230505,0.0,0.0,0.0
20.0,microPhytoplankton,0.0,0.0,0.0,0.0,0.0,0.0,0.0,0.0,0.0,0.0,0.0,0.902584,0.013857872,0.0,0.0,0.0
20.0,heterotrophicFlagellates,0.0,0.0,0.0,0.0,0.0,0.0,0.0,0.0,0.0,0.0,0.0,0.17900133,0.0029711847,0.0,0.0,0.0
20.0,microZooplankton,0.0,0.3393287,0.0,0.0,342.00488,0.0,16.22484,173.11143,478.59555,351.7841,0.03089062,378.65277,39.135727,0.0,0.0,0.0
20.0,mesoZooplankton,0.1602646,0.07995468,0.8713106,44.65005,210.38322,0.0013367707,3.566557,20.186415,14.446656,89.34047,4.7224174,11.065254,10.589254,5.5641484,0.0,0.0
20.0,Macrozoo,43.000847,0.5387923,509.4605,5883.8296,13953.415,0.076604426,35.276104,405.8238,558.6423,6546.126,545.9384,1578.4908,528.94806,1873.6115,0.0,0.0
20.0,meioBenthos,7.872771E-6,0.0052540987,3.4552533E-4,0.01725995,0.086655065,5.539483E-8,0.007997019,0.088569425,0.02717686,0.0,0.0,0.0,0.0,0.001479645,0.017190445,0.002515199
20.0,depositBenthos,31.303213,437.40082,349.2464,3375.6167,8621.662,0.005774878,432.57004,6386.0005,1838.029,0.0,0.0,0.0,0.0,119.24908,1746.5586,234.36543
20.0,suspensionBenthos,454.2433,638.0643,4698.6157,39023.01,48037.816,68.94393,21.339035,3827.568,9965.386,0.0,0.0,0.0,0.0,0.0,7321.831,2591.2222
20.0,largeBenthos,8.8910565E-5,0.0,4.9463025E-4,0.0022905467,0.0014706809,1.0551656E-5,0.0,1.1591221E-6,7.8831334E-4,0.0,0.0,0.0,0.0,0.0,6.24015E-4,3.0893987E-4
20.0,veryLargeBenthos,230.9132,0.0,38.751987,2602.4336,0.0019856598,48.83445,0.0,0.0,22.28442,0.0,0.0,0.0,0.0,0.0,1110.4094,1124.6632
