"Distribution of the biomass (tonne) of prey species (in columns) in the diet of mackerel by Age class (year). For class i, the preyed biomass in [i,i+1[ is reported."
"Time","Age","lesserSpottedDogfish","redMullet","pouting","whiting","poorCod","cod","dragonet","sole","plaice","horseMackerel","mackerel","herring","sardine","squids","cuttlefish","thornbackRay","diatoms","microPhytoplankton","heterotrophicFlagellates","microZooplankton","mesoZooplankton","Macrozoo","meioBenthos","depositBenthos","suspensionBenthos","largeBenthos","veryLargeBenthos"
1.0,0.0,0.0,43.44105,0.26923448,160.42175,3.970665,0.56232613,72.486176,3.6224244,124.334236,0.2163489,832.64764,228.19318,4724.546,342.01495,0.0,0.0,0.0,0.0,0.0,24.613037,2429.3457,2995.2588,0.0,0.0,0.0,0.0,0.0
1.0,1.0,0.0,313.74005,4.887177,948.95276,41.730976,0.23697798,175.90285,7.020767,59.66517,74.555504,1282.666,41.21375,1363.012,794.8608,0.0,0.0,0.0,0.0,0.0,0.0,810.35443,1249.8359,0.0,0.0,0.0,0.0,0.0
1.0,2.0,0.0,42.884697,0.5611899,173.06345,7.799224,0.2646467,26.200031,1.7286956,14.711769,38.19087,205.51164,28.093458,278.59113,176.08878,0.0,0.0,0.0,0.0,0.0,0.0,164.35483,296.70267,0.0,0.0,0.0,0.0,0.0
1.0,3.0,0.0,22.584156,0.32825804,71.39081,5.200312,0.034855258,20.541012,0.37343284,6.3607125,25.028849,95.377525,13.132122,145.13489,101.35069,0.0,0.0,0.0,0.0,0.0,0.0,64.319496,130.79701,0.0,0.0,0.0,0.0,0.0
1.0,4.0,0.0,11.981288,0.15779822,39.757145,3.711933,0.010942476,14.580851,0.13161644,1.5772525,30.172638,37.046455,12.522148,108.015656,49.05894,0.0,0.0,0.0,0.0,0.0,0.0,28.716974,65.97321,0.0,0.0,0.0,0.0,0.0
1.0,5.0,0.0,2.547639,0.2887501,29.941221,1.9757903,0.0044492306,6.167352,0.24065204,4.793713,7.3862085,24.773485,10.182071,93.74787,49.27999,0.0,0.0,0.0,0.0,0.0,0.0,20.623466,49.688465,0.0,0.0,0.0,0.0,0.0
1.0,6.0,0.0,3.3445702,0.55205715,13.769801,3.273723,0.012016374,4.565763,0.1293518,1.53161,21.909492,25.550295,14.272798,84.742775,28.320742,0.0,0.0,0.0,0.0,0.0,0.0,14.242923,37.01374,0.0,0.0,0.0,0.0,0.0
1.0,7.0,0.0026157126,5.7648163,0.18352658,15.916344,2.2910585,0.02129865,6.1206975,0.16636322,2.1592407,15.455031,17.279045,11.971637,47.332413,25.314114,0.0,0.0,0.0,0.0,0.0,0.0,14.172578,44.13978,0.0,0.0,0.0,0.0,0.0
1.0,8.0,0.12480158,4.563053,0.19701327,19.124695,2.9074564,0.016779082,4.508208,0.08842554,3.4332898,3.1293986,16.121323,18.04104,38.176056,15.594285,0.0,0.0,0.0,0.0,0.0,0.0,12.210223,34.205265,0.0,0.0,0.0,0.0,0.0
1.0,9.0,0.084326625,3.8873425,0.37151355,6.3097453,2.924521,0.4276434,4.311725,0.10265172,2.2948043,14.685221,21.24818,7.50336,30.89444,9.170924,0.0,0.0,0.0,0.0,0.0,0.0,10.628007,35.116554,0.0,0.0,0.0,0.0,0.0
1.0,10.0,0.04678523,5.9093723,0.33235645,9.32359,1.4784869,0.011491975,2.9002938,0.21377094,2.4996006,11.122387,13.040393,8.173382,30.570704,13.203498,0.0,0.0,0.0,0.0,0.0,0.0,8.378917,26.983822,0.0,0.0,0.0,0.0,0.0
1.0,11.0,0.015546048,3.8441608,0.07151091,4.276664,2.6203213,0.13737167,2.431206,0.07439864,2.8000233,13.895763,13.553288,6.4046054,30.474833,16.762518,0.0,0.0,0.0,0.0,0.0,0.0,6.013316,21.727589,0.0,0.0,0.0,0.0,0.0
1.0,12.0,0.2340297,2.1369698,0.17838229,5.410807,1.2186973,0.003719155,2.0311208,0.04100242,1.6764586,14.257185,5.62609,7.1676474,30.393589,16.50382,0.0,0.0,0.0,0.0,0.0,0.0,5.318964,21.377281,0.0,0.0,0.0,0.0,0.0
1.0,13.0,0.3066349,2.2769864,0.15811484,6.822753,1.8651403,0.0062679923,3.0068944,0.103184536,1.5734826,11.423273,9.236198,5.472959,27.253546,10.152482,0.0,0.0,0.0,0.0,0.0,0.0,4.5452614,15.989131,0.0,0.0,0.0,0.0,0.0
1.0,14.0,0.18045627,1.8388963,0.09646734,6.404435,0.8473703,0.013853091,1.8012371,0.21352005,0.9638846,11.89281,7.9931803,2.2917297,27.022774,10.310784,0.0,0.0,0.0,0.0,0.0,0.0,3.641879,13.112549,0.0,0.0,0.0,0.0,0.0
1.0,15.0,0.12283771,0.7505163,0.22591782,4.841667,0.53007394,0.117884375,0.97714305,0.008833398,0.8948487,5.456121,6.293254,6.0416193,27.47672,8.53695,0.0,0.0,0.0,0.0,0.0,0.0,3.0654054,11.727721,0.0,0.0,0.0,0.0,0.0
1.0,16.0,0.008867547,1.8013502,0.06684302,4.214046,0.57191294,0.009659575,1.7004585,0.027576853,0.57666963,6.1301064,8.182403,5.2173276,20.810995,7.630289,0.0,0.0,0.0,0.0,0.0,0.0,2.4321046,8.166519,0.0,0.0,0.0,0.0,0.0
1.0,17.0,0.0,0.0,0.0,0.0,0.0,0.0,0.0,0.0,0.0,0.0,0.0,0.0,0.0,0.0,0.0,0.0,0.0,0.0,0.0,0.0,0.0,0.0,0.0,0.0,0.0,0.0,0.0
1.0,18.0,0.0,0.0,0.0,0.0,0.0,0.0,0.0,0.0,0.0,0.0,0.0,0.0,0.0,0.0,0.0,0.0,0.0,0.0,0.0,0.0,0.0,0.0,0.0,0.0,0.0,0.0,0.0
1.0,19.0,0.0,0.0,0.0,0.0,0.0,0.0,0.0,0.0,0.0,0.0,0.0,0.0,0.0,0.0,0.0,0.0,0.0,0.0,0.0,0.0,0.0,0.0,0.0,0.0,0.0,0.0,0.0
1.0,20.0,0.0,0.0,0.0,0.0,0.0,0.0,0.0,0.0,0.0,0.0,0.0,0.0,0.0,0.0,0.0,0.0,0.0,0.0,0.0,0.0,0.0,0.0,0.0,0.0,0.0,0.0,0.0
1.0,21.0,0.0,0.0,0.0,0.0,0.0,0.0,0.0,0.0,0.0,0.0,0.0,0.0,0.0,0.0,0.0,0.0,0.0,0.0,0.0,0.0,0.0,0.0,0.0,0.0,0.0,0.0,0.0
1.0,22.0,0.0,0.0,0.0,0.0,0.0,0.0,0.0,0.0,0.0,0.0,0.0,0.0,0.0,0.0,0.0,0.0,0.0,0.0,0.0,0.0,0.0,0.0,0.0,0.0,0.0,0.0,0.0
1.0,23.0,0.0,0.0,0.0,0.0,0.0,0.0,0.0,0.0,0.0,0.0,0.0,0.0,0.0,0.0,0.0,0.0,0.0,0.0,0.0,0.0,0.0,0.0,0.0,0.0,0.0,0.0,0.0
1.0,24.0,0.0,0.0,0.0,0.0,0.0,0.0,0.0,0.0,0.0,0.0,0.0,0.0,0.0,0.0,0.0,0.0,0.0,0.0,0.0,0.0,0.0,0.0,0.0,0.0,0.0,0.0,0.0
1.0,25.0,0.0,0.0,0.0,0.0,0.0,0.0,0.0,0.0,0.0,0.0,0.0,0.0,0.0,0.0,0.0,0.0,0.0,0.0,0.0,0.0,0.0,0.0,0.0,0.0,0.0,0.0,0.0
2.0,0.0,0.0,70.867935,0.0392854,152.91637,26.374264,0.475686,140.36395,0.34458095,499.25653,0.9687115,2035.1094,3.114317,6495.904,56.633415,0.0,0.0,0.0,0.0,0.0,89.67832,3172.9329,4163.5254,0.0,0.0,0.0,0.0,0.0
2.0,1.0,0.0,665.9193,0.56624067,1158.4736,81.12912,0.40641564,380.4715,3.4869688,170.51903,22.1423,3251.9934,0.39562532,5848.1035,408.87543,0.0,0.0,0.0,0.0,0.0,0.0,1707.211,2195.8643,0.0,0.0,0.0,0.0,0.0
2.0,2.0,0.0,134.73201,2.0154104,773.33514,87.247696,0.0979021,57.749702,4.627458,42.265232,22.962202,1436.9933,0.061833095,965.9678,302.81094,0.0,0.0,0.0,0.0,0.0,0.0,432.93158,658.0284,0.0,0.0,0.0,0.0,0.0
2.0,3.0,1.6566104E-11,22.454704,0.60836387,139.35942,17.603994,0.012818694,11.056705,0.113681,8.487085,4.9105244,282.34186,0.7992958,187.4515,59.56337,0.0,0.0,0.0,0.0,0.0,0.0,81.701515,141.66699,0.0,0.0,0.0,0.0,0.0
2.0,4.0,1.7968736E-6,7.1567216,0.09349947,76.249504,5.273843,0.0038330615,4.874449,0.13802616,3.2289314,0.77579015,123.224625,4.6828427,80.35491,27.388273,0.0,0.0,0.0,0.0,0.0,0.0,34.003014,59.93586,0.0,0.0,0.0,0.0,0.0
2.0,5.0,0.00294653,4.398164,0.14648312,46.611816,4.3653173,0.0010642894,2.5519736,0.12751234,5.2876377,1.0521791,60.6453,5.667368,43.707424,15.390314,0.0,0.0,0.0,0.0,0.0,0.0,17.724745,34.281612,0.0,0.0,0.0,0.0,0.0
2.0,6.0,0.002207071,0.9068259,0.26523015,32.782272,3.3362372,0.025591414,2.101292,0.18426855,4.2015324,0.051858272,41.82813,4.145681,32.263176,14.371445,0.0,0.0,0.0,0.0,0.0,0.0,10.797938,25.447515,0.0,0.0,0.0,0.0,0.0
2.0,7.0,0.038088456,2.117406,0.112601034,21.178368,1.9571747,0.04126262,2.224914,0.10501792,1.24916,0.92237175,34.185074,4.836153,27.662731,12.217396,0.0,0.0,0.0,0.0,0.0,0.0,9.153393,21.662306,0.0,0.0,0.0,0.0,0.0
2.0,8.0,0.009333012,1.080822,0.026099438,19.123219,2.2326427,0.0011832631,1.3837421,0.056601476,4.2807236,0.22466888,35.0057,1.4612628,19.46859,7.3354173,0.0,0.0,0.0,0.0,0.0,0.0,5.86758,18.034912,0.0,0.0,0.0,0.0,0.0
2.0,9.0,0.06196089,2.4456043,0.21671641,14.309106,2.0126815,0.010828481,1.0555115,0.08221438,1.4542475,0.39024127,34.356323,2.2860382,14.404191,3.0297549,0.0,0.0,0.0,0.0,0.0,0.0,3.913657,13.620084,0.0,0.0,0.0,0.0,0.0
2.0,10.0,0.10739837,2.9641328,0.18676884,14.078086,0.66291165,0.0010832166,0.6502541,0.01962415,0.88713324,0.38020828,22.144127,0.71819717,14.157821,4.93188,0.0,0.0,0.0,0.0,0.0,0.0,4.2672853,12.758855,0.0,0.0,0.0,0.0,0.0
2.0,11.0,0.035766292,0.9773589,0.15431754,10.864443,0.8055766,0.008984967,0.29493558,0.06754002,0.9406574,0.38590702,18.919926,2.9880075,9.729457,5.8489394,0.0,0.0,0.0,0.0,0.0,0.0,3.7079067,12.730898,0.0,0.0,0.0,0.0,0.0
2.0,12.0,0.055822194,0.37807602,0.06214385,12.258194,0.9467157,0.0028612872,0.69308007,0.017972719,1.1467466,0.4417443,14.974575,1.96548,11.005927,6.7314367,0.0,0.0,0.0,0.0,0.0,0.0,3.4849105,10.437632,0.0,0.0,0.0,0.0,0.0
2.0,13.0,0.087782845,0.33305457,0.0078357365,13.6870985,1.1050806,2.1193307E-4,0.15308905,0.07214276,0.4968492,0.46990597,14.179277,1.1197313,10.765231,6.428077,0.0,0.0,0.0,0.0,0.0,0.0,1.943268,8.725364,0.0,0.0,0.0,0.0,0.0
2.0,14.0,0.44664958,0.9831111,0.13116594,8.629026,1.2417741,3.465903E-4,0.24600725,0.004469099,0.7904251,0.4719269,12.58854,2.553598,9.443083,4.8943505,0.0,0.0,0.0,0.0,0.0,0.0,2.1246657,7.713754,0.0,0.0,0.0,0.0,0.0
2.0,15.0,0.11254216,0.5889787,0.054476686,10.290684,1.0746497,0.001199425,0.92892855,0.053379543,0.19461404,0.3536596,10.538658,1.3919935,8.223912,4.5542836,0.0,0.0,0.0,0.0,0.0,0.0,1.563621,6.8860016,0.0,0.0,0.0,0.0,0.0
2.0,16.0,5.0615246E-4,0.45217025,0.017919485,6.5323215,0.75093615,1.2235477E-4,0.2906254,0.04865639,0.3477031,0.13745086,11.103704,1.2204922,6.6910315,3.3848462,0.0,0.0,0.0,0.0,0.0,0.0,1.8841213,6.412314,0.0,0.0,0.0,0.0,0.0
2.0,17.0,0.0,0.0,0.0,0.0,0.0,0.0,0.0,0.0,0.0,0.0,0.0,0.0,0.0,0.0,0.0,0.0,0.0,0.0,0.0,0.0,0.0,0.0,0.0,0.0,0.0,0.0,0.0
2.0,18.0,0.0,0.0,0.0,0.0,0.0,0.0,0.0,0.0,0.0,0.0,0.0,0.0,0.0,0.0,0.0,0.0,0.0,0.0,0.0,0.0,0.0,0.0,0.0,0.0,0.0,0.0,0.0
2.0,19.0,0.0,0.0,0.0,0.0,0.0,0.0,0.0,0.0,0.0,0.0,0.0,0.0,0.0,0.0,0.0,0.0,0.0,0.0,0.0,0.0,0.0,0.0,0.0,0.0,0.0,0.0,0.0
2.0,20.0,0.0,0.0,0.0,0.0,0.0,0.0,0.0,0.0,0.0,0.0,0.0,0.0,0.0,0.0,0.0,0.0,0.0,0.0,0.0,0.0,0.0,0.0,0.0,0.0,0.0,0.0,0.0
2.0,21.0,0.0,0.0,0.0,0.0,0.0,0.0,0.0,0.0,0.0,0.0,0.0,0.0,0.0,0.0,0.0,0.0,0.0,0.0,0.0,0.0,0.0,0.0,0.0,0.0,0.0,0.0,0.0
2.0,22.0,0.0,0.0,0.0,0.0,0.0,0.0,0.0,0.0,0.0,0.0,0.0,0.0,0.0,0.0,0.0,0.0,0.0,0.0,0.0,0.0,0.0,0.0,0.0,0.0,0.0,0.0,0.0
2.0,23.0,0.0,0.0,0.0,0.0,0.0,0.0,0.0,0.0,0.0,0.0,0.0,0.0,0.0,0.0,0.0,0.0,0.0,0.0,0.0,0.0,0.0,0.0,0.0,0.0,0.0,0.0,0.0
2.0,24.0,0.0,0.0,0.0,0.0,0.0,0.0,0.0,0.0,0.0,0.0,0.0,0.0,0.0,0.0,0.0,0.0,0.0,0.0,0.0,0.0,0.0,0.0,0.0,0.0,0.0,0.0,0.0
2.0,25.0,0.0,0.0,0.0,0.0,0.0,0.0,0.0,0.0,0.0,0.0,0.0,0.0,0.0,0.0,0.0,0.0,0.0,0.0,0.0,0.0,0.0,0.0,0.0,0.0,0.0,0.0,0.0
3.0,0.0,0.0,272.81915,0.15597676,170.06775,32.43743,1.658857,122.31734,0.21406582,329.3708,0.9350212,2201.4873,7.0137663,3989.1907,10.672283,0.0,0.0,0.0,0.0,0.0,60.94449,3443.9746,4337.4297,0.0,0.0,0.0,0.0,0.0
3.0,1.0,0.0,413.96097,0.6161166,583.8893,86.14691,0.68728787,215.159,4.036012,455.8153,11.670491,3642.9373,1.1999582,6339.2593,34.104477,0.0,0.0,0.0,0.0,0.0,0.0,1685.8354,2119.833,0.0,0.0,0.0,0.0,0.0
3.0,2.0,0.029634329,143.77751,0.9770046,980.38074,140.05977,0.14286599,148.71089,5.582113,140.15414,22.988232,1548.1887,3.4667792,2229.8901,40.95629,0.0,0.0,0.0,0.0,0.0,0.0,771.0586,1065.6464,0.0,0.0,0.0,0.0,0.0
3.0,3.0,0.104583025,62.818233,3.634905,593.5517,122.53267,0.49630874,64.91311,1.4852558,35.074173,46.835747,1149.9082,1.6299039,737.8579,23.8635,0.0,0.0,0.0,0.0,0.0,0.0,214.4111,414.6281,0.0,0.0,0.0,0.0,0.0
3.0,4.0,1.608144E-5,8.51323,0.36457083,134.51375,20.115108,0.020769326,15.480492,0.59126014,11.152349,7.801732,199.7575,9.1707945E-4,108.3167,7.1083064,0.0,0.0,0.0,0.0,0.0,0.0,42.80574,86.47387,0.0,0.0,0.0,0.0,0.0
3.0,5.0,0.024528688,6.114407,0.21497644,52.469875,7.963016,0.008010481,4.6173377,0.13352373,2.0395145,3.0383015,86.56765,0.006983722,43.148994,2.448227,0.0,0.0,0.0,0.0,0.0,0.0,16.226456,38.6794,0.0,0.0,0.0,0.0,0.0
3.0,6.0,0.044288155,2.3155751,0.20554733,33.89433,3.8764255,0.0017375543,3.2414129,0.032609332,0.9210148,2.9304433,40.5095,0.0074489797,24.298048,2.643706,0.0,0.0,0.0,0.0,0.0,0.0,7.3117976,19.321463,0.0,0.0,0.0,0.0,0.0
3.0,7.0,0.040445875,2.2852588,0.023147797,25.48527,2.1163428,0.0065962807,1.4776835,0.068317264,1.7500056,1.8221543,25.158302,0.23213875,16.72258,1.1481255,0.0,0.0,0.0,0.0,0.0,0.0,4.7354436,15.397096,0.0,0.0,0.0,0.0,0.0
3.0,8.0,0.0048206574,0.80910593,0.017887255,17.410803,2.578323,0.0016572854,1.0494004,0.035420183,1.4286845,0.2066662,22.801266,0.67950034,14.803614,1.659504,0.0,0.0,0.0,0.0,0.0,0.0,4.1288457,11.437753,0.0,0.0,0.0,0.0,0.0
3.0,9.0,0.05663779,0.8500123,0.10467314,14.287241,1.8459487,0.0046271337,0.9086719,0.045690056,0.7208276,0.5434315,18.935022,0.35945368,9.559061,0.7504261,0.0,0.0,0.0,0.0,0.0,0.0,3.3788455,11.233603,0.0,0.0,0.0,0.0,0.0
3.0,10.0,0.12770468,0.94356185,0.021445693,10.549292,1.6600454,2.4465623E-4,1.2360779,0.021193223,1.3474313,0.45212024,16.155573,0.4154032,5.9131002,0.60200953,0.0,0.0,0.0,0.0,0.0,0.0,2.6674125,8.403747,0.0,0.0,0.0,0.0,0.0
3.0,11.0,0.13414209,0.76461625,0.08664251,10.75093,1.0762627,8.878397E-4,0.51292247,0.0070726755,1.3233196,0.40146348,13.744821,0.0015642236,6.560225,0.21567647,0.0,0.0,0.0,0.0,0.0,0.0,1.3542913,6.075863,0.0,0.0,0.0,0.0,0.0
3.0,12.0,0.045847595,0.48503765,0.044412255,7.9852533,0.7995296,4.3646028E-4,0.6236092,0.01769944,0.5304995,0.1809248,11.914385,0.051734813,5.834627,0.15804435,0.0,0.0,0.0,0.0,0.0,0.0,1.2724885,5.2522373,0.0,0.0,0.0,0.0,0.0
3.0,13.0,0.10174329,0.69696134,0.047733396,8.484531,0.7849802,7.6813117E-4,0.44743973,0.029477712,0.35538533,0.22635297,8.189032,0.21917804,5.7165084,0.8725389,0.0,0.0,0.0,0.0,0.0,0.0,1.4491266,5.4829435,0.0,0.0,0.0,0.0,0.0
3.0,14.0,0.05654699,0.28053808,0.0010064678,7.470739,1.0928245,8.504352E-5,0.3906491,0.017975729,0.13799666,0.62452644,6.661724,0.043839637,7.1659784,0.4865593,0.0,0.0,0.0,0.0,0.0,0.0,1.2086571,5.22395,0.0,0.0,0.0,0.0,0.0
3.0,15.0,0.14608477,0.37605652,0.010512616,6.8661056,0.9291389,6.1715854E-4,0.37080935,0.014379996,0.29620513,0.51973385,7.0511904,0.26852825,4.2168493,0.7555541,0.0,0.0,0.0,0.0,0.0,0.0,1.2426366,4.5313945,0.0,0.0,0.0,0.0,0.0
3.0,16.0,0.04193348,0.16789326,0.0091973,4.9760528,0.67965734,2.5427912E-4,0.46985605,0.011057849,0.49062186,0.26629665,6.2450595,0.14149444,5.803658,0.51502824,0.0,0.0,0.0,0.0,0.0,0.0,0.8739935,3.6411538,0.0,0.0,0.0,0.0,0.0
3.0,17.0,0.0,0.0,0.0,0.0,0.0,0.0,0.0,0.0,0.0,0.0,0.0,0.0,0.0,0.0,0.0,0.0,0.0,0.0,0.0,0.0,0.0,0.0,0.0,0.0,0.0,0.0,0.0
3.0,18.0,0.0,0.0,0.0,0.0,0.0,0.0,0.0,0.0,0.0,0.0,0.0,0.0,0.0,0.0,0.0,0.0,0.0,0.0,0.0,0.0,0.0,0.0,0.0,0.0,0.0,0.0,0.0
3.0,19.0,0.0,0.0,0.0,0.0,0.0,0.0,0.0,0.0,0.0,0.0,0.0,0.0,0.0,0.0,0.0,0.0,0.0,0.0,0.0,0.0,0.0,0.0,0.0,0.0,0.0,0.0,0.0
3.0,20.0,0.0,0.0,0.0,0.0,0.0,0.0,0.0,0.0,0.0,0.0,0.0,0.0,0.0,0.0,0.0,0.0,0.0,0.0,0.0,0.0,0.0,0.0,0.0,0.0,0.0,0.0,0.0
3.0,21.0,0.0,0.0,0.0,0.0,0.0,0.0,0.0,0.0,0.0,0.0,0.0,0.0,0.0,0.0,0.0,0.0,0.0,0.0,0.0,0.0,0.0,0.0,0.0,0.0,0.0,0.0,0.0
3.0,22.0,0.0,0.0,0.0,0.0,0.0,0.0,0.0,0.0,0.0,0.0,0.0,0.0,0.0,0.0,0.0,0.0,0.0,0.0,0.0,0.0,0.0,0.0,0.0,0.0,0.0,0.0,0.0
3.0,23.0,0.0,0.0,0.0,0.0,0.0,0.0,0.0,0.0,0.0,0.0,0.0,0.0,0.0,0.0,0.0,0.0,0.0,0.0,0.0,0.0,0.0,0.0,0.0,0.0,0.0,0.0,0.0
3.0,24.0,0.0,0.0,0.0,0.0,0.0,0.0,0.0,0.0,0.0,0.0,0.0,0.0,0.0,0.0,0.0,0.0,0.0,0.0,0.0,0.0,0.0,0.0,0.0,0.0,0.0,0.0,0.0
3.0,25.0,0.0,0.0,0.0,0.0,0.0,0.0,0.0,0.0,0.0,0.0,0.0,0.0,0.0,0.0,0.0,0.0,0.0,0.0,0.0,0.0,0.0,0.0,0.0,0.0,0.0,0.0,0.0
4.0,0.0,0.0,128.07904,0.09617876,193.42363,62.97945,1.018195,102.63514,0.76755625,482.3182,0.2556023,994.91425,1.2802821,1424.1549,8.739932,0.0,0.0,0.0,0.0,0.0,26.742998,2471.038,3460.8616,0.0,0.0,0.0,0.0,0.0
4.0,1.0,0.0,646.7521,0.46871197,1038.2457,163.60217,2.7596564,205.46352,0.7858054,244.11879,9.597187,1645.6198,0.08551582,3427.835,13.854961,0.0,0.0,0.0,0.0,0.0,0.0,1465.1226,1929.4309,0.0,0.0,0.0,0.0,0.0
4.0,2.0,0.0,427.7958,0.2562509,429.9504,73.337685,2.736496,152.31247,3.2346082,110.75515,35.05496,822.5229,4.591092,1696.436,16.914494,0.0,0.0,0.0,0.0,0.0,0.0,933.70764,1158.7651,0.0,0.0,0.0,0.0,0.0
4.0,3.0,0.1306804,199.36034,0.9591643,618.3759,217.84619,1.1718767,86.197075,1.4762172,61.432484,57.788074,883.2596,0.23527531,1135.4109,9.483657,0.0,0.0,0.0,0.0,0.0,0.0,509.4029,693.03656,0.0,0.0,0.0,0.0,0.0
4.0,4.0,0.02433571,92.85794,3.921987,553.6093,112.46401,0.21387303,30.932146,0.65395343,21.818638,38.01933,634.048,5.149126,391.8762,4.0477457,0.0,0.0,0.0,0.0,0.0,0.0,107.055984,248.83426,0.0,0.0,0.0,0.0,0.0
4.0,5.0,0.009375428,18.003582,0.4115539,87.0331,19.885931,0.040268905,6.095434,0.25590998,4.751253,6.713365,114.411385,0.82732886,64.81564,0.9911027,0.0,0.0,0.0,0.0,0.0,0.0,22.054903,52.055782,0.0,0.0,0.0,0.0,0.0
4.0,6.0,0.044397485,4.6637216,0.15762857,40.205307,7.8936043,0.013073376,2.7675524,0.118835084,1.921489,2.4459321,42.696926,0.36027345,23.657131,0.24074559,0.0,0.0,0.0,0.0,0.0,0.0,8.276274,22.06854,0.0,0.0,0.0,0.0,0.0
4.0,7.0,0.040915005,2.2433276,0.05850535,21.134686,4.763433,0.04050246,1.293242,0.028941834,0.5922445,2.0963342,20.672756,0.08026386,14.160522,0.06329438,0.0,0.0,0.0,0.0,0.0,0.0,3.8700967,10.813135,0.0,0.0,0.0,0.0,0.0
4.0,8.0,0.058491923,0.96938753,0.037652794,16.275576,3.0845368,0.0034767888,0.63511544,0.09751628,0.601233,0.8196151,13.273886,0.1098002,9.808407,0.09122539,0.0,0.0,0.0,0.0,0.0,0.0,2.778918,7.9007006,0.0,0.0,0.0,0.0,0.0
4.0,9.0,0.022748306,1.4887863,0.01788773,11.759236,2.665698,0.0058310786,0.5580592,0.032798488,0.61170673,0.54389626,11.699141,0.18072422,7.481872,0.07005754,0.0,0.0,0.0,0.0,0.0,0.0,1.544351,6.2311096,0.0,0.0,0.0,0.0,0.0
4.0,10.0,0.061768584,0.8854696,0.038439356,9.919243,1.4758639,0.0020959147,0.33380845,0.0068318723,0.5962802,0.32667685,9.924787,0.11592165,4.896229,0.10480264,0.0,0.0,0.0,0.0,0.0,0.0,1.6368575,4.9628706,0.0,0.0,0.0,0.0,0.0
4.0,11.0,0.07584463,0.7584683,0.06459851,7.5501986,1.104635,0.0073047434,0.3436198,0.028867146,0.5948578,0.18924856,8.870167,0.028316835,3.2760415,0.034688495,0.0,0.0,0.0,0.0,0.0,0.0,0.978755,3.8978758,0.0,0.0,0.0,0.0,0.0
4.0,12.0,0.001566701,1.1829602,0.016780527,4.8593035,1.3498085,0.0028812194,0.24605694,0.0061899237,0.35633782,0.06281141,7.8809285,0.035894305,2.9462333,0.04305108,0.0,0.0,0.0,0.0,0.0,0.0,0.744365,3.3671067,0.0,0.0,0.0,0.0,0.0
4.0,13.0,0.06251749,0.46361616,0.0062853526,4.7404866,1.3072922,0.0030374234,0.15123504,0.017872311,0.39847133,0.12687638,5.620325,0.12006766,2.6026263,0.07028034,0.0,0.0,0.0,0.0,0.0,0.0,0.7048007,2.9828947,0.0,0.0,0.0,0.0,0.0
4.0,14.0,0.0034234235,0.40638688,0.019696739,5.2709885,0.9864148,4.1875307E-4,0.1248873,0.013484114,0.31179368,0.4749077,4.1997333,0.09888152,2.6089242,0.020463113,0.0,0.0,0.0,0.0,0.0,0.0,0.655241,2.7445972,0.0,0.0,0.0,0.0,0.0
4.0,15.0,0.0014824963,0.040181074,0.0079159755,4.049089,0.8865832,0.0021550246,0.45166823,0.0030040573,0.32277542,0.4244353,4.424348,1.7885011E-5,2.2280562,0.09719938,0.0,0.0,0.0,0.0,0.0,0.0,0.62677586,2.693762,0.0,0.0,0.0,0.0,0.0
4.0,16.0,4.6933306E-4,0.29590955,0.023898238,3.6346753,0.9771053,0.0037295104,0.25283402,0.006978512,0.17785583,0.5877813,3.9953444,0.0047390773,2.2659712,0.070045814,0.0,0.0,0.0,0.0,0.0,0.0,0.45895058,1.9692322,0.0,0.0,0.0,0.0,0.0
4.0,17.0,0.0,0.0,0.0,0.0,0.0,0.0,0.0,0.0,0.0,0.0,0.0,0.0,0.0,0.0,0.0,0.0,0.0,0.0,0.0,0.0,0.0,0.0,0.0,0.0,0.0,0.0,0.0
4.0,18.0,0.0,0.0,0.0,0.0,0.0,0.0,0.0,0.0,0.0,0.0,0.0,0.0,0.0,0.0,0.0,0.0,0.0,0.0,0.0,0.0,0.0,0.0,0.0,0.0,0.0,0.0,0.0
4.0,19.0,0.0,0.0,0.0,0.0,0.0,0.0,0.0,0.0,0.0,0.0,0.0,0.0,0.0,0.0,0.0,0.0,0.0,0.0,0.0,0.0,0.0,0.0,0.0,0.0,0.0,0.0,0.0
4.0,20.0,0.0,0.0,0.0,0.0,0.0,0.0,0.0,0.0,0.0,0.0,0.0,0.0,0.0,0.0,0.0,0.0,0.0,0.0,0.0,0.0,0.0,0.0,0.0,0.0,0.0,0.0,0.0
4.0,21.0,0.0,0.0,0.0,0.0,0.0,0.0,0.0,0.0,0.0,0.0,0.0,0.0,0.0,0.0,0.0,0.0,0.0,0.0,0.0,0.0,0.0,0.0,0.0,0.0,0.0,0.0,0.0
4.0,22.0,0.0,0.0,0.0,0.0,0.0,0.0,0.0,0.0,0.0,0.0,0.0,0.0,0.0,0.0,0.0,0.0,0.0,0.0,0.0,0.0,0.0,0.0,0.0,0.0,0.0,0.0,0.0
4.0,23.0,0.0,0.0,0.0,0.0,0.0,0.0,0.0,0.0,0.0,0.0,0.0,0.0,0.0,0.0,0.0,0.0,0.0,0.0,0.0,0.0,0.0,0.0,0.0,0.0,0.0,0.0,0.0
4.0,24.0,0.0,0.0,0.0,0.0,0.0,0.0,0.0,0.0,0.0,0.0,0.0,0.0,0.0,0.0,0.0,0.0,0.0,0.0,0.0,0.0,0.0,0.0,0.0,0.0,0.0,0.0,0.0
4.0,25.0,0.0,0.0,0.0,0.0,0.0,0.0,0.0,0.0,0.0,0.0,0.0,0.0,0.0,0.0,0.0,0.0,0.0,0.0,0.0,0.0,0.0,0.0,0.0,0.0,0.0,0.0,0.0
5.0,0.0,0.0,250.15494,0.26634866,494.0155,154.77841,2.238899,37.68487,0.38448304,340.1961,0.5157566,598.3634,0.6149237,1445.7683,34.910725,0.0,0.0,0.0,0.0,0.0,17.14243,2146.056,3056.9148,0.0,0.0,0.0,0.0,0.0
5.0,1.0,0.0,1339.8516,1.127882,1190.8271,531.86285,3.8978415,124.7198,2.0274997,316.26706,32.421898,1753.5856,0.59195125,2609.0813,8.084758,0.0,0.0,0.0,0.0,0.0,0.0,1186.7839,1641.6057,0.0,0.0,0.0,0.0,0.0
5.0,2.0,0.0,211.20763,1.0189246,664.184,321.36453,0.80601805,43.979233,1.0745962,237.68427,39.486385,420.73297,0.19654793,1138.8856,21.70963,0.0,0.0,0.0,0.0,0.0,0.0,585.3773,813.4574,0.0,0.0,0.0,0.0,0.0
5.0,3.0,0.0,228.82098,0.18461332,393.85706,163.31235,2.2255812,59.745884,2.6065633,180.40504,35.557144,502.59818,0.06250222,830.15466,13.301352,0.0,0.0,0.0,0.0,0.0,0.0,439.34872,640.2339,0.0,0.0,0.0,0.0,0.0
5.0,4.0,0.4559109,88.682365,1.0945952,566.47644,196.18153,0.65854603,35.373962,2.3860774,110.069084,38.230724,441.1244,1.1631901,702.7142,10.055023,0.0,0.0,0.0,0.0,0.0,0.0,281.1756,447.2354,0.0,0.0,0.0,0.0,0.0
5.0,5.0,0.030048974,69.55163,2.0574763,467.1377,83.45778,0.31394348,13.85139,0.8749822,19.632042,20.924202,329.76785,4.2806487,261.0633,7.1974864,0.0,0.0,0.0,0.0,0.0,0.0,56.093803,162.42368,0.0,0.0,0.0,0.0,0.0
5.0,6.0,0.049740598,10.513213,0.2351978,74.7186,14.795145,0.030412916,3.1964126,0.15699089,4.653164,4.662085,60.265057,0.879128,35.33689,0.71250784,0.0,0.0,0.0,0.0,0.0,0.0,11.301453,30.238958,0.0,0.0,0.0,0.0,0.0
5.0,7.0,0.027534308,3.0939293,0.09082878,28.936455,4.9765964,0.027927907,0.83580655,0.07132943,2.0502508,1.1230825,24.322308,0.5156402,14.686497,0.35463533,0.0,0.0,0.0,0.0,0.0,0.0,3.978238,10.568517,0.0,0.0,0.0,0.0,0.0
5.0,8.0,0.01558733,1.1730244,0.025376856,15.6157675,3.1447954,0.004930911,0.60841703,0.034625456,1.1458946,0.6346447,11.695117,0.014316763,6.54219,0.1942394,0.0,0.0,0.0,0.0,0.0,0.0,1.7759796,5.399333,0.0,0.0,0.0,0.0,0.0
5.0,9.0,0.011368981,0.56875527,0.019709246,10.389873,1.9686717,0.0025315334,0.26306602,0.0045111612,0.6147052,0.63200396,6.472533,0.33628848,5.569917,0.2543129,0.0,0.0,0.0,0.0,0.0,0.0,1.1211526,4.4252133,0.0,0.0,0.0,0.0,0.0
5.0,10.0,0.0039484883,0.77872,0.018353809,6.859693,1.5225192,0.013069237,0.33364654,0.019528301,0.8007786,0.3991395,5.3898664,0.22250532,4.6819296,0.13764851,0.0,0.0,0.0,0.0,0.0,0.0,1.0085188,3.1404953,0.0,0.0,0.0,0.0,0.0
5.0,11.0,0.004148934,0.49219945,0.01985398,5.79625,0.9394005,0.0012379265,0.19181636,0.0045506842,0.68843615,0.37410858,4.8638844,0.010535043,3.6415105,0.087239474,0.0,0.0,0.0,0.0,0.0,0.0,0.5812616,2.1882029,0.0,0.0,0.0,0.0,0.0
5.0,12.0,0.016096143,0.49974766,0.009186569,4.364312,0.9425556,0.0010220787,0.21726838,0.006015482,0.40338582,0.13586518,4.9929676,0.06643603,1.8248793,0.031105824,0.0,0.0,0.0,0.0,0.0,0.0,0.33744106,1.7748624,0.0,0.0,0.0,0.0,0.0
5.0,13.0,6.6217897E-4,0.43986034,0.009372409,4.5478024,0.6823081,7.428142E-4,0.15309623,0.004587621,0.26458412,0.08231392,3.3305678,0.09600886,1.348218,0.053213593,0.0,0.0,0.0,0.0,0.0,0.0,0.33649632,1.4835005,0.0,0.0,0.0,0.0,0.0
5.0,14.0,0.0032489656,0.26247048,0.002656455,2.895498,0.8896038,0.0026661316,0.019129932,0.0040676584,0.23130077,0.094705775,3.1795716,0.0011786681,1.6975724,0.024141748,0.0,0.0,0.0,0.0,0.0,0.0,0.29689825,1.2417891,0.0,0.0,0.0,0.0,0.0
5.0,15.0,0.0010282049,0.06475168,0.002472557,2.7943852,0.6339916,0.001462931,0.07970442,0.008879776,0.21614912,0.14967886,2.386199,0.07918115,1.9245806,0.03919573,0.0,0.0,0.0,0.0,0.0,0.0,0.26046643,1.1877819,0.0,0.0,0.0,0.0,0.0
5.0,16.0,0.0019824372,0.2091392,0.03239015,3.023794,0.5795996,8.8663184E-4,0.053686656,3.2453486E-4,0.17402051,0.16789933,2.0853515,0.0033515294,1.3898547,0.054070994,0.0,0.0,0.0,0.0,0.0,0.0,0.24955675,1.0617111,0.0,0.0,0.0,0.0,0.0
5.0,17.0,0.0,0.0,0.0,0.0,0.0,0.0,0.0,0.0,0.0,0.0,0.0,0.0,0.0,0.0,0.0,0.0,0.0,0.0,0.0,0.0,0.0,0.0,0.0,0.0,0.0,0.0,0.0
5.0,18.0,0.0,0.0,0.0,0.0,0.0,0.0,0.0,0.0,0.0,0.0,0.0,0.0,0.0,0.0,0.0,0.0,0.0,0.0,0.0,0.0,0.0,0.0,0.0,0.0,0.0,0.0,0.0
5.0,19.0,0.0,0.0,0.0,0.0,0.0,0.0,0.0,0.0,0.0,0.0,0.0,0.0,0.0,0.0,0.0,0.0,0.0,0.0,0.0,0.0,0.0,0.0,0.0,0.0,0.0,0.0,0.0
5.0,20.0,0.0,0.0,0.0,0.0,0.0,0.0,0.0,0.0,0.0,0.0,0.0,0.0,0.0,0.0,0.0,0.0,0.0,0.0,0.0,0.0,0.0,0.0,0.0,0.0,0.0,0.0,0.0
5.0,21.0,0.0,0.0,0.0,0.0,0.0,0.0,0.0,0.0,0.0,0.0,0.0,0.0,0.0,0.0,0.0,0.0,0.0,0.0,0.0,0.0,0.0,0.0,0.0,0.0,0.0,0.0,0.0
5.0,22.0,0.0,0.0,0.0,0.0,0.0,0.0,0.0,0.0,0.0,0.0,0.0,0.0,0.0,0.0,0.0,0.0,0.0,0.0,0.0,0.0,0.0,0.0,0.0,0.0,0.0,0.0,0.0
5.0,23.0,0.0,0.0,0.0,0.0,0.0,0.0,0.0,0.0,0.0,0.0,0.0,0.0,0.0,0.0,0.0,0.0,0.0,0.0,0.0,0.0,0.0,0.0,0.0,0.0,0.0,0.0,0.0
5.0,24.0,0.0,0.0,0.0,0.0,0.0,0.0,0.0,0.0,0.0,0.0,0.0,0.0,0.0,0.0,0.0,0.0,0.0,0.0,0.0,0.0,0.0,0.0,0.0,0.0,0.0,0.0,0.0
5.0,25.0,0.0,0.0,0.0,0.0,0.0,0.0,0.0,0.0,0.0,0.0,0.0,0.0,0.0,0.0,0.0,0.0,0.0,0.0,0.0,0.0,0.0,0.0,0.0,0.0,0.0,0.0,0.0
6.0,0.0,0.0,222.70311,0.1638464,115.251915,58.205982,5.236218,27.508614,1.0717291,302.54648,0.39109117,397.63705,0.36461127,732.4341,15.112955,0.0,0.0,0.0,0.0,0.0,13.54997,1632.1005,2499.586,0.0,0.0,0.0,0.0,0.0
6.0,1.0,0.0,554.09503,1.7772734,1080.2245,359.63684,2.1774714,18.727661,2.5078838,341.32333,22.824038,715.35297,0.6798547,1905.5852,41.7972,0.0,0.0,0.0,0.0,0.0,0.0,1080.0062,1503.5684,0.0,0.0,0.0,0.0,0.0
6.0,2.0,0.0,387.79675,1.4936621,698.4997,318.85846,1.9982786,29.50474,2.5217547,113.853584,12.964255,718.75415,0.3897977,1491.6902,44.782352,0.0,0.0,0.0,0.0,0.0,0.0,697.61475,904.58154,0.0,0.0,0.0,0.0,0.0
6.0,3.0,1.1587232E-8,105.31601,1.056763,348.53604,181.82999,1.5473362,9.854012,1.0880105,93.6353,14.396493,236.80367,2.6981065,561.2246,26.338545,0.0,0.0,0.0,0.0,0.0,0.0,401.54434,508.74622,0.0,0.0,0.0,0.0,0.0
6.0,4.0,9.91457E-4,135.40805,0.5124904,333.68506,141.02357,0.12842995,15.329801,0.48762497,84.594894,15.251076,213.07526,0.2447013,506.54437,34.111603,0.0,0.0,0.0,0.0,0.0,0.0,292.54373,419.80197,0.0,0.0,0.0,0.0,0.0
6.0,5.0,0.39275825,59.77237,0.6489752,529.69086,115.42064,0.65794414,15.349561,1.7154791,52.183296,49.036316,284.97552,4.0071206,416.42935,11.531768,0.0,0.0,0.0,0.0,0.0,0.0,175.18137,287.27734,0.0,0.0,0.0,0.0,0.0
6.0,6.0,0.055923153,37.73556,1.236902,298.42715,57.79773,0.73235554,4.5333123,0.74069655,10.599731,19.080853,193.99016,2.3913474,146.8281,5.945705,0.0,0.0,0.0,0.0,0.0,0.0,30.403582,104.62293,0.0,0.0,0.0,0.0,0.0
6.0,7.0,0.04862467,5.5952983,0.1357053,51.60103,9.248344,0.057642285,0.6053667,0.10390317,3.6302679,2.9510407,28.177864,0.34564155,19.532576,0.5797044,0.0,0.0,0.0,0.0,0.0,0.0,6.3401465,21.195724,0.0,0.0,0.0,0.0,0.0
6.0,8.0,0.013013662,2.738013,0.08276526,16.73825,3.522271,0.007308695,0.20078316,0.02546819,0.84547526,1.1555797,11.410582,0.068406135,9.383029,0.5638647,0.0,0.0,0.0,0.0,0.0,0.0,2.2454934,6.5772977,0.0,0.0,0.0,0.0,0.0
6.0,9.0,0.012635078,1.0976866,0.024938164,10.506221,1.5017687,0.024617411,0.04890612,0.0026885143,0.77433586,0.64907104,5.0076485,0.10155074,3.858252,0.08200828,0.0,0.0,0.0,0.0,0.0,0.0,0.8447203,3.3166745,0.0,0.0,0.0,0.0,0.0
6.0,10.0,0.0066442187,0.5841164,0.006989978,6.4004045,1.2356107,0.0024442617,0.040896334,0.014790173,0.34851843,0.33058456,3.5837882,0.024344135,2.9795759,0.21544051,0.0,0.0,0.0,0.0,0.0,0.0,0.6576638,2.175364,0.0,0.0,0.0,0.0,0.0
6.0,11.0,3.7401474E-5,0.35365573,0.011981632,4.202362,0.5870784,0.003064629,0.024355032,0.0030438453,0.30403495,0.3017084,2.8868735,0.022899948,2.875173,0.17263637,0.0,0.0,0.0,0.0,0.0,0.0,0.45254073,1.7886419,0.0,0.0,0.0,0.0,0.0
6.0,12.0,0.008749866,0.35557547,0.0044348757,4.118757,0.61172795,5.8836007E-4,0.05266575,0.0019159707,0.33968693,0.40768537,1.9512405,0.050809238,1.5530037,0.11553166,0.0,0.0,0.0,0.0,0.0,0.0,0.25691122,1.2135534,0.0,0.0,0.0,0.0,0.0
6.0,13.0,0.021589141,0.15033627,0.008073485,3.4448738,0.4650068,0.009196415,0.04343922,0.0017787454,0.33224922,0.09599519,1.7233236,0.03068821,0.75028265,0.018736228,0.0,0.0,0.0,0.0,0.0,0.0,0.2727081,1.3097192,0.0,0.0,0.0,0.0,0.0
6.0,14.0,0.0051447093,0.12295536,0.008812817,2.6746497,0.44520047,0.0028548627,0.025094213,2.6157754E-4,0.26843828,0.09239217,1.3560534,0.051059835,0.9146168,0.035574473,0.0,0.0,0.0,0.0,0.0,0.0,0.19589312,1.0221387,0.0,0.0,0.0,0.0,0.0
6.0,15.0,2.865809E-4,0.25867462,0.005848835,2.0449827,0.25605,0.0011406599,0.04285719,0.0016798937,0.22788732,0.118946314,1.4063847,0.019262219,0.70434946,0.06092939,0.0,0.0,0.0,0.0,0.0,0.0,0.12943663,0.7853919,0.0,0.0,0.0,0.0,0.0
6.0,16.0,4.274991E-4,0.090774074,0.0013952482,2.4467614,0.37842512,0.010785913,0.017803673,0.0015101775,0.10562921,0.07801035,0.998658,0.040199228,0.70329136,0.062070392,0.0,0.0,0.0,0.0,0.0,0.0,0.095556945,0.5133441,0.0,0.0,0.0,0.0,0.0
6.0,17.0,0.0,0.0,0.0,0.0,0.0,0.0,0.0,0.0,0.0,0.0,0.0,0.0,0.0,0.0,0.0,0.0,0.0,0.0,0.0,0.0,0.0,0.0,0.0,0.0,0.0,0.0,0.0
6.0,18.0,0.0,0.0,0.0,0.0,0.0,0.0,0.0,0.0,0.0,0.0,0.0,0.0,0.0,0.0,0.0,0.0,0.0,0.0,0.0,0.0,0.0,0.0,0.0,0.0,0.0,0.0,0.0
6.0,19.0,0.0,0.0,0.0,0.0,0.0,0.0,0.0,0.0,0.0,0.0,0.0,0.0,0.0,0.0,0.0,0.0,0.0,0.0,0.0,0.0,0.0,0.0,0.0,0.0,0.0,0.0,0.0
6.0,20.0,0.0,0.0,0.0,0.0,0.0,0.0,0.0,0.0,0.0,0.0,0.0,0.0,0.0,0.0,0.0,0.0,0.0,0.0,0.0,0.0,0.0,0.0,0.0,0.0,0.0,0.0,0.0
6.0,21.0,0.0,0.0,0.0,0.0,0.0,0.0,0.0,0.0,0.0,0.0,0.0,0.0,0.0,0.0,0.0,0.0,0.0,0.0,0.0,0.0,0.0,0.0,0.0,0.0,0.0,0.0,0.0
6.0,22.0,0.0,0.0,0.0,0.0,0.0,0.0,0.0,0.0,0.0,0.0,0.0,0.0,0.0,0.0,0.0,0.0,0.0,0.0,0.0,0.0,0.0,0.0,0.0,0.0,0.0,0.0,0.0
6.0,23.0,0.0,0.0,0.0,0.0,0.0,0.0,0.0,0.0,0.0,0.0,0.0,0.0,0.0,0.0,0.0,0.0,0.0,0.0,0.0,0.0,0.0,0.0,0.0,0.0,0.0,0.0,0.0
6.0,24.0,0.0,0.0,0.0,0.0,0.0,0.0,0.0,0.0,0.0,0.0,0.0,0.0,0.0,0.0,0.0,0.0,0.0,0.0,0.0,0.0,0.0,0.0,0.0,0.0,0.0,0.0,0.0
6.0,25.0,0.0,0.0,0.0,0.0,0.0,0.0,0.0,0.0,0.0,0.0,0.0,0.0,0.0,0.0,0.0,0.0,0.0,0.0,0.0,0.0,0.0,0.0,0.0,0.0,0.0,0.0,0.0
7.0,0.0,0.0,168.3843,0.24888362,131.72481,93.01356,11.16287,1.2392433,0.18508686,252.68488,0.05671231,186.2182,0.48955417,763.7045,28.992886,0.0,0.0,0.0,0.0,0.0,7.390673,1671.7959,2435.0474,0.0,0.0,0.0,0.0,0.0
7.0,1.0,0.0,396.4012,0.42024997,858.51215,387.36267,4.5537395,6.428694,1.4278064,286.59857,29.609383,798.83,0.41822532,1769.4686,30.60493,0.0,0.0,0.0,0.0,0.0,0.0,972.61273,1317.4573,0.0,0.0,0.0,0.0,0.0
7.0,2.0,0.0,131.93422,0.8250687,671.6335,238.66068,2.8518558,2.2991202,1.1908746,128.25581,38.336082,328.05692,0.37137252,1256.8701,22.991655,0.0,0.0,0.0,0.0,0.0,0.0,694.5841,927.1749,0.0,0.0,0.0,0.0,0.0
7.0,3.0,0.0,264.25217,1.6295788,583.7917,211.43785,3.1321776,2.8706,4.904879,69.00683,20.975044,318.64847,0.09353962,710.83826,10.698284,0.0,0.0,0.0,0.0,0.0,0.0,468.61725,595.38336,0.0,0.0,0.0,0.0,0.0
7.0,4.0,0.011994076,73.26537,1.4419909,309.61646,94.919174,1.0495495,2.3410738,0.96672964,53.810978,12.539134,152.97331,0.80062926,378.2269,16.437284,0.0,0.0,0.0,0.0,0.0,0.0,237.5051,348.1426,0.0,0.0,0.0,0.0,0.0
7.0,5.0,5.842571E-4,79.7562,0.84638155,247.5692,76.62934,1.085595,2.1435373,1.6775886,59.252834,8.800244,116.98007,0.04027435,405.05347,15.072247,0.0,0.0,0.0,0.0,0.0,0.0,182.94186,299.8764,0.0,0.0,0.0,0.0,0.0
7.0,6.0,0.38001275,54.136528,0.8451596,358.44446,72.60423,0.49345383,1.1725866,0.9363873,33.49591,23.383722,131.26202,2.6423972,216.46756,4.5441694,0.0,0.0,0.0,0.0,0.0,0.0,127.322754,200.45705,0.0,0.0,0.0,0.0,0.0
7.0,7.0,0.2054729,20.2112,1.1854306,204.65674,34.553215,0.44604453,0.325895,0.2932614,5.936762,5.136908,107.45566,2.1218688,100.45748,1.7187546,0.0,0.0,0.0,0.0,0.0,0.0,15.450241,58.474827,0.0,0.0,0.0,0.0,0.0
7.0,8.0,0.07326661,2.7232466,0.20397477,29.401768,5.818618,0.0399929,0.032872066,0.02825063,1.5486203,1.398553,16.652363,0.3176012,15.434282,0.41838685,0.0,0.0,0.0,0.0,0.0,0.0,3.7147439,10.78545,0.0,0.0,0.0,0.0,0.0
7.0,9.0,0.0013032285,0.8102729,0.057817657,11.590287,2.0386875,0.016586715,0.008621173,0.01462402,0.60234255,0.6246561,5.519698,0.03481845,6.338704,0.12531503,0.0,0.0,0.0,0.0,0.0,0.0,0.97285396,3.4619982,0.0,0.0,0.0,0.0,0.0
7.0,10.0,0.002606162,0.5773579,0.010585241,5.733961,1.0073103,0.003058373,0.008475141,0.009626586,0.19045477,0.47714305,2.3285487,0.049064692,2.7833884,0.08045066,0.0,0.0,0.0,0.0,0.0,0.0,0.6306131,1.9695377,0.0,0.0,0.0,0.0,0.0
7.0,11.0,8.8534405E-4,0.1990655,0.0060632722,3.0397062,0.60094506,0.005420576,0.0029370957,0.0063732043,0.15791282,0.3176958,2.2069318,0.014786176,2.084487,0.024308596,0.0,0.0,0.0,0.0,0.0,0.0,0.38402605,1.3888845,0.0,0.0,0.0,0.0,0.0
7.0,12.0,0.006461359,0.11418345,0.005062411,2.2380664,0.6271247,0.0032913983,0.008218467,0.0020533828,0.09581217,0.11252816,1.7057773,0.06499423,1.5265378,0.05865963,0.0,0.0,0.0,0.0,0.0,0.0,0.27927455,1.0158778,0.0,0.0,0.0,0.0,0.0
7.0,13.0,0.008408663,0.12060438,0.012864222,2.119334,0.33532694,0.0054824147,0.0034587025,0.003671325,0.17670707,0.13787723,1.0570498,0.09484923,1.0087651,0.021879945,0.0,0.0,0.0,0.0,0.0,0.0,0.21037717,0.76387167,0.0,0.0,0.0,0.0,0.0
7.0,14.0,0.0015919482,0.15371267,0.035713524,1.6983755,0.18619792,0.0018361224,0.004444618,4.5172643E-4,0.16801365,0.060574677,0.9291506,0.04341862,0.60243446,0.01809826,0.0,0.0,0.0,0.0,0.0,0.0,0.16191304,0.7063817,0.0,0.0,0.0,0.0,0.0
7.0,15.0,0.0041235858,0.12902422,0.022168657,1.4314282,0.24039875,9.188939E-4,0.0014381547,0.00482689,0.1552024,0.031979438,0.8192002,0.035429988,0.36239237,0.003098853,0.0,0.0,0.0,0.0,0.0,0.0,0.1286973,0.5670299,0.0,0.0,0.0,0.0,0.0
7.0,16.0,9.54235E-4,0.085617505,0.0046239626,1.1333661,0.22986329,0.001492311,5.9541955E-4,5.729494E-4,0.10297377,0.10808602,0.5842145,0.030806646,0.45816937,0.010173484,0.0,0.0,0.0,0.0,0.0,0.0,0.103770904,0.4093245,0.0,0.0,0.0,0.0,0.0
7.0,17.0,0.0,0.0,0.0,0.0,0.0,0.0,0.0,0.0,0.0,0.0,0.0,0.0,0.0,0.0,0.0,0.0,0.0,0.0,0.0,0.0,0.0,0.0,0.0,0.0,0.0,0.0,0.0
7.0,18.0,0.0,0.0,0.0,0.0,0.0,0.0,0.0,0.0,0.0,0.0,0.0,0.0,0.0,0.0,0.0,0.0,0.0,0.0,0.0,0.0,0.0,0.0,0.0,0.0,0.0,0.0,0.0
7.0,19.0,0.0,0.0,0.0,0.0,0.0,0.0,0.0,0.0,0.0,0.0,0.0,0.0,0.0,0.0,0.0,0.0,0.0,0.0,0.0,0.0,0.0,0.0,0.0,0.0,0.0,0.0,0.0
7.0,20.0,0.0,0.0,0.0,0.0,0.0,0.0,0.0,0.0,0.0,0.0,0.0,0.0,0.0,0.0,0.0,0.0,0.0,0.0,0.0,0.0,0.0,0.0,0.0,0.0,0.0,0.0,0.0
7.0,21.0,0.0,0.0,0.0,0.0,0.0,0.0,0.0,0.0,0.0,0.0,0.0,0.0,0.0,0.0,0.0,0.0,0.0,0.0,0.0,0.0,0.0,0.0,0.0,0.0,0.0,0.0,0.0
7.0,22.0,0.0,0.0,0.0,0.0,0.0,0.0,0.0,0.0,0.0,0.0,0.0,0.0,0.0,0.0,0.0,0.0,0.0,0.0,0.0,0.0,0.0,0.0,0.0,0.0,0.0,0.0,0.0
7.0,23.0,0.0,0.0,0.0,0.0,0.0,0.0,0.0,0.0,0.0,0.0,0.0,0.0,0.0,0.0,0.0,0.0,0.0,0.0,0.0,0.0,0.0,0.0,0.0,0.0,0.0,0.0,0.0
7.0,24.0,0.0,0.0,0.0,0.0,0.0,0.0,0.0,0.0,0.0,0.0,0.0,0.0,0.0,0.0,0.0,0.0,0.0,0.0,0.0,0.0,0.0,0.0,0.0,0.0,0.0,0.0,0.0
7.0,25.0,0.0,0.0,0.0,0.0,0.0,0.0,0.0,0.0,0.0,0.0,0.0,0.0,0.0,0.0,0.0,0.0,0.0,0.0,0.0,0.0,0.0,0.0,0.0,0.0,0.0,0.0,0.0
8.0,0.0,0.0,237.68883,0.16425449,216.74864,63.906918,5.011198,1.4363862,0.32848233,321.81296,0.34055594,225.96478,2.0586462,865.516,24.746025,0.0,0.0,0.0,0.0,0.0,7.915353,1733.353,2663.8748,0.0,0.0,0.0,0.0,0.0
8.0,1.0,0.0,682.67535,0.9619695,1011.61273,177.28416,3.6144762,7.6364994,5.017861,329.47867,17.593908,889.1257,0.32865077,1729.7238,29.26958,0.0,0.0,0.0,0.0,0.0,0.0,1010.6557,1291.4059,0.0,0.0,0.0,0.0,0.0
8.0,2.0,0.0,201.48495,1.2363507,716.53394,152.80176,0.7979142,5.097809,1.6739378,164.11105,14.046785,624.66376,0.28832835,837.24963,10.405752,0.0,0.0,0.0,0.0,0.0,0.0,600.8081,763.05743,0.0,0.0,0.0,0.0,0.0
8.0,3.0,0.0,71.20354,0.7426147,641.29974,149.17001,6.23257,4.1116066,1.1502326,162.78099,7.719849,260.10345,1.1866958,793.95154,23.25793,0.0,0.0,0.0,0.0,0.0,0.0,505.1051,660.8343,0.0,0.0,0.0,0.0,0.0
8.0,4.0,1.0836746E-8,163.48325,1.0573263,421.85767,110.42275,1.8419405,4.498053,0.6917453,60.78271,7.8525505,344.02133,1.2978767,525.48395,8.463712,0.0,0.0,0.0,0.0,0.0,0.0,333.8736,428.8776,0.0,0.0,0.0,0.0,0.0
8.0,5.0,0.009255711,49.339622,0.39120385,241.46848,44.64575,1.3886571,1.1598042,0.3286396,49.590942,2.875931,113.52793,3.56791,251.39516,13.781997,0.0,0.0,0.0,0.0,0.0,0.0,160.39127,245.98436,0.0,0.0,0.0,0.0,0.0
8.0,6.0,0.034483965,35.542225,0.6790725,207.9287,46.85402,4.9178677,1.1134925,0.12791039,30.262932,6.570987,104.37591,0.021601457,285.6715,7.06705,0.0,0.0,0.0,0.0,0.0,0.0,130.87378,198.601,0.0,0.0,0.0,0.0,0.0
8.0,7.0,0.23545083,13.476595,0.7542024,220.20306,58.114605,1.0538255,2.6461568,0.25413626,17.397963,11.023822,124.743484,0.7109329,176.68352,1.9318286,0.0,0.0,0.0,0.0,0.0,0.0,75.64745,130.57834,0.0,0.0,0.0,0.0,0.0
8.0,8.0,0.056280565,15.251743,0.67649,131.10107,22.120432,1.0571704,0.5935953,0.30281574,4.9851522,4.283081,72.46413,1.851612,64.9714,2.2878304,0.0,0.0,0.0,0.0,0.0,0.0,9.1048975,41.60271,0.0,0.0,0.0,0.0,0.0
8.0,9.0,0.066754155,2.0274153,0.06524129,19.90307,3.1756916,0.106847666,0.07731986,0.01640095,1.1984712,0.6627806,11.416952,0.2031146,8.839408,0.26774183,0.0,0.0,0.0,0.0,0.0,0.0,2.205542,7.3506403,0.0,0.0,0.0,0.0,0.0
8.0,10.0,0.005500929,0.85354316,0.016679838,6.790072,1.0896568,0.05440788,0.01585859,0.009869658,0.47406232,0.29051036,4.4437914,0.041565206,3.527636,0.0999506,0.0,0.0,0.0,0.0,0.0,0.0,0.5850759,2.2655976,0.0,0.0,0.0,0.0,0.0
8.0,11.0,0.0029858865,0.40823546,0.03043125,3.8834536,0.5320145,0.011838337,0.006634133,0.003142024,0.31139606,0.18252924,1.5756695,0.047038388,1.6661261,0.015570952,0.0,0.0,0.0,0.0,0.0,0.0,0.28182223,1.0187616,0.0,0.0,0.0,0.0,0.0
8.0,12.0,3.170943E-4,0.24617322,0.012107201,2.2512703,0.34832194,0.028431179,0.011472807,0.0017139183,0.23267204,0.028420132,1.1979723,0.035720248,1.0709535,0.0119031165,0.0,0.0,0.0,0.0,0.0,0.0,0.20133732,0.8383658,0.0,0.0,0.0,0.0,0.0
8.0,13.0,8.644947E-4,0.08258111,0.003501649,2.0580437,0.29061005,0.011587755,0.004962388,3.3920066E-4,0.14222303,0.05126804,0.81910974,0.005801803,0.79870516,0.022287184,0.0,0.0,0.0,0.0,0.0,0.0,0.14386953,0.45265552,0.0,0.0,0.0,0.0,0.0
8.0,14.0,0.007517429,0.09362799,0.0029599075,1.443939,0.18694659,0.004194429,4.4193957E-4,1.9900882E-4,0.16096859,0.038041007,0.7094225,0.012704583,0.5679809,0.008762391,0.0,0.0,0.0,0.0,0.0,0.0,0.09712285,0.4253921,0.0,0.0,0.0,0.0,0.0
8.0,15.0,2.1337497E-4,0.06305921,0.0054000397,0.9488249,0.090173155,0.009734142,0.0018034843,0.0012265649,0.115021974,0.016397215,0.7540125,0.0040187305,0.30238608,0.00688478,0.0,0.0,0.0,0.0,0.0,0.0,0.10814431,0.4670059,0.0,0.0,0.0,0.0,0.0
8.0,16.0,0.00409471,0.06965323,0.004559335,0.73917544,0.11818863,0.009449734,0.002604634,0.0010441985,0.08503617,0.022331733,0.5878932,0.014340193,0.29258263,0.009805067,0.0,0.0,0.0,0.0,0.0,0.0,0.070837356,0.33585688,0.0,0.0,0.0,0.0,0.0
8.0,17.0,0.0,0.0,0.0,0.0,0.0,0.0,0.0,0.0,0.0,0.0,0.0,0.0,0.0,0.0,0.0,0.0,0.0,0.0,0.0,0.0,0.0,0.0,0.0,0.0,0.0,0.0,0.0
8.0,18.0,0.0,0.0,0.0,0.0,0.0,0.0,0.0,0.0,0.0,0.0,0.0,0.0,0.0,0.0,0.0,0.0,0.0,0.0,0.0,0.0,0.0,0.0,0.0,0.0,0.0,0.0,0.0
8.0,19.0,0.0,0.0,0.0,0.0,0.0,0.0,0.0,0.0,0.0,0.0,0.0,0.0,0.0,0.0,0.0,0.0,0.0,0.0,0.0,0.0,0.0,0.0,0.0,0.0,0.0,0.0,0.0
8.0,20.0,0.0,0.0,0.0,0.0,0.0,0.0,0.0,0.0,0.0,0.0,0.0,0.0,0.0,0.0,0.0,0.0,0.0,0.0,0.0,0.0,0.0,0.0,0.0,0.0,0.0,0.0,0.0
8.0,21.0,0.0,0.0,0.0,0.0,0.0,0.0,0.0,0.0,0.0,0.0,0.0,0.0,0.0,0.0,0.0,0.0,0.0,0.0,0.0,0.0,0.0,0.0,0.0,0.0,0.0,0.0,0.0
8.0,22.0,0.0,0.0,0.0,0.0,0.0,0.0,0.0,0.0,0.0,0.0,0.0,0.0,0.0,0.0,0.0,0.0,0.0,0.0,0.0,0.0,0.0,0.0,0.0,0.0,0.0,0.0,0.0
8.0,23.0,0.0,0.0,0.0,0.0,0.0,0.0,0.0,0.0,0.0,0.0,0.0,0.0,0.0,0.0,0.0,0.0,0.0,0.0,0.0,0.0,0.0,0.0,0.0,0.0,0.0,0.0,0.0
8.0,24.0,0.0,0.0,0.0,0.0,0.0,0.0,0.0,0.0,0.0,0.0,0.0,0.0,0.0,0.0,0.0,0.0,0.0,0.0,0.0,0.0,0.0,0.0,0.0,0.0,0.0,0.0,0.0
8.0,25.0,0.0,0.0,0.0,0.0,0.0,0.0,0.0,0.0,0.0,0.0,0.0,0.0,0.0,0.0,0.0,0.0,0.0,0.0,0.0,0.0,0.0,0.0,0.0,0.0,0.0,0.0,0.0
9.0,0.0,0.0,201.5174,0.27634242,177.4999,20.183727,4.1797714,1.9296153,0.48977473,180.88608,0.530633,175.35782,1.9184377,601.8896,10.05738,0.0,0.0,0.0,0.0,0.0,7.878462,1536.5977,2386.8108,0.0,0.0,0.0,0.0,0.0
9.0,1.0,0.0,616.6898,0.3287707,656.14026,143.70679,1.8211493,7.098293,1.4472753,384.32098,19.151886,387.19672,0.4024666,1555.3257,22.583822,0.0,0.0,0.0,0.0,0.0,0.0,865.403,1104.9229,0.0,0.0,0.0,0.0,0.0
9.0,2.0,4.4993687E-10,274.58963,1.3859457,626.3359,301.36884,8.154997,7.4837413,1.1392517,210.03415,34.156597,559.57574,3.0616894,930.3494,13.363089,0.0,0.0,0.0,0.0,0.0,0.0,662.0534,799.96985,0.0,0.0,0.0,0.0,0.0
9.0,3.0,0.0,299.7358,1.373051,570.28235,99.37295,8.057823,4.681143,0.53942305,148.28162,8.751175,313.89984,1.24304,598.2288,20.49851,0.0,0.0,0.0,0.0,0.0,0.0,393.82227,542.38617,0.0,0.0,0.0,0.0,0.0
9.0,4.0,1.5896805E-4,115.00927,0.6263695,472.0808,107.62304,7.49556,5.135709,0.8307046,94.8794,20.019922,220.67287,1.2062916,505.87234,5.7551575,0.0,0.0,0.0,0.0,0.0,0.0,350.02057,489.43298,0.0,0.0,0.0,0.0,0.0
9.0,5.0,0.053266518,125.60662,0.7665245,378.0752,57.83147,12.085249,2.6185505,1.1403683,39.041286,10.473815,182.3165,2.0915256,386.25342,5.4146376,0.0,0.0,0.0,0.0,0.0,0.0,226.87703,320.8659,0.0,0.0,0.0,0.0,0.0
9.0,6.0,0.088364914,44.433056,0.59799355,159.84384,39.787785,0.6485696,0.77740276,0.30170095,49.450466,7.5598865,68.76142,0.12827447,158.97192,4.874126,0.0,0.0,0.0,0.0,0.0,0.0,109.162285,163.12167,0.0,0.0,0.0,0.0,0.0
9.0,7.0,1.2338518E-4,31.484762,0.23326074,171.89963,32.992393,1.8408667,0.23756136,0.32216215,37.239597,5.7855124,51.102345,0.15675414,162.13652,4.11381,0.0,0.0,0.0,0.0,0.0,0.0,86.11868,129.35518,0.0,0.0,0.0,0.0,0.0
9.0,8.0,0.2644749,36.402225,0.22245829,175.7329,24.504787,1.8128138,0.61855847,0.21565562,14.163915,8.029506,56.444523,1.3046376,105.21114,1.3296715,0.0,0.0,0.0,0.0,0.0,0.0,51.395523,88.019875,0.0,0.0,0.0,0.0,0.0
9.0,9.0,0.087972194,17.3329,0.6860357,86.328,12.843533,1.1641202,0.29964566,0.10298052,3.3008761,2.682006,47.633026,1.0966212,39.115517,1.0559368,0.0,0.0,0.0,0.0,0.0,0.0,6.026632,29.024862,0.0,0.0,0.0,0.0,0.0
9.0,10.0,0.033036824,1.8048382,0.026741426,14.630281,1.7399641,0.15279242,0.022762712,0.008829221,0.71849597,0.6701528,6.8130903,0.12201287,5.2938285,0.15647313,0.0,0.0,0.0,0.0,0.0,0.0,1.3121488,4.4131927,0.0,0.0,0.0,0.0,0.0
9.0,11.0,0.020380022,0.70715207,0.023685956,5.1901913,0.7108875,0.04721458,0.016622769,0.00686016,0.35149056,0.16233031,2.2163343,0.08999678,1.7854853,0.0866768,0.0,0.0,0.0,0.0,0.0,0.0,0.45129296,1.4924446,0.0,0.0,0.0,0.0,0.0
9.0,12.0,0.013685601,0.25806078,0.0040825615,2.4641738,0.3712809,0.022321358,0.0054433066,0.0022437277,0.12705326,0.10388126,0.991663,0.0077076624,1.0452433,0.024477685,0.0,0.0,0.0,0.0,0.0,0.0,0.21265936,0.8068509,0.0,0.0,0.0,0.0,0.0
9.0,13.0,0.003351793,0.25313535,5.292945E-4,1.4497192,0.23738827,0.021284295,5.575944E-4,7.914893E-4,0.12752949,0.049856286,0.7178998,0.009979637,0.5827785,0.011565218,0.0,0.0,0.0,0.0,0.0,0.0,0.13232763,0.5371202,0.0,0.0,0.0,0.0,0.0
9.0,14.0,0.0011159346,0.14988357,0.002634015,1.1111122,0.14201349,0.010276456,7.4146467E-4,4.610748E-4,0.071043365,0.043924194,0.5661505,0.018643519,0.48203564,0.011405986,0.0,0.0,0.0,0.0,0.0,0.0,0.10440533,0.38485488,0.0,0.0,0.0,0.0,0.0
9.0,15.0,1.7145826E-4,0.10344976,0.004663674,0.99579483,0.09192109,0.013505085,0.0011510475,3.251725E-4,0.08876973,0.02883706,0.4706714,0.011984267,0.2460505,0.005305668,0.0,0.0,0.0,0.0,0.0,0.0,0.06339277,0.26335928,0.0,0.0,0.0,0.0,0.0
9.0,16.0,0.0099970205,0.0770427,0.003439265,0.6947484,0.10367652,0.0014117102,0.0017405929,1.1620205E-4,0.05413809,0.020477124,0.3631245,0.0039264555,0.17640181,0.0049031167,0.0,0.0,0.0,0.0,0.0,0.0,0.060361225,0.2600666,0.0,0.0,0.0,0.0,0.0
9.0,17.0,0.0,0.0,0.0,0.0,0.0,0.0,0.0,0.0,0.0,0.0,0.0,0.0,0.0,0.0,0.0,0.0,0.0,0.0,0.0,0.0,0.0,0.0,0.0,0.0,0.0,0.0,0.0
9.0,18.0,0.0,0.0,0.0,0.0,0.0,0.0,0.0,0.0,0.0,0.0,0.0,0.0,0.0,0.0,0.0,0.0,0.0,0.0,0.0,0.0,0.0,0.0,0.0,0.0,0.0,0.0,0.0
9.0,19.0,0.0,0.0,0.0,0.0,0.0,0.0,0.0,0.0,0.0,0.0,0.0,0.0,0.0,0.0,0.0,0.0,0.0,0.0,0.0,0.0,0.0,0.0,0.0,0.0,0.0,0.0,0.0
9.0,20.0,0.0,0.0,0.0,0.0,0.0,0.0,0.0,0.0,0.0,0.0,0.0,0.0,0.0,0.0,0.0,0.0,0.0,0.0,0.0,0.0,0.0,0.0,0.0,0.0,0.0,0.0,0.0
9.0,21.0,0.0,0.0,0.0,0.0,0.0,0.0,0.0,0.0,0.0,0.0,0.0,0.0,0.0,0.0,0.0,0.0,0.0,0.0,0.0,0.0,0.0,0.0,0.0,0.0,0.0,0.0,0.0
9.0,22.0,0.0,0.0,0.0,0.0,0.0,0.0,0.0,0.0,0.0,0.0,0.0,0.0,0.0,0.0,0.0,0.0,0.0,0.0,0.0,0.0,0.0,0.0,0.0,0.0,0.0,0.0,0.0
9.0,23.0,0.0,0.0,0.0,0.0,0.0,0.0,0.0,0.0,0.0,0.0,0.0,0.0,0.0,0.0,0.0,0.0,0.0,0.0,0.0,0.0,0.0,0.0,0.0,0.0,0.0,0.0,0.0
9.0,24.0,0.0,0.0,0.0,0.0,0.0,0.0,0.0,0.0,0.0,0.0,0.0,0.0,0.0,0.0,0.0,0.0,0.0,0.0,0.0,0.0,0.0,0.0,0.0,0.0,0.0,0.0,0.0
9.0,25.0,0.0,0.0,0.0,0.0,0.0,0.0,0.0,0.0,0.0,0.0,0.0,0.0,0.0,0.0,0.0,0.0,0.0,0.0,0.0,0.0,0.0,0.0,0.0,0.0,0.0,0.0,0.0
10.0,0.0,0.0,394.1498,0.07629835,174.37665,73.413704,8.8837385,2.3874984,0.12778439,377.92715,0.23447002,268.67032,0.8871733,1159.5747,11.741854,0.0,0.0,0.0,0.0,0.0,6.859108,1683.7671,2565.3977,0.0,0.0,0.0,0.0,0.0
10.0,1.0,0.0,652.10156,0.77851385,982.2466,196.37749,6.4070177,9.247124,2.8506026,271.35944,27.062323,500.59897,0.07884012,1651.9327,23.532484,0.0,0.0,0.0,0.0,0.0,0.0,959.8022,1099.8862,0.0,0.0,0.0,0.0,0.0
10.0,2.0,0.0,165.51639,1.484179,575.99396,126.44546,0.7891726,2.9588573,0.56804264,149.48187,27.835476,176.88802,0.5906139,723.3462,18.626389,0.0,0.0,0.0,0.0,0.0,0.0,560.8442,689.27405,0.0,0.0,0.0,0.0,0.0
10.0,3.0,4.933827E-4,188.00136,0.6973793,590.3515,158.12032,3.9673846,4.097597,0.69223416,171.60786,17.186668,306.7942,2.40751,712.9405,19.037148,0.0,0.0,0.0,0.0,0.0,0.0,431.83163,566.7255,0.0,0.0,0.0,0.0,0.0
10.0,4.0,3.639779E-4,151.62524,0.6027834,269.55872,122.67968,0.7286763,2.0092132,1.069835,91.91354,6.803203,261.33478,0.40042987,390.89346,23.207474,0.0,0.0,0.0,0.0,0.0,0.0,301.19135,456.98315,0.0,0.0,0.0,0.0,0.0
10.0,5.0,0.002088285,65.43016,0.6192982,349.07684,79.68666,3.4912186,1.6665444,0.7770372,90.34644,20.216845,127.59464,0.30868062,312.0417,13.139106,0.0,0.0,0.0,0.0,0.0,0.0,220.80585,348.65796,0.0,0.0,0.0,0.0,0.0
10.0,6.0,0.001954385,96.26277,0.47574046,214.5769,53.248695,1.3380048,1.1084365,1.2092352,39.36174,3.776639,136.3579,0.8238245,209.13144,7.499835,0.0,0.0,0.0,0.0,0.0,0.0,143.36218,194.6139,0.0,0.0,0.0,0.0,0.0
10.0,7.0,0.13120253,21.482437,0.14219299,102.79941,19.601433,1.1724572,2.1044273,0.21263602,21.971252,4.042743,44.022728,0.9624977,104.902756,3.0010285,0.0,0.0,0.0,0.0,0.0,0.0,70.69036,119.66145,0.0,0.0,0.0,0.0,0.0
10.0,8.0,3.0180778E-5,22.034262,0.17333768,80.64418,20.51434,0.69433814,0.7372887,0.21382833,15.329033,5.19401,33.17427,0.39909106,89.745766,3.8150585,0.0,0.0,0.0,0.0,0.0,0.0,59.720867,91.6677,0.0,0.0,0.0,0.0,0.0
10.0,9.0,0.2674437,12.524698,0.4200364,104.19754,18.245111,0.9006002,0.40344962,0.4623327,11.350872,4.40709,32.540524,0.75694203,72.67223,0.89797455,0.0,0.0,0.0,0.0,0.0,0.0,30.074419,57.329147,0.0,0.0,0.0,0.0,0.0
10.0,10.0,0.048242614,11.152881,0.17746441,53.714108,9.120966,0.4961025,0.2319216,0.03785222,2.496271,2.6014252,27.76809,1.0327319,23.303226,0.48058996,0.0,0.0,0.0,0.0,0.0,0.0,2.4874582,13.48509,0.0,0.0,0.0,0.0,0.0
10.0,11.0,0.014809032,1.2302058,0.013178831,8.230615,1.4700418,0.08257275,0.03178773,0.006078222,0.353177,0.35852486,3.7735958,0.22786696,3.0174239,0.06806927,0.0,0.0,0.0,0.0,0.0,0.0,0.798723,2.9635549,0.0,0.0,0.0,0.0,0.0
10.0,12.0,0.011791229,0.48146912,0.008641264,3.1550333,0.44726104,0.020174915,0.0052317875,0.0018835017,0.20387426,0.10753798,1.3154491,0.065738186,0.9906746,0.030279942,0.0,0.0,0.0,0.0,0.0,0.0,0.19638312,0.88230455,0.0,0.0,0.0,0.0,0.0
10.0,13.0,0.01633627,0.12069582,0.002924134,1.1926478,0.2820604,0.035014547,0.0034268354,7.879885E-4,0.18068287,0.07966292,0.6340569,0.03109047,0.64847547,0.010881116,0.0,0.0,0.0,0.0,0.0,0.0,0.1097079,0.48323968,0.0,0.0,0.0,0.0,0.0
10.0,14.0,0.0023335037,0.080648474,0.0035180766,0.9183036,0.1363972,0.009445879,0.002519463,9.993901E-4,0.13541849,0.04900909,0.36804247,0.030125907,0.3955454,0.012665541,0.0,0.0,0.0,0.0,0.0,0.0,0.052762643,0.27553263,0.0,0.0,0.0,0.0,0.0
10.0,15.0,0.0015896253,0.070401,0.0014147307,0.6130633,0.12590414,0.006997699,0.0025422038,1.7837998E-4,0.07546392,0.04663117,0.3030623,0.01977337,0.28472945,0.006635763,0.0,0.0,0.0,0.0,0.0,0.0,0.05257881,0.23491421,0.0,0.0,0.0,0.0,0.0
10.0,16.0,0.002231114,0.06104679,0.0013197915,0.5850234,0.078444034,0.007850239,0.0012817049,2.7086912E-4,0.030936774,0.017860925,0.21434665,0.014020785,0.18303844,0.0071629854,0.0,0.0,0.0,0.0,0.0,0.0,0.035777044,0.16387546,0.0,0.0,0.0,0.0,0.0
10.0,17.0,0.0,0.0,0.0,0.0,0.0,0.0,0.0,0.0,0.0,0.0,0.0,0.0,0.0,0.0,0.0,0.0,0.0,0.0,0.0,0.0,0.0,0.0,0.0,0.0,0.0,0.0,0.0
10.0,18.0,0.0,0.0,0.0,0.0,0.0,0.0,0.0,0.0,0.0,0.0,0.0,0.0,0.0,0.0,0.0,0.0,0.0,0.0,0.0,0.0,0.0,0.0,0.0,0.0,0.0,0.0,0.0
10.0,19.0,0.0,0.0,0.0,0.0,0.0,0.0,0.0,0.0,0.0,0.0,0.0,0.0,0.0,0.0,0.0,0.0,0.0,0.0,0.0,0.0,0.0,0.0,0.0,0.0,0.0,0.0,0.0
10.0,20.0,0.0,0.0,0.0,0.0,0.0,0.0,0.0,0.0,0.0,0.0,0.0,0.0,0.0,0.0,0.0,0.0,0.0,0.0,0.0,0.0,0.0,0.0,0.0,0.0,0.0,0.0,0.0
10.0,21.0,0.0,0.0,0.0,0.0,0.0,0.0,0.0,0.0,0.0,0.0,0.0,0.0,0.0,0.0,0.0,0.0,0.0,0.0,0.0,0.0,0.0,0.0,0.0,0.0,0.0,0.0,0.0
10.0,22.0,0.0,0.0,0.0,0.0,0.0,0.0,0.0,0.0,0.0,0.0,0.0,0.0,0.0,0.0,0.0,0.0,0.0,0.0,0.0,0.0,0.0,0.0,0.0,0.0,0.0,0.0,0.0
10.0,23.0,0.0,0.0,0.0,0.0,0.0,0.0,0.0,0.0,0.0,0.0,0.0,0.0,0.0,0.0,0.0,0.0,0.0,0.0,0.0,0.0,0.0,0.0,0.0,0.0,0.0,0.0,0.0
10.0,24.0,0.0,0.0,0.0,0.0,0.0,0.0,0.0,0.0,0.0,0.0,0.0,0.0,0.0,0.0,0.0,0.0,0.0,0.0,0.0,0.0,0.0,0.0,0.0,0.0,0.0,0.0,0.0
10.0,25.0,0.0,0.0,0.0,0.0,0.0,0.0,0.0,0.0,0.0,0.0,0.0,0.0,0.0,0.0,0.0,0.0,0.0,0.0,0.0,0.0,0.0,0.0,0.0,0.0,0.0,0.0,0.0
11.0,0.0,0.0,63.879025,0.30812135,251.92197,61.327354,6.6125894,2.3418705,0.4044858,470.37552,0.30684373,188.21666,1.0273348,914.97943,7.004416,0.0,0.0,0.0,0.0,0.0,6.63275,1668.611,2432.715,0.0,0.0,0.0,0.0,0.0
11.0,1.0,0.0,433.7045,0.42011535,1162.5386,313.1677,8.497573,16.182388,4.830331,352.8662,47.736473,647.13153,0.8434423,2505.725,38.675076,0.0,0.0,0.0,0.0,0.0,0.0,1187.3721,1456.9285,0.0,0.0,0.0,0.0,0.0
11.0,2.0,0.0,437.43542,0.5858558,766.1075,158.63689,6.4182386,4.799869,2.4670966,110.76633,25.46147,389.13525,0.36638093,1025.3354,4.5571523,0.0,0.0,0.0,0.0,0.0,0.0,592.09216,752.9375,0.0,0.0,0.0,0.0,0.0
11.0,3.0,1.6749988E-6,79.07876,0.5728642,544.3116,122.98889,3.7199752,4.126927,2.0798237,124.47667,13.262533,198.72174,0.20003584,525.3133,16.263306,0.0,0.0,0.0,0.0,0.0,0.0,371.26666,505.4702,0.0,0.0,0.0,0.0,0.0
11.0,4.0,0.001342837,73.95052,0.6280898,389.55923,125.09986,6.8070893,1.0960172,1.7036976,93.120445,18.055393,249.39261,0.23857729,471.6945,10.149188,0.0,0.0,0.0,0.0,0.0,0.0,339.763,484.9063,0.0,0.0,0.0,0.0,0.0
11.0,5.0,1.5205854E-4,60.042503,0.42806715,312.1297,61.69538,0.81069374,1.2611073,1.7634104,57.292446,13.459893,173.70142,0.38290155,214.4584,3.967903,0.0,0.0,0.0,0.0,0.0,0.0,214.25093,302.22318,0.0,0.0,0.0,0.0,0.0
11.0,6.0,0.010178419,40.53806,1.4575332,245.96214,43.79701,2.5022027,1.440494,0.8817025,43.408073,22.214556,89.55619,0.17196085,232.84409,9.776267,0.0,0.0,0.0,0.0,0.0,0.0,140.20845,237.27406,0.0,0.0,0.0,0.0,0.0
11.0,7.0,0.064296596,48.732784,0.32903308,181.38956,27.24689,0.88520527,0.8344437,0.3469494,18.300829,7.71451,61.33549,0.96201897,155.19969,8.005388,0.0,0.0,0.0,0.0,0.0,0.0,86.58407,130.7888,0.0,0.0,0.0,0.0,0.0
11.0,8.0,0.00432764,14.724407,0.082452066,76.54823,20.6398,0.796958,1.336605,0.25464556,16.10565,1.9867326,31.758839,0.03040418,77.20594,3.5556972,0.0,0.0,0.0,0.0,0.0,0.0,37.92524,58.731506,0.0,0.0,0.0,0.0,0.0
11.0,9.0,7.385299E-5,12.350305,0.10172063,73.3433,10.701771,0.433623,0.594164,0.06881689,10.533738,3.2036982,13.720608,0.120412774,57.07146,2.2278073,0.0,0.0,0.0,0.0,0.0,0.0,33.58707,50.489418,0.0,0.0,0.0,0.0,0.0
11.0,10.0,0.056331817,6.651685,0.28292522,59.254715,12.275677,0.27889785,0.120466575,0.054804016,6.1561484,4.4764085,19.602245,0.33468726,42.70353,1.1295186,0.0,0.0,0.0,0.0,0.0,0.0,20.164522,36.13808,0.0,0.0,0.0,0.0,0.0
11.0,11.0,0.027659277,3.9585369,0.17174739,41.158764,4.6943793,0.29415065,0.08762055,0.021104852,1.0248474,1.4325333,17.235548,0.50271815,17.095282,0.6922092,0.0,0.0,0.0,0.0,0.0,0.0,1.5670614,8.93634,0.0,0.0,0.0,0.0,0.0
11.0,12.0,0.0015310129,0.63445467,0.014733066,5.494411,0.69390714,0.021460777,0.018613452,0.002210628,0.23927376,0.30288205,2.7544985,0.07980115,2.3398774,0.12762396,0.0,0.0,0.0,0.0,0.0,0.0,0.3917628,1.5282804,0.0,0.0,0.0,0.0,0.0
11.0,13.0,9.924185E-4,0.19951895,0.0067136446,1.9281232,0.22391015,0.01997291,0.0105805,0.001457212,0.082935855,0.07418288,0.9902728,0.025707837,0.8159221,0.022682002,0.0,0.0,0.0,0.0,0.0,0.0,0.14009109,0.51656514,0.0,0.0,0.0,0.0,0.0
11.0,14.0,3.3312067E-4,0.06981426,0.0013813458,0.98429096,0.10846998,0.0029938426,0.0013479848,4.328935E-4,0.04113884,0.06777516,0.3834737,0.013018265,0.34120184,0.020088345,0.0,0.0,0.0,0.0,0.0,0.0,0.0835233,0.29657027,0.0,0.0,0.0,0.0,0.0
11.0,15.0,5.434265E-4,0.04369835,0.0027261262,0.57079715,0.0732759,1.4676483E-4,0.0024850855,6.455555E-4,0.02443234,0.030202592,0.28551716,0.014360495,0.2333368,0.018826079,0.0,0.0,0.0,0.0,0.0,0.0,0.044545803,0.1955284,0.0,0.0,0.0,0.0,0.0
11.0,16.0,0.0012025797,0.02672873,0.003355023,0.46662912,0.05637703,8.002084E-4,0.0015012419,1.9683994E-4,0.03380557,0.033149194,0.1732351,0.0049719843,0.17714766,0.014283144,0.0,0.0,0.0,0.0,0.0,0.0,0.028058967,0.12419662,0.0,0.0,0.0,0.0,0.0
11.0,17.0,0.0,0.0,0.0,0.0,0.0,0.0,0.0,0.0,0.0,0.0,0.0,0.0,0.0,0.0,0.0,0.0,0.0,0.0,0.0,0.0,0.0,0.0,0.0,0.0,0.0,0.0,0.0
11.0,18.0,0.0,0.0,0.0,0.0,0.0,0.0,0.0,0.0,0.0,0.0,0.0,0.0,0.0,0.0,0.0,0.0,0.0,0.0,0.0,0.0,0.0,0.0,0.0,0.0,0.0,0.0,0.0
11.0,19.0,0.0,0.0,0.0,0.0,0.0,0.0,0.0,0.0,0.0,0.0,0.0,0.0,0.0,0.0,0.0,0.0,0.0,0.0,0.0,0.0,0.0,0.0,0.0,0.0,0.0,0.0,0.0
11.0,20.0,0.0,0.0,0.0,0.0,0.0,0.0,0.0,0.0,0.0,0.0,0.0,0.0,0.0,0.0,0.0,0.0,0.0,0.0,0.0,0.0,0.0,0.0,0.0,0.0,0.0,0.0,0.0
11.0,21.0,0.0,0.0,0.0,0.0,0.0,0.0,0.0,0.0,0.0,0.0,0.0,0.0,0.0,0.0,0.0,0.0,0.0,0.0,0.0,0.0,0.0,0.0,0.0,0.0,0.0,0.0,0.0
11.0,22.0,0.0,0.0,0.0,0.0,0.0,0.0,0.0,0.0,0.0,0.0,0.0,0.0,0.0,0.0,0.0,0.0,0.0,0.0,0.0,0.0,0.0,0.0,0.0,0.0,0.0,0.0,0.0
11.0,23.0,0.0,0.0,0.0,0.0,0.0,0.0,0.0,0.0,0.0,0.0,0.0,0.0,0.0,0.0,0.0,0.0,0.0,0.0,0.0,0.0,0.0,0.0,0.0,0.0,0.0,0.0,0.0
11.0,24.0,0.0,0.0,0.0,0.0,0.0,0.0,0.0,0.0,0.0,0.0,0.0,0.0,0.0,0.0,0.0,0.0,0.0,0.0,0.0,0.0,0.0,0.0,0.0,0.0,0.0,0.0,0.0
11.0,25.0,0.0,0.0,0.0,0.0,0.0,0.0,0.0,0.0,0.0,0.0,0.0,0.0,0.0,0.0,0.0,0.0,0.0,0.0,0.0,0.0,0.0,0.0,0.0,0.0,0.0,0.0,0.0
12.0,0.0,0.0,117.183075,0.117761515,251.22499,51.216667,3.3812532,2.0799727,0.24389727,389.9607,0.5512378,179.27684,0.6469269,752.73834,19.104393,0.0,0.0,0.0,0.0,0.0,8.136013,1681.0408,2196.3596,0.0,0.0,0.0,0.0,0.0
12.0,1.0,0.0,360.39783,0.48264465,1048.8047,190.32062,3.552359,22.008469,2.0092623,360.60602,26.65874,552.83,0.23801342,1495.1349,22.80614,0.0,0.0,0.0,0.0,0.0,0.0,1068.091,1356.753,0.0,0.0,0.0,0.0,0.0
12.0,2.0,5.0360708E-8,229.94223,1.0388114,1173.9857,275.80252,9.6047945,8.642538,3.3999372,236.4454,19.094196,458.2783,0.20978835,1337.1185,61.489067,0.0,0.0,0.0,0.0,0.0,0.0,726.8762,909.8237,0.0,0.0,0.0,0.0,0.0
12.0,3.0,0.0,140.61194,0.65683913,514.6332,156.7174,2.1510065,7.2212214,1.0653733,111.84019,22.606361,244.93735,0.09429917,625.22253,25.74946,0.0,0.0,0.0,0.0,0.0,0.0,468.15698,588.6302,0.0,0.0,0.0,0.0,0.0
12.0,4.0,5.0448737E-4,61.90982,0.6224593,417.23257,84.16434,2.4728231,5.9542556,0.37636217,104.88142,21.186684,141.99968,0.1178991,406.5682,28.457956,0.0,0.0,0.0,0.0,0.0,0.0,263.27695,368.23965,0.0,0.0,0.0,0.0,0.0
12.0,5.0,2.8923928E-4,50.339607,0.7154257,355.92102,63.39764,1.9261386,3.8785706,0.59980565,67.43365,9.907182,202.36755,0.2537123,302.16696,6.3058534,0.0,0.0,0.0,0.0,0.0,0.0,237.95844,331.9954,0.0,0.0,0.0,0.0,0.0
12.0,6.0,0.0060761063,48.728676,0.44456553,214.89626,49.54792,1.1761214,2.7187982,0.55659807,34.096382,8.106173,103.62046,0.05446797,208.93541,12.545109,0.0,0.0,0.0,0.0,0.0,0.0,135.16801,203.779,0.0,0.0,0.0,0.0,0.0
12.0,7.0,0.012825309,14.76679,0.25057605,198.8495,33.447014,1.0523427,2.737196,0.3340966,35.089127,9.319359,84.725235,0.00654572,138.79927,10.740414,0.0,0.0,0.0,0.0,0.0,0.0,98.919235,155.20937,0.0,0.0,0.0,0.0,0.0
12.0,8.0,0.0013745202,28.817291,0.77540845,110.99226,28.601849,0.9374622,2.6623986,0.26374766,16.180426,6.7277975,61.41424,0.07113864,105.79896,3.2209182,0.0,0.0,0.0,0.0,0.0,0.0,53.894325,80.33604,0.0,0.0,0.0,0.0,0.0
12.0,9.0,0.006159249,9.227821,0.2579756,57.97534,10.967028,0.19222392,0.60647446,0.30754226,8.031619,2.1365962,31.293417,0.022958374,41.896675,3.8838308,0.0,0.0,0.0,0.0,0.0,0.0,24.121,40.2227,0.0,0.0,0.0,0.0,0.0
12.0,10.0,4.5753845E-6,4.359508,0.432406,43.758404,10.338055,0.22255926,0.3891669,0.12027758,3.5823834,1.6927192,14.683308,0.04765755,40.036144,3.008205,0.0,0.0,0.0,0.0,0.0,0.0,22.31397,35.028698,0.0,0.0,0.0,0.0,0.0
12.0,11.0,0.01341611,3.0227962,0.13676344,48.25346,5.5775504,0.23604,0.33304828,0.07732594,5.6443577,2.6705272,16.884798,0.46496978,31.063995,1.1092737,0.0,0.0,0.0,0.0,0.0,0.0,9.902517,18.653055,0.0,0.0,0.0,0.0,0.0
12.0,12.0,0.014300346,2.1172903,0.08587898,23.941557,3.6515055,0.08905546,0.12937303,0.013776856,0.5847364,0.93694156,14.684466,0.51316774,12.389744,0.55814284,0.0,0.0,0.0,0.0,0.0,0.0,0.9534714,6.6042657,0.0,0.0,0.0,0.0,0.0
12.0,13.0,0.0070097866,0.26784375,0.014727317,3.2942662,0.5107989,0.020922646,0.019251548,0.0020033314,0.19858177,0.17936902,2.0470643,0.046651114,1.6836592,0.11420753,0.0,0.0,0.0,0.0,0.0,0.0,0.3069144,1.208895,0.0,0.0,0.0,0.0,0.0
12.0,14.0,9.3790307E-4,0.09293402,0.005220932,1.1241319,0.22671795,0.006189007,0.0073536336,9.3216635E-4,0.07277866,0.04564274,0.66612846,0.02948796,0.57740766,0.020531613,0.0,0.0,0.0,0.0,0.0,0.0,0.11250886,0.39240286,0.0,0.0,0.0,0.0,0.0
12.0,15.0,9.4506895E-4,0.029112376,0.0017563307,0.6738962,0.085113265,0.00248444,0.0032734335,1.3724335E-4,0.032484654,0.020102711,0.3170695,0.0056005064,0.23385483,0.01756301,0.0,0.0,0.0,0.0,0.0,0.0,0.03572854,0.1606174,0.0,0.0,0.0,0.0,0.0
12.0,16.0,2.781006E-4,0.035416234,5.4297695E-4,0.34405437,0.039241206,0.001428144,0.0030470835,2.9663858E-4,0.023695866,0.013234319,0.2338293,0.0011707947,0.15617025,0.014144736,0.0,0.0,0.0,0.0,0.0,0.0,0.034191847,0.1503189,0.0,0.0,0.0,0.0,0.0
12.0,17.0,0.0,0.0,0.0,0.0,0.0,0.0,0.0,0.0,0.0,0.0,0.0,0.0,0.0,0.0,0.0,0.0,0.0,0.0,0.0,0.0,0.0,0.0,0.0,0.0,0.0,0.0,0.0
12.0,18.0,0.0,0.0,0.0,0.0,0.0,0.0,0.0,0.0,0.0,0.0,0.0,0.0,0.0,0.0,0.0,0.0,0.0,0.0,0.0,0.0,0.0,0.0,0.0,0.0,0.0,0.0,0.0
12.0,19.0,0.0,0.0,0.0,0.0,0.0,0.0,0.0,0.0,0.0,0.0,0.0,0.0,0.0,0.0,0.0,0.0,0.0,0.0,0.0,0.0,0.0,0.0,0.0,0.0,0.0,0.0,0.0
12.0,20.0,0.0,0.0,0.0,0.0,0.0,0.0,0.0,0.0,0.0,0.0,0.0,0.0,0.0,0.0,0.0,0.0,0.0,0.0,0.0,0.0,0.0,0.0,0.0,0.0,0.0,0.0,0.0
12.0,21.0,0.0,0.0,0.0,0.0,0.0,0.0,0.0,0.0,0.0,0.0,0.0,0.0,0.0,0.0,0.0,0.0,0.0,0.0,0.0,0.0,0.0,0.0,0.0,0.0,0.0,0.0,0.0
12.0,22.0,0.0,0.0,0.0,0.0,0.0,0.0,0.0,0.0,0.0,0.0,0.0,0.0,0.0,0.0,0.0,0.0,0.0,0.0,0.0,0.0,0.0,0.0,0.0,0.0,0.0,0.0,0.0
12.0,23.0,0.0,0.0,0.0,0.0,0.0,0.0,0.0,0.0,0.0,0.0,0.0,0.0,0.0,0.0,0.0,0.0,0.0,0.0,0.0,0.0,0.0,0.0,0.0,0.0,0.0,0.0,0.0
12.0,24.0,0.0,0.0,0.0,0.0,0.0,0.0,0.0,0.0,0.0,0.0,0.0,0.0,0.0,0.0,0.0,0.0,0.0,0.0,0.0,0.0,0.0,0.0,0.0,0.0,0.0,0.0,0.0
12.0,25.0,0.0,0.0,0.0,0.0,0.0,0.0,0.0,0.0,0.0,0.0,0.0,0.0,0.0,0.0,0.0,0.0,0.0,0.0,0.0,0.0,0.0,0.0,0.0,0.0,0.0,0.0,0.0
13.0,0.0,0.0,49.19081,0.19993858,177.88585,49.182827,3.7462733,5.5408807,0.20193002,210.88142,0.1869919,290.4364,2.815031,757.87775,4.412947,0.0,0.0,0.0,0.0,0.0,10.751398,1532.7183,2307.6792,0.0,0.0,0.0,0.0,0.0
13.0,1.0,0.0,167.50368,0.7543742,861.5458,393.75992,2.5386446,5.2034297,0.95351297,180.50717,26.736816,639.8327,0.84304637,1465.8734,23.45183,0.0,0.0,0.0,0.0,0.0,0.0,726.1648,996.45294,0.0,0.0,0.0,0.0,0.0
13.0,2.0,0.0,101.46435,0.61711544,1018.20435,124.260475,1.129802,8.046342,2.3343184,150.88495,9.787813,350.85666,5.066147,918.2859,19.258808,0.0,0.0,0.0,0.0,0.0,0.0,605.1339,814.86163,0.0,0.0,0.0,0.0,0.0
13.0,3.0,0.0,148.33296,0.44128326,715.0735,184.24628,1.9938139,5.6561766,1.7396467,174.41042,24.882145,335.52676,0.58915895,872.8237,20.73683,0.0,0.0,0.0,0.0,0.0,0.0,546.4089,771.6736,0.0,0.0,0.0,0.0,0.0
13.0,4.0,1.4859708E-6,81.51744,0.6235002,530.1347,147.5834,1.9631531,2.349509,2.5377228,69.68797,23.324379,189.82382,0.44802418,543.02924,4.265691,0.0,0.0,0.0,0.0,0.0,0.0,281.0192,402.93002,0.0,0.0,0.0,0.0,0.0
13.0,5.0,0.0100013865,27.092232,1.0122417,324.43536,70.93293,0.21988392,1.4383467,0.8098403,77.56312,11.377853,103.24099,0.1979098,276.05444,8.748057,0.0,0.0,0.0,0.0,0.0,0.0,206.21439,305.54248,0.0,0.0,0.0,0.0,0.0
13.0,6.0,0.013295838,40.29232,0.2264685,267.86145,57.736748,0.6790321,2.7401776,1.0652428,39.176895,10.22346,138.56752,1.742078,250.26382,5.528957,0.0,0.0,0.0,0.0,0.0,0.0,152.05026,232.53458,0.0,0.0,0.0,0.0,0.0
13.0,7.0,1.3961869E-4,31.572266,0.2512286,175.40163,37.61506,1.0948169,0.9566389,0.4367836,22.504972,7.5574036,86.29405,0.89902955,126.45459,3.868025,0.0,0.0,0.0,0.0,0.0,0.0,88.52946,139.96826,0.0,0.0,0.0,0.0,0.0
13.0,8.0,0.0026655453,11.480139,0.08245758,139.90042,25.96611,0.72020173,0.4989461,0.33460245,19.227911,6.689598,32.97687,0.24374746,119.29013,2.402776,0.0,0.0,0.0,0.0,0.0,0.0,64.82069,105.85521,0.0,0.0,0.0,0.0,0.0
13.0,9.0,0.09764436,11.20706,0.100766905,82.26798,9.649845,0.2950173,0.46236515,0.34241852,7.9559054,6.55234,46.77326,0.27028167,66.29142,0.81900734,0.0,0.0,0.0,0.0,0.0,0.0,40.96178,66.63194,0.0,0.0,0.0,0.0,0.0
13.0,10.0,0.0034893667,6.3811226,0.098739825,42.614548,7.381372,0.021108015,0.13865596,0.20663676,5.19882,1.7630464,16.391426,0.025216969,28.56019,1.0167094,0.0,0.0,0.0,0.0,0.0,0.0,19.242956,29.0794,0.0,0.0,0.0,0.0,0.0
13.0,11.0,0.0011705573,3.0286598,0.024766492,29.933802,5.3219633,0.14140628,0.06083326,0.053646427,3.8356845,1.524873,7.0244527,0.15153882,32.298347,0.5542828,0.0,0.0,0.0,0.0,0.0,0.0,15.480466,21.331858,0.0,0.0,0.0,0.0,0.0
13.0,12.0,0.027349746,2.0759883,0.18324547,27.882168,6.246205,0.0737732,0.10634138,0.11002764,2.6926112,1.4867085,9.388585,0.41756284,21.015892,0.5576231,0.0,0.0,0.0,0.0,0.0,0.0,8.329552,15.80813,0.0,0.0,0.0,0.0,0.0
13.0,13.0,0.014017983,1.6952274,0.082636766,19.89613,2.416373,0.013596836,0.06394722,0.03364364,0.36060634,0.6587124,7.9615784,0.2540513,8.448105,0.11987697,0.0,0.0,0.0,0.0,0.0,0.0,0.66643095,4.261183,0.0,0.0,0.0,0.0,0.0
13.0,14.0,0.00479879,0.20699336,0.007373662,2.748786,0.34838775,0.0028396696,0.009847476,0.0062728557,0.10704027,0.10226458,1.0795377,0.04963984,1.2555506,0.041869618,0.0,0.0,0.0,0.0,0.0,0.0,0.17472716,0.69020647,0.0,0.0,0.0,0.0,0.0
13.0,15.0,0.002226106,0.070300855,0.0018598153,0.8386521,0.13205443,6.5903337E-4,0.0020633517,0.0013246856,0.023469757,0.031135637,0.40881386,0.006194274,0.40043467,0.010421209,0.0,0.0,0.0,0.0,0.0,0.0,0.077204145,0.30536157,0.0,0.0,0.0,0.0,0.0
13.0,16.0,7.243089E-5,0.02727382,0.0021780506,0.44092938,0.062178396,5.262329E-4,0.0010684744,2.5659802E-4,0.018484218,0.027156528,0.17150067,0.0052121864,0.19287284,0.008730662,0.0,0.0,0.0,0.0,0.0,0.0,0.028366497,0.11468899,0.0,0.0,0.0,0.0,0.0
13.0,17.0,0.0,0.0,0.0,0.0,0.0,0.0,0.0,0.0,0.0,0.0,0.0,0.0,0.0,0.0,0.0,0.0,0.0,0.0,0.0,0.0,0.0,0.0,0.0,0.0,0.0,0.0,0.0
13.0,18.0,0.0,0.0,0.0,0.0,0.0,0.0,0.0,0.0,0.0,0.0,0.0,0.0,0.0,0.0,0.0,0.0,0.0,0.0,0.0,0.0,0.0,0.0,0.0,0.0,0.0,0.0,0.0
13.0,19.0,0.0,0.0,0.0,0.0,0.0,0.0,0.0,0.0,0.0,0.0,0.0,0.0,0.0,0.0,0.0,0.0,0.0,0.0,0.0,0.0,0.0,0.0,0.0,0.0,0.0,0.0,0.0
13.0,20.0,0.0,0.0,0.0,0.0,0.0,0.0,0.0,0.0,0.0,0.0,0.0,0.0,0.0,0.0,0.0,0.0,0.0,0.0,0.0,0.0,0.0,0.0,0.0,0.0,0.0,0.0,0.0
13.0,21.0,0.0,0.0,0.0,0.0,0.0,0.0,0.0,0.0,0.0,0.0,0.0,0.0,0.0,0.0,0.0,0.0,0.0,0.0,0.0,0.0,0.0,0.0,0.0,0.0,0.0,0.0,0.0
13.0,22.0,0.0,0.0,0.0,0.0,0.0,0.0,0.0,0.0,0.0,0.0,0.0,0.0,0.0,0.0,0.0,0.0,0.0,0.0,0.0,0.0,0.0,0.0,0.0,0.0,0.0,0.0,0.0
13.0,23.0,0.0,0.0,0.0,0.0,0.0,0.0,0.0,0.0,0.0,0.0,0.0,0.0,0.0,0.0,0.0,0.0,0.0,0.0,0.0,0.0,0.0,0.0,0.0,0.0,0.0,0.0,0.0
13.0,24.0,0.0,0.0,0.0,0.0,0.0,0.0,0.0,0.0,0.0,0.0,0.0,0.0,0.0,0.0,0.0,0.0,0.0,0.0,0.0,0.0,0.0,0.0,0.0,0.0,0.0,0.0,0.0
13.0,25.0,0.0,0.0,0.0,0.0,0.0,0.0,0.0,0.0,0.0,0.0,0.0,0.0,0.0,0.0,0.0,0.0,0.0,0.0,0.0,0.0,0.0,0.0,0.0,0.0,0.0,0.0,0.0
14.0,0.0,0.0,78.22081,0.04537154,315.01047,85.97662,8.317354,0.84507275,0.82278275,312.51395,1.563821,223.64627,0.5412286,592.6806,18.423258,0.0,0.0,0.0,0.0,0.0,12.152058,1767.8752,2394.7126,0.0,0.0,0.0,0.0,0.0
14.0,1.0,0.0,501.32956,0.5032236,1004.7011,304.29037,6.2819276,14.593814,2.0264509,203.4444,12.623149,985.5526,1.1505759,1345.0574,38.575287,0.0,0.0,0.0,0.0,0.0,0.0,861.60944,1094.7262,0.0,0.0,0.0,0.0,0.0
14.0,2.0,0.0,90.76525,0.75575715,1127.611,143.01614,4.5341163,5.820401,1.1588746,104.3481,9.87185,270.48917,1.6445848,728.11584,34.803604,0.0,0.0,0.0,0.0,0.0,0.0,505.15588,709.8194,0.0,0.0,0.0,0.0,0.0
14.0,3.0,0.0,70.01944,0.95762086,761.4441,196.31874,5.4158545,5.1965566,2.5685248,108.674934,12.875694,280.9466,3.9738567,581.7323,24.112385,0.0,0.0,0.0,0.0,0.0,0.0,409.4503,606.4598,0.0,0.0,0.0,0.0,0.0
14.0,4.0,0.006114187,76.32588,2.0475028,743.8358,167.0252,4.653031,4.166506,3.7516665,65.585884,13.614201,190.95306,2.0635667,624.81116,17.936638,0.0,0.0,0.0,0.0,0.0,0.0,393.57538,522.8755,0.0,0.0,0.0,0.0,0.0
14.0,5.0,0.0034300205,52.055008,0.6798236,418.75897,95.25778,1.3108755,5.853777,1.4092339,39.73821,13.25136,213.60828,2.9173129,408.57632,8.682063,0.0,0.0,0.0,0.0,0.0,0.0,208.17337,304.79956,0.0,0.0,0.0,0.0,0.0
14.0,6.0,3.7301265E-4,34.172863,0.7761066,299.67847,40.442345,1.5647342,2.521124,0.69349843,44.63669,13.249479,86.73717,0.54149574,208.02545,11.80929,0.0,0.0,0.0,0.0,0.0,0.0,118.450325,197.49867,0.0,0.0,0.0,0.0,0.0
14.0,7.0,0.015771609,23.341038,0.45395434,230.218,37.27935,2.8686845,1.672547,0.8465552,19.421476,4.672836,78.87375,0.40246958,163.79343,2.3144245,0.0,0.0,0.0,0.0,0.0,0.0,102.1933,168.72298,0.0,0.0,0.0,0.0,0.0
14.0,8.0,0.018539213,16.42349,0.40666014,140.28662,16.102253,0.9493266,0.9797778,0.20392759,13.027206,3.063973,46.072258,0.06269725,95.03136,2.8297615,0.0,0.0,0.0,0.0,0.0,0.0,58.64621,97.07797,0.0,0.0,0.0,0.0,0.0
14.0,9.0,0.020278698,8.688433,0.3275032,115.80275,19.036001,0.25482446,0.66208124,0.16669552,11.059597,3.293106,23.555264,0.01787558,70.1799,3.7166731,0.0,0.0,0.0,0.0,0.0,0.0,38.17371,66.57113,0.0,0.0,0.0,0.0,0.0
14.0,10.0,0.031891644,5.3069572,0.1057121,79.4281,11.850342,0.2236355,0.45471653,0.21740581,4.357983,1.6232753,24.762003,0.07358005,43.651745,1.9667616,0.0,0.0,0.0,0.0,0.0,0.0,22.745136,38.342052,0.0,0.0,0.0,0.0,0.0
14.0,11.0,0.017464213,3.7535226,0.029300151,32.748947,5.722135,0.4064219,0.15056764,0.072067566,2.291016,0.6056602,9.46084,0.084933534,18.846474,0.9301366,0.0,0.0,0.0,0.0,0.0,0.0,12.076383,21.428705,0.0,0.0,0.0,0.0,0.0
14.0,12.0,4.7455313E-5,1.4371291,0.0130342385,22.903019,5.971293,0.055215567,0.19319741,0.024339776,1.9503081,0.38776642,4.167693,0.009294175,17.669422,1.1950425,0.0,0.0,0.0,0.0,0.0,0.0,9.304492,15.443275,0.0,0.0,0.0,0.0,0.0
14.0,13.0,0.047905557,0.7417531,0.11632853,25.323723,5.0076194,0.09057718,0.062206957,0.024719417,1.2749912,0.7643496,6.677218,0.12014956,12.831269,0.46427584,0.0,0.0,0.0,0.0,0.0,0.0,4.905245,9.977485,0.0,0.0,0.0,0.0,0.0
14.0,14.0,0.033138424,1.0139023,0.076805584,13.815431,1.7334707,0.12898213,0.07077862,0.016328113,0.36441618,0.22037745,6.020127,0.18475758,6.3621254,0.40473416,0.0,0.0,0.0,0.0,0.0,0.0,0.5000653,3.4403312,0.0,0.0,0.0,0.0,0.0
14.0,15.0,0.005904091,0.14687212,0.0029134974,1.9566416,0.2527512,0.0062631667,0.0051083937,0.0030505206,0.083412215,0.028019536,0.78193545,0.027210273,0.9033303,0.041588128,0.0,0.0,0.0,0.0,0.0,0.0,0.1294005,0.55430216,0.0,0.0,0.0,0.0,0.0
14.0,16.0,0.0026959672,0.057503358,0.0041579236,0.5728615,0.08695435,0.0040116217,0.0050710016,7.2608E-4,0.030423583,0.01655142,0.27325732,0.007601336,0.29656702,0.027793862,0.0,0.0,0.0,0.0,0.0,0.0,0.052296292,0.22236815,0.0,0.0,0.0,0.0,0.0
14.0,17.0,0.0,0.0,0.0,0.0,0.0,0.0,0.0,0.0,0.0,0.0,0.0,0.0,0.0,0.0,0.0,0.0,0.0,0.0,0.0,0.0,0.0,0.0,0.0,0.0,0.0,0.0,0.0
14.0,18.0,0.0,0.0,0.0,0.0,0.0,0.0,0.0,0.0,0.0,0.0,0.0,0.0,0.0,0.0,0.0,0.0,0.0,0.0,0.0,0.0,0.0,0.0,0.0,0.0,0.0,0.0,0.0
14.0,19.0,0.0,0.0,0.0,0.0,0.0,0.0,0.0,0.0,0.0,0.0,0.0,0.0,0.0,0.0,0.0,0.0,0.0,0.0,0.0,0.0,0.0,0.0,0.0,0.0,0.0,0.0,0.0
14.0,20.0,0.0,0.0,0.0,0.0,0.0,0.0,0.0,0.0,0.0,0.0,0.0,0.0,0.0,0.0,0.0,0.0,0.0,0.0,0.0,0.0,0.0,0.0,0.0,0.0,0.0,0.0,0.0
14.0,21.0,0.0,0.0,0.0,0.0,0.0,0.0,0.0,0.0,0.0,0.0,0.0,0.0,0.0,0.0,0.0,0.0,0.0,0.0,0.0,0.0,0.0,0.0,0.0,0.0,0.0,0.0,0.0
14.0,22.0,0.0,0.0,0.0,0.0,0.0,0.0,0.0,0.0,0.0,0.0,0.0,0.0,0.0,0.0,0.0,0.0,0.0,0.0,0.0,0.0,0.0,0.0,0.0,0.0,0.0,0.0,0.0
14.0,23.0,0.0,0.0,0.0,0.0,0.0,0.0,0.0,0.0,0.0,0.0,0.0,0.0,0.0,0.0,0.0,0.0,0.0,0.0,0.0,0.0,0.0,0.0,0.0,0.0,0.0,0.0,0.0
14.0,24.0,0.0,0.0,0.0,0.0,0.0,0.0,0.0,0.0,0.0,0.0,0.0,0.0,0.0,0.0,0.0,0.0,0.0,0.0,0.0,0.0,0.0,0.0,0.0,0.0,0.0,0.0,0.0
14.0,25.0,0.0,0.0,0.0,0.0,0.0,0.0,0.0,0.0,0.0,0.0,0.0,0.0,0.0,0.0,0.0,0.0,0.0,0.0,0.0,0.0,0.0,0.0,0.0,0.0,0.0,0.0,0.0
15.0,0.0,0.0,71.58056,0.3395977,195.57455,66.786026,3.0288928,0.90609056,1.1668075,169.76712,0.13968597,400.25192,0.47244865,629.8633,5.432585,0.0,0.0,0.0,0.0,0.0,17.961605,1872.4144,2494.2268,0.0,0.0,0.0,0.0,0.0
15.0,1.0,0.0,327.63983,1.7067765,947.4619,96.31666,4.197403,5.799392,2.319451,199.79884,7.278636,609.9644,2.1799588,1586.2509,8.898243,0.0,0.0,0.0,0.0,0.0,0.0,746.6571,1045.0901,0.0,0.0,0.0,0.0,0.0
15.0,2.0,6.519653E-11,175.3395,0.94953436,920.1096,141.393,3.3692863,9.594407,0.9453664,115.45811,15.842619,556.9775,0.06579663,992.33765,19.229944,0.0,0.0,0.0,0.0,0.0,0.0,523.14197,721.2696,0.0,0.0,0.0,0.0,0.0
15.0,3.0,1.1778932E-5,138.09705,0.85415196,594.4994,134.20976,0.73366046,4.97298,2.833726,73.16543,6.2939806,281.98288,0.8053915,580.89874,22.782053,0.0,0.0,0.0,0.0,0.0,0.0,366.70117,532.19354,0.0,0.0,0.0,0.0,0.0
15.0,4.0,7.3993386E-4,66.9475,0.63740915,643.95917,98.02961,1.849948,1.8730313,2.5910418,88.97217,7.5787263,328.89197,1.5223778,452.89282,21.61785,0.0,0.0,0.0,0.0,0.0,0.0,299.3837,435.35123,0.0,0.0,0.0,0.0,0.0
15.0,5.0,3.307523E-6,66.275406,0.37937906,518.9943,86.32489,2.8321414,6.3618336,1.1606619,60.467564,7.63654,242.3806,3.1610396,438.56543,9.963766,0.0,0.0,0.0,0.0,0.0,0.0,280.94388,394.72147,0.0,0.0,0.0,0.0,0.0
15.0,6.0,0.05621896,37.40995,0.59759,367.6464,90.274635,1.4295571,1.9289999,2.6941345,19.303434,7.8895373,118.1413,0.5284097,266.66605,11.040508,0.0,0.0,0.0,0.0,0.0,0.0,166.36145,237.44962,0.0,0.0,0.0,0.0,0.0
15.0,7.0,0.013550872,14.502801,0.62301594,245.57156,48.90658,0.3799561,0.6780945,1.4489503,15.580785,2.5108218,72.12062,0.12068574,180.90298,9.8578825,0.0,0.0,0.0,0.0,0.0,0.0,77.07502,148.61592,0.0,0.0,0.0,0.0,0.0
15.0,8.0,0.021103997,15.424125,0.106907554,169.55783,34.708233,1.3644894,0.7986219,1.061547,14.111771,4.9239306,72.060425,0.24617621,134.87666,3.6196783,0.0,0.0,0.0,0.0,0.0,0.0,67.39394,117.431656,0.0,0.0,0.0,0.0,0.0
15.0,9.0,0.01051542,13.429701,0.14520605,107.1136,16.330511,0.31757173,0.91949993,0.12722929,10.326435,0.5942531,48.612186,0.5859817,68.23614,1.5728065,0.0,0.0,0.0,0.0,0.0,0.0,34.330715,66.043304,0.0,0.0,0.0,0.0,0.0
15.0,10.0,0.0071480405,6.234642,0.06387814,80.59144,12.636028,0.08952917,0.3567083,0.15078057,3.9936645,0.93991816,27.310125,0.0062762816,58.90569,2.4393666,0.0,0.0,0.0,0.0,0.0,0.0,25.844608,44.82602,0.0,0.0,0.0,0.0,0.0
15.0,11.0,0.0026872915,3.8417015,0.064681776,55.35192,9.170475,0.20779222,0.24836694,0.07603602,2.8344772,0.9042563,19.053085,0.16509795,31.028015,1.6217518,0.0,0.0,0.0,0.0,0.0,0.0,15.598853,28.441563,0.0,0.0,0.0,0.0,0.0
15.0,12.0,5.397517E-4,3.8529994,0.34987032,20.052416,3.0293825,0.22417277,0.052472007,0.053104494,2.3513768,0.49049276,11.862966,0.09734299,14.40649,0.46550038,0.0,0.0,0.0,0.0,0.0,0.0,7.0919027,12.534922,0.0,0.0,0.0,0.0,0.0
15.0,13.0,3.4887248E-7,1.4639301,0.019576598,15.033389,2.035346,0.08334626,0.029859958,0.051807825,1.0663906,0.9863041,4.206405,0.035346486,12.360432,0.41760048,0.0,0.0,0.0,0.0,0.0,0.0,7.0101852,10.638075,0.0,0.0,0.0,0.0,0.0
15.0,14.0,0.062197328,1.0863658,0.117437854,19.209333,2.1978583,0.044077687,0.04898963,0.031289592,1.1247451,0.55619895,4.564539,0.053394247,7.146508,0.5117285,0.0,0.0,0.0,0.0,0.0,0.0,3.8780477,7.6924047,0.0,0.0,0.0,0.0,0.0
15.0,15.0,0.0062544923,0.8507223,0.054955997,10.090668,1.347864,0.041373253,0.036657695,0.020838143,0.25632453,0.25114462,4.9127965,0.2720991,4.0579376,0.122337714,0.0,0.0,0.0,0.0,0.0,0.0,0.34621805,2.44031,0.0,0.0,0.0,0.0,0.0
15.0,16.0,0.0066974363,0.08778987,0.006054153,1.496832,0.1926192,0.010936324,0.005817275,0.0018827592,0.046461437,0.017551351,0.6064761,0.011065337,0.5817276,0.018149726,0.0,0.0,0.0,0.0,0.0,0.0,0.09812745,0.39980516,0.0,0.0,0.0,0.0,0.0
15.0,17.0,0.0,0.0,0.0,0.0,0.0,0.0,0.0,0.0,0.0,0.0,0.0,0.0,0.0,0.0,0.0,0.0,0.0,0.0,0.0,0.0,0.0,0.0,0.0,0.0,0.0,0.0,0.0
15.0,18.0,0.0,0.0,0.0,0.0,0.0,0.0,0.0,0.0,0.0,0.0,0.0,0.0,0.0,0.0,0.0,0.0,0.0,0.0,0.0,0.0,0.0,0.0,0.0,0.0,0.0,0.0,0.0
15.0,19.0,0.0,0.0,0.0,0.0,0.0,0.0,0.0,0.0,0.0,0.0,0.0,0.0,0.0,0.0,0.0,0.0,0.0,0.0,0.0,0.0,0.0,0.0,0.0,0.0,0.0,0.0,0.0
15.0,20.0,0.0,0.0,0.0,0.0,0.0,0.0,0.0,0.0,0.0,0.0,0.0,0.0,0.0,0.0,0.0,0.0,0.0,0.0,0.0,0.0,0.0,0.0,0.0,0.0,0.0,0.0,0.0
15.0,21.0,0.0,0.0,0.0,0.0,0.0,0.0,0.0,0.0,0.0,0.0,0.0,0.0,0.0,0.0,0.0,0.0,0.0,0.0,0.0,0.0,0.0,0.0,0.0,0.0,0.0,0.0,0.0
15.0,22.0,0.0,0.0,0.0,0.0,0.0,0.0,0.0,0.0,0.0,0.0,0.0,0.0,0.0,0.0,0.0,0.0,0.0,0.0,0.0,0.0,0.0,0.0,0.0,0.0,0.0,0.0,0.0
15.0,23.0,0.0,0.0,0.0,0.0,0.0,0.0,0.0,0.0,0.0,0.0,0.0,0.0,0.0,0.0,0.0,0.0,0.0,0.0,0.0,0.0,0.0,0.0,0.0,0.0,0.0,0.0,0.0
15.0,24.0,0.0,0.0,0.0,0.0,0.0,0.0,0.0,0.0,0.0,0.0,0.0,0.0,0.0,0.0,0.0,0.0,0.0,0.0,0.0,0.0,0.0,0.0,0.0,0.0,0.0,0.0,0.0
15.0,25.0,0.0,0.0,0.0,0.0,0.0,0.0,0.0,0.0,0.0,0.0,0.0,0.0,0.0,0.0,0.0,0.0,0.0,0.0,0.0,0.0,0.0,0.0,0.0,0.0,0.0,0.0,0.0
16.0,0.0,0.0,52.566906,0.69113076,353.90994,75.72396,2.5528808,2.600802,0.5381702,271.4309,0.052423697,205.67287,0.82942253,520.74274,18.385399,0.0,0.0,0.0,0.0,0.0,16.482983,1970.8556,2685.1438,0.0,0.0,0.0,0.0,0.0
16.0,1.0,0.0,399.12283,0.5103297,1139.0267,142.64473,9.222679,6.6604347,4.821789,318.95132,5.840069,554.8543,0.028863782,1784.63,27.014795,0.0,0.0,0.0,0.0,0.0,0.0,879.22186,1065.549,0.0,0.0,0.0,0.0,0.0
16.0,2.0,0.0,144.83156,0.5091258,907.06384,171.46782,6.1537733,4.362507,2.7736785,261.51093,3.5842783,367.5697,3.7217083,818.0061,50.417366,0.0,0.0,0.0,0.0,0.0,0.0,507.86932,668.4284,0.0,0.0,0.0,0.0,0.0
16.0,3.0,2.2193374E-8,132.33232,0.59498113,558.97943,206.4507,7.9340453,9.6217,1.0894039,134.34875,14.922042,409.21652,0.04064942,798.48755,39.42171,0.0,0.0,0.0,0.0,0.0,0.0,476.91962,623.1315,0.0,0.0,0.0,0.0,0.0
16.0,4.0,1.396607E-4,84.290115,1.0628327,474.66364,100.333275,1.5018724,2.1246417,1.2648636,104.656456,9.6936,285.06082,0.31393784,464.94772,32.268314,0.0,0.0,0.0,0.0,0.0,0.0,263.85464,410.53766,0.0,0.0,0.0,0.0,0.0
16.0,5.0,0.015173089,49.474194,0.5752658,423.4214,85.54777,1.223391,1.6724639,2.5750778,78.71905,18.234463,213.30597,0.508629,306.99414,30.630938,0.0,0.0,0.0,0.0,0.0,0.0,229.49875,373.0744,0.0,0.0,0.0,0.0,0.0
16.0,6.0,0.0036874346,43.29706,0.10286675,344.0317,76.77377,2.1079795,0.65964735,1.478206,76.56893,8.911462,179.88187,0.12150917,352.30347,21.750628,0.0,0.0,0.0,0.0,0.0,0.0,165.04025,282.35382,0.0,0.0,0.0,0.0,0.0
16.0,7.0,0.016295174,43.534946,0.4011437,232.03102,62.011574,0.8283067,1.0508997,1.0215275,14.192993,2.9766989,109.42127,0.44737974,191.11252,8.81193,0.0,0.0,0.0,0.0,0.0,0.0,109.384766,167.50555,0.0,0.0,0.0,0.0,0.0
16.0,8.0,5.351166E-4,9.508261,0.5131776,167.54956,28.972086,0.5582525,0.39280277,0.89099216,43.598804,9.304271,33.68645,0.45600954,115.366425,5.095689,0.0,0.0,0.0,0.0,0.0,0.0,57.57376,114.934105,0.0,0.0,0.0,0.0,0.0
16.0,9.0,0.016363073,16.576628,0.22943181,117.83583,27.330183,0.36938387,0.48214313,0.47558045,12.56455,3.8850641,55.22825,0.84534943,81.466385,5.5592036,0.0,0.0,0.0,0.0,0.0,0.0,43.82051,72.92245,0.0,0.0,0.0,0.0,0.0
16.0,10.0,0.008405183,8.7854,0.12555231,57.381985,11.370676,0.17907423,0.38557193,0.074214906,13.524278,1.2535083,39.159317,0.12325019,39.3392,1.5529356,0.0,0.0,0.0,0.0,0.0,0.0,27.129654,49.13604,0.0,0.0,0.0,0.0,0.0
16.0,11.0,0.055650763,5.3570514,0.06129088,53.463512,11.6878395,0.12692702,0.08118045,0.08243843,6.587909,1.3562708,16.710714,0.05695041,38.622177,4.3270807,0.0,0.0,0.0,0.0,0.0,0.0,18.570736,33.43465,0.0,0.0,0.0,0.0,0.0
16.0,12.0,0.0021270146,5.423801,0.020892689,30.667587,7.825899,0.2718196,0.19900374,0.039739043,4.5655756,0.79009825,14.874472,0.06844182,21.313679,0.677046,0.0,0.0,0.0,0.0,0.0,0.0,11.814521,19.93988,0.0,0.0,0.0,0.0,0.0
16.0,13.0,4.932766E-6,1.4493264,0.015353728,13.92025,2.0155017,0.024419881,0.04669024,0.06379683,1.9197806,0.307228,4.79184,0.017698059,10.479751,0.751468,0.0,0.0,0.0,0.0,0.0,0.0,6.8030725,9.872137,0.0,0.0,0.0,0.0,0.0
16.0,14.0,2.069922E-5,0.52107537,0.0062439,10.440361,1.9093789,0.06197917,0.020725206,0.032592554,0.7637204,0.43370306,2.8065186,0.047749054,8.044655,0.6850813,0.0,0.0,0.0,0.0,0.0,0.0,4.499256,7.303788,0.0,0.0,0.0,0.0,0.0
16.0,15.0,0.01932393,0.54306185,0.027735732,9.4790125,2.3169,0.031917807,0.026876861,0.024630288,0.6442135,0.6842738,3.553861,0.15172216,7.957247,0.2822775,0.0,0.0,0.0,0.0,0.0,0.0,2.6699314,5.2758465,0.0,0.0,0.0,0.0,0.0
16.0,16.0,0.00508898,0.54709315,0.020384511,7.1348863,0.9583435,0.015763562,0.011796878,0.004973226,0.22177015,0.18154566,3.3361168,0.15818545,3.174071,0.22840144,0.0,0.0,0.0,0.0,0.0,0.0,0.2230193,1.777964,0.0,0.0,0.0,0.0,0.0
16.0,17.0,0.0,0.0,0.0,0.0,0.0,0.0,0.0,0.0,0.0,0.0,0.0,0.0,0.0,0.0,0.0,0.0,0.0,0.0,0.0,0.0,0.0,0.0,0.0,0.0,0.0,0.0,0.0
16.0,18.0,0.0,0.0,0.0,0.0,0.0,0.0,0.0,0.0,0.0,0.0,0.0,0.0,0.0,0.0,0.0,0.0,0.0,0.0,0.0,0.0,0.0,0.0,0.0,0.0,0.0,0.0,0.0
16.0,19.0,0.0,0.0,0.0,0.0,0.0,0.0,0.0,0.0,0.0,0.0,0.0,0.0,0.0,0.0,0.0,0.0,0.0,0.0,0.0,0.0,0.0,0.0,0.0,0.0,0.0,0.0,0.0
16.0,20.0,0.0,0.0,0.0,0.0,0.0,0.0,0.0,0.0,0.0,0.0,0.0,0.0,0.0,0.0,0.0,0.0,0.0,0.0,0.0,0.0,0.0,0.0,0.0,0.0,0.0,0.0,0.0
16.0,21.0,0.0,0.0,0.0,0.0,0.0,0.0,0.0,0.0,0.0,0.0,0.0,0.0,0.0,0.0,0.0,0.0,0.0,0.0,0.0,0.0,0.0,0.0,0.0,0.0,0.0,0.0,0.0
16.0,22.0,0.0,0.0,0.0,0.0,0.0,0.0,0.0,0.0,0.0,0.0,0.0,0.0,0.0,0.0,0.0,0.0,0.0,0.0,0.0,0.0,0.0,0.0,0.0,0.0,0.0,0.0,0.0
16.0,23.0,0.0,0.0,0.0,0.0,0.0,0.0,0.0,0.0,0.0,0.0,0.0,0.0,0.0,0.0,0.0,0.0,0.0,0.0,0.0,0.0,0.0,0.0,0.0,0.0,0.0,0.0,0.0
16.0,24.0,0.0,0.0,0.0,0.0,0.0,0.0,0.0,0.0,0.0,0.0,0.0,0.0,0.0,0.0,0.0,0.0,0.0,0.0,0.0,0.0,0.0,0.0,0.0,0.0,0.0,0.0,0.0
16.0,25.0,0.0,0.0,0.0,0.0,0.0,0.0,0.0,0.0,0.0,0.0,0.0,0.0,0.0,0.0,0.0,0.0,0.0,0.0,0.0,0.0,0.0,0.0,0.0,0.0,0.0,0.0,0.0
17.0,0.0,0.0,85.35793,0.11863252,322.86267,49.166817,2.8270981,3.4723065,0.32628334,338.4742,0.89078283,674.74255,1.7279575,706.20935,25.809193,0.0,0.0,0.0,0.0,0.0,15.008075,1854.7731,2653.127,0.0,0.0,0.0,0.0,0.0
17.0,1.0,0.0,178.9672,0.3417892,908.38837,172.12866,7.07751,3.3194427,0.8647727,223.50728,7.8501835,367.12885,1.6016734,1429.082,27.21629,0.0,0.0,0.0,0.0,0.0,0.0,833.7409,1049.3113,0.0,0.0,0.0,0.0,0.0
17.0,2.0,0.0,197.6348,0.392377,891.2848,130.58899,6.5188055,3.547444,3.846472,166.14557,11.011812,306.49112,1.4093099,774.4682,44.208096,0.0,0.0,0.0,0.0,0.0,0.0,515.4946,668.92804,0.0,0.0,0.0,0.0,0.0
17.0,3.0,0.0,83.99461,1.4365455,760.44073,149.24663,3.5212474,3.514533,2.6989355,147.80806,9.188353,293.51984,2.9620779,793.551,38.358864,0.0,0.0,0.0,0.0,0.0,0.0,416.37668,569.9179,0.0,0.0,0.0,0.0,0.0
17.0,4.0,0.0015037761,96.94815,0.66687477,596.29675,143.25955,3.1783597,5.3158374,1.3294157,74.846,13.027664,303.72748,3.5691278,635.66455,17.780706,0.0,0.0,0.0,0.0,0.0,0.0,379.3434,476.71414,0.0,0.0,0.0,0.0,0.0
17.0,5.0,0.014871631,35.416855,0.35515022,494.29254,70.201614,2.1489465,2.5603163,1.6061041,73.703735,7.8642206,187.42915,0.7707112,368.27924,13.678702,0.0,0.0,0.0,0.0,0.0,0.0,223.09618,323.68268,0.0,0.0,0.0,0.0,0.0
17.0,6.0,0.006558179,40.167774,2.4919643,368.11093,60.957554,2.5269432,2.3203351,1.2452271,54.98024,6.5030146,232.97179,0.6164479,244.73834,22.570477,0.0,0.0,0.0,0.0,0.0,0.0,171.92099,270.53738,0.0,0.0,0.0,0.0,0.0
17.0,7.0,0.023138609,37.39839,3.4785023,299.73682,66.054245,2.8725035,1.6059868,2.7095175,28.413704,6.1086316,129.95676,2.137124,203.73387,10.829223,0.0,0.0,0.0,0.0,0.0,0.0,142.8699,213.35118,0.0,0.0,0.0,0.0,0.0
17.0,8.0,0.008902406,25.228128,1.373675,177.48036,34.218445,0.5181038,1.9095467,0.27457502,18.027626,5.0315123,79.553505,0.59773564,151.76993,8.970722,0.0,0.0,0.0,0.0,0.0,0.0,66.79797,114.88647,0.0,0.0,0.0,0.0,0.0
17.0,9.0,0.0044502513,17.385721,0.40522307,106.76973,26.45033,0.24272554,0.21488091,0.14626908,10.630182,4.0250793,46.372036,0.29787484,77.80314,3.285548,0.0,0.0,0.0,0.0,0.0,0.0,46.259464,76.05112,0.0,0.0,0.0,0.0,0.0
17.0,10.0,2.7856047E-4,9.879041,0.07229336,77.46249,14.720395,0.119441785,0.59739566,0.31548172,9.3775625,1.727569,40.938248,0.37069032,64.757614,3.6759813,0.0,0.0,0.0,0.0,0.0,0.0,27.113953,49.187737,0.0,0.0,0.0,0.0,0.0
17.0,11.0,0.0019544386,6.9953103,0.17792827,37.04977,9.490706,0.17897059,0.12834156,0.19802792,4.4081087,1.9554094,22.707296,0.014933584,34.32752,2.7121317,0.0,0.0,0.0,0.0,0.0,0.0,20.733702,33.65074,0.0,0.0,0.0,0.0,0.0
17.0,12.0,0.018058073,2.657079,0.030640533,32.43269,9.1539545,0.120570175,0.18082222,0.14536622,4.0324435,0.8756138,14.572143,0.070947565,27.740557,1.5487785,0.0,0.0,0.0,0.0,0.0,0.0,15.30554,25.169436,0.0,0.0,0.0,0.0,0.0
17.0,13.0,0.0010665312,2.5889149,0.11984609,20.113071,4.462032,0.19790828,0.033512887,0.037735734,1.7680365,0.7820788,9.926082,0.22989117,16.311707,0.8079609,0.0,0.0,0.0,0.0,0.0,0.0,9.701402,16.017252,0.0,0.0,0.0,0.0,0.0
17.0,14.0,0.004117602,1.1785799,0.051632673,8.271793,2.7165005,0.094801545,0.047588233,0.0431829,0.9609868,0.12613076,4.2715073,0.0120942965,6.695394,0.42536482,0.0,0.0,0.0,0.0,0.0,0.0,4.1724124,6.493024,0.0,0.0,0.0,0.0,0.0
17.0,15.0,4.70403E-6,0.70833373,0.013495813,5.5629945,1.3864518,0.009408495,0.02234083,0.015290033,0.76868206,0.1967315,2.4126558,0.0017525053,5.581262,0.40092373,0.0,0.0,0.0,0.0,0.0,0.0,2.9028115,4.8950977,0.0,0.0,0.0,0.0,0.0
17.0,16.0,0.015318214,0.36539507,0.08565147,7.475521,1.2980844,0.03585132,0.025178138,0.03949778,0.7024099,0.32084978,2.5225275,0.098460846,4.0759454,0.16943195,0.0,0.0,0.0,0.0,0.0,0.0,2.149026,3.8967097,0.0,0.0,0.0,0.0,0.0
17.0,17.0,0.0,0.0,0.0,0.0,0.0,0.0,0.0,0.0,0.0,0.0,0.0,0.0,0.0,0.0,0.0,0.0,0.0,0.0,0.0,0.0,0.0,0.0,0.0,0.0,0.0,0.0,0.0
17.0,18.0,0.0,0.0,0.0,0.0,0.0,0.0,0.0,0.0,0.0,0.0,0.0,0.0,0.0,0.0,0.0,0.0,0.0,0.0,0.0,0.0,0.0,0.0,0.0,0.0,0.0,0.0,0.0
17.0,19.0,0.0,0.0,0.0,0.0,0.0,0.0,0.0,0.0,0.0,0.0,0.0,0.0,0.0,0.0,0.0,0.0,0.0,0.0,0.0,0.0,0.0,0.0,0.0,0.0,0.0,0.0,0.0
17.0,20.0,0.0,0.0,0.0,0.0,0.0,0.0,0.0,0.0,0.0,0.0,0.0,0.0,0.0,0.0,0.0,0.0,0.0,0.0,0.0,0.0,0.0,0.0,0.0,0.0,0.0,0.0,0.0
17.0,21.0,0.0,0.0,0.0,0.0,0.0,0.0,0.0,0.0,0.0,0.0,0.0,0.0,0.0,0.0,0.0,0.0,0.0,0.0,0.0,0.0,0.0,0.0,0.0,0.0,0.0,0.0,0.0
17.0,22.0,0.0,0.0,0.0,0.0,0.0,0.0,0.0,0.0,0.0,0.0,0.0,0.0,0.0,0.0,0.0,0.0,0.0,0.0,0.0,0.0,0.0,0.0,0.0,0.0,0.0,0.0,0.0
17.0,23.0,0.0,0.0,0.0,0.0,0.0,0.0,0.0,0.0,0.0,0.0,0.0,0.0,0.0,0.0,0.0,0.0,0.0,0.0,0.0,0.0,0.0,0.0,0.0,0.0,0.0,0.0,0.0
17.0,24.0,0.0,0.0,0.0,0.0,0.0,0.0,0.0,0.0,0.0,0.0,0.0,0.0,0.0,0.0,0.0,0.0,0.0,0.0,0.0,0.0,0.0,0.0,0.0,0.0,0.0,0.0,0.0
17.0,25.0,0.0,0.0,0.0,0.0,0.0,0.0,0.0,0.0,0.0,0.0,0.0,0.0,0.0,0.0,0.0,0.0,0.0,0.0,0.0,0.0,0.0,0.0,0.0,0.0,0.0,0.0,0.0
18.0,0.0,0.0,146.67766,0.21922533,427.95612,71.723564,3.1661239,2.6487417,0.3170923,433.0847,0.14311388,318.7334,4.247286,1324.0046,20.316835,0.0,0.0,0.0,0.0,0.0,13.12635,2174.055,2950.2925,0.0,0.0,0.0,0.0,0.0
18.0,1.0,0.0,684.5153,1.4226707,1101.6434,276.1232,5.6446548,15.173187,1.0189312,247.01341,10.3425665,1282.5233,1.8845288,2195.4917,9.166239,0.0,0.0,0.0,0.0,0.0,0.0,1225.9021,1414.8658,0.0,0.0,0.0,0.0,0.0
18.0,2.0,0.0,91.039566,2.03918,581.14124,111.45223,5.379423,4.183108,3.1425226,72.7524,8.869669,291.86127,0.9462461,898.07513,21.4544,0.0,0.0,0.0,0.0,0.0,0.0,494.60175,608.76013,0.0,0.0,0.0,0.0,0.0
18.0,3.0,0.0,125.59334,0.9190286,558.2312,154.78099,14.850021,3.2837093,2.1028297,115.9309,5.982879,354.44897,0.10267924,539.80975,23.377958,0.0,0.0,0.0,0.0,0.0,0.0,344.67572,480.52448,0.0,0.0,0.0,0.0,0.0
18.0,4.0,4.331559E-5,55.00678,1.856313,479.12415,82.41497,4.6414547,3.2947361,3.3111525,84.481926,10.358477,303.51642,0.38970286,490.09985,9.36892,0.0,0.0,0.0,0.0,0.0,0.0,319.134,429.0962,0.0,0.0,0.0,0.0,0.0
18.0,5.0,0.04278079,73.84211,1.7667112,374.96698,77.11623,3.6462812,3.2241886,2.9977865,47.63945,11.733497,259.18515,2.608751,380.69424,10.497294,0.0,0.0,0.0,0.0,0.0,0.0,276.3687,376.41086,0.0,0.0,0.0,0.0,0.0
18.0,6.0,0.004767921,44.751987,0.9800216,369.31445,50.6797,0.73463106,1.7395015,0.96187115,56.529793,17.427498,165.79109,0.1444168,235.62988,3.9979947,0.0,0.0,0.0,0.0,0.0,0.0,162.45717,243.29605,0.0,0.0,0.0,0.0,0.0
18.0,7.0,0.0020105853,39.32702,0.8292338,268.89597,48.37678,2.3978372,1.7588556,3.1180806,27.253736,6.3712616,148.7018,0.81846434,204.98723,8.563097,0.0,0.0,0.0,0.0,0.0,0.0,117.74236,205.15964,0.0,0.0,0.0,0.0,0.0
18.0,8.0,2.2163262E-4,27.461187,0.55796546,187.35948,40.396595,1.9846396,1.4976764,0.34725216,25.700165,4.2004733,127.205185,0.8970045,140.58844,4.7411766,0.0,0.0,0.0,0.0,0.0,0.0,92.60982,150.42122,0.0,0.0,0.0,0.0,0.0
18.0,9.0,0.009253818,13.857504,0.3457916,131.033,28.714975,0.8885257,1.0398895,0.6252193,13.266448,3.205708,66.33609,0.3316335,105.27022,3.2934842,0.0,0.0,0.0,0.0,0.0,0.0,38.806465,73.41905,0.0,0.0,0.0,0.0,0.0
18.0,10.0,0.0022783251,8.692494,0.09032111,80.423904,15.499013,0.21747471,0.5426178,0.23741278,6.4445596,1.4557161,42.886383,0.095023476,54.236797,2.4563782,0.0,0.0,0.0,0.0,0.0,0.0,28.94175,51.531307,0.0,0.0,0.0,0.0,0.0
18.0,11.0,4.5856475E-4,4.376248,0.20252089,48.291042,11.738231,0.31313232,0.3341858,0.32230526,4.671632,1.1577834,26.285408,0.71528566,45.02269,0.9183141,0.0,0.0,0.0,0.0,0.0,0.0,19.533371,33.26636,0.0,0.0,0.0,0.0,0.0
18.0,12.0,0.02501588,3.2378285,0.020226188,27.26038,7.901001,0.2005002,0.17785081,0.06983539,5.054127,0.36359832,16.251932,0.045935057,21.006742,1.0703014,0.0,0.0,0.0,0.0,0.0,0.0,12.07497,21.263922,0.0,0.0,0.0,0.0,0.0
18.0,13.0,0.017718438,2.0076547,0.1602912,26.737995,4.5661,0.31626695,0.09531305,0.05863978,2.3301113,1.0890324,11.990515,0.048391476,16.164055,0.96643245,0.0,0.0,0.0,0.0,0.0,0.0,8.643446,14.972256,0.0,0.0,0.0,0.0,0.0
18.0,14.0,3.258412E-4,1.6439244,0.03847639,15.33888,2.7997031,0.049032085,0.10527156,0.015617885,1.3135525,0.24984945,7.112361,0.025423745,10.225361,0.26832667,0.0,0.0,0.0,0.0,0.0,0.0,6.0681205,8.831634,0.0,0.0,0.0,0.0,0.0
18.0,15.0,0.021081526,0.75894594,0.009632086,5.436102,1.3436097,0.014044002,0.031850927,0.012577498,0.7726936,0.17257906,3.8392138,0.03298527,5.0528793,0.1356873,0.0,0.0,0.0,0.0,0.0,0.0,2.446613,3.6328995,0.0,0.0,0.0,0.0,0.0
18.0,16.0,1.840326E-4,0.46555173,0.005999162,4.65823,0.5043138,0.009555117,0.023901496,0.06618959,0.38852978,0.14475173,1.6948504,0.0016819413,3.2674527,0.14497751,0.0,0.0,0.0,0.0,0.0,0.0,2.1204,2.8434565,0.0,0.0,0.0,0.0,0.0
18.0,17.0,0.0,0.0,0.0,0.0,0.0,0.0,0.0,0.0,0.0,0.0,0.0,0.0,0.0,0.0,0.0,0.0,0.0,0.0,0.0,0.0,0.0,0.0,0.0,0.0,0.0,0.0,0.0
18.0,18.0,0.0,0.0,0.0,0.0,0.0,0.0,0.0,0.0,0.0,0.0,0.0,0.0,0.0,0.0,0.0,0.0,0.0,0.0,0.0,0.0,0.0,0.0,0.0,0.0,0.0,0.0,0.0
18.0,19.0,0.0,0.0,0.0,0.0,0.0,0.0,0.0,0.0,0.0,0.0,0.0,0.0,0.0,0.0,0.0,0.0,0.0,0.0,0.0,0.0,0.0,0.0,0.0,0.0,0.0,0.0,0.0
18.0,20.0,0.0,0.0,0.0,0.0,0.0,0.0,0.0,0.0,0.0,0.0,0.0,0.0,0.0,0.0,0.0,0.0,0.0,0.0,0.0,0.0,0.0,0.0,0.0,0.0,0.0,0.0,0.0
18.0,21.0,0.0,0.0,0.0,0.0,0.0,0.0,0.0,0.0,0.0,0.0,0.0,0.0,0.0,0.0,0.0,0.0,0.0,0.0,0.0,0.0,0.0,0.0,0.0,0.0,0.0,0.0,0.0
18.0,22.0,0.0,0.0,0.0,0.0,0.0,0.0,0.0,0.0,0.0,0.0,0.0,0.0,0.0,0.0,0.0,0.0,0.0,0.0,0.0,0.0,0.0,0.0,0.0,0.0,0.0,0.0,0.0
18.0,23.0,0.0,0.0,0.0,0.0,0.0,0.0,0.0,0.0,0.0,0.0,0.0,0.0,0.0,0.0,0.0,0.0,0.0,0.0,0.0,0.0,0.0,0.0,0.0,0.0,0.0,0.0,0.0
18.0,24.0,0.0,0.0,0.0,0.0,0.0,0.0,0.0,0.0,0.0,0.0,0.0,0.0,0.0,0.0,0.0,0.0,0.0,0.0,0.0,0.0,0.0,0.0,0.0,0.0,0.0,0.0,0.0
18.0,25.0,0.0,0.0,0.0,0.0,0.0,0.0,0.0,0.0,0.0,0.0,0.0,0.0,0.0,0.0,0.0,0.0,0.0,0.0,0.0,0.0,0.0,0.0,0.0,0.0,0.0,0.0,0.0
19.0,0.0,0.0,82.06325,0.4127482,296.47244,51.556114,1.427083,2.4692867,0.13168341,425.61575,0.40417755,356.12823,1.3544345,867.7369,1.9962763,0.0,0.0,0.0,0.0,0.0,18.797035,1934.8708,2632.407,0.0,0.0,0.0,0.0,0.0
19.0,1.0,0.0,727.193,1.2295501,1290.3958,224.994,8.222537,14.790279,2.51589,408.92093,21.14234,973.9872,0.3811116,2312.6724,18.969534,0.0,0.0,0.0,0.0,0.0,0.0,1070.3323,1520.4458,0.0,0.0,0.0,0.0,0.0
19.0,2.0,0.0,251.51895,1.0054036,627.09393,267.48615,8.603191,8.722428,4.752517,162.90579,24.942488,598.87524,8.473661,1379.0605,7.6159787,0.0,0.0,0.0,0.0,0.0,0.0,689.781,857.5539,0.0,0.0,0.0,0.0,0.0
19.0,3.0,0.0030284782,52.525124,0.9507939,521.39264,87.93734,5.7579494,5.332407,1.3428825,84.50224,15.056477,247.21423,1.6412612,591.1609,5.56606,0.0,0.0,0.0,0.0,0.0,0.0,315.0864,480.08295,0.0,0.0,0.0,0.0,0.0
19.0,4.0,1.7480113E-4,82.24168,1.0809855,369.34186,128.04042,1.3391002,3.3940487,2.2283285,70.718475,23.725273,274.97873,0.12078281,502.27124,9.828706,0.0,0.0,0.0,0.0,0.0,0.0,243.15512,384.0355,0.0,0.0,0.0,0.0,0.0
19.0,5.0,0.0034624327,39.418705,1.013292,427.4867,72.25291,1.804069,2.724953,1.7446058,49.23343,4.305158,174.41307,0.09317794,434.69443,3.5796254,0.0,0.0,0.0,0.0,0.0,0.0,211.56714,352.81348,0.0,0.0,0.0,0.0,0.0
19.0,6.0,8.1781036E-4,23.461594,0.35809502,342.52573,65.92718,2.9846103,1.2643728,1.3140008,27.492031,9.317335,192.27397,0.9958813,346.83887,2.3913302,0.0,0.0,0.0,0.0,0.0,0.0,142.19391,229.57121,0.0,0.0,0.0,0.0,0.0
19.0,7.0,0.004532493,33.57827,0.58515775,233.71703,59.06439,2.0313501,2.1328576,0.4036506,30.566345,6.545922,157.33815,0.531761,215.29874,3.7546322,0.0,0.0,0.0,0.0,0.0,0.0,89.12731,153.664,0.0,0.0,0.0,0.0,0.0
19.0,8.0,0.058039714,18.133001,0.29201505,239.39774,38.199337,1.4709382,0.5643329,0.31281587,17.840334,6.3727098,127.00321,1.9268992,140.86044,4.0434256,0.0,0.0,0.0,0.0,0.0,0.0,61.899803,131.24472,0.0,0.0,0.0,0.0,0.0
19.0,9.0,8.687963E-4,13.374718,0.19050838,150.73376,35.26621,1.4630904,1.9583418,0.5387223,14.685232,4.4939632,86.521965,0.2152273,112.290215,1.1789355,0.0,0.0,0.0,0.0,0.0,0.0,45.825356,93.5414,0.0,0.0,0.0,0.0,0.0
19.0,10.0,0.011282305,8.344241,0.42067733,101.27475,19.345142,0.7956561,0.4373897,0.13100518,8.26911,5.3480353,44.703243,0.032517042,69.763245,1.442912,0.0,0.0,0.0,0.0,0.0,0.0,27.634684,49.55798,0.0,0.0,0.0,0.0,0.0
19.0,11.0,0.030769045,2.9701393,0.08662324,52.1266,12.896883,0.34238356,0.09196709,0.33602712,8.0004835,3.1677685,23.152903,0.27476838,46.859978,0.88188004,0.0,0.0,0.0,0.0,0.0,0.0,16.147713,34.260838,0.0,0.0,0.0,0.0,0.0
19.0,12.0,0.0021057553,4.587816,0.06316093,40.781174,8.930353,0.16982621,0.23325813,0.21649992,3.7803419,1.6542258,20.741714,0.13634999,24.472157,0.35150194,0.0,0.0,0.0,0.0,0.0,0.0,9.918142,20.322863,0.0,0.0,0.0,0.0,0.0
19.0,13.0,0.008019416,1.5072051,0.13696297,20.464369,5.4489193,0.11213021,0.08784134,0.08411561,2.3125865,0.85877794,10.731844,0.08719984,14.903948,0.3200135,0.0,0.0,0.0,0.0,0.0,0.0,7.2133164,13.340349,0.0,0.0,0.0,0.0,0.0
19.0,14.0,0.036628753,1.1864308,0.088448256,18.411016,3.552783,0.027851334,0.06923556,0.0144286435,2.0521533,0.71916276,6.6704926,0.038069677,12.132165,0.1301519,0.0,0.0,0.0,0.0,0.0,0.0,5.067819,10.079699,0.0,0.0,0.0,0.0,0.0
19.0,15.0,0.0023552356,0.98367774,0.021243414,11.100309,2.4792178,0.060890596,0.07005131,0.025295166,1.095226,0.49267572,5.113735,0.029722314,7.460711,0.058735333,0.0,0.0,0.0,0.0,0.0,0.0,3.1405637,5.486337,0.0,0.0,0.0,0.0,0.0
19.0,16.0,2.1264392E-5,0.4967537,0.0056186477,4.0456195,1.3933771,0.06472785,0.011318765,0.009274108,0.41901377,0.1452482,2.393663,0.00242516,3.0451741,0.0686558,0.0,0.0,0.0,0.0,0.0,0.0,1.3240224,2.5459046,0.0,0.0,0.0,0.0,0.0
19.0,17.0,0.0,0.0,0.0,0.0,0.0,0.0,0.0,0.0,0.0,0.0,0.0,0.0,0.0,0.0,0.0,0.0,0.0,0.0,0.0,0.0,0.0,0.0,0.0,0.0,0.0,0.0,0.0
19.0,18.0,0.0,0.0,0.0,0.0,0.0,0.0,0.0,0.0,0.0,0.0,0.0,0.0,0.0,0.0,0.0,0.0,0.0,0.0,0.0,0.0,0.0,0.0,0.0,0.0,0.0,0.0,0.0
19.0,19.0,0.0,0.0,0.0,0.0,0.0,0.0,0.0,0.0,0.0,0.0,0.0,0.0,0.0,0.0,0.0,0.0,0.0,0.0,0.0,0.0,0.0,0.0,0.0,0.0,0.0,0.0,0.0
19.0,20.0,0.0,0.0,0.0,0.0,0.0,0.0,0.0,0.0,0.0,0.0,0.0,0.0,0.0,0.0,0.0,0.0,0.0,0.0,0.0,0.0,0.0,0.0,0.0,0.0,0.0,0.0,0.0
19.0,21.0,0.0,0.0,0.0,0.0,0.0,0.0,0.0,0.0,0.0,0.0,0.0,0.0,0.0,0.0,0.0,0.0,0.0,0.0,0.0,0.0,0.0,0.0,0.0,0.0,0.0,0.0,0.0
19.0,22.0,0.0,0.0,0.0,0.0,0.0,0.0,0.0,0.0,0.0,0.0,0.0,0.0,0.0,0.0,0.0,0.0,0.0,0.0,0.0,0.0,0.0,0.0,0.0,0.0,0.0,0.0,0.0
19.0,23.0,0.0,0.0,0.0,0.0,0.0,0.0,0.0,0.0,0.0,0.0,0.0,0.0,0.0,0.0,0.0,0.0,0.0,0.0,0.0,0.0,0.0,0.0,0.0,0.0,0.0,0.0,0.0
19.0,24.0,0.0,0.0,0.0,0.0,0.0,0.0,0.0,0.0,0.0,0.0,0.0,0.0,0.0,0.0,0.0,0.0,0.0,0.0,0.0,0.0,0.0,0.0,0.0,0.0,0.0,0.0,0.0
19.0,25.0,0.0,0.0,0.0,0.0,0.0,0.0,0.0,0.0,0.0,0.0,0.0,0.0,0.0,0.0,0.0,0.0,0.0,0.0,0.0,0.0,0.0,0.0,0.0,0.0,0.0,0.0,0.0
20.0,0.0,0.0,89.382416,0.16058187,199.15228,139.77711,1.8021488,2.215531,1.0862899,298.0485,0.17232907,627.0656,1.7120351,508.47504,2.2174683,0.0,0.0,0.0,0.0,0.0,22.886393,1931.1532,2612.548,0.0,0.0,0.0,0.0,0.0
20.0,1.0,0.0,356.52585,1.6951876,1287.1582,365.14078,2.1019878,8.65555,1.3585336,310.08246,13.478423,1052.8281,6.598623,2007.06,11.539167,0.0,0.0,0.0,0.0,0.0,0.0,934.8373,1244.9868,0.0,0.0,0.0,0.0,0.0
20.0,2.0,3.5158318E-6,207.28627,1.492918,1242.6376,223.78833,6.3630047,8.757573,1.5800608,227.26695,14.4055395,522.1332,1.3372582,1453.4199,32.32309,0.0,0.0,0.0,0.0,0.0,0.0,631.02893,916.2551,0.0,0.0,0.0,0.0,0.0
20.0,3.0,4.68767E-5,133.50899,0.8954498,775.2441,168.88564,2.3638864,10.250221,2.4846153,113.87611,13.9214525,453.0873,0.25003302,879.1293,21.875427,0.0,0.0,0.0,0.0,0.0,0.0,453.49835,629.5013,0.0,0.0,0.0,0.0,0.0
20.0,4.0,7.0330524E-4,42.11365,0.24190973,562.6207,89.55042,0.7249744,4.6751494,0.15723313,72.68106,9.36722,180.90291,0.33393416,375.39148,3.971328,0.0,0.0,0.0,0.0,0.0,0.0,185.63264,290.8769,0.0,0.0,0.0,0.0,0.0
20.0,5.0,0.0025477875,46.816048,0.33822915,332.22134,101.777115,1.1174144,2.1351576,0.94570935,61.89276,9.260959,230.54443,2.1917338,462.46533,5.4863544,0.0,0.0,0.0,0.0,0.0,0.0,153.83676,252.35654,0.0,0.0,0.0,0.0,0.0
20.0,6.0,0.010251225,35.995564,0.17217925,372.65063,64.10351,1.4641379,1.2977014,0.361,53.071194,4.1280837,201.57219,1.8254374,259.6276,16.022364,0.0,0.0,0.0,0.0,0.0,0.0,131.50684,226.50584,0.0,0.0,0.0,0.0,0.0
20.0,7.0,0.005777503,22.028637,0.45621577,299.75696,54.435295,1.092166,2.8496668,0.16068609,25.092724,5.314544,141.31178,1.5943112,195.65553,5.5014544,0.0,0.0,0.0,0.0,0.0,0.0,99.45368,162.01181,0.0,0.0,0.0,0.0,0.0
20.0,8.0,0.023459876,22.60825,0.52980304,170.12213,34.038883,0.6708541,1.0293343,0.23971559,19.305378,8.829396,115.42428,0.6876584,170.76064,7.4771476,0.0,0.0,0.0,0.0,0.0,0.0,58.0431,102.33304,0.0,0.0,0.0,0.0,0.0
20.0,9.0,6.861219E-4,14.926182,0.22682615,155.19318,33.950302,0.5926369,0.5568863,0.24498728,16.353937,3.7759993,86.584015,1.1004739,111.68102,3.1449153,0.0,0.0,0.0,0.0,0.0,0.0,40.398647,79.61065,0.0,0.0,0.0,0.0,0.0
20.0,10.0,0.007298047,14.267015,0.22681965,116.30978,21.69507,0.28251928,0.48859718,0.25514176,8.217047,4.306188,63.71536,0.3238053,76.427124,1.6205734,0.0,0.0,0.0,0.0,0.0,0.0,32.82609,66.82538,0.0,0.0,0.0,0.0,0.0
20.0,11.0,0.0024085112,4.304953,0.078302905,72.93853,13.19572,0.12405562,0.25933152,0.018325415,6.732521,1.8402002,29.853153,0.048084825,49.488777,0.7630592,0.0,0.0,0.0,0.0,0.0,0.0,16.681665,35.296898,0.0,0.0,0.0,0.0,0.0
20.0,12.0,0.006580967,3.693593,0.062028788,49.135403,8.516995,0.122692816,0.19467604,0.11767301,3.9593973,1.7653096,13.916759,0.15616813,29.966276,0.89779246,0.0,0.0,0.0,0.0,0.0,0.0,10.851991,18.901327,0.0,0.0,0.0,0.0,0.0
20.0,13.0,0.00295115,2.582691,0.06841225,29.474438,5.6345453,0.04718226,0.06813954,0.067904726,2.8094609,1.2094744,12.752929,0.19259171,19.586002,0.36147892,0.0,0.0,0.0,0.0,0.0,0.0,7.48228,14.072104,0.0,0.0,0.0,0.0,0.0
20.0,14.0,0.017916169,1.1751842,0.013043934,13.333863,3.207917,0.012304841,0.035425354,0.014666851,2.3431308,0.670906,9.985671,0.03132139,10.24228,0.43491495,0.0,0.0,0.0,0.0,0.0,0.0,4.7570815,9.023509,0.0,0.0,0.0,0.0,0.0
20.0,15.0,0.0023442407,1.0116309,0.0061283116,13.406342,2.9850817,0.027331911,0.09338842,0.023387484,1.0950752,0.5882271,4.82992,0.1483017,8.887917,0.14776905,0.0,0.0,0.0,0.0,0.0,0.0,3.0184429,6.408646,0.0,0.0,0.0,0.0,0.0
20.0,16.0,0.00671668,0.53872865,0.01836586,7.1152697,1.3043536,0.011615007,0.04461632,0.0017746396,0.6375538,0.24989901,3.7862082,0.08129826,5.47801,0.21351881,0.0,0.0,0.0,0.0,0.0,0.0,2.4414296,4.3019567,0.0,0.0,0.0,0.0,0.0
20.0,17.0,0.0,0.0,0.0,0.0,0.0,0.0,0.0,0.0,0.0,0.0,0.0,0.0,0.0,0.0,0.0,0.0,0.0,0.0,0.0,0.0,0.0,0.0,0.0,0.0,0.0,0.0,0.0
20.0,18.0,0.0,0.0,0.0,0.0,0.0,0.0,0.0,0.0,0.0,0.0,0.0,0.0,0.0,0.0,0.0,0.0,0.0,0.0,0.0,0.0,0.0,0.0,0.0,0.0,0.0,0.0,0.0
20.0,19.0,0.0,0.0,0.0,0.0,0.0,0.0,0.0,0.0,0.0,0.0,0.0,0.0,0.0,0.0,0.0,0.0,0.0,0.0,0.0,0.0,0.0,0.0,0.0,0.0,0.0,0.0,0.0
20.0,20.0,0.0,0.0,0.0,0.0,0.0,0.0,0.0,0.0,0.0,0.0,0.0,0.0,0.0,0.0,0.0,0.0,0.0,0.0,0.0,0.0,0.0,0.0,0.0,0.0,0.0,0.0,0.0
20.0,21.0,0.0,0.0,0.0,0.0,0.0,0.0,0.0,0.0,0.0,0.0,0.0,0.0,0.0,0.0,0.0,0.0,0.0,0.0,0.0,0.0,0.0,0.0,0.0,0.0,0.0,0.0,0.0
20.0,22.0,0.0,0.0,0.0,0.0,0.0,0.0,0.0,0.0,0.0,0.0,0.0,0.0,0.0,0.0,0.0,0.0,0.0,0.0,0.0,0.0,0.0,0.0,0.0,0.0,0.0,0.0,0.0
20.0,23.0,0.0,0.0,0.0,0.0,0.0,0.0,0.0,0.0,0.0,0.0,0.0,0.0,0.0,0.0,0.0,0.0,0.0,0.0,0.0,0.0,0.0,0.0,0.0,0.0,0.0,0.0,0.0
20.0,24.0,0.0,0.0,0.0,0.0,0.0,0.0,0.0,0.0,0.0,0.0,0.0,0.0,0.0,0.0,0.0,0.0,0.0,0.0,0.0,0.0,0.0,0.0,0.0,0.0,0.0,0.0,0.0
20.0,25.0,0.0,0.0,0.0,0.0,0.0,0.0,0.0,0.0,0.0,0.0,0.0,0.0,0.0,0.0,0.0,0.0,0.0,0.0,0.0,0.0,0.0,0.0,0.0,0.0,0.0,0.0,0.0
