"Distribution of fish species biomass (tonne) by Size class (cm). Class i designates interval [i,i+1[."
"Time","Size","lesserSpottedDogfish","redMullet","pouting","whiting","poorCod","cod","dragonet","sole","plaice","horseMackerel","mackerel","herring","sardine","squids","cuttlefish","thornbackRay"
1.0,0.0,0.0,0.0,0.0,30296.182,0.0,0.0,3575.9001,5319.791,9285.028,12383.433,0.0,0.0,0.0,239532.19,3939.857,0.0
1.0,5.0,0.0,138.02745,3.7183245E-6,79460.85,1472.8694,2.961575E-5,1097.4679,6846.6094,3345.0837,12662.519,0.0,6597306.5,9191.258,32824.258,17536.344,0.0
1.0,10.0,0.0,135.1539,0.3655347,1848.9371,26619.955,1.7470306,3477.3796,1089.1649,3708.1995,14173.193,9.826027,3037834.2,41717.69,56116.18,19235.594,0.0
1.0,15.0,276.15198,1423.4429,1692.274,783.30597,15030.161,281.63278,7347.8623,498.03638,13228.731,37096.34,2710.0823,119792.28,49765.055,4253.1953,1614.7793,14.992053
1.0,20.0,569.12036,6092.115,8987.542,13904.085,596.6257,835.54266,8197.603,9272.105,9570.699,36618.84,10170.337,76468.0,107134.81,2324.5696,6937.9795,57.745014
1.0,25.0,717.54926,659.46564,9749.461,20196.205,0.0,259.12347,5392.857,14752.532,5894.3457,16795.191,27178.99,82681.85,0.0,13876.95,5858.3613,28.284597
1.0,30.0,1127.7955,553.46545,5462.2876,15020.817,0.0,517.25946,0.0,3663.2385,2948.1533,19157.922,9861.651,13658.198,0.0,30101.426,0.0,64.37333
1.0,35.0,1661.9045,644.18243,0.0,24954.652,0.0,1102.3029,0.0,1108.0951,1497.9734,12091.739,212.29176,0.0,0.0,20535.523,0.0,51.227898
1.0,40.0,2363.4434,769.24207,0.0,12405.515,0.0,125.18878,0.0,0.0,1257.6632,0.0,121.42625,0.0,0.0,1113.3706,0.0,112.90048
1.0,45.0,3208.1,431.0628,0.0,0.0,0.0,532.1716,0.0,0.0,0.0,0.0,0.0,0.0,0.0,0.0,0.0,103.88718
1.0,50.0,4139.911,0.0,0.0,0.0,0.0,86.49786,0.0,0.0,0.0,0.0,0.0,0.0,0.0,0.0,0.0,162.57292
1.0,55.0,4836.351,0.0,0.0,0.0,0.0,83.96793,0.0,0.0,0.0,0.0,0.0,0.0,0.0,0.0,0.0,223.52179
1.0,60.0,3773.0466,0.0,0.0,0.0,0.0,9.349472,0.0,0.0,0.0,0.0,0.0,0.0,0.0,0.0,0.0,232.87596
1.0,65.0,0.0,0.0,0.0,0.0,0.0,8.616629,0.0,0.0,0.0,0.0,0.0,0.0,0.0,0.0,0.0,304.58698
1.0,70.0,0.0,0.0,0.0,0.0,0.0,3.0836759,0.0,0.0,0.0,0.0,0.0,0.0,0.0,0.0,0.0,397.3194
1.0,75.0,0.0,0.0,0.0,0.0,0.0,1.2511269,0.0,0.0,0.0,0.0,0.0,0.0,0.0,0.0,0.0,516.79425
1.0,80.0,0.0,0.0,0.0,0.0,0.0,0.7131885,0.0,0.0,0.0,0.0,0.0,0.0,0.0,0.0,0.0,597.30475
1.0,85.0,0.0,0.0,0.0,0.0,0.0,0.64345676,0.0,0.0,0.0,0.0,0.0,0.0,0.0,0.0,0.0,845.84485
1.0,90.0,0.0,0.0,0.0,0.0,0.0,0.27507907,0.0,0.0,0.0,0.0,0.0,0.0,0.0,0.0,0.0,1089.5239
1.0,95.0,0.0,0.0,0.0,0.0,0.0,0.017217379,0.0,0.0,0.0,0.0,0.0,0.0,0.0,0.0,0.0,1756.1077
1.0,100.0,0.0,0.0,0.0,0.0,0.0,0.0,0.0,0.0,0.0,0.0,0.0,0.0,0.0,0.0,0.0,1036.3779
1.0,105.0,0.0,0.0,0.0,0.0,0.0,0.0,0.0,0.0,0.0,0.0,0.0,0.0,0.0,0.0,0.0,0.0
1.0,110.0,0.0,0.0,0.0,0.0,0.0,0.0,0.0,0.0,0.0,0.0,0.0,0.0,0.0,0.0,0.0,0.0
1.0,115.0,0.0,0.0,0.0,0.0,0.0,0.0,0.0,0.0,0.0,0.0,0.0,0.0,0.0,0.0,0.0,0.0
1.0,120.0,0.0,0.0,0.0,0.0,0.0,0.0,0.0,0.0,0.0,0.0,0.0,0.0,0.0,0.0,0.0,0.0
1.0,125.0,0.0,0.0,0.0,0.0,0.0,0.0,0.0,0.0,0.0,0.0,0.0,0.0,0.0,0.0,0.0,0.0
2.0,0.0,0.0,0.0,0.0,39079.176,10496.6045,0.0,2535.6885,11560.833,4918.598,12674.067,0.0,0.0,0.0,29290.504,4012.4883,0.0
2.0,5.0,0.0,929.51306,0.2144593,391814.47,13752.647,9.5772004E-5,4442.2744,24959.36,6957.338,28012.959,0.0,2497264.8,369.52545,33124.715,44231.58,0.0
2.0,10.0,1.4034779,1582.1335,0.057018958,131191.22,59612.06,0.0,1344.6532,7746.986,3213.8608,35744.312,8.292308,5771280.0,13986.999,99423.86,131320.22,0.0
2.0,15.0,72.38782,113.18539,622.0836,4516.1626,128864.305,2.0295245E-4,7320.797,2348.316,7060.807,10420.428,33.6032,99697.086,31048.488,110811.125,71079.39,49.190224
2.0,20.0,224.5622,2679.8706,2689.6423,0.014395439,42800.203,54.67456,11537.648,1151.7,27589.875,50735.49,226.8753,31605.082,39102.47,50588.652,59954.527,156.14073
2.0,25.0,897.24963,12106.709,14235.833,37533.02,0.109475136,1271.2249,7554.3447,10271.476,20163.322,32370.736,9167.857,25290.02,0.0,8310.914,2609.5198,134.41719
2.0,30.0,1314.9204,775.622,15625.688,16938.44,0.0,1158.7942,0.0,21995.172,8378.869,14333.956,24499.777,3339.7612,0.0,1739.2692,0.0,134.68001
2.0,35.0,1768.0151,834.7926,0.008019089,21776.166,0.0,333.82147,0.0,1672.9321,2750.1438,9089.716,6012.234,0.0,0.0,1124.9749,0.0,88.11214
2.0,40.0,2412.9922,893.07355,0.0,9559.378,0.0,1886.257,0.0,0.055646133,1612.0876,0.0,72.1572,0.0,0.0,0.0,0.0,111.521805
2.0,45.0,3279.6838,441.53708,0.0,0.0,0.0,225.77708,0.0,0.0,0.0,0.0,0.0,0.0,0.0,0.0,0.0,158.28513
2.0,50.0,4295.687,0.0,0.0,0.0,0.0,721.40674,0.0,0.0,0.0,0.0,0.0,0.0,0.0,0.0,0.0,146.59691
2.0,55.0,5543.949,0.0,0.0,0.0,0.0,79.8631,0.0,0.0,0.0,0.0,0.0,0.0,0.0,0.0,0.0,245.31561
2.0,60.0,4657.093,0.0,0.0,0.0,0.0,90.53346,0.0,0.0,0.0,0.0,0.0,0.0,0.0,0.0,0.0,297.59824
2.0,65.0,0.0,0.0,0.0,0.0,0.0,12.05442,0.0,0.0,0.0,0.0,0.0,0.0,0.0,0.0,0.0,330.2073
2.0,70.0,0.0,0.0,0.0,0.0,0.0,4.051948,0.0,0.0,0.0,0.0,0.0,0.0,0.0,0.0,0.0,418.29523
2.0,75.0,0.0,0.0,0.0,0.0,0.0,2.2061996,0.0,0.0,0.0,0.0,0.0,0.0,0.0,0.0,0.0,516.8623
2.0,80.0,0.0,0.0,0.0,0.0,0.0,1.216346,0.0,0.0,0.0,0.0,0.0,0.0,0.0,0.0,0.0,571.4888
2.0,85.0,0.0,0.0,0.0,0.0,0.0,0.49893403,0.0,0.0,0.0,0.0,0.0,0.0,0.0,0.0,0.0,833.0751
2.0,90.0,0.0,0.0,0.0,0.0,0.0,0.40587652,0.0,0.0,0.0,0.0,0.0,0.0,0.0,0.0,0.0,1095.0428
2.0,95.0,0.0,0.0,0.0,0.0,0.0,0.010046997,0.0,0.0,0.0,0.0,0.0,0.0,0.0,0.0,0.0,1751.1826
2.0,100.0,0.0,0.0,0.0,0.0,0.0,0.0,0.0,0.0,0.0,0.0,0.0,0.0,0.0,0.0,0.0,872.35754
2.0,105.0,0.0,0.0,0.0,0.0,0.0,0.0,0.0,0.0,0.0,0.0,0.0,0.0,0.0,0.0,0.0,0.0
2.0,110.0,0.0,0.0,0.0,0.0,0.0,0.0,0.0,0.0,0.0,0.0,0.0,0.0,0.0,0.0,0.0,0.0
2.0,115.0,0.0,0.0,0.0,0.0,0.0,0.0,0.0,0.0,0.0,0.0,0.0,0.0,0.0,0.0,0.0,0.0
2.0,120.0,0.0,0.0,0.0,0.0,0.0,0.0,0.0,0.0,0.0,0.0,0.0,0.0,0.0,0.0,0.0,0.0
2.0,125.0,0.0,0.0,0.0,0.0,0.0,0.0,0.0,0.0,0.0,0.0,0.0,0.0,0.0,0.0,0.0,0.0
3.0,0.0,0.0,0.057827644,0.0,43291.11,31616.652,0.0,1189.6752,5860.759,5357.178,11555.655,0.0,0.0,0.0,0.0,8545.904,0.0
3.0,5.0,0.0,526.7732,0.0,408194.16,30685.48,0.027311414,2261.94,21398.059,4677.1987,21262.107,0.2572982,90620.95,3.3182275,871.55695,41419.832,0.0
3.0,10.0,4.7177534,2866.2834,4.6783385,351195.56,59250.973,0.0,2258.4167,12525.916,4261.929,24183.633,26.053078,2597402.2,2146.2788,25244.578,93713.66,0.0
3.0,15.0,81.3308,460.58026,1212.3337,46125.52,142984.69,0.0,901.2324,4027.6353,8087.7944,9599.62,59.964756,223776.53,22592.344,56398.043,69559.484,42.713963
3.0,20.0,130.19533,15.775187,3886.1267,0.0068317605,127617.52,0.0,14394.391,1202.2443,14912.477,15204.97,179.42535,16125.984,20641.47,37480.184,41489.87,171.38345
3.0,25.0,215.35817,7843.1206,5599.8457,4505.1157,35884.72,1.2764561,10717.3545,1361.6053,40483.89,54467.832,655.5039,7223.396,6.8890554E-4,8989.968,0.0,358.5625
3.0,30.0,1052.6918,13080.844,24591.44,42753.965,0.17609666,1381.9907,0.0,18119.459,23541.879,20464.605,8336.495,773.7572,0.0,406.35464,0.0,365.80582
3.0,35.0,2086.4985,1051.7017,1005.2348,18205.076,0.0,2263.0796,0.0,12806.753,7446.7236,6733.39,11975.258,0.0,0.0,0.0,0.0,365.91254
3.0,40.0,2548.224,1042.7125,0.0031033156,7521.678,0.0,332.30927,0.0,0.10369605,2205.2026,0.0,1719.3756,0.0,0.0,0.0,0.0,124.805115
3.0,45.0,3299.1475,415.8601,0.0,0.0,0.0,2583.2778,0.0,0.061015774,25.133514,0.0,0.0,0.0,0.0,0.0,0.0,213.36572
3.0,50.0,4332.659,0.0,0.0,0.0,0.0,228.35396,0.0,0.0,0.0,0.0,0.0,0.0,0.0,0.0,0.0,198.12036
3.0,55.0,5588.1543,0.0,0.0,0.0,0.0,833.9235,0.0,0.0,0.0,0.0,0.0,0.0,0.0,0.0,0.0,212.86423
3.0,60.0,5986.872,0.0,0.0,0.0,0.0,59.250393,0.0,0.0,0.0,0.0,0.0,0.0,0.0,0.0,0.0,319.01614
3.0,65.0,0.0,0.0,0.0,0.0,0.0,59.133717,0.0,0.0,0.0,0.0,0.0,0.0,0.0,0.0,0.0,381.29584
3.0,70.0,0.0,0.0,0.0,0.0,0.0,14.219731,0.0,0.0,0.0,0.0,0.0,0.0,0.0,0.0,0.0,430.17578
3.0,75.0,0.0,0.0,0.0,0.0,0.0,3.0824142,0.0,0.0,0.0,0.0,0.0,0.0,0.0,0.0,0.0,489.986
3.0,80.0,0.0,0.0,0.0,0.0,0.0,1.2197294,0.0,0.0,0.0,0.0,0.0,0.0,0.0,0.0,0.0,682.7827
3.0,85.0,0.0,0.0,0.0,0.0,0.0,0.9322707,0.0,0.0,0.0,0.0,0.0,0.0,0.0,0.0,0.0,764.7871
3.0,90.0,0.0,0.0,0.0,0.0,0.0,0.32457653,0.0,0.0,0.0,0.0,0.0,0.0,0.0,0.0,0.0,1144.3909
3.0,95.0,0.0,0.0,0.0,0.0,0.0,0.06338733,0.0,0.0,0.0,0.0,0.0,0.0,0.0,0.0,0.0,1599.8337
3.0,100.0,0.0,0.0,0.0,0.0,0.0,0.0,0.0,0.0,0.0,0.0,0.0,0.0,0.0,0.0,0.0,776.67896
3.0,105.0,0.0,0.0,0.0,0.0,0.0,0.0,0.0,0.0,0.0,0.0,0.0,0.0,0.0,0.0,0.0,0.0
3.0,110.0,0.0,0.0,0.0,0.0,0.0,0.0,0.0,0.0,0.0,0.0,0.0,0.0,0.0,0.0,0.0,0.0
3.0,115.0,0.0,0.0,0.0,0.0,0.0,0.0,0.0,0.0,0.0,0.0,0.0,0.0,0.0,0.0,0.0,0.0
3.0,120.0,0.0,0.0,0.0,0.0,0.0,0.0,0.0,0.0,0.0,0.0,0.0,0.0,0.0,0.0,0.0,0.0
3.0,125.0,0.0,0.0,0.0,0.0,0.0,0.0,0.0,0.0,0.0,0.0,0.0,0.0,0.0,0.0,0.0,0.0
4.0,0.0,0.0,0.0,0.0,52453.85,37662.55,0.0,1268.7388,3293.3413,4320.2114,12545.48,0.0,0.0,0.0,0.0,6315.035,0.0
4.0,5.0,0.0,1085.8926,0.0,383302.9,35506.277,0.08269203,1296.563,14944.782,2169.0544,34953.96,4.9538967E-6,0.0,0.0,0.0,53872.312,0.0
4.0,10.0,6.935981,3367.2158,21.429174,377401.66,131278.84,0.009042361,2568.0193,18942.36,3241.4316,55717.266,47.035835,573404.0,799.6247,367.9647,67705.36,0.0
4.0,15.0,74.89467,1043.3591,1906.6472,132193.77,185002.34,0.0106268665,711.41296,6198.9263,10369.552,17263.578,53.053852,232452.84,14089.415,7914.6733,65362.19,49.638603
4.0,20.0,143.82317,222.52797,7210.0,1228.5668,184252.12,0.0,10078.245,1995.7726,15570.626,5492.175,174.00577,7361.3237,11518.584,20657.953,8990.505,172.88689
4.0,25.0,230.3955,49.032238,9622.707,0.013786088,104139.875,0.0,12829.113,1486.616,19428.324,28247.69,398.66943,2322.762,0.64160705,11520.273,0.0,308.33267
4.0,30.0,307.4417,23393.215,8518.193,36386.082,8077.2095,0.0029495654,0.0,1375.6893,45129.043,41185.746,1339.5709,153.15486,0.0,566.00415,0.0,599.71405
4.0,35.0,939.9539,3134.2402,8732.897,16846.723,0.0,1719.0608,0.0,27125.316,20746.398,8009.5396,5994.666,0.0,0.0,0.0,0.0,907.7834
4.0,40.0,3128.383,1161.7109,0.025318174,6000.736,0.0,3088.623,0.0,85.016266,3861.0947,10.41852,4652.961,0.0,0.0,0.0,0.0,622.54456
4.0,45.0,3582.2915,430.03192,0.0,0.0,0.0,600.00964,0.0,0.12972079,154.63312,0.0,173.81357,0.0,0.0,0.0,0.0,271.63937
4.0,50.0,4404.6953,0.0,0.0,0.0,0.0,2885.8787,0.0,0.019158673,0.0,0.0,0.0,0.0,0.0,0.0,0.0,325.0606
4.0,55.0,5593.1094,0.0,0.0,0.0,0.0,379.60904,0.0,0.0,0.0,0.0,0.0,0.0,0.0,0.0,0.0,267.03854
4.0,60.0,7117.0254,0.0,0.0,0.0,0.0,620.1132,0.0,0.0,0.0,0.0,0.0,0.0,0.0,0.0,0.0,292.05838
4.0,65.0,0.0,0.0,0.0,0.0,0.0,110.324425,0.0,0.0,0.0,0.0,0.0,0.0,0.0,0.0,0.0,381.6479
4.0,70.0,0.0,0.0,0.0,0.0,0.0,14.067919,0.0,0.0,0.0,0.0,0.0,0.0,0.0,0.0,0.0,451.68628
4.0,75.0,0.0,0.0,0.0,0.0,0.0,4.557894,0.0,0.0,0.0,0.0,0.0,0.0,0.0,0.0,0.0,573.58014
4.0,80.0,0.0,0.0,0.0,0.0,0.0,1.64826,0.0,0.0,0.0,0.0,0.0,0.0,0.0,0.0,0.0,726.4135
4.0,85.0,0.0,0.0,0.0,0.0,0.0,0.7386011,0.0,0.0,0.0,0.0,0.0,0.0,0.0,0.0,0.0,792.452
4.0,90.0,0.0,0.0,0.0,0.0,0.0,0.44991896,0.0,0.0,0.0,0.0,0.0,0.0,0.0,0.0,0.0,1071.5986
4.0,95.0,0.0,0.0,0.0,0.0,0.0,0.0,0.0,0.0,0.0,0.0,0.0,0.0,0.0,0.0,0.0,1540.9896
4.0,100.0,0.0,0.0,0.0,0.0,0.0,0.0,0.0,0.0,0.0,0.0,0.0,0.0,0.0,0.0,0.0,625.29987
4.0,105.0,0.0,0.0,0.0,0.0,0.0,0.0,0.0,0.0,0.0,0.0,0.0,0.0,0.0,0.0,0.0,0.0
4.0,110.0,0.0,0.0,0.0,0.0,0.0,0.0,0.0,0.0,0.0,0.0,0.0,0.0,0.0,0.0,0.0,0.0
4.0,115.0,0.0,0.0,0.0,0.0,0.0,0.0,0.0,0.0,0.0,0.0,0.0,0.0,0.0,0.0,0.0,0.0
4.0,120.0,0.0,0.0,0.0,0.0,0.0,0.0,0.0,0.0,0.0,0.0,0.0,0.0,0.0,0.0,0.0,0.0
4.0,125.0,0.0,0.0,0.0,0.0,0.0,0.0,0.0,0.0,0.0,0.0,0.0,0.0,0.0,0.0,0.0,0.0
5.0,0.0,0.0,0.005990727,0.0,11181.598,29544.715,0.0,319.3332,1568.2528,5101.0195,4691.7324,0.0,0.0,0.0,0.0,1807.5286,0.0
5.0,5.0,0.0,291.45126,0.0,355674.75,35583.69,0.08193089,2042.7086,9914.658,1236.4437,24409.965,0.5201125,0.0,4.3227067,30.911644,29718.352,0.0
5.0,10.0,7.5564203,2558.7683,59.726795,360601.84,176229.03,0.14933546,2010.6378,21715.99,1097.3507,41112.793,85.40716,115502.22,1316.7101,3831.4822,51631.137,0.0
5.0,15.0,89.45202,1876.408,2488.5608,181646.81,293936.03,0.112059936,1487.2411,10815.776,8823.98,31016.48,290.8342,147734.78,10525.215,4292.0513,60602.918,50.369762
5.0,20.0,155.61143,476.7843,9122.357,3692.7683,233530.5,0.028128136,4626.4893,2507.9521,16595.135,13329.797,863.68945,4625.773,6963.883,746.8596,8669.763,179.45941
5.0,25.0,234.5601,135.2156,12039.861,0.010074191,137166.83,0.0,12193.318,2437.9592,18010.066,6403.408,396.01855,904.1215,92.04172,1189.9852,0.0,335.26862
5.0,30.0,361.01965,2937.7942,15480.628,28963.219,37469.72,0.0,0.0,1175.3447,25495.555,33791.38,479.19385,34.203884,0.0,485.6569,0.0,562.19055
5.0,35.0,450.28308,26981.273,4749.296,15470.832,1.5326742,0.0047365576,0.0,24256.299,48405.312,16354.037,2066.819,0.0,0.0,0.0,0.0,927.6049
5.0,40.0,831.0014,1365.4875,0.0,4823.387,0.0,3117.2856,0.0,1793.4086,10389.801,166.84589,3445.5842,0.0,0.0,0.0,0.0,1659.7496
5.0,45.0,4270.3247,326.74097,0.0,0.0,0.0,2733.472,0.0,0.15615751,413.55807,0.0,1095.258,0.0,0.0,0.0,0.0,1020.259
5.0,50.0,5113.8115,0.0,0.0,0.0,0.0,1989.8352,0.0,0.10840551,0.0,0.0,0.0,0.0,0.0,0.0,0.0,489.68994
5.0,55.0,5823.1772,0.0,0.0,0.0,0.0,1857.8782,0.0,0.0,0.0,0.0,0.0,0.0,0.0,0.0,0.0,439.83646
5.0,60.0,7772.783,0.0,0.0,0.0,0.0,972.8486,0.0,0.0,0.0,0.0,0.0,0.0,0.0,0.0,0.0,388.16428
5.0,65.0,340.08984,0.0,0.0,0.0,0.0,92.61089,0.0,0.0,0.0,0.0,0.0,0.0,0.0,0.0,0.0,412.26712
5.0,70.0,0.0,0.0,0.0,0.0,0.0,72.352844,0.0,0.0,0.0,0.0,0.0,0.0,0.0,0.0,0.0,496.32248
5.0,75.0,0.0,0.0,0.0,0.0,0.0,13.388883,0.0,0.0,0.0,0.0,0.0,0.0,0.0,0.0,0.0,602.382
5.0,80.0,0.0,0.0,0.0,0.0,0.0,3.2284048,0.0,0.0,0.0,0.0,0.0,0.0,0.0,0.0,0.0,598.1952
5.0,85.0,0.0,0.0,0.0,0.0,0.0,1.0159585,0.0,0.0,0.0,0.0,0.0,0.0,0.0,0.0,0.0,910.2335
5.0,90.0,0.0,0.0,0.0,0.0,0.0,0.4823487,0.0,0.0,0.0,0.0,0.0,0.0,0.0,0.0,0.0,983.81573
5.0,95.0,0.0,0.0,0.0,0.0,0.0,0.060480643,0.0,0.0,0.0,0.0,0.0,0.0,0.0,0.0,0.0,1640.9573
5.0,100.0,0.0,0.0,0.0,0.0,0.0,0.0,0.0,0.0,0.0,0.0,0.0,0.0,0.0,0.0,0.0,403.3181
5.0,105.0,0.0,0.0,0.0,0.0,0.0,0.0,0.0,0.0,0.0,0.0,0.0,0.0,0.0,0.0,0.0,0.0
5.0,110.0,0.0,0.0,0.0,0.0,0.0,0.0,0.0,0.0,0.0,0.0,0.0,0.0,0.0,0.0,0.0,0.0
5.0,115.0,0.0,0.0,0.0,0.0,0.0,0.0,0.0,0.0,0.0,0.0,0.0,0.0,0.0,0.0,0.0,0.0
5.0,120.0,0.0,0.0,0.0,0.0,0.0,0.0,0.0,0.0,0.0,0.0,0.0,0.0,0.0,0.0,0.0,0.0
5.0,125.0,0.0,0.0,0.0,0.0,0.0,0.0,0.0,0.0,0.0,0.0,0.0,0.0,0.0,0.0,0.0,0.0
6.0,0.0,0.0,1.5329878E-4,0.0,15060.747,27946.32,0.0,276.3348,1382.177,4044.0889,5468.473,0.0,0.0,0.0,0.0,1683.1595,0.0
6.0,5.0,0.0,117.10998,0.0,328507.84,26935.596,0.13724665,852.43384,6244.2197,707.146,5894.7505,0.66359437,0.0,0.0,7.6352386,10741.493,0.0
6.0,10.0,8.628875,1065.8873,29.13288,319994.78,175985.78,0.04491587,1654.6079,19233.98,870.3717,34238.336,76.303345,20433.227,2128.7168,1329.5065,47047.953,0.020142363
6.0,15.0,82.56436,3244.9768,2229.7432,204125.31,353060.5,0.17012385,1413.3154,16287.52,3876.0024,43515.938,395.12982,94156.94,9968.255,9494.388,65003.53,48.74561
6.0,20.0,182.11374,792.75916,10261.091,10412.892,256087.06,0.41604424,1089.4731,3717.1204,16647.455,21149.314,847.0175,6013.701,7040.7925,13010.662,7894.0093,173.0923
6.0,25.0,268.11426,452.36847,17625.781,0.007487675,103287.14,0.052925527,4220.989,2824.1965,19748.752,6846.736,2282.3445,544.4526,208.03029,5490.0015,0.0,329.8498
6.0,30.0,345.8193,113.308784,17453.72,22623.945,36561.45,0.002966543,0.0076580257,1775.1184,18209.51,14263.955,588.88934,5.9824157,1.1550028E-4,976.8466,0.0,578.9446
6.0,35.0,518.9542,30832.982,4995.3574,13067.809,20.998257,0.0,0.0,10797.227,44154.84,21468.1,664.64105,0.0,0.0,0.0,0.0,953.16785
6.0,40.0,673.2024,2293.0774,0.0,3610.2383,0.0,27.343096,0.0,12998.173,29300.248,2490.283,1967.4823,0.0,0.0,0.0,0.0,1458.8661
6.0,45.0,1049.2509,224.77934,0.0,0.0,0.0,5832.7954,0.0,25.630907,856.78827,30.584444,1488.653,0.0,0.0,0.0,0.0,2483.4292
6.0,50.0,5689.567,0.0,0.0,0.0,0.0,733.13477,0.0,0.13416015,0.0,0.0,62.143322,0.0,0.0,0.0,0.0,1639.5658
6.0,55.0,6527.994,0.0,0.0,0.0,0.0,3919.5427,0.0,0.0,0.0,0.0,0.0,0.0,0.0,0.0,0.0,611.088
6.0,60.0,8137.7197,0.0,0.0,0.0,0.0,345.10864,0.0,0.0,0.0,0.0,0.0,0.0,0.0,0.0,0.0,509.18167
6.0,65.0,1027.7424,0.0,0.0,0.0,0.0,780.31256,0.0,0.0,0.0,0.0,0.0,0.0,0.0,0.0,0.0,524.65765
6.0,70.0,0.0,0.0,0.0,0.0,0.0,109.261314,0.0,0.0,0.0,0.0,0.0,0.0,0.0,0.0,0.0,541.93274
6.0,75.0,0.0,0.0,0.0,0.0,0.0,13.203333,0.0,0.0,0.0,0.0,0.0,0.0,0.0,0.0,0.0,540.39795
6.0,80.0,0.0,0.0,0.0,0.0,0.0,2.6546073,0.0,0.0,0.0,0.0,0.0,0.0,0.0,0.0,0.0,759.0458
6.0,85.0,0.0,0.0,0.0,0.0,0.0,1.4435266,0.0,0.0,0.0,0.0,0.0,0.0,0.0,0.0,0.0,795.6792
6.0,90.0,0.0,0.0,0.0,0.0,0.0,0.37309095,0.0,0.0,0.0,0.0,0.0,0.0,0.0,0.0,0.0,1134.4814
6.0,95.0,0.0,0.0,0.0,0.0,0.0,0.09043376,0.0,0.0,0.0,0.0,0.0,0.0,0.0,0.0,0.0,1457.9008
6.0,100.0,0.0,0.0,0.0,0.0,0.0,0.0,0.0,0.0,0.0,0.0,0.0,0.0,0.0,0.0,0.0,303.46243
6.0,105.0,0.0,0.0,0.0,0.0,0.0,0.0,0.0,0.0,0.0,0.0,0.0,0.0,0.0,0.0,0.0,0.0
6.0,110.0,0.0,0.0,0.0,0.0,0.0,0.0,0.0,0.0,0.0,0.0,0.0,0.0,0.0,0.0,0.0,0.0
6.0,115.0,0.0,0.0,0.0,0.0,0.0,0.0,0.0,0.0,0.0,0.0,0.0,0.0,0.0,0.0,0.0,0.0
6.0,120.0,0.0,0.0,0.0,0.0,0.0,0.0,0.0,0.0,0.0,0.0,0.0,0.0,0.0,0.0,0.0,0.0
6.0,125.0,0.0,0.0,0.0,0.0,0.0,0.0,0.0,0.0,0.0,0.0,0.0,0.0,0.0,0.0,0.0,0.0
7.0,0.0,0.0,0.0,0.0,15579.42,26699.078,0.0,109.0703,1392.8898,3409.9966,4644.068,0.0,0.0,0.0,0.0,1788.607,0.0
7.0,5.0,0.0,269.11627,1.118182E-6,366011.25,29652.621,0.20147593,262.52628,5582.661,1209.4414,5778.2104,0.0,0.0,0.0,4.2298374,10503.305,0.0
7.0,10.0,13.223014,589.9699,31.577065,304590.94,133205.77,0.20960951,1259.7538,17546.115,511.44858,31880.121,105.99887,7688.258,965.9432,2442.83,44934.016,0.0
7.0,15.0,114.961555,3075.5862,1910.4437,213390.9,386222.03,0.2008557,1195.9474,18833.951,2901.0232,40963.457,594.53625,53589.793,9864.418,5644.796,71261.09,46.953293
7.0,20.0,183.46889,1405.2454,7427.258,19471.455,289590.34,0.1386202,143.29459,5345.175,9746.756,26374.312,1625.813,11158.1455,7521.8364,5488.14,10264.979,168.56909
7.0,25.0,273.84702,826.25464,18377.543,0.0059960643,105157.76,0.842615,0.46628475,3005.3489,21181.314,14419.782,2104.7327,420.3238,728.94073,7107.5405,0.0,313.62186
7.0,30.0,436.2164,152.88086,20934.543,17893.242,22952.676,0.08269215,0.0,2446.5322,20049.572,5749.541,1831.2234,1.5708014,7.42297,2348.184,0.0,579.8957
7.0,35.0,534.82574,13396.739,4540.6465,10773.126,15.600155,0.0,0.0,3820.3706,20212.28,18081.053,531.4441,0.0,0.0,0.0,0.0,941.13434
7.0,40.0,747.0579,20945.61,0.0,2703.5923,0.0,5.1181286E-4,0.0,17693.604,56657.066,5347.602,1005.43744,0.0,0.0,0.0,0.0,1558.8431
7.0,45.0,984.73035,161.1247,0.0,0.0,0.0,1304.0068,0.0,150.38043,2947.6,46.39527,1167.5231,0.0,0.0,0.0,0.0,2185.5935
7.0,50.0,1431.7832,0.0,0.0,0.0,0.0,5764.2163,0.0,0.1474219,0.0,0.0,215.90059,0.0,0.0,0.0,0.0,3651.628
7.0,55.0,7723.6255,0.0,0.0,0.0,0.0,1773.5222,0.0,0.014457975,0.0,0.0,0.0,0.0,0.0,0.0,0.0,2163.8643
7.0,60.0,8390.363,0.0,0.0,0.0,0.0,2317.3135,0.0,0.0,0.0,0.0,0.0,0.0,0.0,0.0,0.0,581.5646
7.0,65.0,2320.7366,0.0,0.0,0.0,0.0,1006.5372,0.0,0.0,0.0,0.0,0.0,0.0,0.0,0.0,0.0,537.15027
7.0,70.0,0.0,0.0,0.0,0.0,0.0,98.928566,0.0,0.0,0.0,0.0,0.0,0.0,0.0,0.0,0.0,596.69324
7.0,75.0,0.0,0.0,0.0,0.0,0.0,18.996647,0.0,0.0,0.0,0.0,0.0,0.0,0.0,0.0,0.0,711.9564
7.0,80.0,0.0,0.0,0.0,0.0,0.0,3.1729774,0.0,0.0,0.0,0.0,0.0,0.0,0.0,0.0,0.0,763.4746
7.0,85.0,0.0,0.0,0.0,0.0,0.0,1.1593502,0.0,0.0,0.0,0.0,0.0,0.0,0.0,0.0,0.0,890.5597
7.0,90.0,0.0,0.0,0.0,0.0,0.0,0.51244706,0.0,0.0,0.0,0.0,0.0,0.0,0.0,0.0,0.0,1006.2298
7.0,95.0,0.0,0.0,0.0,0.0,0.0,0.009166749,0.0,0.0,0.0,0.0,0.0,0.0,0.0,0.0,0.0,1460.8439
7.0,100.0,0.0,0.0,0.0,0.0,0.0,0.0,0.0,0.0,0.0,0.0,0.0,0.0,0.0,0.0,0.0,118.28346
7.0,105.0,0.0,0.0,0.0,0.0,0.0,0.0,0.0,0.0,0.0,0.0,0.0,0.0,0.0,0.0,0.0,0.0
7.0,110.0,0.0,0.0,0.0,0.0,0.0,0.0,0.0,0.0,0.0,0.0,0.0,0.0,0.0,0.0,0.0,0.0
7.0,115.0,0.0,0.0,0.0,0.0,0.0,0.0,0.0,0.0,0.0,0.0,0.0,0.0,0.0,0.0,0.0,0.0
7.0,120.0,0.0,0.0,0.0,0.0,0.0,0.0,0.0,0.0,0.0,0.0,0.0,0.0,0.0,0.0,0.0,0.0
7.0,125.0,0.0,0.0,0.0,0.0,0.0,0.0,0.0,0.0,0.0,0.0,0.0,0.0,0.0,0.0,0.0,0.0
8.0,0.0,0.0,8.416344E-5,0.0,13895.879,32207.506,0.0,1.5851609,917.2737,3093.0535,3157.0283,0.0,0.0,0.0,0.0,1257.0637,0.0
8.0,5.0,0.0,99.104904,3.5785686E-6,371981.3,30404.54,0.031626247,189.82971,6688.3867,914.7709,13379.03,0.0,0.0,0.0,688.7193,8493.963,0.0
8.0,10.0,19.070063,1124.267,37.400864,315212.53,146368.14,0.004452054,1032.0302,16857.396,1382.4073,32493.084,46.18355,7849.8193,794.2584,13596.449,32069.979,0.0
8.0,15.0,108.76766,2769.7239,2200.3167,225918.94,366896.66,0.25220898,1234.0493,19714.455,1728.2489,35609.91,196.47037,32664.281,8329.16,12180.03,45619.258,45.28968
8.0,20.0,212.69711,1390.6217,6767.6333,21109.3,254054.64,0.4813999,226.06616,6374.045,6642.125,33217.453,1315.5588,14622.265,7174.855,10101.925,10127.144,158.61572
8.0,25.0,337.90054,1145.6653,12726.023,0.0048173578,137230.66,0.1368701,0.5776722,4553.0684,19113.512,14966.083,2781.1826,587.6207,1376.5707,10259.052,0.0,300.46802
8.0,30.0,415.17123,538.07477,24800.06,14390.226,16676.676,1.1703424,0.0,2007.1072,23278.088,7070.47,1943.8082,0.06525631,6.890638,1805.4539,0.0,552.56805
8.0,35.0,665.82776,894.1253,2756.0222,8842.36,18.13466,0.09900674,0.0,3185.9585,13786.011,11229.685,1046.8948,0.0,0.0,0.0,0.0,941.2578
8.0,40.0,821.76184,33417.234,0.0,2035.6626,0.0,0.0,0.0,16394.828,53603.617,6519.4927,579.7154,0.0,0.0,0.0,0.0,1521.1652
8.0,45.0,1062.3705,28.70744,0.0,0.0,0.0,0.009736325,0.0,438.96658,14322.195,490.9654,860.3701,0.0,0.0,0.0,0.0,2323.6968
8.0,50.0,1343.0261,0.0,0.0,0.0,0.0,6592.751,0.0,0.18742168,0.014432244,7.3565526,250.25078,0.0,0.0,0.0,0.0,3265.794
8.0,55.0,2585.5234,0.0,0.0,0.0,0.0,743.21606,0.0,0.04576717,0.0,0.0,0.0,0.0,0.0,0.0,0.0,4918.897
8.0,60.0,9911.3545,0.0,0.0,0.0,0.0,4048.7588,0.0,0.0,0.0,0.0,0.0,0.0,0.0,0.0,0.0,2183.2322
8.0,65.0,3960.2517,0.0,0.0,0.0,0.0,799.80133,0.0,0.0,0.0,0.0,0.0,0.0,0.0,0.0,0.0,696.0571
8.0,70.0,0.0,0.0,0.0,0.0,0.0,208.24493,0.0,0.0,0.0,0.0,0.0,0.0,0.0,0.0,0.0,646.31714
8.0,75.0,0.0,0.0,0.0,0.0,0.0,70.7808,0.0,0.0,0.0,0.0,0.0,0.0,0.0,0.0,0.0,658.76807
8.0,80.0,0.0,0.0,0.0,0.0,0.0,10.129665,0.0,0.0,0.0,0.0,0.0,0.0,0.0,0.0,0.0,675.4769
8.0,85.0,0.0,0.0,0.0,0.0,0.0,1.0102588,0.0,0.0,0.0,0.0,0.0,0.0,0.0,0.0,0.0,906.39984
8.0,90.0,0.0,0.0,0.0,0.0,0.0,0.700322,0.0,0.0,0.0,0.0,0.0,0.0,0.0,0.0,0.0,1086.2012
8.0,95.0,0.0,0.0,0.0,0.0,0.0,0.006023446,0.0,0.0,0.0,0.0,0.0,0.0,0.0,0.0,0.0,1390.416
8.0,100.0,0.0,0.0,0.0,0.0,0.0,0.0,0.0,0.0,0.0,0.0,0.0,0.0,0.0,0.0,0.0,0.0
8.0,105.0,0.0,0.0,0.0,0.0,0.0,0.0,0.0,0.0,0.0,0.0,0.0,0.0,0.0,0.0,0.0,0.0
8.0,110.0,0.0,0.0,0.0,0.0,0.0,0.0,0.0,0.0,0.0,0.0,0.0,0.0,0.0,0.0,0.0,0.0
8.0,115.0,0.0,0.0,0.0,0.0,0.0,0.0,0.0,0.0,0.0,0.0,0.0,0.0,0.0,0.0,0.0,0.0
8.0,120.0,0.0,0.0,0.0,0.0,0.0,0.0,0.0,0.0,0.0,0.0,0.0,0.0,0.0,0.0,0.0,0.0
8.0,125.0,0.0,0.0,0.0,0.0,0.0,0.0,0.0,0.0,0.0,0.0,0.0,0.0,0.0,0.0,0.0,0.0
9.0,0.0,0.0,0.0010165074,0.0,27804.432,33305.81,0.0,0.0,1830.9918,3142.7522,5997.3237,0.0,0.0,0.0,0.0,1287.121,0.0
9.0,5.0,0.0,426.81302,0.0,373119.66,26356.45,0.1998341,226.89565,8004.6855,1110.9514,13281.0,0.064002715,0.0,0.0,1.3530468,13978.119,0.0
9.0,10.0,15.489291,881.4665,17.19665,294963.97,105015.79,0.0017663117,978.8536,15573.616,594.0433,28935.672,56.406296,11601.294,512.96246,11707.09,33761.383,0.0
9.0,15.0,132.7752,1857.6897,2550.636,217272.69,332603.12,0.0056688823,1489.2834,21041.61,4914.0293,41090.715,137.5645,21563.643,6513.0737,30339.852,59441.16,44.112305
9.0,20.0,260.33493,2141.1885,8617.342,20467.453,239783.53,0.22401457,277.3429,7832.378,3201.0415,29747.506,789.6708,17996.549,7017.332,21368.467,6911.2744,156.68344
9.0,25.0,345.56613,1639.8304,13089.554,0.003893583,123373.76,0.8311573,11.896303,5111.731,16016.683,16240.144,2428.0334,808.09674,1415.353,6011.6772,0.0,283.68515
9.0,30.0,558.64124,752.24786,17663.43,11549.937,17046.586,0.30894613,0.0,2647.0657,19097.312,9864.361,2074.1357,1.7237656,18.465181,1044.2996,0.0,521.8825
9.0,35.0,650.19586,173.2384,2956.0967,7328.3286,0.029654263,1.2701159,0.0,3073.752,19090.031,6190.6904,1635.8401,0.0,0.0,0.0,0.0,898.28
9.0,40.0,975.4678,33439.266,0.0,1510.1858,0.0,0.07753799,0.0,14773.562,31109.541,6052.482,589.2746,0.0,0.0,0.0,0.0,1493.0305
9.0,45.0,1219.415,0.0,0.0,0.0,0.0,1.9321249E-4,0.0,712.7712,39501.633,1311.491,519.0927,0.0,0.0,0.0,0.0,2302.1584
9.0,50.0,1477.2031,0.0,0.0,0.0,0.0,2471.2393,0.0,0.17380713,0.08812462,18.480227,249.04877,0.0,0.0,0.0,0.0,3437.7888
9.0,55.0,1753.7965,0.0,0.0,0.0,0.0,4906.8447,0.0,0.056462992,0.0,0.0,4.303395,0.0,0.0,0.0,0.0,4772.7627
9.0,60.0,5329.641,0.0,0.0,0.0,0.0,3644.2266,0.0,0.0,0.0,0.0,0.0,0.0,0.0,0.0,0.0,5557.873
9.0,65.0,6348.9917,0.0,0.0,0.0,0.0,492.5249,0.0,0.0,0.0,0.0,0.0,0.0,0.0,0.0,0.0,1698.3401
9.0,70.0,0.0,0.0,0.0,0.0,0.0,763.0192,0.0,0.0,0.0,0.0,0.0,0.0,0.0,0.0,0.0,789.4149
9.0,75.0,0.0,0.0,0.0,0.0,0.0,93.806114,0.0,0.0,0.0,0.0,0.0,0.0,0.0,0.0,0.0,800.0145
9.0,80.0,0.0,0.0,0.0,0.0,0.0,11.695809,0.0,0.0,0.0,0.0,0.0,0.0,0.0,0.0,0.0,926.9961
9.0,85.0,0.0,0.0,0.0,0.0,0.0,2.1050441,0.0,0.0,0.0,0.0,0.0,0.0,0.0,0.0,0.0,862.06775
9.0,90.0,0.0,0.0,0.0,0.0,0.0,0.56394666,0.0,0.0,0.0,0.0,0.0,0.0,0.0,0.0,0.0,1092.795
9.0,95.0,0.0,0.0,0.0,0.0,0.0,0.08647653,0.0,0.0,0.0,0.0,0.0,0.0,0.0,0.0,0.0,1113.2961
9.0,100.0,0.0,0.0,0.0,0.0,0.0,0.0,0.0,0.0,0.0,0.0,0.0,0.0,0.0,0.0,0.0,0.0
9.0,105.0,0.0,0.0,0.0,0.0,0.0,0.0,0.0,0.0,0.0,0.0,0.0,0.0,0.0,0.0,0.0,0.0
9.0,110.0,0.0,0.0,0.0,0.0,0.0,0.0,0.0,0.0,0.0,0.0,0.0,0.0,0.0,0.0,0.0,0.0
9.0,115.0,0.0,0.0,0.0,0.0,0.0,0.0,0.0,0.0,0.0,0.0,0.0,0.0,0.0,0.0,0.0,0.0
9.0,120.0,0.0,0.0,0.0,0.0,0.0,0.0,0.0,0.0,0.0,0.0,0.0,0.0,0.0,0.0,0.0,0.0
9.0,125.0,0.0,0.0,0.0,0.0,0.0,0.0,0.0,0.0,0.0,0.0,0.0,0.0,0.0,0.0,0.0,0.0
10.0,0.0,0.0,1.6638164E-4,0.0,23733.713,31616.879,0.0,0.0,2027.0743,7100.3335,6699.7646,0.0,0.0,0.0,0.0,1659.561,0.0
10.0,5.0,0.0,4.714071,0.03068575,361766.84,33940.08,0.42774728,493.22617,8201.811,1018.99414,15280.986,0.0,0.0,0.0,26.332201,12631.516,0.0
10.0,10.0,8.257201,393.87363,8.0910015,330219.7,120980.89,0.041554198,937.09125,17198.865,466.02142,25042.512,16.107456,28606.256,331.1838,4769.801,52729.246,0.0
10.0,15.0,107.8352,1195.3201,2020.3296,194252.88,297405.28,2.552935E-5,1713.9083,21141.104,2006.8978,42865.61,113.645935,18473.916,5654.2603,15586.722,73486.01,42.367657
10.0,20.0,267.98584,2577.1052,9482.586,32970.082,232788.5,0.0024156924,190.38484,7904.1836,6664.556,28413.674,456.79395,16310.627,5664.3584,20548.031,11669.338,153.46686
10.0,25.0,516.9881,1936.2365,17893.04,0.002942674,102970.0,0.15901831,28.819036,5887.1284,9495.331,20822.873,2722.072,1870.405,1940.1837,16449.725,0.0,271.51566
10.0,30.0,559.9142,1417.1577,15535.674,9445.508,11757.653,0.98990196,0.0,3133.6426,18789.215,9293.634,2716.2898,53.40118,49.14769,790.1371,0.0,518.9301
10.0,35.0,837.13904,157.90997,1964.3342,6088.32,0.47864887,0.9686537,0.0,3203.353,21881.332,5229.8105,1528.0381,0.0,0.0,0.0,0.0,842.206
10.0,40.0,1018.44714,28555.455,0.0,1107.5076,0.0,0.9195619,0.0,13695.479,17359.148,5297.1133,732.2248,0.0,0.0,0.0,0.0,1419.2612
10.0,45.0,1402.7666,2846.8958,0.0,0.0,0.0,0.0,0.0,620.92053,54066.688,1525.2297,437.95285,0.0,0.0,0.0,0.0,2271.0376
10.0,50.0,1690.563,0.0,0.0,0.0,0.0,57.10425,0.0,0.14891696,14.162615,12.254661,237.64989,0.0,0.0,0.0,0.0,3418.4243
10.0,55.0,2031.2251,0.0,0.0,0.0,0.0,7240.817,0.0,0.07285595,0.003232913,0.0,10.614427,0.0,0.0,0.0,0.0,4954.79
10.0,60.0,2291.3271,0.0,0.0,0.0,0.0,1720.9948,0.0,0.0,0.0,0.0,0.0,0.0,0.0,0.0,0.0,7393.465
10.0,65.0,4471.61,0.0,0.0,0.0,0.0,2105.8657,0.0,0.0,0.0,0.0,0.0,0.0,0.0,0.0,0.0,4898.2983
10.0,70.0,0.0,0.0,0.0,0.0,0.0,885.0286,0.0,0.0,0.0,0.0,0.0,0.0,0.0,0.0,0.0,930.5886
10.0,75.0,0.0,0.0,0.0,0.0,0.0,88.14388,0.0,0.0,0.0,0.0,0.0,0.0,0.0,0.0,0.0,769.2818
10.0,80.0,0.0,0.0,0.0,0.0,0.0,10.182666,0.0,0.0,0.0,0.0,0.0,0.0,0.0,0.0,0.0,727.7277
10.0,85.0,0.0,0.0,0.0,0.0,0.0,2.6374114,0.0,0.0,0.0,0.0,0.0,0.0,0.0,0.0,0.0,972.29407
10.0,90.0,0.0,0.0,0.0,0.0,0.0,0.45740587,0.0,0.0,0.0,0.0,0.0,0.0,0.0,0.0,0.0,1076.8461
10.0,95.0,0.0,0.0,0.0,0.0,0.0,0.09113875,0.0,0.0,0.0,0.0,0.0,0.0,0.0,0.0,0.0,991.3498
10.0,100.0,0.0,0.0,0.0,0.0,0.0,0.0,0.0,0.0,0.0,0.0,0.0,0.0,0.0,0.0,0.0,0.0
10.0,105.0,0.0,0.0,0.0,0.0,0.0,0.0,0.0,0.0,0.0,0.0,0.0,0.0,0.0,0.0,0.0,0.0
10.0,110.0,0.0,0.0,0.0,0.0,0.0,0.0,0.0,0.0,0.0,0.0,0.0,0.0,0.0,0.0,0.0,0.0
10.0,115.0,0.0,0.0,0.0,0.0,0.0,0.0,0.0,0.0,0.0,0.0,0.0,0.0,0.0,0.0,0.0,0.0
10.0,120.0,0.0,0.0,0.0,0.0,0.0,0.0,0.0,0.0,0.0,0.0,0.0,0.0,0.0,0.0,0.0,0.0
10.0,125.0,0.0,0.0,0.0,0.0,0.0,0.0,0.0,0.0,0.0,0.0,0.0,0.0,0.0,0.0,0.0,0.0
11.0,0.0,0.0,0.0034186693,0.0,40109.465,27718.525,0.0,0.2987321,2340.9773,4731.1396,4845.2124,0.0,0.0,0.0,0.0,1558.3479,0.0
11.0,5.0,0.0,46.669907,0.0,382459.44,32931.258,0.7919575,767.9076,5319.3516,906.0629,22955.0,0.0014653227,0.0,0.0,117.116356,9506.185,0.0
11.0,10.0,5.834892,90.90194,28.953527,338113.6,131270.1,0.16101243,850.31903,15398.597,720.9371,44796.55,14.044907,62312.86,836.8844,4196.435,41436.254,0.0
11.0,15.0,82.00273,1309.425,2672.7117,213659.5,315630.84,0.09803473,1498.3502,23084.719,1150.0599,25856.797,49.353416,41660.555,5360.4463,9732.193,62528.727,39.91905
11.0,20.0,196.4296,2274.639,8157.8203,34454.906,211557.17,0.0,302.62036,7897.785,4731.582,33969.957,130.44824,12250.548,6535.8657,12403.667,10222.067,141.72452
11.0,25.0,405.89142,2420.5718,16863.912,0.0023809345,117952.336,0.0,70.628624,6251.9697,9352.342,21515.688,850.9337,3816.0771,2063.6367,11055.55,0.0,274.80997
11.0,30.0,754.66394,1767.3567,22260.523,7840.227,12129.436,0.3521748,0.0,3232.8176,20678.246,10733.981,4104.255,64.770546,44.711018,1696.6024,0.0,494.28143
11.0,35.0,1046.8933,357.647,1884.81,5121.8125,0.017498076,1.0879884,0.0,3430.1963,20627.514,5198.2407,2024.4731,0.0,0.0,0.0,0.0,850.26984
11.0,40.0,1219.4457,7452.837,0.0,787.5436,0.0,1.8913492,0.0,12617.138,14638.827,3759.8757,1085.0792,0.0,0.0,0.0,0.0,1353.2726
11.0,45.0,1522.5492,4792.428,0.0,0.0,0.0,0.12115574,0.0,520.91943,56977.973,1660.8864,356.5537,0.0,0.0,0.0,0.0,2154.4531
11.0,50.0,1977.0167,0.0,0.0,0.0,0.0,0.008321014,0.0,0.15192,375.9698,36.568413,200.75813,0.0,0.0,0.0,0.0,3390.0085
11.0,55.0,2248.5398,0.0,0.0,0.0,0.0,6695.3325,0.0,0.06727265,0.04793696,0.0,9.285636,0.0,0.0,0.0,0.0,4954.4146
11.0,60.0,2650.9155,0.0,0.0,0.0,0.0,563.64813,0.0,0.0,0.0,0.0,0.0,0.0,0.0,0.0,0.0,7216.521
11.0,65.0,1401.609,0.0,0.0,0.0,0.0,3522.8123,0.0,0.0,0.0,0.0,0.0,0.0,0.0,0.0,0.0,8873.55
11.0,70.0,0.0,0.0,0.0,0.0,0.0,835.5693,0.0,0.0,0.0,0.0,0.0,0.0,0.0,0.0,0.0,2378.8804
11.0,75.0,0.0,0.0,0.0,0.0,0.0,82.44732,0.0,0.0,0.0,0.0,0.0,0.0,0.0,0.0,0.0,1035.0978
11.0,80.0,0.0,0.0,0.0,0.0,0.0,9.435264,0.0,0.0,0.0,0.0,0.0,0.0,0.0,0.0,0.0,1038.2106
11.0,85.0,0.0,0.0,0.0,0.0,0.0,2.456493,0.0,0.0,0.0,0.0,0.0,0.0,0.0,0.0,0.0,923.8309
11.0,90.0,0.0,0.0,0.0,0.0,0.0,0.4193336,0.0,0.0,0.0,0.0,0.0,0.0,0.0,0.0,0.0,1083.7744
11.0,95.0,0.0,0.0,0.0,0.0,0.0,0.015112091,0.0,0.0,0.0,0.0,0.0,0.0,0.0,0.0,0.0,704.8361
11.0,100.0,0.0,0.0,0.0,0.0,0.0,0.0,0.0,0.0,0.0,0.0,0.0,0.0,0.0,0.0,0.0,0.0
11.0,105.0,0.0,0.0,0.0,0.0,0.0,0.0,0.0,0.0,0.0,0.0,0.0,0.0,0.0,0.0,0.0,0.0
11.0,110.0,0.0,0.0,0.0,0.0,0.0,0.0,0.0,0.0,0.0,0.0,0.0,0.0,0.0,0.0,0.0,0.0
11.0,115.0,0.0,0.0,0.0,0.0,0.0,0.0,0.0,0.0,0.0,0.0,0.0,0.0,0.0,0.0,0.0,0.0
11.0,120.0,0.0,0.0,0.0,0.0,0.0,0.0,0.0,0.0,0.0,0.0,0.0,0.0,0.0,0.0,0.0,0.0
11.0,125.0,0.0,0.0,0.0,0.0,0.0,0.0,0.0,0.0,0.0,0.0,0.0,0.0,0.0,0.0,0.0,0.0
12.0,0.0,0.0,0.027371196,0.0,32762.783,24485.463,0.0,2.0263731,1758.1187,5269.484,6232.641,0.0,0.0,0.0,0.0,1589.9769,0.0
12.0,5.0,0.0,41.556614,0.0,389825.06,26199.44,0.6172888,333.16376,6152.833,1037.2076,34256.457,2.1273503E-5,1335.7673,0.0,714.04297,4678.7783,0.0
12.0,10.0,4.4008565,261.07565,60.053787,312853.94,131926.97,1.6626209,653.3997,14142.984,235.53569,43858.105,18.86861,175584.7,279.07547,13428.492,31316.254,0.0
12.0,15.0,52.17967,1128.599,3691.594,236750.48,319205.56,1.3488866,1491.0059,23720.705,1759.7935,30799.904,58.979576,61162.816,4729.647,18857.59,47101.17,40.047813
12.0,20.0,145.03865,2223.4226,11421.963,34796.082,213212.58,0.26744995,447.48907,8904.963,3140.3435,31581.678,201.63866,13175.218,6459.0557,15434.479,9359.723,135.88385
12.0,25.0,294.7232,2566.6165,18215.605,0.001860576,125289.17,0.0,28.782139,6523.5566,9736.991,22279.363,644.1151,3502.8025,2498.137,9215.71,0.0,248.65836
12.0,30.0,587.9788,1572.3365,23950.492,6738.2246,10695.235,0.0036614984,0.0,4113.8374,14609.727,13781.116,1925.0886,183.49554,45.57302,1183.5424,0.0,479.14557
12.0,35.0,1117.0543,317.7973,3403.6616,4480.1357,0.014641598,0.9688159,0.0,3436.5132,21589.924,5200.44,3675.6758,5.647674E-4,0.0,0.0,0.0,843.09607
12.0,40.0,1750.0515,0.022203436,0.0,531.0756,0.0,1.5516837,0.0,12091.354,19509.178,3108.5588,1467.4373,0.0,0.0,0.0,0.0,1343.6245
12.0,45.0,1767.3512,0.0,0.0,0.0,0.0,1.3210454,0.0,486.24753,50483.363,1523.0524,295.68832,0.0,0.0,0.0,0.0,2088.713
12.0,50.0,2159.446,0.0,0.0,0.0,0.0,7.734866E-4,0.0,0.755812,5560.1943,103.81815,185.65381,0.0,0.0,0.0,0.0,3259.565
12.0,55.0,2738.6624,0.0,0.0,0.0,0.0,4923.4766,0.0,0.06442429,0.25441438,2.994495,14.21359,0.0,0.0,0.0,0.0,5050.6143
12.0,60.0,2865.927,0.0,0.0,0.0,0.0,1995.5531,0.0,0.0,0.0,0.0,0.0,0.0,0.0,0.0,0.0,7390.484
12.0,65.0,1258.9438,0.0,0.0,0.0,0.0,3501.0222,0.0,0.0,0.0,0.0,0.0,0.0,0.0,0.0,0.0,10525.308
12.0,70.0,0.0,0.0,0.0,0.0,0.0,787.8247,0.0,0.0,0.0,0.0,0.0,0.0,0.0,0.0,0.0,6640.6807
12.0,75.0,0.0,0.0,0.0,0.0,0.0,79.8309,0.0,0.0,0.0,0.0,0.0,0.0,0.0,0.0,0.0,935.88684
12.0,80.0,0.0,0.0,0.0,0.0,0.0,9.345024,0.0,0.0,0.0,0.0,0.0,0.0,0.0,0.0,0.0,916.4444
12.0,85.0,0.0,0.0,0.0,0.0,0.0,2.195998,0.0,0.0,0.0,0.0,0.0,0.0,0.0,0.0,0.0,976.0306
12.0,90.0,0.0,0.0,0.0,0.0,0.0,0.44895485,0.0,0.0,0.0,0.0,0.0,0.0,0.0,0.0,0.0,1185.9407
12.0,95.0,0.0,0.0,0.0,0.0,0.0,0.0,0.0,0.0,0.0,0.0,0.0,0.0,0.0,0.0,0.0,523.32764
12.0,100.0,0.0,0.0,0.0,0.0,0.0,0.0,0.0,0.0,0.0,0.0,0.0,0.0,0.0,0.0,0.0,0.0
12.0,105.0,0.0,0.0,0.0,0.0,0.0,0.0,0.0,0.0,0.0,0.0,0.0,0.0,0.0,0.0,0.0,0.0
12.0,110.0,0.0,0.0,0.0,0.0,0.0,0.0,0.0,0.0,0.0,0.0,0.0,0.0,0.0,0.0,0.0,0.0
12.0,115.0,0.0,0.0,0.0,0.0,0.0,0.0,0.0,0.0,0.0,0.0,0.0,0.0,0.0,0.0,0.0,0.0
12.0,120.0,0.0,0.0,0.0,0.0,0.0,0.0,0.0,0.0,0.0,0.0,0.0,0.0,0.0,0.0,0.0,0.0
12.0,125.0,0.0,0.0,0.0,0.0,0.0,0.0,0.0,0.0,0.0,0.0,0.0,0.0,0.0,0.0,0.0,0.0
13.0,0.0,0.0,3.7684084E-5,0.0,22937.268,27612.639,4.8030485E-4,0.48191163,1248.5184,4170.68,7583.5645,0.0,0.0,0.0,0.0,976.5922,0.0
13.0,5.0,0.0,25.46058,0.0,331282.3,19972.768,1.3996542,759.7097,5212.142,1515.2212,16383.198,0.0,0.0,0.0,137.0521,12839.65,0.0
13.0,10.0,5.161516,384.81256,28.31449,297222.72,107317.555,0.020111853,910.18396,16848.15,660.00085,39189.902,22.877413,134515.77,286.30338,5631.963,20319.873,0.0
13.0,15.0,53.2804,1286.763,3116.2183,255603.97,354819.62,2.746807,1480.9718,24471.277,526.39954,26063.4,63.5556,86814.44,3610.5657,25166.78,41987.43,40.66274
13.0,20.0,110.09186,1576.467,14553.71,38318.387,218363.69,4.354715,522.13934,9177.335,3332.1995,24879.137,188.85959,18072.943,5976.2134,30046.9,12129.651,141.12572
13.0,25.0,197.53801,2265.852,24819.334,0.001484042,106669.88,0.5020136,1.055044,6547.4097,7567.266,21126.264,437.67703,2199.0432,2632.8552,14870.096,0.0,242.8809
13.0,30.0,449.37534,1844.0542,24938.502,5738.1465,14843.366,0.023338674,0.0,4247.8457,15049.196,12989.059,1061.316,244.04477,72.48797,593.7725,0.0,438.32166
13.0,35.0,841.58276,385.79367,3875.3083,3926.0723,9.017911E-4,0.026887778,0.0,3646.8281,21256.025,6227.6074,2757.3655,8.680647E-5,0.0,0.0,0.0,777.0056
13.0,40.0,1629.4922,0.0,0.0,285.29636,0.0,1.8000399,0.0,11771.358,23909.377,2723.5906,2315.1626,0.0,0.0,0.0,0.0,1351.0094
13.0,45.0,2654.9956,0.0,0.0,0.0,0.0,2.3131547,0.0,458.44968,31470.287,1246.729,469.94513,0.0,0.0,0.0,0.0,2055.099
13.0,50.0,2542.335,0.0,0.0,0.0,0.0,0.006355946,0.0,3.698508,19192.123,185.38513,188.44026,0.0,0.0,0.0,0.0,3171.9666
13.0,55.0,2872.302,0.0,0.0,0.0,0.0,2072.9177,0.0,0.070479475,17.922989,3.396778,13.678467,0.0,0.0,0.0,0.0,4875.558
13.0,60.0,3602.0142,0.0,0.0,0.0,0.0,4579.5435,0.0,0.0,0.0,0.0,0.0,0.0,0.0,0.0,0.0,7490.6714
13.0,65.0,1079.6982,0.0,0.0,0.0,0.0,3323.6892,0.0,0.0,0.0,0.0,0.0,0.0,0.0,0.0,0.0,10495.57
13.0,70.0,0.0,0.0,0.0,0.0,0.0,700.94617,0.0,0.0,0.0,0.0,0.0,0.0,0.0,0.0,0.0,11713.756
13.0,75.0,0.0,0.0,0.0,0.0,0.0,110.59865,0.0,0.0,0.0,0.0,0.0,0.0,0.0,0.0,0.0,2167.7393
13.0,80.0,0.0,0.0,0.0,0.0,0.0,13.434371,0.0,0.0,0.0,0.0,0.0,0.0,0.0,0.0,0.0,937.7977
13.0,85.0,0.0,0.0,0.0,0.0,0.0,1.8451544,0.0,0.0,0.0,0.0,0.0,0.0,0.0,0.0,0.0,1145.0251
13.0,90.0,0.0,0.0,0.0,0.0,0.0,0.60098034,0.0,0.0,0.0,0.0,0.0,0.0,0.0,0.0,0.0,991.4338
13.0,95.0,0.0,0.0,0.0,0.0,0.0,0.0,0.0,0.0,0.0,0.0,0.0,0.0,0.0,0.0,0.0,314.24933
13.0,100.0,0.0,0.0,0.0,0.0,0.0,0.0,0.0,0.0,0.0,0.0,0.0,0.0,0.0,0.0,0.0,0.0
13.0,105.0,0.0,0.0,0.0,0.0,0.0,0.0,0.0,0.0,0.0,0.0,0.0,0.0,0.0,0.0,0.0,0.0
13.0,110.0,0.0,0.0,0.0,0.0,0.0,0.0,0.0,0.0,0.0,0.0,0.0,0.0,0.0,0.0,0.0,0.0
13.0,115.0,0.0,0.0,0.0,0.0,0.0,0.0,0.0,0.0,0.0,0.0,0.0,0.0,0.0,0.0,0.0,0.0
13.0,120.0,0.0,0.0,0.0,0.0,0.0,0.0,0.0,0.0,0.0,0.0,0.0,0.0,0.0,0.0,0.0,0.0
13.0,125.0,0.0,0.0,0.0,0.0,0.0,0.0,0.0,0.0,0.0,0.0,0.0,0.0,0.0,0.0,0.0,0.0
14.0,0.0,0.0,3.3266602E-5,0.0,13068.681,34633.51,0.0,3.8497884,1873.0731,4391.216,6614.6235,0.0,0.0,0.0,0.0,421.8192,0.0
14.0,5.0,0.0,29.794329,0.0,322289.12,28942.338,0.19552675,343.7562,5282.4707,1008.44916,14070.696,0.0,0.0,0.0,10.799221,9663.683,0.0
14.0,10.0,7.4703445,404.8555,12.515597,308929.7,85955.22,0.021115094,1087.5558,14131.251,464.14154,38002.367,14.043308,62969.33,254.58585,4187.1836,39255.65,0.0
14.0,15.0,60.91781,1290.8228,3613.635,249623.9,337287.78,0.0057336763,1604.0614,26018.664,1555.7357,30100.535,143.0787,83476.375,2879.484,13490.646,27475.5,37.84742
14.0,20.0,117.307045,1363.8206,13036.737,38377.25,251040.47,2.664095,495.8017,10730.255,704.9674,21390.32,323.0269,20406.95,5264.46,11681.736,9529.494,130.38257
14.0,25.0,182.17154,2218.5364,26018.797,0.0010449416,103512.56,9.881521,10.552534,5626.981,6197.136,19010.053,1349.0575,2535.216,3355.6494,9432.583,0.0,240.60701
14.0,30.0,289.65894,1600.7172,34153.562,4644.388,18617.09,0.67622286,0.0,4536.5967,14657.984,11858.126,640.6139,211.83423,94.26173,810.1322,0.0,439.91992
14.0,35.0,622.49335,282.60342,3488.137,3270.4243,0.06607965,0.0,0.0,3132.2031,19739.146,6736.5063,1953.5737,0.0,0.0,0.0,0.0,711.0647
14.0,40.0,1170.7542,0.0,0.0,43.617725,0.0,1.1090103,0.0,11140.923,24353.814,2560.7224,2214.3445,0.0,0.0,0.0,0.0,1210.4291
14.0,45.0,2324.4033,0.0,0.0,0.0,0.0,3.0234308,0.0,542.3073,21111.523,1042.8629,789.25275,0.0,0.0,0.0,0.0,2045.9795
14.0,50.0,3704.5698,0.0,0.0,0.0,0.0,0.1516302,0.0,3.3096683,20298.54,177.29068,141.30655,0.0,0.0,0.0,0.0,3099.4033
14.0,55.0,3431.5654,0.0,0.0,0.0,0.0,254.29526,0.0,0.07168615,19.280664,2.1930664,11.755232,0.0,0.0,0.0,0.0,4625.389
14.0,60.0,3649.7627,0.0,0.0,0.0,0.0,5998.721,0.0,0.0,0.010732704,0.0,0.0,0.0,0.0,0.0,0.0,7307.2524
14.0,65.0,1217.4438,0.0,0.0,0.0,0.0,3020.8723,0.0,0.0,0.0,0.0,0.0,0.0,0.0,0.0,0.0,10736.082
14.0,70.0,0.0,0.0,0.0,0.0,0.0,594.587,0.0,0.0,0.0,0.0,0.0,0.0,0.0,0.0,0.0,15739.88
14.0,75.0,0.0,0.0,0.0,0.0,0.0,211.78893,0.0,0.0,0.0,0.0,0.0,0.0,0.0,0.0,0.0,3712.9297
14.0,80.0,0.0,0.0,0.0,0.0,0.0,26.973166,0.0,0.0,0.0,0.0,0.0,0.0,0.0,0.0,0.0,1416.5988
14.0,85.0,0.0,0.0,0.0,0.0,0.0,1.546218,0.0,0.0,0.0,0.0,0.0,0.0,0.0,0.0,0.0,901.3179
14.0,90.0,0.0,0.0,0.0,0.0,0.0,0.68602926,0.0,0.0,0.0,0.0,0.0,0.0,0.0,0.0,0.0,1182.6416
14.0,95.0,0.0,0.0,0.0,0.0,0.0,0.0,0.0,0.0,0.0,0.0,0.0,0.0,0.0,0.0,0.0,0.6671891
14.0,100.0,0.0,0.0,0.0,0.0,0.0,0.0,0.0,0.0,0.0,0.0,0.0,0.0,0.0,0.0,0.0,0.0
14.0,105.0,0.0,0.0,0.0,0.0,0.0,0.0,0.0,0.0,0.0,0.0,0.0,0.0,0.0,0.0,0.0,0.0
14.0,110.0,0.0,0.0,0.0,0.0,0.0,0.0,0.0,0.0,0.0,0.0,0.0,0.0,0.0,0.0,0.0,0.0
14.0,115.0,0.0,0.0,0.0,0.0,0.0,0.0,0.0,0.0,0.0,0.0,0.0,0.0,0.0,0.0,0.0,0.0
14.0,120.0,0.0,0.0,0.0,0.0,0.0,0.0,0.0,0.0,0.0,0.0,0.0,0.0,0.0,0.0,0.0,0.0
14.0,125.0,0.0,0.0,0.0,0.0,0.0,0.0,0.0,0.0,0.0,0.0,0.0,0.0,0.0,0.0,0.0,0.0
15.0,0.0,0.0,2.392528E-6,0.0,39511.67,33697.27,0.0,19.923895,2143.8489,3405.9023,4652.586,0.0,0.0,0.0,0.0,1817.6963,0.0
15.0,5.0,0.0,38.148792,0.0,256010.77,23111.736,0.05811893,735.2028,4802.39,2306.3555,10025.145,0.0,4136.6377,0.0,30.107273,5979.9067,0.0
15.0,10.0,6.985278,501.73114,3.3182695,302968.1,101832.31,0.0011555138,953.2989,13580.42,770.19745,47050.176,32.91625,133292.47,1006.3379,2923.0447,39835.34,0.0
15.0,15.0,59.116405,931.96814,5344.1514,241182.27,287609.2,0.0021173328,1571.7408,24688.277,1447.6201,38662.895,49.658615,64730.438,3835.662,10942.577,46709.2,52.490475
15.0,20.0,130.60263,1969.7117,17047.346,32872.81,276746.25,0.0029175172,536.0771,10640.793,3027.3923,23460.707,96.91203,19842.295,5434.2437,17194.223,11988.095,157.37044
15.0,25.0,197.40573,1818.5841,21844.895,5.911195E-4,87535.125,2.6596103,10.126699,5238.8467,919.90955,16809.89,1015.4807,3337.0002,2734.3284,8852.745,0.0,216.90321
15.0,30.0,288.68024,1370.8171,32546.19,3351.1821,19198.232,14.361405,0.0,3975.6753,13364.494,10447.215,1508.6595,129.0731,105.3644,1091.8424,0.0,407.10477
15.0,35.0,417.4773,93.52183,6895.7124,2263.737,0.1516859,0.71684045,0.0,3102.95,17940.1,5951.4644,688.2433,0.0013944253,0.0,0.0,0.0,708.2414
15.0,40.0,818.47845,0.0,0.0,0.0,0.0,0.020750418,0.0,9709.262,25046.771,3322.1577,1792.5658,0.0,0.0,0.0,0.0,1117.7107
15.0,45.0,1576.7006,0.0,0.0,0.0,0.0,2.7836452,0.0,484.9183,14398.932,696.1585,1077.789,0.0,0.0,0.0,0.0,1777.532
15.0,50.0,3165.7866,0.0,0.0,0.0,0.0,1.3746215,0.0,2.7619846,3377.56,105.015816,96.06893,0.0,0.0,0.0,0.0,2987.936
15.0,55.0,4654.376,0.0,0.0,0.0,0.0,19.397064,0.0,0.06168411,300.07925,0.9171734,8.733688,0.0,0.0,0.0,0.0,4518.1294
15.0,60.0,4074.885,0.0,0.0,0.0,0.0,5633.9688,0.0,0.0,0.030345196,0.0,0.0,0.0,0.0,0.0,0.0,6698.6606
15.0,65.0,1051.9869,0.0,0.0,0.0,0.0,2544.4597,0.0,0.0,0.0,0.0,0.0,0.0,0.0,0.0,0.0,10561.699
15.0,70.0,0.0,0.0,0.0,0.0,0.0,525.9508,0.0,0.0,0.0,0.0,0.0,0.0,0.0,0.0,0.0,14997.076
15.0,75.0,0.0,0.0,0.0,0.0,0.0,344.51965,0.0,0.0,0.0,0.0,0.0,0.0,0.0,0.0,0.0,10021.685
15.0,80.0,0.0,0.0,0.0,0.0,0.0,36.70392,0.0,0.0,0.0,0.0,0.0,0.0,0.0,0.0,0.0,981.53217
15.0,85.0,0.0,0.0,0.0,0.0,0.0,1.3767995,0.0,0.0,0.0,0.0,0.0,0.0,0.0,0.0,0.0,1153.4261
15.0,90.0,0.0,0.0,0.0,0.0,0.0,0.66998917,0.0,0.0,0.0,0.0,0.0,0.0,0.0,0.0,0.0,837.737
15.0,95.0,0.0,0.0,0.0,0.0,0.0,0.0,0.0,0.0,0.0,0.0,0.0,0.0,0.0,0.0,0.0,0.0
15.0,100.0,0.0,0.0,0.0,0.0,0.0,0.0,0.0,0.0,0.0,0.0,0.0,0.0,0.0,0.0,0.0,0.0
15.0,105.0,0.0,0.0,0.0,0.0,0.0,0.0,0.0,0.0,0.0,0.0,0.0,0.0,0.0,0.0,0.0,0.0
15.0,110.0,0.0,0.0,0.0,0.0,0.0,0.0,0.0,0.0,0.0,0.0,0.0,0.0,0.0,0.0,0.0,0.0
15.0,115.0,0.0,0.0,0.0,0.0,0.0,0.0,0.0,0.0,0.0,0.0,0.0,0.0,0.0,0.0,0.0,0.0
15.0,120.0,0.0,0.0,0.0,0.0,0.0,0.0,0.0,0.0,0.0,0.0,0.0,0.0,0.0,0.0,0.0,0.0
15.0,125.0,0.0,0.0,0.0,0.0,0.0,0.0,0.0,0.0,0.0,0.0,0.0,0.0,0.0,0.0,0.0,0.0
16.0,0.0,0.0,1.2487386E-4,0.0,16170.023,30672.111,0.0,9.157715,1826.0822,2626.0176,4088.2395,0.0,0.0,0.0,0.0,2161.3142,0.0
16.0,5.0,0.0,48.69564,0.0042624422,362868.78,25090.043,0.3368297,823.2508,5186.6597,2079.8005,15304.874,0.0,785.1746,0.0,548.60547,10060.6,0.0
16.0,10.0,7.0583887,1061.9263,6.8358693,255421.45,119173.23,2.1504198E-4,583.97504,14380.197,1322.8113,30896.223,50.94134,107309.77,976.3442,11830.258,33677.67,0.0
16.0,15.0,78.27724,1250.4639,3674.0962,245012.47,241158.8,5.607113E-4,1679.2157,23408.7,2812.1013,45714.95,106.46114,65481.555,7212.2617,9579.878,56674.902,59.30468
16.0,20.0,154.70372,1542.6464,21013.836,34420.824,306306.9,0.002915134,684.46045,12618.635,3538.7695,31181.295,434.05704,19863.4,5444.0005,11238.194,16329.012,191.41101
16.0,25.0,217.91989,2016.3098,34427.65,3.8742077E-5,111641.086,0.0048411903,18.91353,5229.418,4358.3843,16220.242,856.8697,2390.2258,2420.458,8505.367,0.0,300.42184
16.0,30.0,327.32208,1251.5273,28189.652,2477.6353,15533.559,5.7410636,0.0,3475.8188,3245.1367,9961.536,1171.7084,59.581955,91.308334,1466.3972,0.0,422.62924
16.0,35.0,440.8702,413.70947,5606.1094,1535.3916,0.3740507,14.900662,0.0,3047.3037,19771.588,5498.7095,1131.8237,0.09029157,0.0,0.0,0.0,640.19946
16.0,40.0,608.8698,0.0011811255,0.0,0.0,0.0,0.4225363,0.0,8709.982,17611.42,2707.6646,979.0953,0.0,0.0,0.0,0.0,1102.9664
16.0,45.0,1096.1831,0.0,0.0,0.0,0.0,1.8807256,0.0,437.90564,11615.718,623.7636,1026.4601,0.0,0.0,0.0,0.0,1678.746
16.0,50.0,2178.694,0.0,0.0,0.0,0.0,2.1457975,0.0,2.2598953,1792.6833,45.948055,98.91525,0.0,0.0,0.0,0.0,2608.0305
16.0,55.0,4512.103,0.0,0.0,0.0,0.0,0.009512176,0.0,0.053549543,253.59288,9.420177E-4,6.110094,0.0,0.0,0.0,0.0,4322.625
16.0,60.0,5191.7656,0.0,0.0,0.0,0.0,5124.1025,0.0,0.0,0.0,0.0,0.0,0.0,0.0,0.0,0.0,6456.9307
16.0,65.0,986.077,0.0,0.0,0.0,0.0,1918.6495,0.0,0.0,0.0,0.0,0.0,0.0,0.0,0.0,0.0,10062.07
16.0,70.0,0.0,0.0,0.0,0.0,0.0,717.6918,0.0,0.0,0.0,0.0,0.0,0.0,0.0,0.0,0.0,14943.467
16.0,75.0,0.0,0.0,0.0,0.0,0.0,422.6616,0.0,0.0,0.0,0.0,0.0,0.0,0.0,0.0,0.0,15362.131
16.0,80.0,0.0,0.0,0.0,0.0,0.0,45.086235,0.0,0.0,0.0,0.0,0.0,0.0,0.0,0.0,0.0,1234.7234
16.0,85.0,0.0,0.0,0.0,0.0,0.0,1.418427,0.0,0.0,0.0,0.0,0.0,0.0,0.0,0.0,0.0,1180.6207
16.0,90.0,0.0,0.0,0.0,0.0,0.0,0.5375831,0.0,0.0,0.0,0.0,0.0,0.0,0.0,0.0,0.0,369.13666
16.0,95.0,0.0,0.0,0.0,0.0,0.0,0.0,0.0,0.0,0.0,0.0,0.0,0.0,0.0,0.0,0.0,0.0
16.0,100.0,0.0,0.0,0.0,0.0,0.0,0.0,0.0,0.0,0.0,0.0,0.0,0.0,0.0,0.0,0.0,0.0
16.0,105.0,0.0,0.0,0.0,0.0,0.0,0.0,0.0,0.0,0.0,0.0,0.0,0.0,0.0,0.0,0.0,0.0
16.0,110.0,0.0,0.0,0.0,0.0,0.0,0.0,0.0,0.0,0.0,0.0,0.0,0.0,0.0,0.0,0.0,0.0
16.0,115.0,0.0,0.0,0.0,0.0,0.0,0.0,0.0,0.0,0.0,0.0,0.0,0.0,0.0,0.0,0.0,0.0
16.0,120.0,0.0,0.0,0.0,0.0,0.0,0.0,0.0,0.0,0.0,0.0,0.0,0.0,0.0,0.0,0.0,0.0
16.0,125.0,0.0,0.0,0.0,0.0,0.0,0.0,0.0,0.0,0.0,0.0,0.0,0.0,0.0,0.0,0.0,0.0
17.0,0.0,0.0,0.0,0.0,19073.514,27793.219,0.0,0.1381971,1086.2151,1697.6248,5551.4395,0.0,0.0,0.0,0.0,1686.9514,0.0
17.0,5.0,0.0,48.37889,0.0,293959.97,26088.322,0.044794407,373.39597,7711.633,1209.2242,8493.242,1.9842255,0.0,0.0,4.6318517,13825.562,0.0
17.0,10.0,8.122448,1381.6364,68.35331,330511.66,109427.5,0.0096969865,920.606,14631.783,2497.8171,26995.172,101.54131,57673.527,250.37173,5901.6494,36504.04,0.04514776
17.0,15.0,93.947014,2100.2036,4259.2524,246016.55,274818.4,0.0023701133,1279.3475,22831.959,5224.9116,44813.375,279.0104,68925.6,5476.591,18523.666,66646.836,116.5079
17.0,20.0,186.95035,948.92114,14448.315,33942.69,250964.94,3.3484823E-5,804.31274,13021.779,6360.565,30711.111,1047.3533,18296.162,7288.053,18640.736,12489.995,318.0607
17.0,25.0,297.35593,2750.7415,35939.08,0.0,125054.484,0.0046067326,14.164501,7132.589,6080.886,21932.178,1089.7751,2169.1797,2433.3792,11597.595,0.0,357.23444
17.0,30.0,360.72537,1199.4496,37995.004,2045.256,14760.652,0.007661061,0.0,3429.998,3851.9773,10565.754,1368.9353,104.85,62.15628,2415.0312,0.0,553.4963
17.0,35.0,530.24414,327.17776,5065.7393,1068.5513,0.21172197,16.394766,0.0,3003.8757,13657.947,4429.344,1207.61,0.3384395,0.0,0.0,0.0,806.1144
17.0,40.0,673.1511,0.0071466286,0.0,0.0,0.0,8.261584,0.0,8086.94,15941.235,2878.6292,885.8861,0.0,0.0,0.0,0.0,1022.7919
17.0,45.0,892.4586,0.0,0.0,0.0,0.0,1.3055502,0.0,611.6632,12146.708,774.75446,888.9202,0.0,0.0,0.0,0.0,1661.0875
17.0,50.0,1573.5356,0.0,0.0,0.0,0.0,2.6104262,0.0,1.9156402,1962.8945,63.311817,139.43135,0.0,0.0,0.0,0.0,2507.3032
17.0,55.0,3163.5452,0.0,0.0,0.0,0.0,0.0071591814,0.0,0.049299706,78.38089,1.3077329,3.7137194,0.0,0.0,0.0,0.0,3934.2805
17.0,60.0,6504.303,0.0,0.0,0.0,0.0,4746.423,0.0,0.0,0.0,0.0,0.0,0.0,0.0,0.0,0.0,6423.6357
17.0,65.0,1040.689,0.0,0.0,0.0,0.0,1405.0312,0.0,0.0,0.0,0.0,0.0,0.0,0.0,0.0,0.0,9654.482
17.0,70.0,0.0,0.0,0.0,0.0,0.0,925.6675,0.0,0.0,0.0,0.0,0.0,0.0,0.0,0.0,0.0,15205.515
17.0,75.0,0.0,0.0,0.0,0.0,0.0,477.26227,0.0,0.0,0.0,0.0,0.0,0.0,0.0,0.0,0.0,19355.953
17.0,80.0,0.0,0.0,0.0,0.0,0.0,48.95591,0.0,0.0,0.0,0.0,0.0,0.0,0.0,0.0,0.0,2874.22
17.0,85.0,0.0,0.0,0.0,0.0,0.0,1.5874372,0.0,0.0,0.0,0.0,0.0,0.0,0.0,0.0,0.0,925.04706
17.0,90.0,0.0,0.0,0.0,0.0,0.0,0.45403418,0.0,0.0,0.0,0.0,0.0,0.0,0.0,0.0,0.0,134.24396
17.0,95.0,0.0,0.0,0.0,0.0,0.0,0.0,0.0,0.0,0.0,0.0,0.0,0.0,0.0,0.0,0.0,0.0
17.0,100.0,0.0,0.0,0.0,0.0,0.0,0.0,0.0,0.0,0.0,0.0,0.0,0.0,0.0,0.0,0.0,0.0
17.0,105.0,0.0,0.0,0.0,0.0,0.0,0.0,0.0,0.0,0.0,0.0,0.0,0.0,0.0,0.0,0.0,0.0
17.0,110.0,0.0,0.0,0.0,0.0,0.0,0.0,0.0,0.0,0.0,0.0,0.0,0.0,0.0,0.0,0.0,0.0
17.0,115.0,0.0,0.0,0.0,0.0,0.0,0.0,0.0,0.0,0.0,0.0,0.0,0.0,0.0,0.0,0.0,0.0
17.0,120.0,0.0,0.0,0.0,0.0,0.0,0.0,0.0,0.0,0.0,0.0,0.0,0.0,0.0,0.0,0.0,0.0
17.0,125.0,0.0,0.0,0.0,0.0,0.0,0.0,0.0,0.0,0.0,0.0,0.0,0.0,0.0,0.0,0.0,0.0
18.0,0.0,0.0,0.014565988,0.0,13428.303,33079.484,0.0,7.433404,2035.5519,3943.8545,6758.8467,0.0,0.0,0.0,0.0,1185.2445,0.0
18.0,5.0,0.0,28.45919,0.0,297180.84,26171.703,0.21937618,234.93483,5794.6973,2439.0002,10826.899,0.23963894,791.09235,0.0,820.7248,8942.776,0.0
18.0,10.0,6.6419997,664.789,59.04827,299242.47,120960.1,0.002962723,397.2243,15049.776,1423.3994,22300.861,75.888916,58375.434,136.45108,15816.987,41894.94,0.0
18.0,15.0,97.40229,2272.2695,5300.062,260409.97,284738.22,0.0037504267,1699.5347,21717.748,6031.069,37651.52,452.3254,53671.48,2194.4329,13892.107,53395.16,159.03218
18.0,20.0,224.25542,1308.2192,16883.271,34725.676,214579.4,0.0051563024,575.4373,14222.905,12306.1455,32565.137,1783.7101,19040.436,7481.2026,9515.288,12919.293,490.17416
18.0,25.0,354.7053,2419.9404,28552.996,0.0,120558.09,0.0,4.290217,8371.18,8573.271,20093.521,2878.8545,1682.8922,2594.475,8073.592,0.0,648.8334
18.0,30.0,476.3054,1847.4099,47842.97,1741.5297,15920.781,0.0070962827,0.0,4549.6626,6728.7095,12812.286,1527.8281,147.28758,92.52917,1182.6365,0.0,752.6177
18.0,35.0,642.83545,126.163155,4661.9536,627.7686,0.027657753,0.011826917,0.0,2892.342,8079.1855,4455.9155,1207.2439,0.45719075,0.0,0.0,0.0,995.2754
18.0,40.0,818.799,0.0,0.0,0.0,0.0,27.216429,0.0,7697.971,16274.482,2332.4585,1137.1278,0.0,0.0,0.0,0.0,1392.1482
18.0,45.0,1005.75195,0.0,0.0,0.0,0.0,0.58896106,0.0,605.58453,12392.531,975.78406,760.0698,0.0,0.0,0.0,0.0,1590.1648
18.0,50.0,1277.3861,0.0,0.0,0.0,0.0,3.7715185,0.0,6.312043,1997.5443,61.21341,151.7752,0.0,0.0,0.0,0.0,2510.2356
18.0,55.0,2342.4707,0.0,0.0,0.0,0.0,0.0054136133,0.0,0.046232734,178.81,0.22980581,1.8199968,0.0,0.0,0.0,0.0,3677.2979
18.0,60.0,4852.572,0.0,0.0,0.0,0.0,4399.165,0.0,0.0,0.0,0.0,0.0,0.0,0.0,0.0,0.0,6144.4146
18.0,65.0,2229.118,0.0,0.0,0.0,0.0,893.26373,0.0,0.0,0.0,0.0,0.0,0.0,0.0,0.0,0.0,9497.878
18.0,70.0,0.0,0.0,0.0,0.0,0.0,1253.5936,0.0,0.0,0.0,0.0,0.0,0.0,0.0,0.0,0.0,15239.386
18.0,75.0,0.0,0.0,0.0,0.0,0.0,461.53043,0.0,0.0,0.0,0.0,0.0,0.0,0.0,0.0,0.0,23422.19
18.0,80.0,0.0,0.0,0.0,0.0,0.0,47.33674,0.0,0.0,0.0,0.0,0.0,0.0,0.0,0.0,0.0,4193.647
18.0,85.0,0.0,0.0,0.0,0.0,0.0,2.1789517,0.0,0.0,0.0,0.0,0.0,0.0,0.0,0.0,0.0,852.19867
18.0,90.0,0.0,0.0,0.0,0.0,0.0,0.30060792,0.0,0.0,0.0,0.0,0.0,0.0,0.0,0.0,0.0,0.0
18.0,95.0,0.0,0.0,0.0,0.0,0.0,0.0,0.0,0.0,0.0,0.0,0.0,0.0,0.0,0.0,0.0,0.0
18.0,100.0,0.0,0.0,0.0,0.0,0.0,0.0,0.0,0.0,0.0,0.0,0.0,0.0,0.0,0.0,0.0,0.0
18.0,105.0,0.0,0.0,0.0,0.0,0.0,0.0,0.0,0.0,0.0,0.0,0.0,0.0,0.0,0.0,0.0,0.0
18.0,110.0,0.0,0.0,0.0,0.0,0.0,0.0,0.0,0.0,0.0,0.0,0.0,0.0,0.0,0.0,0.0,0.0
18.0,115.0,0.0,0.0,0.0,0.0,0.0,0.0,0.0,0.0,0.0,0.0,0.0,0.0,0.0,0.0,0.0,0.0
18.0,120.0,0.0,0.0,0.0,0.0,0.0,0.0,0.0,0.0,0.0,0.0,0.0,0.0,0.0,0.0,0.0,0.0
18.0,125.0,0.0,0.0,0.0,0.0,0.0,0.0,0.0,0.0,0.0,0.0,0.0,0.0,0.0,0.0,0.0,0.0
19.0,0.0,0.0,0.0059148823,0.0,8556.906,28616.014,0.0,6.0646567,1906.3353,2579.0547,7712.465,0.0,0.0,0.0,0.0,1756.7764,0.0
19.0,5.0,0.0,36.016247,0.0,277467.2,23516.562,0.1554587,390.3975,5936.111,2164.5447,12721.402,0.37078342,0.0,0.0,65.9268,6597.442,0.0
19.0,10.0,5.019644,674.8992,0.7367578,268558.06,108685.266,0.0015967485,380.81995,12931.986,2160.4805,34958.92,55.33944,53322.492,450.49396,6671.549,42818.957,0.0
19.0,15.0,95.48466,2210.1802,4690.683,293929.7,289681.34,0.0015549468,1369.8197,21482.076,4143.8965,34284.785,342.2167,50803.164,2286.9316,30986.2,64668.676,206.79735
19.0,20.0,223.08199,2203.6438,21479.688,36334.52,246322.53,0.0050510224,624.53827,15825.704,10173.138,30188.752,1783.0327,19504.186,6450.3193,27357.266,12835.886,606.34393
19.0,25.0,401.53033,1715.3442,33428.918,0.0,102874.35,0.01180803,5.7979426,10005.253,23232.398,19981.22,4212.93,1642.5494,2749.2039,15398.165,0.0,912.59705
19.0,30.0,607.4639,2422.2454,39850.734,1529.2634,15225.581,2.5103198E-5,0.0,4962.522,7476.5146,13536.856,3106.0095,138.37498,105.70146,1788.346,0.0,1277.8148
19.0,35.0,804.29193,412.31094,4855.2905,104.4589,0.19569525,0.012733491,0.0,3614.4248,8251.851,5738.28,1548.6635,0.29148492,0.0,0.0,0.0,1624.3237
19.0,40.0,1070.2411,0.970529,0.0,0.0,0.0,18.37239,0.0,6883.4253,14510.619,1875.1357,1120.072,0.0,0.0,0.0,0.0,1681.734
19.0,45.0,1233.8923,0.0,0.0,0.0,0.0,11.994944,0.0,753.04834,12432.324,916.6498,664.04626,0.0,0.0,0.0,0.0,2173.354
19.0,50.0,1457.3976,0.0,0.0,0.0,0.0,3.659462,0.0,10.420703,2653.5242,45.77082,190.15347,0.0,0.0,0.0,0.0,2450.7964
19.0,55.0,1796.5966,0.0,0.0,0.0,0.0,0.0028361327,0.0,0.044195678,2.2775795,0.0032722903,4.700361,0.0,0.0,0.0,0.0,3777.137
19.0,60.0,3612.0977,0.0,0.0,0.0,0.0,3967.3662,0.0,0.0,0.0,0.0,0.0,0.0,0.0,0.0,0.0,5517.8467
19.0,65.0,1914.1337,0.0,0.0,0.0,0.0,707.4237,0.0,0.0,0.0,0.0,0.0,0.0,0.0,0.0,0.0,9583.628
19.0,70.0,0.0,0.0,0.0,0.0,0.0,1437.5532,0.0,0.0,0.0,0.0,0.0,0.0,0.0,0.0,0.0,15042.958
19.0,75.0,0.0,0.0,0.0,0.0,0.0,432.59863,0.0,0.0,0.0,0.0,0.0,0.0,0.0,0.0,0.0,23673.174
19.0,80.0,0.0,0.0,0.0,0.0,0.0,44.0355,0.0,0.0,0.0,0.0,0.0,0.0,0.0,0.0,0.0,9603.446
19.0,85.0,0.0,0.0,0.0,0.0,0.0,2.751634,0.0,0.0,0.0,0.0,0.0,0.0,0.0,0.0,0.0,530.9913
19.0,90.0,0.0,0.0,0.0,0.0,0.0,0.039792243,0.0,0.0,0.0,0.0,0.0,0.0,0.0,0.0,0.0,0.0
19.0,95.0,0.0,0.0,0.0,0.0,0.0,0.0,0.0,0.0,0.0,0.0,0.0,0.0,0.0,0.0,0.0,0.0
19.0,100.0,0.0,0.0,0.0,0.0,0.0,0.0,0.0,0.0,0.0,0.0,0.0,0.0,0.0,0.0,0.0,0.0
19.0,105.0,0.0,0.0,0.0,0.0,0.0,0.0,0.0,0.0,0.0,0.0,0.0,0.0,0.0,0.0,0.0,0.0
19.0,110.0,0.0,0.0,0.0,0.0,0.0,0.0,0.0,0.0,0.0,0.0,0.0,0.0,0.0,0.0,0.0,0.0
19.0,115.0,0.0,0.0,0.0,0.0,0.0,0.0,0.0,0.0,0.0,0.0,0.0,0.0,0.0,0.0,0.0,0.0
19.0,120.0,0.0,0.0,0.0,0.0,0.0,0.0,0.0,0.0,0.0,0.0,0.0,0.0,0.0,0.0,0.0,0.0
19.0,125.0,0.0,0.0,0.0,0.0,0.0,0.0,0.0,0.0,0.0,0.0,0.0,0.0,0.0,0.0,0.0,0.0
20.0,0.0,0.0,0.044039562,0.0,13598.553,32914.766,0.0,10.637465,2605.106,4468.845,5143.57,0.0,0.0,0.0,0.0,2385.4175,0.0
20.0,5.0,0.0,176.55733,2.2019212,332885.12,18903.102,0.15110204,327.03998,4746.5166,1691.6234,13499.1,0.006075494,0.0,0.0,1862.054,17194.79,0.0
20.0,10.0,4.09189,929.79614,20.46822,241609.72,88500.234,0.0046399315,348.95978,10833.438,1466.7897,21049.361,98.706154,57846.676,189.99501,17454.186,29416.709,0.0
20.0,15.0,62.59451,1705.8923,3953.0132,314655.53,301238.25,0.004743537,1096.5012,23248.77,5740.241,35701.523,96.89351,52992.598,3448.1523,14660.167,44854.195,242.61017
20.0,20.0,178.8747,2143.179,15894.51,33254.21,229326.34,0.005267486,528.81445,16703.83,8943.527,26158.127,621.2896,17732.148,5425.1064,13491.822,14776.032,787.09863
20.0,25.0,392.32013,2372.438,34990.707,0.0,79306.77,0.0066334987,5.077272,12335.63,22290.926,19471.705,3333.2065,1520.1279,2862.5718,8521.767,0.0,1105.3812
20.0,30.0,643.8224,3205.23,45022.0,317.16843,16322.335,0.018089361,0.0,5416.7627,19164.99,11942.627,4695.2295,114.645,97.12515,1884.713,0.0,1660.1465
20.0,35.0,1035.2745,488.74857,5140.3003,0.0,0.06370843,0.0027082837,0.0,4845.874,9961.958,7320.21,2236.8962,0.07237351,0.0,0.0,0.0,2484.134
20.0,40.0,1300.0571,0.59018654,0.0,0.0,0.0,0.020049527,0.0,3379.6003,10247.924,1509.5022,1403.5665,0.0,0.0,0.0,0.0,2919.7258
20.0,45.0,1651.921,0.0,0.0,0.0,0.0,32.153824,0.0,1149.5627,17844.85,895.28687,708.5099,0.0,0.0,0.0,0.0,2702.8108
20.0,50.0,1791.6459,0.0,0.0,0.0,0.0,3.434828,0.0,9.960196,3649.6006,46.987522,238.40172,0.0,0.0,0.0,0.0,3321.556
20.0,55.0,2040.3556,0.0,0.0,0.0,0.0,0.08591825,0.0,0.033695914,64.162735,1.2503608E-4,5.1282387,0.0,0.0,0.0,0.0,3625.8506
20.0,60.0,2637.4412,0.0,0.0,0.0,0.0,3550.1145,0.0,0.0,0.0,0.0,0.0,0.0,0.0,0.0,0.0,5643.6177
20.0,65.0,1378.0874,0.0,0.0,0.0,0.0,608.11865,0.0,0.0,0.0,0.0,0.0,0.0,0.0,0.0,0.0,8954.619
20.0,70.0,0.0,0.0,0.0,0.0,0.0,1561.1913,0.0,0.0,0.0,0.0,0.0,0.0,0.0,0.0,0.0,14850.393
20.0,75.0,0.0,0.0,0.0,0.0,0.0,403.11765,0.0,0.0,0.0,0.0,0.0,0.0,0.0,0.0,0.0,24162.467
20.0,80.0,0.0,0.0,0.0,0.0,0.0,40.56571,0.0,0.0,0.0,0.0,0.0,0.0,0.0,0.0,0.0,14606.774
20.0,85.0,0.0,0.0,0.0,0.0,0.0,2.2446668,0.0,0.0,0.0,0.0,0.0,0.0,0.0,0.0,0.0,0.0010609863
20.0,90.0,0.0,0.0,0.0,0.0,0.0,0.0,0.0,0.0,0.0,0.0,0.0,0.0,0.0,0.0,0.0,0.0
20.0,95.0,0.0,0.0,0.0,0.0,0.0,0.0,0.0,0.0,0.0,0.0,0.0,0.0,0.0,0.0,0.0,0.0
20.0,100.0,0.0,0.0,0.0,0.0,0.0,0.0,0.0,0.0,0.0,0.0,0.0,0.0,0.0,0.0,0.0,0.0
20.0,105.0,0.0,0.0,0.0,0.0,0.0,0.0,0.0,0.0,0.0,0.0,0.0,0.0,0.0,0.0,0.0,0.0
20.0,110.0,0.0,0.0,0.0,0.0,0.0,0.0,0.0,0.0,0.0,0.0,0.0,0.0,0.0,0.0,0.0,0.0
20.0,115.0,0.0,0.0,0.0,0.0,0.0,0.0,0.0,0.0,0.0,0.0,0.0,0.0,0.0,0.0,0.0,0.0
20.0,120.0,0.0,0.0,0.0,0.0,0.0,0.0,0.0,0.0,0.0,0.0,0.0,0.0,0.0,0.0,0.0,0.0
20.0,125.0,0.0,0.0,0.0,0.0,0.0,0.0,0.0,0.0,0.0,0.0,0.0,0.0,0.0,0.0,0.0,0.0
