"Distribution of fish species biomass (tonne) by Age class (year). Class i designates interval [i,i+1[."
"Time","Age","lesserSpottedDogfish","redMullet","pouting","whiting","poorCod","cod","dragonet","sole","plaice","horseMackerel","mackerel","herring","sardine","squids","cuttlefish","thornbackRay"
1.0,0.0,230.42068,1754.6196,3790.6655,181362.28,49608.17,108.362236,5423.8257,16779.523,17695.08,32996.89,14025.155,9543459.0,34525.785,330128.88,37352.547,48.333412
1.0,1.0,836.00433,5516.0024,13420.787,32977.664,913.17676,1329.3549,7615.4097,16383.037,12593.14,43746.555,30674.488,385148.88,57697.812,74393.69,10868.921,103.81513
1.0,2.0,1309.5516,820.3776,5262.002,13923.734,1347.2018,1600.2513,4885.4785,4194.3765,8007.97,12857.668,3862.3342,50586.51,35768.28,0.0,0.0,148.18396
1.0,3.0,1864.1301,464.74112,3296.0657,8789.614,1292.1471,611.7591,3819.374,1522.8347,5491.336,10793.868,652.84216,40394.586,22997.65,0.0,0.0,216.08098
1.0,4.0,2470.1423,416.43863,0.0,5989.1265,1227.53,87.267654,3147.403,719.62915,2979.8477,7372.2285,130.73763,30335.06,15469.206,0.0,0.0,272.6149
1.0,5.0,3015.716,356.2155,0.0,4243.1113,0.0,12.761224,2572.883,405.22165,1620.0421,6310.7456,66.6973,18833.602,11245.105,0.0,0.0,322.56207
1.0,6.0,3424.3674,324.59738,0.0,3423.3103,0.0,2.9469395,0.0,284.93375,929.6156,5743.5034,50.413685,13408.414,8106.7964,0.0,0.0,368.90762
1.0,7.0,3419.5137,308.5865,0.0,2708.3467,0.0,1.1877936,0.0,204.58899,591.2083,4735.3984,39.844276,10277.011,5915.7812,0.0,0.0,402.8155
1.0,8.0,3140.743,282.97958,0.0,2120.1592,0.0,0.65254766,0.0,148.30597,446.88013,4212.3594,32.61443,8261.439,4743.2217,0.0,0.0,424.43256
1.0,9.0,2942.6475,252.4564,0.0,1656.6378,0.0,0.412693,0.0,108.40186,373.4796,3917.8992,28.421455,6380.5845,3924.418,0.0,0.0,435.90506
1.0,10.0,0.0,220.50592,0.0,1359.2551,0.0,0.2322735,0.0,83.03324,320.36362,3585.0579,25.757978,5037.698,3106.1633,0.0,0.0,451.11923
1.0,11.0,0.0,0.0,0.0,1203.398,0.0,0.15183043,0.0,68.7496,278.01614,3278.5696,23.263002,0.0,2598.721,0.0,0.0,469.89993
1.0,12.0,0.0,0.0,0.0,1064.5428,0.0,0.112267315,0.0,56.90902,242.39835,2952.0977,20.741072,0.0,2215.7798,0.0,0.0,484.59482
1.0,13.0,0.0,0.0,0.0,941.40533,0.0,0.00779406,0.0,47.118374,211.6549,2618.1572,18.373016,0.0,1846.7941,0.0,0.0,494.27643
1.0,14.0,0.0,0.0,0.0,832.37775,0.0,0.0,0.0,39.026474,184.79189,2324.8254,16.20567,0.0,1547.784,0.0,0.0,499.4363
1.0,15.0,0.0,0.0,0.0,735.849,0.0,0.0,0.0,32.304935,0.0,0.0,14.117246,0.0,0.0,0.0,0.0,500.6023
1.0,16.0,0.0,0.0,0.0,650.3561,0.0,0.0,0.0,26.746386,0.0,0.0,12.4731245,0.0,0.0,0.0,0.0,498.31332
1.0,17.0,0.0,0.0,0.0,574.89966,0.0,0.0,0.0,22.143461,0.0,0.0,0.0,0.0,0.0,0.0,0.0,493.09457
1.0,18.0,0.0,0.0,0.0,508.10336,0.0,0.0,0.0,18.329851,0.0,0.0,0.0,0.0,0.0,0.0,0.0,485.44055
1.0,19.0,0.0,0.0,0.0,449.0041,0.0,0.0,0.0,15.174294,0.0,0.0,0.0,0.0,0.0,0.0,0.0,475.80444
1.0,20.0,0.0,0.0,0.0,0.0,0.0,0.0,0.0,0.0,0.0,0.0,0.0,0.0,0.0,0.0,0.0,0.0
1.0,21.0,0.0,0.0,0.0,0.0,0.0,0.0,0.0,0.0,0.0,0.0,0.0,0.0,0.0,0.0,0.0,0.0
1.0,22.0,0.0,0.0,0.0,0.0,0.0,0.0,0.0,0.0,0.0,0.0,0.0,0.0,0.0,0.0,0.0,0.0
1.0,23.0,0.0,0.0,0.0,0.0,0.0,0.0,0.0,0.0,0.0,0.0,0.0,0.0,0.0,0.0,0.0,0.0
1.0,24.0,0.0,0.0,0.0,0.0,0.0,0.0,0.0,0.0,0.0,0.0,0.0,0.0,0.0,0.0,0.0,0.0
1.0,25.0,0.0,0.0,0.0,0.0,0.0,0.0,0.0,0.0,0.0,0.0,0.0,0.0,0.0,0.0,0.0,0.0
2.0,0.0,58.250656,892.2659,2518.672,148460.2,83497.56,0.0025016319,4278.376,24730.588,5348.194,37935.96,10.242215,857183.06,286.85562,89900.84,98887.33,112.4254
2.0,1.0,617.0699,6128.6323,8651.503,481326.2,225987.03,175.67062,6905.7715,26475.068,23543.857,53053.875,16911.607,7388534.0,22068.172,248821.02,184121.06,278.84818
2.0,2.0,1561.6133,8996.411,16222.111,35540.164,1413.8838,2186.0503,9443.603,18532.498,24269.326,38577.797,18427.973,141710.38,29081.693,0.0,0.0,213.9093
2.0,3.0,2035.5067,1180.2273,4830.0874,12885.821,1623.3881,2253.2417,5911.2583,3888.2217,12057.939,11080.429,2243.5967,14507.274,11973.239,0.0,0.0,232.5706
2.0,4.0,2581.1892,594.2984,0.0,7436.1484,1267.4948,744.86914,4195.0386,1298.2643,7046.72,8126.2383,360.53003,10465.241,7373.1606,0.0,0.0,294.45102
2.0,5.0,3137.0974,489.52963,0.0,4870.2153,0.0,96.77839,3304.296,592.5588,3463.3215,4916.6914,68.82606,7355.253,4889.3843,0.0,0.0,339.89026
2.0,6.0,3570.6606,396.55475,0.0,3385.98,0.0,13.337453,0.0,325.6215,1779.732,4203.604,35.525417,4464.6577,3325.1296,0.0,0.0,378.18304
2.0,7.0,3844.119,347.58228,0.0,2705.8174,0.0,2.960564,0.0,228.10689,978.3388,3736.812,25.98605,3092.8677,2531.6467,0.0,0.0,413.82645
2.0,8.0,3684.1865,320.54602,0.0,2130.3777,0.0,1.1606618,0.0,162.97025,609.4856,2968.6426,19.809237,2386.6694,1877.9417,0.0,0.0,437.17728
2.0,9.0,3275.4229,286.90872,0.0,1663.2427,0.0,0.62496287,0.0,117.22331,452.4347,2619.8796,15.922179,1868.2996,1595.9807,0.0,0.0,449.0597
2.0,10.0,0.0,250.8637,0.0,1298.0316,0.0,0.38131166,0.0,85.477806,371.78198,2391.3147,13.7736635,1453.8125,1382.8372,0.0,0.0,452.04898
2.0,11.0,0.0,0.0,0.0,1064.3776,0.0,0.19987471,0.0,65.375984,313.09433,2136.244,12.572827,0.0,933.51227,0.0,0.0,460.36267
2.0,12.0,0.0,0.0,0.0,942.1415,0.0,0.14033844,0.0,54.02871,267.71216,1952.497,11.279966,0.0,871.62,0.0,0.0,473.32657
2.0,13.0,0.0,0.0,0.0,833.26184,0.0,0.092194214,0.0,44.67077,230.77429,1757.9518,10.009207,0.0,751.62225,0.0,0.0,482.95032
2.0,14.0,0.0,0.0,0.0,736.843,0.0,0.0,0.0,36.872974,198.9283,1529.4985,8.762216,0.0,558.69354,0.0,0.0,488.27087
2.0,15.0,0.0,0.0,0.0,651.4925,0.0,0.0,0.0,30.502262,0.0,0.0,7.5999756,0.0,0.0,0.0,0.0,489.7511
2.0,16.0,0.0,0.0,0.0,575.86224,0.0,0.0,0.0,25.2961,0.0,0.0,6.7278204,0.0,0.0,0.0,0.0,487.8726
2.0,17.0,0.0,0.0,0.0,508.9015,0.0,0.0,0.0,20.96362,0.0,0.0,0.0,0.0,0.0,0.0,0.0,483.1202
2.0,18.0,0.0,0.0,0.0,449.80917,0.0,0.0,0.0,17.275534,0.0,0.0,0.0,0.0,0.0,0.0,0.0,475.95755
2.0,19.0,0.0,0.0,0.0,397.54633,0.0,0.0,0.0,14.319506,0.0,0.0,0.0,0.0,0.0,0.0,0.0,466.8165
2.0,20.0,0.0,0.0,0.0,0.0,0.0,0.0,0.0,0.0,0.0,0.0,0.0,0.0,0.0,0.0,0.0,0.0
2.0,21.0,0.0,0.0,0.0,0.0,0.0,0.0,0.0,0.0,0.0,0.0,0.0,0.0,0.0,0.0,0.0,0.0
2.0,22.0,0.0,0.0,0.0,0.0,0.0,0.0,0.0,0.0,0.0,0.0,0.0,0.0,0.0,0.0,0.0,0.0
2.0,23.0,0.0,0.0,0.0,0.0,0.0,0.0,0.0,0.0,0.0,0.0,0.0,0.0,0.0,0.0,0.0,0.0
2.0,24.0,0.0,0.0,0.0,0.0,0.0,0.0,0.0,0.0,0.0,0.0,0.0,0.0,0.0,0.0,0.0,0.0
2.0,25.0,0.0,0.0,0.0,0.0,0.0,0.0,0.0,0.0,0.0,0.0,0.0,0.0,0.0,0.0,0.0,0.0
3.0,0.0,62.97299,220.42899,3650.0815,145608.9,90388.39,0.0024082677,2275.5461,18993.752,7591.412,51295.637,123.92545,161218.45,665.36884,11133.21,83348.17,91.72273
3.0,1.0,236.02716,1166.2966,8909.363,329586.38,169210.7,0.0,1855.8936,17975.918,2358.3167,51189.996,37.83064,552059.94,1097.9801,118027.87,219142.8,523.21625
3.0,2.0,1093.5303,8055.086,9200.454,319166.7,255977.6,292.72705,5267.948,18234.299,27113.459,35293.086,9700.964,2110457.8,13930.945,0.0,0.0,598.33374
3.0,3.0,2365.3967,12272.181,14219.813,31567.34,2042.7006,3163.4758,10647.496,16454.674,31586.426,37464.887,10450.344,39138.36,16146.288,0.0,0.0,349.81485
3.0,4.0,2762.3433,1471.3402,0.0,10523.629,2018.3145,2803.9895,6371.1724,3254.511,14037.72,8485.631,1182.9829,4098.839,5176.164,0.0,0.0,320.32855
3.0,5.0,3212.765,675.60767,0.0,5811.137,0.0,831.9585,4344.88,1040.9474,7543.3267,5186.5605,180.60033,2631.0542,2978.9817,0.0,0.0,367.79425
3.0,6.0,3646.3474,528.3388,0.0,3731.245,0.0,101.11284,0.0,466.7056,3538.6345,3067.6113,32.49653,1722.0248,1863.743,0.0,0.0,398.02762
3.0,7.0,3936.631,411.31122,0.0,2570.2188,0.0,13.335645,0.0,254.08682,1809.7571,2603.853,16.500725,1073.2325,1302.3729,0.0,0.0,422.80646
3.0,8.0,4070.02,349.68896,0.0,2043.7157,0.0,2.872497,0.0,176.51839,964.00653,2271.0586,11.93412,743.8628,987.9988,0.0,0.0,447.05414
3.0,9.0,3778.1404,317.08133,0.0,1604.7118,0.0,1.1022278,0.0,124.501,597.6012,1782.8961,8.959732,542.9738,727.98145,0.0,0.0,460.06146
3.0,10.0,0.0,277.27374,0.0,1251.3992,0.0,0.58420354,0.0,89.52675,432.32407,1554.4702,7.057387,442.89777,642.7501,0.0,0.0,462.96454
3.0,11.0,0.0,0.0,0.0,976.06226,0.0,0.3522107,0.0,65.39874,351.76968,1399.9788,6.0583115,0.0,551.8385,0.0,0.0,458.48294
3.0,12.0,0.0,0.0,0.0,800.37177,0.0,0.1829229,0.0,49.67518,290.23996,1225.1666,5.4641256,0.0,361.6461,0.0,0.0,460.77188
3.0,13.0,0.0,0.0,0.0,708.3388,0.0,0.12751386,0.0,41.14114,248.08284,1123.6133,4.8465366,0.0,339.16238,0.0,0.0,468.6481
3.0,14.0,0.0,0.0,0.0,626.36755,0.0,0.054160696,0.0,33.88313,212.60501,1016.71704,4.3197503,0.0,277.55087,0.0,0.0,473.92426
3.0,15.0,0.0,0.0,0.0,553.85297,0.0,0.0,0.0,27.84211,0.0,0.0,3.7810323,0.0,0.0,0.0,0.0,475.59665
3.0,16.0,0.0,0.0,0.0,489.74954,0.0,0.0,0.0,23.094751,0.0,0.0,3.2868629,0.0,0.0,0.0,0.0,474.07687
3.0,17.0,0.0,0.0,0.0,432.81567,0.0,0.0,0.0,19.133024,0.0,0.0,0.0,0.0,0.0,0.0,0.0,469.7874
3.0,18.0,0.0,0.0,0.0,382.54813,0.0,0.0,0.0,15.769239,0.0,0.0,0.0,0.0,0.0,0.0,0.0,463.1515
3.0,19.0,0.0,0.0,0.0,338.09396,0.0,0.0,0.0,12.973616,0.0,0.0,0.0,0.0,0.0,0.0,0.0,454.5683
3.0,20.0,0.0,0.0,0.0,0.0,0.0,0.0,0.0,0.0,0.0,0.0,0.0,0.0,0.0,0.0,0.0,0.0
3.0,21.0,0.0,0.0,0.0,0.0,0.0,0.0,0.0,0.0,0.0,0.0,0.0,0.0,0.0,0.0,0.0,0.0
3.0,22.0,0.0,0.0,0.0,0.0,0.0,0.0,0.0,0.0,0.0,0.0,0.0,0.0,0.0,0.0,0.0,0.0
3.0,23.0,0.0,0.0,0.0,0.0,0.0,0.0,0.0,0.0,0.0,0.0,0.0,0.0,0.0,0.0,0.0,0.0
3.0,24.0,0.0,0.0,0.0,0.0,0.0,0.0,0.0,0.0,0.0,0.0,0.0,0.0,0.0,0.0,0.0,0.0
3.0,25.0,0.0,0.0,0.0,0.0,0.0,0.0,0.0,0.0,0.0,0.0,0.0,0.0,0.0,0.0,0.0,0.0
4.0,0.0,66.01855,811.54803,3573.2969,160594.84,96877.375,0.015068163,2518.6147,14290.713,4811.7495,41218.746,1123.7705,125922.78,594.58124,10821.267,48362.824,100.89671
4.0,1.0,249.26755,1643.154,11084.268,325248.6,229008.39,0.0,1471.8964,16119.357,4031.8157,50125.914,2209.3208,113997.19,1661.2196,30205.75,150723.81,450.20496
4.0,2.0,436.04382,1051.3157,9933.723,233269.98,214016.22,0.0,983.85706,11313.422,2867.1948,26000.043,20.782656,154512.67,718.06805,0.0,0.0,1105.0927
4.0,3.0,1624.5272,9707.311,7724.706,196441.94,263416.75,400.09106,5677.6357,14209.313,32809.723,31956.871,5496.08,479898.8,8663.621,0.0,0.0,1006.36017
4.0,4.0,3235.013,14803.942,0.0,26326.25,2547.649,4070.1062,11340.092,14576.509,34866.336,31128.287,5383.375,9656.997,8257.846,0.0,0.0,499.32562
4.0,5.0,3465.124,1677.1755,0.0,8412.594,0.0,3225.3347,6524.5645,2718.1777,14764.116,5700.549,563.87744,1032.0787,2274.3545,0.0,0.0,405.72128
4.0,6.0,3762.1172,724.0633,0.0,4536.393,0.0,885.74725,0.0,843.423,7520.6255,3347.1433,84.63943,632.17957,1291.9318,0.0,0.0,434.06522
4.0,7.0,4056.5295,543.4223,0.0,2883.5974,0.0,102.49084,0.0,369.23737,3535.2124,1935.1125,14.528463,405.48087,791.6319,0.0,0.0,447.53458
4.0,8.0,4206.3057,410.5152,0.0,1974.5789,0.0,13.069458,0.0,198.34645,1798.4243,1615.7021,7.370659,232.16046,542.78955,0.0,0.0,458.58066
4.0,9.0,4215.701,342.98605,0.0,1566.2168,0.0,2.748808,0.0,137.08478,942.06744,1384.6151,5.21735,164.86539,397.647,0.0,0.0,471.87656
4.0,10.0,0.0,306.72656,0.0,1228.1503,0.0,1.0366278,0.0,94.84706,575.45764,1066.3534,3.869038,124.62147,297.57333,0.0,0.0,475.4673
4.0,11.0,0.0,0.0,0.0,957.10016,0.0,0.54245394,0.0,67.846245,408.70526,913.6842,3.010667,0.0,259.76666,0.0,0.0,470.52197
4.0,12.0,0.0,0.0,0.0,746.2754,0.0,0.30764338,0.0,49.550888,322.9053,809.9949,2.5568593,0.0,229.791,0.0,0.0,459.72296
4.0,13.0,0.0,0.0,0.0,611.3932,0.0,0.16505723,0.0,37.904915,268.7177,703.9691,2.2965605,0.0,145.53519,0.0,0.0,456.92474
4.0,14.0,0.0,0.0,0.0,541.09265,0.0,0.1043256,0.0,31.207472,225.8367,649.8641,2.031646,0.0,133.5502,0.0,0.0,460.5333
4.0,15.0,0.0,0.0,0.0,478.45578,0.0,0.0,0.0,25.549595,0.0,0.0,1.7984209,0.0,0.0,0.0,0.0,462.22836
4.0,16.0,0.0,0.0,0.0,423.04263,0.0,0.0,0.0,21.029736,0.0,0.0,1.5770468,0.0,0.0,0.0,0.0,460.95166
4.0,17.0,0.0,0.0,0.0,374.05667,0.0,0.0,0.0,17.47151,0.0,0.0,0.0,0.0,0.0,0.0,0.0,457.05545
4.0,18.0,0.0,0.0,0.0,330.5055,0.0,0.0,0.0,14.415761,0.0,0.0,0.0,0.0,0.0,0.0,0.0,450.90054
4.0,19.0,0.0,0.0,0.0,292.17682,0.0,0.0,0.0,11.768965,0.0,0.0,0.0,0.0,0.0,0.0,0.0,442.84946
4.0,20.0,0.0,0.0,0.0,0.0,0.0,0.0,0.0,0.0,0.0,0.0,0.0,0.0,0.0,0.0,0.0,0.0
4.0,21.0,0.0,0.0,0.0,0.0,0.0,0.0,0.0,0.0,0.0,0.0,0.0,0.0,0.0,0.0,0.0,0.0
4.0,22.0,0.0,0.0,0.0,0.0,0.0,0.0,0.0,0.0,0.0,0.0,0.0,0.0,0.0,0.0,0.0,0.0
4.0,23.0,0.0,0.0,0.0,0.0,0.0,0.0,0.0,0.0,0.0,0.0,0.0,0.0,0.0,0.0,0.0,0.0
4.0,24.0,0.0,0.0,0.0,0.0,0.0,0.0,0.0,0.0,0.0,0.0,0.0,0.0,0.0,0.0,0.0,0.0
4.0,25.0,0.0,0.0,0.0,0.0,0.0,0.0,0.0,0.0,0.0,0.0,0.0,0.0,0.0,0.0,0.0,0.0
5.0,0.0,62.450516,523.3103,3631.2053,129668.52,81020.42,0.089306936,1442.9194,13355.095,4597.212,32655.266,809.3921,21497.625,467.75525,6812.846,47708.848,95.952614
5.0,1.0,252.40344,1867.5947,10580.629,287129.0,176423.39,8.9846E-5,1107.9846,14607.049,3419.4326,63502.16,3274.5857,96605.24,1670.123,39667.312,115689.47,480.0473
5.0,2.0,468.14017,1400.732,12150.324,221885.77,279564.06,0.0,985.61346,11344.8,6975.432,24236.1,1215.4142,38174.645,1144.5931,0.0,0.0,969.70953
5.0,3.0,689.41046,873.0849,8472.763,146172.75,208353.6,0.0,856.9669,8655.15,4300.5645,16737.059,12.278532,43847.46,394.8314,0.0,0.0,1853.5536
5.0,4.0,2228.7043,11079.336,0.0,120355.38,231251.4,504.18298,5739.8896,11855.034,34646.086,22399.217,2823.6465,120594.234,4973.337,0.0,0.0,1472.361
5.0,5.0,4142.1626,16757.045,0.0,22277.719,0.0,4888.1196,11437.434,13273.76,36091.03,21305.742,2982.1125,2868.7095,4292.8735,0.0,0.0,653.5196
5.0,6.0,4148.1367,1845.448,0.0,6957.139,0.0,3541.1262,0.0,2350.0962,15296.307,3737.5046,295.53522,267.55084,1067.2738,0.0,0.0,487.61218
5.0,7.0,4277.6714,754.8873,0.0,3709.9553,0.0,918.8436,0.0,709.3114,7597.859,2124.4805,42.47895,156.08955,602.4405,0.0,0.0,494.81863
5.0,8.0,4435.815,553.9892,0.0,2347.9087,0.0,102.44907,0.0,301.94162,3552.6052,1203.5188,6.885185,96.472946,360.6889,0.0,0.0,491.43112
5.0,9.0,4457.4897,408.84387,0.0,1603.4518,0.0,12.728965,0.0,161.9138,1771.5247,991.58356,3.481397,53.07814,237.25798,0.0,0.0,489.43387
5.0,10.0,0.0,336.83618,0.0,1270.3584,0.0,2.6277575,0.0,110.42086,920.9338,837.1519,2.4183896,36.49334,172.88951,0.0,0.0,492.73138
5.0,11.0,0.0,0.0,0.0,995.5926,0.0,0.97749364,0.0,75.53479,550.1033,640.27856,1.7696786,0.0,128.94017,0.0,0.0,488.01157
5.0,12.0,0.0,0.0,0.0,775.5333,0.0,0.50631726,0.0,53.44781,390.20685,542.30634,1.360086,0.0,111.12052,0.0,0.0,476.3161
5.0,13.0,0.0,0.0,0.0,604.6226,0.0,0.2572454,0.0,38.92223,305.35495,474.8559,1.1419908,0.0,100.52657,0.0,0.0,460.1937
5.0,14.0,0.0,0.0,0.0,495.17844,0.0,0.15193443,0.0,29.622477,251.08124,411.7889,1.0237937,0.0,61.235386,0.0,0.0,453.17255
5.0,15.0,0.0,0.0,0.0,438.2349,0.0,0.0956355,0.0,24.392508,0.0,0.0,0.8978637,0.0,0.0,0.0,0.0,453.27325
5.0,16.0,0.0,0.0,0.0,387.4762,0.0,0.0,0.0,19.924397,0.0,0.0,0.79166,0.0,0.0,0.0,0.0,452.0557
5.0,17.0,0.0,0.0,0.0,342.60068,0.0,0.0,0.0,16.306564,0.0,0.0,0.0,0.0,0.0,0.0,0.0,448.40552
5.0,18.0,0.0,0.0,0.0,302.9134,0.0,0.0,0.0,13.529466,0.0,0.0,0.0,0.0,0.0,0.0,0.0,442.6163
5.0,19.0,0.0,0.0,0.0,267.61932,0.0,0.0,0.0,11.248862,0.0,0.0,0.0,0.0,0.0,0.0,0.0,434.99106
5.0,20.0,0.0,0.0,0.0,0.0,0.0,0.0,0.0,0.0,0.0,0.0,0.0,0.0,0.0,0.0,0.0,0.0
5.0,21.0,0.0,0.0,0.0,0.0,0.0,0.0,0.0,0.0,0.0,0.0,0.0,0.0,0.0,0.0,0.0,0.0
5.0,22.0,0.0,0.0,0.0,0.0,0.0,0.0,0.0,0.0,0.0,0.0,0.0,0.0,0.0,0.0,0.0,0.0
5.0,23.0,0.0,0.0,0.0,0.0,0.0,0.0,0.0,0.0,0.0,0.0,0.0,0.0,0.0,0.0,0.0,0.0
5.0,24.0,0.0,0.0,0.0,0.0,0.0,0.0,0.0,0.0,0.0,0.0,0.0,0.0,0.0,0.0,0.0,0.0
5.0,25.0,0.0,0.0,0.0,0.0,0.0,0.0,0.0,0.0,0.0,0.0,0.0,0.0,0.0,0.0,0.0,0.0
6.0,0.0,68.413574,153.72131,5642.1436,185241.47,84141.516,0.3114897,2335.0393,14109.951,4110.3423,23604.166,669.1088,6885.831,1057.2992,36860.277,37450.44,89.84365
6.0,1.0,263.29968,874.8447,12457.543,205256.86,152585.78,0.030247273,1036.902,14636.859,4719.6587,46162.23,3188.434,23767.611,2036.109,24046.535,83813.16,451.86417
6.0,2.0,479.22775,1636.3853,11117.241,178448.81,196290.62,0.0,839.34265,11460.111,5808.3174,31441.604,2289.1675,36335.75,1286.2933,0.0,0.0,1026.589
6.0,3.0,739.3372,1280.4486,9830.725,142456.3,276070.8,0.0,852.8844,8917.887,9775.829,19186.262,829.829,14703.157,773.2788,0.0,0.0,1630.1781
6.0,4.0,963.54205,870.63837,0.0,95925.945,186607.55,0.0,719.15936,6777.463,5074.926,11927.643,7.859285,16293.587,229.33565,0.0,0.0,2675.758
6.0,5.0,2802.2603,12076.293,0.0,75804.48,0.0,592.293,5624.0225,9873.121,33856.938,15272.593,1658.8501,43102.184,2654.6523,0.0,0.0,1933.2649
6.0,6.0,4907.33,17731.424,0.0,17834.24,0.0,5453.873,0.0,11812.935,35155.156,14797.198,1689.5398,1107.1602,2269.8723,0.0,0.0,793.0728
6.0,7.0,4674.5493,1905.2253,0.0,5521.032,0.0,3689.6277,0.0,2014.2903,15355.795,2491.7495,162.76044,87.57454,563.1272,0.0,0.0,556.41907
6.0,8.0,4637.503,764.16846,0.0,2938.502,0.0,916.95667,0.0,587.14685,7558.1606,1388.1122,22.829851,50.0539,317.67346,0.0,0.0,542.2887
6.0,9.0,4663.803,548.14813,0.0,1856.24,0.0,99.348495,0.0,244.42377,3473.9072,771.35846,3.609266,29.790747,189.20158,0.0,0.0,522.8749
6.0,10.0,0.0,394.21146,0.0,1268.1854,0.0,12.098728,0.0,131.05356,1689.0021,620.54333,1.8129243,16.208477,122.641556,0.0,0.0,509.0474
6.0,11.0,0.0,0.0,0.0,1004.47156,0.0,2.4623408,0.0,87.04509,849.20844,516.52795,1.2350245,0.0,88.9545,0.0,0.0,503.44473
6.0,12.0,0.0,0.0,0.0,786.9657,0.0,0.9063942,0.0,59.564175,511.80685,393.40778,0.89225906,0.0,66.15444,0.0,0.0,491.60233
6.0,13.0,0.0,0.0,0.0,612.9098,0.0,0.46273658,0.0,41.89811,358.30673,328.16922,0.68235874,0.0,55.93533,0.0,0.0,474.34912
6.0,14.0,0.0,0.0,0.0,477.90894,0.0,0.21255206,0.0,30.032291,279.66113,283.18918,0.57092327,0.0,51.045464,0.0,0.0,454.01297
6.0,15.0,0.0,0.0,0.0,391.61755,0.0,0.13822696,0.0,22.719057,0.0,0.0,0.50920355,0.0,0.0,0.0,0.0,443.64883
6.0,16.0,0.0,0.0,0.0,346.57657,0.0,0.07763999,0.0,18.64768,0.0,0.0,0.4453631,0.0,0.0,0.0,0.0,440.89874
6.0,17.0,0.0,0.0,0.0,306.44357,0.0,0.0,0.0,15.369754,0.0,0.0,0.0,0.0,0.0,0.0,0.0,437.3443
6.0,18.0,0.0,0.0,0.0,270.92844,0.0,0.0,0.0,12.577322,0.0,0.0,0.0,0.0,0.0,0.0,0.0,431.84256
6.0,19.0,0.0,0.0,0.0,239.54712,0.0,0.0,0.0,10.46052,0.0,0.0,0.0,0.0,0.0,0.0,0.0,424.62793
6.0,20.0,0.0,0.0,0.0,0.0,0.0,0.0,0.0,0.0,0.0,0.0,0.0,0.0,0.0,0.0,0.0,0.0
6.0,21.0,0.0,0.0,0.0,0.0,0.0,0.0,0.0,0.0,0.0,0.0,0.0,0.0,0.0,0.0,0.0,0.0
6.0,22.0,0.0,0.0,0.0,0.0,0.0,0.0,0.0,0.0,0.0,0.0,0.0,0.0,0.0,0.0,0.0,0.0
6.0,23.0,0.0,0.0,0.0,0.0,0.0,0.0,0.0,0.0,0.0,0.0,0.0,0.0,0.0,0.0,0.0,0.0
6.0,24.0,0.0,0.0,0.0,0.0,0.0,0.0,0.0,0.0,0.0,0.0,0.0,0.0,0.0,0.0,0.0,0.0
6.0,25.0,0.0,0.0,0.0,0.0,0.0,0.0,0.0,0.0,0.0,0.0,0.0,0.0,0.0,0.0,0.0,0.0
7.0,0.0,80.282814,241.89359,5704.8,132792.36,84201.24,0.1370963,1102.8945,13648.8125,4606.961,26966.94,895.3513,3186.364,389.42554,8447.369,46086.13,88.56115
7.0,1.0,298.72806,575.9826,16919.318,330058.47,168320.36,0.6357784,1041.3917,14121.303,3065.908,41517.242,3690.9128,13453.913,2147.8455,103974.21,95172.61,430.0378
7.0,2.0,505.80817,934.70807,14023.917,123021.82,185470.12,0.05688438,743.4613,11493.293,9100.211,26284.31,2601.2815,14614.965,1454.6339,0.0,0.0,973.7596
7.0,3.0,758.8954,1404.7916,9417.91,111413.016,187548.53,0.0,662.0063,9633.696,7572.3203,23000.016,1711.7273,16088.675,735.8887,0.0,0.0,1729.7601
7.0,4.0,1046.4503,1188.7627,0.0,100971.6,254993.92,0.0,667.3627,7083.3174,10836.898,13917.581,592.1666,7529.3687,456.69894,0.0,0.0,2370.064
7.0,5.0,1240.3195,980.45374,0.0,64901.824,0.0,0.0,570.7021,5354.571,5545.2637,7548.339,5.1938567,7639.0815,133.07767,0.0,0.0,3505.9973
7.0,6.0,3292.3367,12702.662,0.0,49604.906,0.0,643.7572,0.0,8269.494,31859.434,10512.57,945.2848,20307.953,1571.464,0.0,0.0,2377.0642
7.0,7.0,5575.761,18632.006,0.0,14368.691,0.0,5816.4395,0.0,10654.143,34320.258,10151.292,1001.6669,488.46017,1333.1392,0.0,0.0,920.7047
7.0,8.0,5110.4673,1938.1311,0.0,4448.1133,0.0,3743.6636,0.0,1741.2498,15128.56,1656.3129,93.79734,31.223814,314.39658,0.0,0.0,614.64026
7.0,9.0,4915.339,763.79675,0.0,2366.42,0.0,900.9751,0.0,487.75372,7376.35,903.27295,12.869587,17.561615,175.71678,0.0,0.0,580.05304
7.0,10.0,0.0,538.27637,0.0,1494.5923,0.0,95.47651,0.0,201.42224,3346.1401,489.3885,1.9857204,10.083445,104.22141,0.0,0.0,546.2316
7.0,11.0,0.0,0.0,0.0,1019.675,0.0,11.438748,0.0,105.98231,1552.2719,390.48547,0.9805983,0.0,66.3814,0.0,0.0,521.9461
7.0,12.0,0.0,0.0,0.0,807.5659,0.0,2.2997525,0.0,69.789925,797.7503,321.0098,0.6588641,0.0,48.04968,0.0,0.0,508.6817
7.0,13.0,0.0,0.0,0.0,632.68787,0.0,0.8388175,0.0,47.200478,471.32947,241.64102,0.47129685,0.0,35.3272,0.0,0.0,490.90836
7.0,14.0,0.0,0.0,0.0,492.75415,0.0,0.4200937,0.0,32.87653,331.59357,200.02368,0.35904214,0.0,29.815104,0.0,0.0,469.15808
7.0,15.0,0.0,0.0,0.0,384.18765,0.0,0.1943776,0.0,23.548887,0.0,0.0,0.29895592,0.0,0.0,0.0,0.0,445.51163
7.0,16.0,0.0,0.0,0.0,314.59326,0.0,0.120423146,0.0,17.321419,0.0,0.0,0.26479045,0.0,0.0,0.0,0.0,432.45474
7.0,17.0,0.0,0.0,0.0,278.42764,0.0,0.0015864073,0.0,14.243127,0.0,0.0,0.0,0.0,0.0,0.0,0.0,427.41367
7.0,18.0,0.0,0.0,0.0,246.17445,0.0,0.0,0.0,11.94285,0.0,0.0,0.0,0.0,0.0,0.0,0.0,422.0205
7.0,19.0,0.0,0.0,0.0,217.61111,0.0,0.0,0.0,9.789448,0.0,0.0,0.0,0.0,0.0,0.0,0.0,415.09424
7.0,20.0,0.0,0.0,0.0,0.0,0.0,0.0,0.0,0.0,0.0,0.0,0.0,0.0,0.0,0.0,0.0,0.0
7.0,21.0,0.0,0.0,0.0,0.0,0.0,0.0,0.0,0.0,0.0,0.0,0.0,0.0,0.0,0.0,0.0,0.0
7.0,22.0,0.0,0.0,0.0,0.0,0.0,0.0,0.0,0.0,0.0,0.0,0.0,0.0,0.0,0.0,0.0,0.0
7.0,23.0,0.0,0.0,0.0,0.0,0.0,0.0,0.0,0.0,0.0,0.0,0.0,0.0,0.0,0.0,0.0,0.0
7.0,24.0,0.0,0.0,0.0,0.0,0.0,0.0,0.0,0.0,0.0,0.0,0.0,0.0,0.0,0.0,0.0,0.0
7.0,25.0,0.0,0.0,0.0,0.0,0.0,0.0,0.0,0.0,0.0,0.0,0.0,0.0,0.0,0.0,0.0,0.0
8.0,0.0,93.27685,511.67062,8361.124,190018.47,91128.95,0.4844414,900.2796,13470.004,7021.9897,25207.473,802.1244,3208.1511,383.59103,21302.139,47685.41,83.83327
8.0,1.0,346.7742,814.2611,18288.535,240479.22,159686.8,0.025397763,1160.6299,14477.405,4208.155,46429.445,3491.3025,5561.0557,940.03217,20768.422,99108.54,414.75217
8.0,2.0,578.9995,568.2747,17775.035,177234.0,213554.97,0.87588185,903.909,10069.561,6013.266,31068.475,2676.7915,10217.6,1577.4569,0.0,0.0,926.1472
8.0,3.0,820.55365,842.9972,11889.8545,66238.766,180424.25,0.09377276,644.9188,9529.465,12401.594,21132.027,1922.897,7810.59,871.846,0.0,0.0,1646.9136
8.0,4.0,1089.0042,1376.2268,0.0,74165.01,175223.69,0.0,576.1119,7648.564,8156.535,16903.37,1198.8623,8352.012,456.5665,0.0,0.0,2516.4463
8.0,5.0,1366.6494,1102.4001,0.0,73743.18,0.0,0.0,519.34906,5446.9507,11429.201,9402.552,391.41354,3509.416,261.94382,0.0,0.0,3119.0908
8.0,6.0,1503.3824,1052.0604,0.0,44330.56,0.0,0.0,0.0,4106.1685,5596.561,5133.4404,3.2249258,3545.4492,75.67331,0.0,0.0,4290.94
8.0,7.0,3756.6572,13196.43,0.0,33357.87,0.0,684.53033,0.0,6975.9297,29939.916,7136.091,567.69653,9616.252,907.58795,0.0,0.0,2768.0046
8.0,8.0,6146.271,18886.121,0.0,11513.466,0.0,5993.7666,0.0,9524.654,33450.758,6856.874,582.1677,220.64427,756.23724,0.0,0.0,1025.8927
8.0,9.0,5468.115,1933.0713,0.0,3613.0444,0.0,3709.0798,0.0,1508.9382,14687.918,1095.1412,53.569916,11.535641,180.27022,0.0,0.0,660.45264
8.0,10.0,0.0,755.2616,0.0,1927.0247,0.0,869.9166,0.0,413.9912,7074.773,585.8612,7.178834,6.3928213,100.23546,0.0,0.0,607.70404
8.0,11.0,0.0,0.0,0.0,1219.9495,0.0,90.567085,0.0,168.52733,3131.7922,311.9737,1.1095507,0.0,59.099827,0.0,0.0,561.34375
8.0,12.0,0.0,0.0,0.0,833.43317,0.0,10.714546,0.0,87.88467,1471.1726,245.61966,0.542751,0.0,37.525005,0.0,0.0,528.3138
8.0,13.0,0.0,0.0,0.0,660.2094,0.0,2.1347082,0.0,56.30087,748.4372,199.7082,0.3630704,0.0,26.69897,0.0,0.0,508.6784
8.0,14.0,0.0,0.0,0.0,517.17303,0.0,0.77336675,0.0,37.60208,437.45947,149.75056,0.25957078,0.0,19.90547,0.0,0.0,486.09683
8.0,15.0,0.0,0.0,0.0,402.7865,0.0,0.3852545,0.0,26.779472,0.0,0.0,0.19718823,0.0,0.0,0.0,0.0,460.82657
8.0,16.0,0.0,0.0,0.0,314.06873,0.0,0.17753722,0.0,18.998363,0.0,0.0,0.16292305,0.0,0.0,0.0,0.0,434.68896
8.0,17.0,0.0,0.0,0.0,257.31998,0.0,0.10374233,0.0,13.948885,0.0,0.0,0.0,0.0,0.0,0.0,0.0,419.62485
8.0,18.0,0.0,0.0,0.0,227.70616,0.0,0.0,0.0,11.429675,0.0,0.0,0.0,0.0,0.0,0.0,0.0,412.80817
8.0,19.0,0.0,0.0,0.0,201.35431,0.0,0.0,0.0,9.603505,0.0,0.0,0.0,0.0,0.0,0.0,0.0,405.9989
8.0,20.0,0.0,0.0,0.0,0.0,0.0,0.0,0.0,0.0,0.0,0.0,0.0,0.0,0.0,0.0,0.0,0.0
8.0,21.0,0.0,0.0,0.0,0.0,0.0,0.0,0.0,0.0,0.0,0.0,0.0,0.0,0.0,0.0,0.0,0.0
8.0,22.0,0.0,0.0,0.0,0.0,0.0,0.0,0.0,0.0,0.0,0.0,0.0,0.0,0.0,0.0,0.0,0.0
8.0,23.0,0.0,0.0,0.0,0.0,0.0,0.0,0.0,0.0,0.0,0.0,0.0,0.0,0.0,0.0,0.0,0.0
8.0,24.0,0.0,0.0,0.0,0.0,0.0,0.0,0.0,0.0,0.0,0.0,0.0,0.0,0.0,0.0,0.0,0.0
8.0,25.0,0.0,0.0,0.0,0.0,0.0,0.0,0.0,0.0,0.0,0.0,0.0,0.0,0.0,0.0,0.0,0.0
9.0,0.0,106.77855,762.6691,7661.4224,151744.08,95771.85,0.46270528,643.6894,11360.704,4853.859,19986.531,570.0041,5448.449,740.32227,12615.066,56281.55,81.58231
9.0,1.0,423.9767,1473.796,25149.334,336294.22,185151.28,0.021795213,841.6582,11850.921,1821.118,31892.719,3270.9858,8691.999,1863.6769,73033.05,115829.625,396.22165
9.0,2.0,690.28534,479.20108,19358.0,150703.02,208829.27,0.05237929,805.38495,10974.275,6799.2637,31149.223,2853.9763,4412.4595,740.3899,0.0,0.0,895.3035
9.0,3.0,955.24347,540.26404,14910.361,102049.14,227409.42,1.4695406,818.5236,8118.7407,8682.271,26233.172,2056.7388,6290.4224,934.11395,0.0,0.0,1568.4115
9.0,4.0,1189.6853,884.3867,0.0,41977.234,178446.22,0.123113126,572.5061,7699.2485,14840.287,16912.14,1407.5018,3868.7275,508.45425,0.0,0.0,2402.341
9.0,5.0,1429.7169,1295.2404,0.0,52884.58,0.0,0.0,509.0721,5986.624,8391.413,11645.28,839.2662,4035.5051,258.2259,0.0,0.0,3315.7253
9.0,6.0,1669.4083,1089.0834,0.0,55510.793,0.0,0.0,0.0,4050.3286,11912.323,6388.517,267.09357,1694.8453,148.53322,0.0,0.0,3831.277
9.0,7.0,1737.2134,1069.9708,0.0,33668.785,0.0,0.0,0.0,3150.7722,5583.858,3509.7153,2.090559,1687.9249,40.61895,0.0,0.0,4993.658
9.0,8.0,4118.0825,13173.068,0.0,24199.143,0.0,693.14465,0.0,5943.84,27501.03,4791.6753,332.65005,4705.3247,532.5451,0.0,0.0,3111.3567
9.0,9.0,6603.8833,18793.4,0.0,9391.298,0.0,6020.043,0.0,8527.843,32342.404,4579.302,353.96927,102.031334,451.93304,0.0,0.0,1114.8202
9.0,10.0,0.0,1893.5354,0.0,2970.702,0.0,3618.207,0.0,1317.6648,14296.362,717.4542,31.989084,4.4407954,106.268936,0.0,0.0,695.46704
9.0,11.0,0.0,0.0,0.0,1585.5045,0.0,832.1795,0.0,357.33844,6711.0913,376.88135,4.241758,0.0,58.574825,0.0,0.0,626.65576
9.0,12.0,0.0,0.0,0.0,1005.79517,0.0,85.44168,0.0,143.9762,2976.3826,198.5069,0.64482087,0.0,34.005108,0.0,0.0,569.80835
9.0,13.0,0.0,0.0,0.0,687.3824,0.0,10.00248,0.0,73.505264,1396.9385,154.84389,0.31056565,0.0,21.650696,0.0,0.0,529.483
9.0,14.0,0.0,0.0,0.0,544.6912,0.0,1.9769413,0.0,46.88883,698.8407,125.28908,0.20708583,0.0,15.533951,0.0,0.0,504.63998
9.0,15.0,0.0,0.0,0.0,426.66675,0.0,0.71186894,0.0,31.257132,0.0,0.0,0.14717138,0.0,0.0,0.0,0.0,478.26712
9.0,16.0,0.0,0.0,0.0,332.3476,0.0,0.35000443,0.0,21.862062,0.0,0.0,0.1107661,0.0,0.0,0.0,0.0,450.32214
9.0,17.0,0.0,0.0,0.0,259.11957,0.0,0.16077761,0.0,15.658098,0.0,0.0,0.0,0.0,0.0,0.0,0.0,422.37912
9.0,18.0,0.0,0.0,0.0,212.12534,0.0,0.09456939,0.0,11.209216,0.0,0.0,0.0,0.0,0.0,0.0,0.0,405.77963
9.0,19.0,0.0,0.0,0.0,187.71904,0.0,0.0,0.0,9.25303,0.0,0.0,0.0,0.0,0.0,0.0,0.0,397.5894
9.0,20.0,0.0,0.0,0.0,0.0,0.0,0.0,0.0,0.0,0.0,0.0,0.0,0.0,0.0,0.0,0.0,0.0
9.0,21.0,0.0,0.0,0.0,0.0,0.0,0.0,0.0,0.0,0.0,0.0,0.0,0.0,0.0,0.0,0.0,0.0
9.0,22.0,0.0,0.0,0.0,0.0,0.0,0.0,0.0,0.0,0.0,0.0,0.0,0.0,0.0,0.0,0.0,0.0
9.0,23.0,0.0,0.0,0.0,0.0,0.0,0.0,0.0,0.0,0.0,0.0,0.0,0.0,0.0,0.0,0.0,0.0
9.0,24.0,0.0,0.0,0.0,0.0,0.0,0.0,0.0,0.0,0.0,0.0,0.0,0.0,0.0,0.0,0.0,0.0
9.0,25.0,0.0,0.0,0.0,0.0,0.0,0.0,0.0,0.0,0.0,0.0,0.0,0.0,0.0,0.0,0.0,0.0
10.0,0.0,69.60806,433.7679,9740.889,173830.62,99130.03,0.1292552,449.83734,12147.773,5461.0317,17883.01,397.70325,30782.412,293.63812,26815.775,39347.184,77.701096
10.0,1.0,396.69513,1463.6464,23615.75,251222.86,196718.0,0.30642807,472.8474,10602.297,2399.8643,30859.457,2546.711,11150.665,1655.1249,38391.37,110907.36,371.37955
10.0,2.0,839.0631,976.0541,26085.182,197099.75,224987.08,0.021145036,638.32825,9402.542,2694.9937,23689.307,2813.6853,6746.393,1681.2863,0.0,0.0,854.13965
10.0,3.0,1134.4159,400.29553,15732.97,89398.336,213996.17,0.07051699,735.3719,9371.108,7811.6772,27047.174,2152.903,2590.1912,518.1637,0.0,0.0,1520.9177
10.0,4.0,1391.1322,539.7466,0.0,66191.11,207966.02,1.8525982,713.6761,6699.5713,9491.964,20006.885,1522.3019,3114.3298,560.09564,0.0,0.0,2294.5547
10.0,5.0,1572.8213,859.8588,0.0,30178.377,0.0,0.14479522,516.9368,6133.0957,14799.474,11517.345,966.3544,1834.0519,295.9347,0.0,0.0,3178.588
10.0,6.0,1754.4434,1247.2291,0.0,39158.145,0.0,0.0,0.0,4599.68,8022.2456,7927.4854,547.2387,1864.8845,152.22232,0.0,0.0,4084.5374
10.0,7.0,1940.7264,1118.8597,0.0,41111.5,0.0,0.0,0.0,3000.3328,11256.336,4315.017,170.9409,776.40643,89.47428,0.0,0.0,4481.28
10.0,8.0,1935.3499,1097.9105,0.0,25826.688,0.0,0.0,0.0,2449.19,4991.265,2294.5466,1.2902714,735.8704,24.287148,0.0,0.0,5609.112
10.0,9.0,4427.871,12999.58,0.0,18374.885,0.0,696.6746,0.0,5055.2983,24531.904,3150.6316,204.13156,2154.5222,301.47614,0.0,0.0,3393.448
10.0,10.0,0.0,18222.492,0.0,7696.724,0.0,5936.8403,0.0,7481.002,30375.402,2999.7866,210.29453,46.484295,267.7765,0.0,0.0,1183.251
10.0,11.0,0.0,0.0,0.0,2457.668,0.0,3484.0635,0.0,1146.7655,13306.282,465.78607,18.91656,0.0,64.7195,0.0,0.0,721.0752
10.0,12.0,0.0,0.0,0.0,1321.8887,0.0,788.4931,0.0,304.5087,6186.812,240.84372,2.4805357,0.0,35.44025,0.0,0.0,638.8923
10.0,13.0,0.0,0.0,0.0,839.2359,0.0,80.04514,0.0,120.6729,2748.3083,125.32694,0.37597,0.0,20.607487,0.0,0.0,573.37177
10.0,14.0,0.0,0.0,0.0,574.4363,0.0,9.294329,0.0,60.78044,1296.6051,97.030815,0.18071572,0.0,13.307434,0.0,0.0,527.2276
10.0,15.0,0.0,0.0,0.0,455.56168,0.0,1.8260782,0.0,38.83482,0.0,0.0,0.12010688,0.0,0.0,0.0,0.0,498.22723
10.0,16.0,0.0,0.0,0.0,356.98285,0.0,0.65460455,0.0,25.629457,0.0,0.0,0.08456592,0.0,0.0,0.0,0.0,468.8996
10.0,17.0,0.0,0.0,0.0,278.0657,0.0,0.28254262,0.0,17.973295,0.0,0.0,0.0,0.0,0.0,0.0,0.0,438.95477
10.0,18.0,0.0,0.0,0.0,216.83124,0.0,0.14629783,0.0,12.551575,0.0,0.0,0.0,0.0,0.0,0.0,0.0,409.7359
10.0,19.0,0.0,0.0,0.0,177.549,0.0,0.07767007,0.0,8.822199,0.0,0.0,0.0,0.0,0.0,0.0,0.0,392.05182
10.0,20.0,0.0,0.0,0.0,0.0,0.0,0.0,0.0,0.0,0.0,0.0,0.0,0.0,0.0,0.0,0.0,0.0
10.0,21.0,0.0,0.0,0.0,0.0,0.0,0.0,0.0,0.0,0.0,0.0,0.0,0.0,0.0,0.0,0.0,0.0
10.0,22.0,0.0,0.0,0.0,0.0,0.0,0.0,0.0,0.0,0.0,0.0,0.0,0.0,0.0,0.0,0.0,0.0
10.0,23.0,0.0,0.0,0.0,0.0,0.0,0.0,0.0,0.0,0.0,0.0,0.0,0.0,0.0,0.0,0.0,0.0
10.0,24.0,0.0,0.0,0.0,0.0,0.0,0.0,0.0,0.0,0.0,0.0,0.0,0.0,0.0,0.0,0.0,0.0
10.0,25.0,0.0,0.0,0.0,0.0,0.0,0.0,0.0,0.0,0.0,0.0,0.0,0.0,0.0,0.0,0.0,0.0
11.0,0.0,31.116081,551.365,7740.147,138221.0,77056.445,0.54265517,542.8754,11207.283,4995.779,20530.598,501.56778,63110.38,305.04205,10646.802,29844.773,74.34318
11.0,1.0,231.2454,1451.2349,29384.998,309904.34,172384.38,0.9097026,403.75674,11650.997,4166.1826,29677.545,2390.294,40700.754,1101.762,87955.79,67345.98,356.54764
11.0,2.0,777.4664,1376.213,25934.71,159002.52,246703.5,0.6833805,315.3902,8964.837,4994.784,22067.959,2247.1467,7336.7173,1409.2526,0.0,0.0,802.3842
11.0,3.0,1384.6582,956.42267,21800.02,116642.09,229648.3,0.035896886,520.5487,8061.614,3825.5557,23287.81,2248.4084,3853.5857,1218.6088,0.0,0.0,1455.5435
11.0,4.0,1662.3718,442.20642,0.0,61584.902,208239.39,0.088191316,622.18604,7668.126,7613.559,20690.965,1625.0721,1302.1672,308.65054,0.0,0.0,2231.199
11.0,5.0,1852.5967,629.8899,0.0,45782.53,0.0,2.188821,615.5357,5264.625,9596.254,13397.411,1138.0028,1455.5509,334.01892,0.0,0.0,3044.356
11.0,6.0,1945.9236,918.6798,0.0,22462.738,0.0,0.16584271,0.0,4750.363,14548.29,7705.7324,692.33386,810.1693,186.69638,0.0,0.0,3929.7156
11.0,7.0,2051.601,1249.9607,0.0,30335.994,0.0,0.0,0.0,3509.461,7365.3228,5287.582,382.36334,859.18463,95.263466,0.0,0.0,4791.6226
11.0,8.0,2178.988,1087.783,0.0,31151.047,0.0,0.0,0.0,2219.7175,10099.614,2853.072,118.899704,336.9299,55.41998,0.0,0.0,5055.797
11.0,9.0,2102.5425,1107.0823,0.0,19812.178,0.0,0.0,0.0,1865.358,4439.96,1485.508,0.8525615,339.31982,14.939551,0.0,0.0,6128.812
11.0,10.0,0.0,12572.807,0.0,14672.048,0.0,679.8957,0.0,4285.8413,22376.957,2067.804,124.207985,1037.9968,195.59656,0.0,0.0,3630.9731
11.0,11.0,0.0,0.0,0.0,6437.977,0.0,5781.3613,0.0,6634.4287,28201.129,1988.9592,138.29175,0.0,179.83168,0.0,0.0,1239.1334
11.0,12.0,0.0,0.0,0.0,2062.4978,0.0,3332.6265,0.0,1009.411,12554.123,304.4145,12.322462,0.0,41.977222,0.0,0.0,739.3379
11.0,13.0,0.0,0.0,0.0,1120.5153,0.0,744.99677,0.0,262.54138,5696.44,155.60564,1.6072295,0.0,22.61679,0.0,0.0,645.8083
11.0,14.0,0.0,0.0,0.0,712.2871,0.0,74.95481,0.0,101.24053,2518.4827,80.18039,0.23810935,0.0,13.208749,0.0,0.0,573.31104
11.0,15.0,0.0,0.0,0.0,487.22137,0.0,8.643102,0.0,49.682083,0.0,0.0,0.11281713,0.0,0.0,0.0,0.0,522.467
11.0,16.0,0.0,0.0,0.0,386.72287,0.0,1.6890069,0.0,31.807564,0.0,0.0,0.07441751,0.0,0.0,0.0,0.0,490.1706
11.0,17.0,0.0,0.0,0.0,303.0933,0.0,0.6029758,0.0,21.269741,0.0,0.0,0.0,0.0,0.0,0.0,0.0,458.5915
11.0,18.0,0.0,0.0,0.0,236.12282,0.0,0.25538692,0.0,14.706737,0.0,0.0,0.0,0.0,0.0,0.0,0.0,427.19473
11.0,19.0,0.0,0.0,0.0,184.13896,0.0,0.13015762,0.0,10.199176,0.0,0.0,0.0,0.0,0.0,0.0,0.0,397.11755
11.0,20.0,0.0,0.0,0.0,0.0,0.0,0.007895286,0.0,0.0,0.0,0.0,0.0,0.0,0.0,0.0,0.0,0.0
11.0,21.0,0.0,0.0,0.0,0.0,0.0,0.0,0.0,0.0,0.0,0.0,0.0,0.0,0.0,0.0,0.0,0.0
11.0,22.0,0.0,0.0,0.0,0.0,0.0,0.0,0.0,0.0,0.0,0.0,0.0,0.0,0.0,0.0,0.0,0.0
11.0,23.0,0.0,0.0,0.0,0.0,0.0,0.0,0.0,0.0,0.0,0.0,0.0,0.0,0.0,0.0,0.0,0.0
11.0,24.0,0.0,0.0,0.0,0.0,0.0,0.0,0.0,0.0,0.0,0.0,0.0,0.0,0.0,0.0,0.0,0.0
11.0,25.0,0.0,0.0,0.0,0.0,0.0,0.0,0.0,0.0,0.0,0.0,0.0,0.0,0.0,0.0,0.0,0.0
12.0,0.0,33.052994,82.21201,11829.353,165067.1,92322.33,0.70319796,728.091,11490.696,7017.857,23573.13,606.75006,59395.117,358.351,28139.443,35150.28,76.230606
12.0,1.0,131.08852,770.41364,22170.81,227299.81,139633.89,0.30200467,672.05316,11470.481,1691.7501,27889.688,2607.9607,74990.13,780.46704,26484.197,82728.71,341.8084
12.0,2.0,459.1777,1228.9517,31862.443,192902.38,191226.11,2.3188438,437.84482,8914.518,7841.8096,23300.416,2170.9946,24109.836,1059.7434,0.0,0.0,772.66534
12.0,3.0,1290.7363,1374.1815,22245.18,104776.59,247550.05,0.9756233,278.05557,7777.265,7133.8516,21651.633,1976.358,4261.262,1017.13635,0.0,0.0,1378.5778
12.0,4.0,2058.7249,948.86237,0.0,74862.02,218013.36,0.046779923,484.9321,6741.2285,4488.022,17380.984,1822.2538,1831.675,786.7282,0.0,0.0,2149.647
12.0,5.0,2248.4595,473.24698,0.0,46310.65,0.0,0.09960765,544.5347,6269.457,7625.784,13484.249,1236.1425,627.58215,191.59906,0.0,0.0,2980.0674
12.0,6.0,2325.2603,710.3669,0.0,34072.97,0.0,2.4661288,0.0,4108.0884,9289.801,8923.171,835.8424,654.7265,226.32564,0.0,0.0,3789.171
12.0,7.0,2311.1104,999.4987,0.0,17506.152,0.0,0.18634187,0.0,3657.739,14387.208,5158.4907,494.22427,365.31833,114.2771,0.0,0.0,4644.137
12.0,8.0,2334.985,1285.664,0.0,23147.736,0.0,0.0,0.0,2714.8682,6897.604,3519.8076,265.5994,388.9193,60.806576,0.0,0.0,5441.826
12.0,9.0,2402.0347,1105.3673,0.0,23536.648,0.0,0.0,0.0,1641.114,9565.725,1857.4347,79.64755,150.29797,35.660847,0.0,0.0,5569.243
12.0,10.0,0.0,1123.7695,0.0,15133.466,0.0,0.0,0.0,1476.4387,4387.0664,950.2528,0.5701581,144.98412,9.008959,0.0,0.0,6583.7285
12.0,11.0,0.0,0.0,0.0,11687.235,0.0,664.8903,0.0,3773.7756,20537.434,1354.9008,84.3676,0.0,130.64142,0.0,0.0,3830.1694
12.0,12.0,0.0,0.0,0.0,5533.2744,0.0,5607.4023,0.0,5988.3477,26761.393,1292.3722,90.22236,0.0,115.43104,0.0,0.0,1284.1007
12.0,13.0,0.0,0.0,0.0,1791.9209,0.0,3184.8618,0.0,900.9018,11864.7295,195.53716,8.021205,0.0,27.477482,0.0,0.0,753.754
12.0,14.0,0.0,0.0,0.0,984.9266,0.0,704.71796,0.0,230.5586,5371.3257,99.468216,1.0381196,0.0,14.896077,0.0,0.0,650.7525
12.0,15.0,0.0,0.0,0.0,626.7932,0.0,70.38318,0.0,86.94384,0.0,0.0,0.15456478,0.0,0.0,0.0,0.0,572.43304
12.0,16.0,0.0,0.0,0.0,428.7118,0.0,8.071497,0.0,42.237278,0.0,0.0,0.07303013,0.0,0.0,0.0,0.0,517.77594
12.0,17.0,0.0,0.0,0.0,340.57373,0.0,1.5708266,0.0,26.656927,0.0,0.0,0.0,0.0,0.0,0.0,0.0,482.80948
12.0,18.0,0.0,0.0,0.0,266.94272,0.0,0.5549216,0.0,17.722876,0.0,0.0,0.0,0.0,0.0,0.0,0.0,449.43076
12.0,19.0,0.0,0.0,0.0,207.68526,0.0,0.21392314,0.0,12.161281,0.0,0.0,0.0,0.0,0.0,0.0,0.0,416.9035
12.0,20.0,0.0,0.0,0.0,0.0,0.0,0.11277746,0.0,0.0,0.0,0.0,0.0,0.0,0.0,0.0,0.0,0.0
12.0,21.0,0.0,0.0,0.0,0.0,0.0,0.0,0.0,0.0,0.0,0.0,0.0,0.0,0.0,0.0,0.0,0.0
12.0,22.0,0.0,0.0,0.0,0.0,0.0,0.0,0.0,0.0,0.0,0.0,0.0,0.0,0.0,0.0,0.0,0.0
12.0,23.0,0.0,0.0,0.0,0.0,0.0,0.0,0.0,0.0,0.0,0.0,0.0,0.0,0.0,0.0,0.0,0.0
12.0,24.0,0.0,0.0,0.0,0.0,0.0,0.0,0.0,0.0,0.0,0.0,0.0,0.0,0.0,0.0,0.0,0.0
12.0,25.0,0.0,0.0,0.0,0.0,0.0,0.0,0.0,0.0,0.0,0.0,0.0,0.0,0.0,0.0,0.0,0.0
13.0,0.0,37.744785,62.3336,12515.346,129134.28,96276.49,0.39331535,491.6627,11066.493,4944.6157,24806.916,1729.3678,47329.496,342.51868,3459.5706,25535.732,75.2883
13.0,1.0,151.5667,240.61906,40197.13,258311.92,163556.75,3.6075027E-4,1147.6089,11177.617,571.38696,46274.93,6046.1025,67527.1,1427.118,73575.45,65589.01,344.48383
13.0,2.0,271.07257,695.4554,23328.701,147759.62,169805.4,0.6549856,659.82776,9193.006,3105.2717,19898.186,2561.4978,41456.062,693.0192,0.0,0.0,736.83997
13.0,3.0,762.1573,1150.1283,27445.994,110389.83,190339.88,4.0796585,429.78778,7435.527,10679.497,21237.908,1901.5427,12940.789,717.86774,0.0,0.0,1327.721
13.0,4.0,1913.0457,1462.2223,0.0,78150.27,242549.25,1.0646274,243.54607,6284.385,7821.834,16248.737,1575.1375,2144.667,647.52875,0.0,0.0,2037.3121
13.0,5.0,2793.188,1020.1042,0.0,56802.16,0.0,0.051796462,438.22565,5480.6255,4930.2603,11257.537,1400.8271,831.35834,508.64377,0.0,0.0,2870.7073
13.0,6.0,2833.7754,522.6111,0.0,34116.934,0.0,0.112867706,0.0,4968.26,7750.576,8878.49,917.75385,269.04874,121.98982,0.0,0.0,3708.4587
13.0,7.0,2770.9463,774.67706,0.0,26452.002,0.0,2.7720118,0.0,3151.1003,8665.398,6012.5347,609.32935,282.89194,143.44922,0.0,0.0,4477.387
13.0,8.0,2640.8235,1044.516,0.0,13825.913,0.0,0.2009208,0.0,2837.4565,14294.523,3389.003,348.87625,154.85555,68.10921,0.0,0.0,5276.1255
13.0,9.0,2580.9055,1304.4667,0.0,18116.314,0.0,0.0,0.0,2130.6968,6661.098,2276.8965,183.95091,171.22867,37.811832,0.0,0.0,5993.9736
13.0,10.0,0.0,1140.0011,0.0,18452.502,0.0,0.0,0.0,1223.77,8931.737,1198.8851,55.161095,59.357517,21.020016,0.0,0.0,5987.69
13.0,11.0,0.0,0.0,0.0,12187.145,0.0,0.0,0.0,1179.8312,4126.257,601.9042,0.39093894,0.0,5.331325,0.0,0.0,6936.4414
13.0,12.0,0.0,0.0,0.0,9408.202,0.0,642.38837,0.0,3352.5845,19166.264,873.9537,54.717815,0.0,84.872444,0.0,0.0,3976.3796
13.0,13.0,0.0,0.0,0.0,4728.03,0.0,5383.8325,0.0,5466.569,25052.951,838.05927,60.704655,0.0,75.29344,0.0,0.0,1313.7856
13.0,14.0,0.0,0.0,0.0,1561.2312,0.0,3021.8005,0.0,806.58716,11549.385,125.24135,5.3693852,0.0,17.691797,0.0,0.0,760.7049
13.0,15.0,0.0,0.0,0.0,867.13275,0.0,663.1349,0.0,203.60803,0.0,0.0,0.6910936,0.0,0.0,0.0,0.0,650.33826
13.0,16.0,0.0,0.0,0.0,553.72046,0.0,65.8357,0.0,75.66963,0.0,0.0,0.10189473,0.0,0.0,0.0,0.0,567.66656
13.0,17.0,0.0,0.0,0.0,378.74576,0.0,7.516185,0.0,36.32547,0.0,0.0,0.0,0.0,0.0,0.0,0.0,510.2134
13.0,18.0,0.0,0.0,0.0,300.7589,0.0,1.4578143,0.0,22.521198,0.0,0.0,0.0,0.0,0.0,0.0,0.0,473.289
13.0,19.0,0.0,0.0,0.0,235.69171,0.0,0.5091326,0.0,14.766351,0.0,0.0,0.0,0.0,0.0,0.0,0.0,438.67426
13.0,20.0,0.0,0.0,0.0,0.0,0.0,0.19667163,0.0,0.0,0.0,0.0,0.0,0.0,0.0,0.0,0.0,0.0
13.0,21.0,0.0,0.0,0.0,0.0,0.0,0.10403519,0.0,0.0,0.0,0.0,0.0,0.0,0.0,0.0,0.0,0.0
13.0,22.0,0.0,0.0,0.0,0.0,0.0,0.0,0.0,0.0,0.0,0.0,0.0,0.0,0.0,0.0,0.0,0.0
13.0,23.0,0.0,0.0,0.0,0.0,0.0,0.0,0.0,0.0,0.0,0.0,0.0,0.0,0.0,0.0,0.0,0.0
13.0,24.0,0.0,0.0,0.0,0.0,0.0,0.0,0.0,0.0,0.0,0.0,0.0,0.0,0.0,0.0,0.0,0.0
13.0,25.0,0.0,0.0,0.0,0.0,0.0,0.0,0.0,0.0,0.0,0.0,0.0,0.0,0.0,0.0,0.0,0.0
14.0,0.0,44.6405,128.46875,8930.902,159514.81,89915.516,0.25497106,808.8384,9943.461,6291.4863,18892.049,658.93604,59849.945,396.5059,19770.318,39718.004,69.27496
14.0,1.0,179.91058,333.70197,30429.799,240277.89,183562.88,0.11565487,763.7437,10422.122,2150.2031,34183.484,4738.607,48521.617,1254.1289,10543.132,65976.91,326.97858
14.0,2.0,308.99475,282.56396,41036.445,144351.27,203709.72,6.7021564E-4,1027.3213,8759.263,826.6978,29399.416,4816.346,37724.887,1220.6344,0.0,0.0,729.89233
14.0,3.0,449.0684,760.9634,19592.385,90046.625,172075.75,0.9588329,536.4942,7815.2583,4163.159,17047.15,2116.768,20685.33,454.18027,0.0,0.0,1253.0883
14.0,4.0,1113.7933,1270.2572,0.0,77755.375,178234.61,5.0086055,363.63962,6156.074,11175.611,16204.264,1452.2449,6434.2866,466.68765,0.0,0.0,1941.9664
14.0,5.0,2546.2473,1580.1578,0.0,57465.645,0.0,1.2789986,208.4573,5076.342,8240.769,10845.582,1189.6285,1017.865,382.17648,0.0,0.0,2694.0332
14.0,6.0,3458.8594,1088.4802,0.0,39857.918,0.0,0.059101764,0.0,4313.629,5074.834,7533.776,1026.87,331.82822,298.10886,0.0,0.0,3535.4927
14.0,7.0,3320.3113,565.0486,0.0,24586.146,0.0,0.12460745,0.0,3822.7092,7375.674,6018.958,652.481,119.01998,71.24951,0.0,0.0,4336.58
14.0,8.0,3112.0254,811.3488,0.0,19734.447,0.0,2.9611979,0.0,2417.795,8382.6,4047.2612,417.78622,118.40353,86.77695,0.0,0.0,5033.998
14.0,9.0,2869.481,1036.1605,0.0,10697.06,0.0,0.20669849,0.0,2194.8228,13076.725,2206.9224,235.25375,64.8181,38.64779,0.0,0.0,5753.604
14.0,10.0,0.0,1292.1265,0.0,13083.995,0.0,0.0,0.0,1640.927,6402.142,1476.8207,121.39233,74.21818,22.500805,0.0,0.0,6378.0015
14.0,11.0,0.0,0.0,0.0,12742.78,0.0,0.0,0.0,892.2783,8010.0464,756.7769,34.895493,0.0,12.615739,0.0,0.0,6246.68
14.0,12.0,0.0,0.0,0.0,9443.812,0.0,0.0,0.0,943.2141,3749.8022,376.61002,0.24900682,0.0,3.1654036,0.0,0.0,7121.3066
14.0,13.0,0.0,0.0,0.0,7180.585,0.0,613.1976,0.0,2930.3586,17644.713,561.611,36.644127,0.0,50.064144,0.0,0.0,4024.2263
14.0,14.0,0.0,0.0,0.0,3799.0537,0.0,5052.9316,0.0,4785.8364,23382.201,536.0175,38.468445,0.0,46.591167,0.0,0.0,1313.0422
14.0,15.0,0.0,0.0,0.0,1289.1743,0.0,2806.4153,0.0,702.84644,0.0,0.0,3.384362,0.0,0.0,0.0,0.0,752.9805
14.0,16.0,0.0,0.0,0.0,719.6657,0.0,611.3919,0.0,172.51569,0.0,0.0,0.43583843,0.0,0.0,0.0,0.0,638.6347
14.0,17.0,0.0,0.0,0.0,463.3691,0.0,60.393738,0.0,64.14504,0.0,0.0,0.0,0.0,0.0,0.0,0.0,553.78735
14.0,18.0,0.0,0.0,0.0,317.21213,0.0,6.8714876,0.0,30.74501,0.0,0.0,0.0,0.0,0.0,0.0,0.0,495.12207
14.0,19.0,0.0,0.0,0.0,251.98236,0.0,1.3297398,0.0,18.991047,0.0,0.0,0.0,0.0,0.0,0.0,0.0,457.2706
14.0,20.0,0.0,0.0,0.0,0.0,0.0,0.46354094,0.0,0.0,0.0,0.0,0.0,0.0,0.0,0.0,0.0,0.0
14.0,21.0,0.0,0.0,0.0,0.0,0.0,0.17881055,0.0,0.0,0.0,0.0,0.0,0.0,0.0,0.0,0.0,0.0
14.0,22.0,0.0,0.0,0.0,0.0,0.0,0.094386704,0.0,0.0,0.0,0.0,0.0,0.0,0.0,0.0,0.0,0.0
14.0,23.0,0.0,0.0,0.0,0.0,0.0,0.0,0.0,0.0,0.0,0.0,0.0,0.0,0.0,0.0,0.0,0.0
14.0,24.0,0.0,0.0,0.0,0.0,0.0,0.0,0.0,0.0,0.0,0.0,0.0,0.0,0.0,0.0,0.0,0.0
14.0,25.0,0.0,0.0,0.0,0.0,0.0,0.0,0.0,0.0,0.0,0.0,0.0,0.0,0.0,0.0,0.0,0.0
15.0,0.0,53.25994,139.64923,10578.249,126864.27,86215.305,0.48537734,555.9128,10938.632,5122.287,19154.107,1323.0292,25849.178,457.75684,5306.14,41378.84,97.98526
15.0,1.0,210.0623,525.7763,26214.62,274698.4,159089.7,0.006964186,742.3081,11543.877,2189.8772,31844.7,4686.199,64453.504,1492.3667,55785.1,102915.805,320.06165
15.0,2.0,355.30084,380.62027,29276.451,164396.77,228085.52,0.20046516,803.72687,8805.921,3610.0837,27770.09,3626.7742,25022.748,996.00446,0.0,0.0,672.2189
15.0,3.0,494.3682,356.28174,30902.105,86749.766,212558.53,9.130763E-4,976.95917,7413.924,1170.902,23677.021,3368.9075,19415.18,711.6539,0.0,0.0,1211.7433
15.0,4.0,635.1965,891.64056,0.0,62024.438,163912.94,0.9794906,490.125,6442.437,4855.642,12360.26,1439.8997,9305.9,255.61636,0.0,0.0,1789.5702
15.0,5.0,1427.0905,1382.8699,0.0,55972.145,0.0,4.925769,300.67242,4955.361,11794.321,10702.806,959.8738,2726.2942,260.7974,0.0,0.0,2507.5186
15.0,6.0,3031.133,1616.8186,0.0,42237.625,0.0,1.4426208,0.0,3931.2488,8007.8774,7240.023,775.6328,398.68866,214.30202,0.0,0.0,3241.0552
15.0,7.0,3895.3044,1131.734,0.0,28707.846,0.0,0.06344723,0.0,3261.558,4839.5015,4940.264,643.29364,134.66835,165.76422,0.0,0.0,4037.0266
15.0,8.0,3585.4436,588.683,0.0,18445.676,0.0,0.1288847,0.0,2817.467,6664.2085,3910.166,397.37518,44.699898,41.658844,0.0,0.0,4760.811
15.0,9.0,3251.718,810.0555,0.0,14665.64,0.0,2.9626472,0.0,1774.7377,7465.6816,2610.192,247.15033,45.519573,50.270264,0.0,0.0,5360.0615
15.0,10.0,0.0,999.93567,0.0,7966.284,0.0,0.20046283,0.0,1639.9888,11601.471,1405.8654,138.05203,25.095793,20.04991,0.0,0.0,5979.8003
15.0,11.0,0.0,0.0,0.0,9391.823,0.0,0.0,0.0,1230.4758,5439.054,931.88464,69.9936,0.0,12.340431,0.0,0.0,6499.0894
15.0,12.0,0.0,0.0,0.0,9263.254,0.0,0.0,0.0,635.23627,6754.517,474.26266,19.611969,0.0,6.8013,0.0,0.0,6262.712
15.0,13.0,0.0,0.0,0.0,6900.6553,0.0,0.0,0.0,730.2245,3286.7556,237.83038,0.13950635,0.0,1.7839768,0.0,0.0,7047.5474
15.0,14.0,0.0,0.0,0.0,5211.395,0.0,564.4102,0.0,2436.4531,15106.189,353.7311,21.610384,0.0,31.192684,0.0,0.0,3931.111
15.0,15.0,0.0,0.0,0.0,2714.958,0.0,4561.815,0.0,3929.385,0.0,0.0,21.26521,0.0,0.0,0.0,0.0,1269.0403
15.0,16.0,0.0,0.0,0.0,943.3992,0.0,2510.9988,0.0,573.01013,0.0,0.0,1.8704022,0.0,0.0,0.0,0.0,722.50116
15.0,17.0,0.0,0.0,0.0,530.21136,0.0,543.6376,0.0,138.65846,0.0,0.0,0.0,0.0,0.0,0.0,0.0,608.7602
15.0,18.0,0.0,0.0,0.0,343.44373,0.0,53.47587,0.0,50.92735,0.0,0.0,0.0,0.0,0.0,0.0,0.0,524.9199
15.0,19.0,0.0,0.0,0.0,235.73573,0.0,6.068235,0.0,24.56994,0.0,0.0,0.0,0.0,0.0,0.0,0.0,467.23547
15.0,20.0,0.0,0.0,0.0,0.0,0.0,1.1723793,0.0,0.0,0.0,0.0,0.0,0.0,0.0,0.0,0.0,0.0
15.0,21.0,0.0,0.0,0.0,0.0,0.0,0.4081084,0.0,0.0,0.0,0.0,0.0,0.0,0.0,0.0,0.0,0.0
15.0,22.0,0.0,0.0,0.0,0.0,0.0,0.15726522,0.0,0.0,0.0,0.0,0.0,0.0,0.0,0.0,0.0,0.0
15.0,23.0,0.0,0.0,0.0,0.0,0.0,0.06312893,0.0,0.0,0.0,0.0,0.0,0.0,0.0,0.0,0.0,0.0
15.0,24.0,0.0,0.0,0.0,0.0,0.0,0.0,0.0,0.0,0.0,0.0,0.0,0.0,0.0,0.0,0.0,0.0
15.0,25.0,0.0,0.0,0.0,0.0,0.0,0.0,0.0,0.0,0.0,0.0,0.0,0.0,0.0,0.0,0.0,0.0
16.0,0.0,59.872047,350.93185,14582.724,134475.44,90079.83,0.4700699,588.7808,12992.411,5869.55,27199.041,993.7398,139393.23,361.21097,19932.73,27870.87,115.53042
16.0,1.0,246.64215,879.1888,34597.29,226106.36,169463.1,0.051954485,304.84427,13494.373,2732.6472,33563.332,4543.567,35253.81,1305.6108,16918.416,67551.4,435.96707
16.0,2.0,425.1708,607.66284,26596.703,160787.38,204891.58,0.01008009,528.7621,10682.713,3948.642,24293.49,3548.868,30935.938,1228.699,0.0,0.0,665.6508
16.0,3.0,580.01074,447.75214,22533.914,111519.03,237448.2,0.27364272,784.3923,7966.738,5469.4175,22390.434,2549.9297,11865.6455,606.5523,0.0,0.0,1122.6434
16.0,4.0,708.67126,403.59375,0.0,60134.617,197301.05,8.8926894E-4,864.17535,6135.4385,1428.5559,16666.104,2273.7783,9060.078,379.2009,0.0,0.0,1740.0952
16.0,5.0,826.50806,1041.5616,0.0,44903.46,0.0,1.0465615,465.53638,5214.2905,5277.5376,8365.642,935.47174,3747.6145,133.98827,0.0,0.0,2324.8674
16.0,6.0,1702.6671,1489.1569,0.0,40262.625,0.0,5.583092,0.0,3999.4924,12196.508,7119.541,601.0004,1096.4506,139.62787,0.0,0.0,3034.7896
16.0,7.0,3440.5264,1687.2896,0.0,30932.45,0.0,1.5618954,0.0,3062.8662,7980.1226,4688.655,470.81003,155.15645,114.97668,0.0,0.0,3723.9414
16.0,8.0,4269.3584,1168.4553,0.0,21164.209,0.0,0.0666584,0.0,2485.504,4717.6255,3205.6296,383.41992,48.224228,89.30798,0.0,0.0,4458.5
16.0,9.0,3803.739,603.0658,0.0,13770.642,0.0,0.12541914,0.0,2139.8252,6200.2397,2533.2334,230.874,15.754888,21.900131,0.0,0.0,5099.663
16.0,10.0,0.0,801.3936,0.0,10906.4795,0.0,2.9182284,0.0,1322.5883,6609.3887,1656.6343,141.49736,15.957806,26.81446,0.0,0.0,5604.4453
16.0,11.0,0.0,0.0,0.0,5950.502,0.0,0.19348451,0.0,1242.6317,10413.881,885.09406,77.47437,0.0,10.524326,0.0,0.0,6131.3525
16.0,12.0,0.0,0.0,0.0,6847.6367,0.0,0.0,0.0,946.8193,4865.464,583.89575,38.991943,0.0,6.808071,0.0,0.0,6557.331
16.0,13.0,0.0,0.0,0.0,6788.829,0.0,0.0,0.0,466.00214,6014.6074,295.56906,10.67928,0.0,3.8946905,0.0,0.0,6239.77
16.0,14.0,0.0,0.0,0.0,5023.4434,0.0,0.0,0.0,567.72314,2821.181,146.12889,0.07815139,0.0,0.9966141,0.0,0.0,6936.963
16.0,15.0,0.0,0.0,0.0,3844.3894,0.0,502.59836,0.0,1989.5013,0.0,0.0,11.634231,0.0,0.0,0.0,0.0,3852.137
16.0,16.0,0.0,0.0,0.0,2049.076,0.0,4134.603,0.0,3363.4038,0.0,0.0,11.842767,0.0,0.0,0.0,0.0,1233.8574
16.0,17.0,0.0,0.0,0.0,720.5253,0.0,2265.2026,0.0,484.5766,0.0,0.0,0.0,0.0,0.0,0.0,0.0,694.5104
16.0,18.0,0.0,0.0,0.0,404.89688,0.0,488.73917,0.0,116.067635,0.0,0.0,0.0,0.0,0.0,0.0,0.0,581.3881
16.0,19.0,0.0,0.0,0.0,264.14383,0.0,47.933064,0.0,41.95603,0.0,0.0,0.0,0.0,0.0,0.0,0.0,498.9864
16.0,20.0,0.0,0.0,0.0,0.0,0.0,5.42321,0.0,0.0,0.0,0.0,0.0,0.0,0.0,0.0,0.0,0.0
16.0,21.0,0.0,0.0,0.0,0.0,0.0,1.0448803,0.0,0.0,0.0,0.0,0.0,0.0,0.0,0.0,0.0,0.0
16.0,22.0,0.0,0.0,0.0,0.0,0.0,0.3606952,0.0,0.0,0.0,0.0,0.0,0.0,0.0,0.0,0.0,0.0
16.0,23.0,0.0,0.0,0.0,0.0,0.0,0.13022926,0.0,0.0,0.0,0.0,0.0,0.0,0.0,0.0,0.0,0.0
16.0,24.0,0.0,0.0,0.0,0.0,0.0,0.0,0.0,0.0,0.0,0.0,0.0,0.0,0.0,0.0,0.0,0.0
16.0,25.0,0.0,0.0,0.0,0.0,0.0,0.0,0.0,0.0,0.0,0.0,0.0,0.0,0.0,0.0,0.0,0.0
17.0,0.0,74.24751,198.70958,12398.901,118330.89,88457.21,0.051845033,1218.4508,11551.496,5108.452,35831.973,878.48883,51286.477,421.49493,6034.4766,35462.934,212.59888
17.0,1.0,291.83633,969.08075,42545.39,228593.55,168202.1,0.039838098,728.66705,12373.585,1817.1022,35011.113,4539.696,119533.88,1310.6654,57663.15,75396.086,582.342
17.0,2.0,511.7661,1056.0256,36688.21,129192.586,197301.28,0.13456176,275.50003,11243.341,5918.5537,23842.979,3930.6897,19876.105,1115.1614,0.0,0.0,912.78784
17.0,3.0,716.8035,703.734,22735.5,93882.555,212783.66,0.013663243,513.04364,10276.122,5891.5938,21448.383,2978.215,14855.01,875.4501,0.0,0.0,1140.9679
17.0,4.0,857.44135,506.10132,0.0,84533.32,217576.8,0.34926125,719.6151,7145.699,6461.218,16063.081,1946.7928,5522.7114,382.74454,0.0,0.0,1643.4617
17.0,5.0,952.1867,460.45618,0.0,44269.023,0.0,0.0010449114,778.0936,5181.718,1638.9006,11026.065,1709.0139,4205.1177,222.67209,0.0,0.0,2303.752
17.0,6.0,1032.4785,1174.6874,0.0,35814.164,0.0,1.2006304,0.0,4297.069,5748.1675,5584.2734,674.07605,1598.0704,81.37196,0.0,0.0,2868.959
17.0,7.0,2003.298,1628.4656,0.0,30689.586,0.0,6.2412114,0.0,3270.1118,12476.123,4648.9,410.62823,448.012,87.012054,0.0,0.0,3555.4875
17.0,8.0,3888.3796,1752.6663,0.0,24373.547,0.0,1.6618342,0.0,2457.918,8271.528,3150.678,317.4599,63.124027,66.58436,0.0,0.0,4194.4116
17.0,9.0,4679.088,1208.1582,0.0,16722.516,0.0,0.06913364,0.0,1989.77,4764.682,2121.0417,256.7855,18.951117,54.578102,0.0,0.0,4869.5444
17.0,10.0,0.0,615.4884,0.0,10820.469,0.0,0.12506306,0.0,1686.3981,5984.931,1658.6498,151.4296,5.835169,12.93147,0.0,0.0,5436.443
17.0,11.0,0.0,0.0,0.0,8692.337,0.0,2.8862457,0.0,1037.8153,6172.3203,1069.9805,92.401245,0.0,16.590237,0.0,0.0,5859.244
17.0,12.0,0.0,0.0,0.0,4601.0376,0.0,0.18787219,0.0,1002.1793,9739.622,568.9455,49.97671,0.0,6.4792356,0.0,0.0,6308.9526
17.0,13.0,0.0,0.0,0.0,5214.488,0.0,0.0,0.0,774.90094,4552.105,370.20612,25.094452,0.0,4.202691,0.0,0.0,6658.4
17.0,14.0,0.0,0.0,0.0,5157.668,0.0,0.0,0.0,360.38742,5656.993,186.18018,6.9019337,0.0,2.518515,0.0,0.0,6267.7427
17.0,15.0,0.0,0.0,0.0,4025.5728,0.0,0.0,0.0,475.08804,0.0,0.0,0.050936177,0.0,0.0,0.0,0.0,6902.1245
17.0,16.0,0.0,0.0,0.0,3040.9917,0.0,465.8946,0.0,1773.4644,0.0,0.0,6.936597,0.0,0.0,0.0,0.0,3806.849
17.0,17.0,0.0,0.0,0.0,1699.3337,0.0,3827.7305,0.0,3031.624,0.0,0.0,0.0,0.0,0.0,0.0,0.0,1210.6575
17.0,18.0,0.0,0.0,0.0,607.6846,0.0,2086.492,0.0,431.97125,0.0,0.0,0.0,0.0,0.0,0.0,0.0,676.591
17.0,19.0,0.0,0.0,0.0,341.96136,0.0,448.56607,0.0,102.454796,0.0,0.0,0.0,0.0,0.0,0.0,0.0,563.5002
17.0,20.0,0.0,0.0,0.0,0.0,0.0,43.876236,0.0,0.0,0.0,0.0,0.0,0.0,0.0,0.0,0.0,0.0
17.0,21.0,0.0,0.0,0.0,0.0,0.0,4.9539785,0.0,0.0,0.0,0.0,0.0,0.0,0.0,0.0,0.0,0.0
17.0,22.0,0.0,0.0,0.0,0.0,0.0,0.9529491,0.0,0.0,0.0,0.0,0.0,0.0,0.0,0.0,0.0,0.0
17.0,23.0,0.0,0.0,0.0,0.0,0.0,0.29710788,0.0,0.0,0.0,0.0,0.0,0.0,0.0,0.0,0.0,0.0
17.0,24.0,0.0,0.0,0.0,0.0,0.0,0.11512184,0.0,0.0,0.0,0.0,0.0,0.0,0.0,0.0,0.0,0.0
17.0,25.0,0.0,0.0,0.0,0.0,0.0,0.0,0.0,0.0,0.0,0.0,0.0,0.0,0.0,0.0,0.0,0.0
18.0,0.0,65.35211,45.340214,13754.236,136853.45,99334.52,0.20573695,962.5031,10150.698,4703.7334,31604.883,524.04236,24680.836,143.24294,18800.89,34726.945,284.6079
18.0,1.0,319.24823,315.1963,36408.65,223597.02,150206.31,0.0028477488,1002.95184,12394.166,3565.1035,50391.637,3277.5115,49700.613,883.6705,18469.191,75401.14,967.24963
18.0,2.0,618.125,1079.8463,43007.87,141998.36,199061.61,0.061876528,713.7641,10318.5625,3770.1443,26727.06,4003.8992,52837.7,1191.1373,0.0,0.0,1216.4248
18.0,3.0,871.66986,1195.9347,30545.873,70230.95,196975.77,0.24358813,270.37967,10250.811,9409.567,20661.924,2954.8416,10250.768,796.2442,0.0,0.0,1565.2961
18.0,4.0,1070.5249,830.74335,0.0,66767.78,197156.31,0.016249247,449.63022,9470.933,7391.697,15514.806,2294.6606,7759.9937,555.76294,0.0,0.0,1687.2252
18.0,5.0,1160.8773,600.23645,0.0,65657.49,0.0,0.386329,646.4364,6322.0576,7207.386,10345.821,1497.729,2558.8057,222.76428,0.0,0.0,2187.6394
18.0,6.0,1200.1729,526.83057,0.0,33893.12,0.0,0.0011923325,0.0,4373.3457,1899.5204,7202.78,1259.6179,1789.295,127.11188,0.0,0.0,2857.743
18.0,7.0,1232.7155,1294.735,0.0,28999.732,0.0,1.3160107,0.0,3564.1704,6078.6655,3702.1797,471.30487,658.39655,51.86654,0.0,0.0,3379.9346
18.0,8.0,2282.4148,1707.7955,0.0,23430.074,0.0,6.750377,0.0,2722.8347,12849.9,3067.0244,277.88443,186.0498,51.998337,0.0,0.0,4026.8909
18.0,9.0,4296.1914,1774.5952,0.0,19289.252,0.0,1.7252365,0.0,1998.3024,8001.85,2089.8577,220.36656,26.673058,40.36835,0.0,0.0,4607.2524
18.0,10.0,0.0,1235.042,0.0,13242.243,0.0,0.070377104,0.0,1600.3291,4630.353,1375.7432,174.56367,7.635316,32.968006,0.0,0.0,5219.8867
18.0,11.0,0.0,0.0,0.0,8529.438,0.0,0.12285945,0.0,1356.5294,5649.7207,1056.4219,101.050186,0.0,7.8741126,0.0,0.0,5714.976
18.0,12.0,0.0,0.0,0.0,7013.7007,0.0,2.8289607,0.0,837.5318,5912.901,681.9975,60.469917,0.0,10.381282,0.0,0.0,6062.4067
18.0,13.0,0.0,0.0,0.0,3518.7874,0.0,0.1815689,0.0,827.14307,9191.161,363.259,33.06402,0.0,3.899446,0.0,0.0,6442.7285
18.0,14.0,0.0,0.0,0.0,4002.4727,0.0,0.0,0.0,653.76984,4312.0215,233.43137,16.388762,0.0,2.6152384,0.0,0.0,6725.1562
18.0,15.0,0.0,0.0,0.0,4008.4326,0.0,0.0,0.0,287.75946,0.0,0.0,4.4148374,0.0,0.0,0.0,0.0,6274.037
18.0,16.0,0.0,0.0,0.0,3170.8877,0.0,0.0,0.0,409.05942,0.0,0.0,0.03289482,0.0,0.0,0.0,0.0,6853.1387
18.0,17.0,0.0,0.0,0.0,2402.1099,0.0,431.97052,0.0,1605.8063,0.0,0.0,0.0,0.0,0.0,0.0,0.0,3760.4812
18.0,18.0,0.0,0.0,0.0,1459.7819,0.0,3557.6968,0.0,2771.4722,0.0,0.0,0.0,0.0,0.0,0.0,0.0,1188.8092
18.0,19.0,0.0,0.0,0.0,527.41864,0.0,1931.8079,0.0,392.37427,0.0,0.0,0.0,0.0,0.0,0.0,0.0,660.0141
18.0,20.0,0.0,0.0,0.0,0.0,0.0,414.1596,0.0,0.0,0.0,0.0,0.0,0.0,0.0,0.0,0.0,0.0
18.0,21.0,0.0,0.0,0.0,0.0,0.0,40.42434,0.0,0.0,0.0,0.0,0.0,0.0,0.0,0.0,0.0,0.0
18.0,22.0,0.0,0.0,0.0,0.0,0.0,4.5561285,0.0,0.0,0.0,0.0,0.0,0.0,0.0,0.0,0.0,0.0
18.0,23.0,0.0,0.0,0.0,0.0,0.0,0.8751387,0.0,0.0,0.0,0.0,0.0,0.0,0.0,0.0,0.0,0.0
18.0,24.0,0.0,0.0,0.0,0.0,0.0,0.26185971,0.0,0.0,0.0,0.0,0.0,0.0,0.0,0.0,0.0,0.0
18.0,25.0,0.0,0.0,0.0,0.0,0.0,0.0,0.0,0.0,0.0,0.0,0.0,0.0,0.0,0.0,0.0,0.0
19.0,0.0,45.733067,300.06952,14492.902,144640.55,84766.84,0.4832945,705.1631,12454.331,4568.306,27470.254,1243.3875,25262.83,549.5025,13109.067,33905.098,357.94324
19.0,1.0,261.45697,703.3261,42528.88,256691.45,178499.58,0.08726483,528.86536,10510.262,2639.3062,43874.52,4211.6587,32714.922,1268.7717,60313.418,74501.18,1257.6675
19.0,2.0,665.3586,343.09802,37580.156,134053.4,185225.2,0.0043618805,849.9986,10212.963,6682.156,31809.426,3045.575,22688.154,741.5425,0.0,0.0,2007.8414
19.0,3.0,1073.685,1042.7638,35767.242,83357.38,203481.75,0.10229279,676.2941,9486.338,6059.2246,22933.408,3230.7483,26893.816,834.24896,0.0,0.0,2116.181
19.0,4.0,1318.7908,1271.1981,0.0,50741.566,182626.72,0.34372425,241.79054,9313.867,11389.389,14985.774,2352.5835,5082.4014,495.27887,0.0,0.0,2321.565
19.0,5.0,1467.8433,987.9566,0.0,52486.21,0.0,0.018206565,392.64493,8466.043,8394.473,10021.258,1812.6512,3610.4114,337.53867,0.0,0.0,2267.577
19.0,6.0,1479.9309,669.86255,0.0,52143.953,0.0,0.45472333,0.0,5542.883,7373.6577,6803.7188,1123.6718,1116.8512,139.97633,0.0,0.0,2731.0847
19.0,7.0,1451.1542,570.0471,0.0,26104.01,0.0,0.0013172062,0.0,3654.0618,1964.6489,4708.326,935.7616,738.8304,76.12903,0.0,0.0,3387.6592
19.0,8.0,1430.4637,1360.9857,0.0,22958.666,0.0,1.4052892,0.0,2964.5642,6195.6743,2466.2646,336.7862,270.61493,32.21728,0.0,0.0,3852.9517
19.0,9.0,2553.8142,1723.8706,0.0,18630.049,0.0,7.1166553,0.0,2286.495,12409.364,2018.5079,195.14961,74.485374,32.718494,0.0,0.0,4451.936
19.0,10.0,0.0,1780.0397,0.0,15700.877,0.0,1.7620053,0.0,1651.3533,7524.733,1318.2478,152.10449,10.583872,24.437742,0.0,0.0,4971.3916
19.0,11.0,0.0,0.0,0.0,10783.979,0.0,0.07078018,0.0,1315.9917,4457.8604,865.45184,119.7936,0.0,20.571371,0.0,0.0,5522.872
19.0,12.0,0.0,0.0,0.0,6809.916,0.0,0.120241135,0.0,1118.8964,5307.338,671.5456,68.118904,0.0,4.8285,0.0,0.0,5951.29
19.0,13.0,0.0,0.0,0.0,5728.9106,0.0,2.7616658,0.0,690.8056,5746.1196,428.64035,40.81538,0.0,6.486518,0.0,0.0,6231.0776
19.0,14.0,0.0,0.0,0.0,2755.5203,0.0,0.17524654,0.0,698.21735,8658.473,229.8077,22.197525,0.0,2.3451855,0.0,0.0,6550.349
19.0,15.0,0.0,0.0,0.0,2998.7744,0.0,0.0,0.0,565.83307,0.0,0.0,10.997116,0.0,0.0,0.0,0.0,6774.8774
19.0,16.0,0.0,0.0,0.0,3168.029,0.0,0.0,0.0,235.11043,0.0,0.0,2.9767952,0.0,0.0,0.0,0.0,6272.7783
19.0,17.0,0.0,0.0,0.0,2588.043,0.0,0.0,0.0,361.86392,0.0,0.0,0.0,0.0,0.0,0.0,0.0,6805.158
19.0,18.0,0.0,0.0,0.0,1924.4214,0.0,403.4893,0.0,1484.2284,0.0,0.0,0.0,0.0,0.0,0.0,0.0,3717.2234
19.0,19.0,0.0,0.0,0.0,1302.6262,0.0,3327.396,0.0,2577.6895,0.0,0.0,0.0,0.0,0.0,0.0,0.0,1169.148
19.0,20.0,0.0,0.0,0.0,0.0,0.0,1800.9313,0.0,0.0,0.0,0.0,0.0,0.0,0.0,0.0,0.0,0.0
19.0,21.0,0.0,0.0,0.0,0.0,0.0,385.20724,0.0,0.0,0.0,0.0,0.0,0.0,0.0,0.0,0.0,0.0
19.0,22.0,0.0,0.0,0.0,0.0,0.0,37.53205,0.0,0.0,0.0,0.0,0.0,0.0,0.0,0.0,0.0,0.0
19.0,23.0,0.0,0.0,0.0,0.0,0.0,4.2240334,0.0,0.0,0.0,0.0,0.0,0.0,0.0,0.0,0.0,0.0
19.0,24.0,0.0,0.0,0.0,0.0,0.0,0.8103985,0.0,0.0,0.0,0.0,0.0,0.0,0.0,0.0,0.0,0.0
19.0,25.0,0.0,0.0,0.0,0.0,0.0,0.0,0.0,0.0,0.0,0.0,0.0,0.0,0.0,0.0,0.0,0.0
20.0,0.0,31.542372,217.9233,11826.049,92173.16,85632.8,0.20296714,358.76645,10604.909,4564.9487,30904.742,752.32043,26688.59,234.05652,20643.87,29218.598,450.81247
20.0,1.0,187.36945,989.0301,38783.777,290980.1,130841.33,0.07912588,395.57248,10934.773,2609.2573,38082.5,4462.792,34727.24,1270.284,30354.9,71829.77,1574.8159
20.0,2.0,561.67194,701.7852,43447.996,167237.44,210251.3,0.12547626,428.59442,8611.253,4286.544,28636.023,3973.688,19659.012,1140.2084,0.0,0.0,2588.3562
20.0,3.0,1157.8282,385.42368,31145.404,74909.34,184712.22,0.006591906,771.2779,9676.428,9436.521,26277.838,2517.0715,11928.828,511.2723,0.0,0.0,3480.916
20.0,4.0,1635.558,1097.7003,0.0,57825.777,187381.67,0.13034147,619.52167,8837.937,7484.3857,17415.514,2667.7932,13137.71,524.78516,0.0,0.0,3163.9958
20.0,5.0,1816.3401,1449.0273,0.0,40231.13,0.0,0.42999163,212.93474,8296.391,12826.08,9963.036,1858.2468,2427.2114,309.47202,0.0,0.0,3120.2349
20.0,6.0,1880.2972,1103.6068,0.0,39342.17,0.0,0.021255525,0.0,7479.3984,9001.4375,6462.739,1386.2354,1607.1974,205.81284,0.0,0.0,2844.0852
20.0,7.0,1796.3364,723.03796,0.0,41263.797,0.0,0.51693845,0.0,4816.223,7507.4385,4491.412,836.1928,486.03732,83.643715,0.0,0.0,3245.4438
20.0,8.0,1692.0916,604.86066,0.0,20210.936,0.0,0.0014095652,0.0,3025.227,2072.629,3101.437,672.4417,309.14304,43.45456,0.0,0.0,3870.6055
20.0,9.0,1615.5497,1409.9111,0.0,18341.613,0.0,1.464762,0.0,2475.856,6254.288,1633.1741,238.00877,110.30739,19.242662,0.0,0.0,4270.2905
20.0,10.0,0.0,1725.498,0.0,14478.033,0.0,7.325297,0.0,1938.054,12091.614,1318.1666,136.7746,30.274965,19.790266,0.0,0.0,4815.786
20.0,11.0,0.0,0.0,0.0,12527.156,0.0,1.7702739,0.0,1388.8632,7365.3657,845.8001,105.33955,0.0,15.421185,0.0,0.0,5273.639
20.0,12.0,0.0,0.0,0.0,8408.32,0.0,0.07022338,0.0,1095.507,4463.6167,549.1853,81.12867,0.0,12.877033,0.0,0.0,5765.574
20.0,13.0,0.0,0.0,0.0,5532.7734,0.0,0.11713137,0.0,921.31085,5080.0044,424.22357,45.88157,0.0,2.935913,0.0,0.0,6131.9746
20.0,14.0,0.0,0.0,0.0,4598.2935,0.0,2.677131,0.0,572.1399,5614.3877,270.44925,27.5385,0.0,3.9948714,0.0,0.0,6350.9136
20.0,15.0,0.0,0.0,0.0,2155.3245,0.0,0.16827072,0.0,590.26874,0.0,0.0,14.92627,0.0,0.0,0.0,0.0,6615.939
20.0,16.0,0.0,0.0,0.0,2250.4075,0.0,0.0,0.0,489.17133,0.0,0.0,7.338161,0.0,0.0,0.0,0.0,6789.9893
20.0,17.0,0.0,0.0,0.0,2499.61,0.0,0.0,0.0,194.87224,0.0,0.0,0.0,0.0,0.0,0.0,0.0,6246.3706
20.0,18.0,0.0,0.0,0.0,2108.2698,0.0,0.0,0.0,326.73953,0.0,0.0,0.0,0.0,0.0,0.0,0.0,6738.033
20.0,19.0,0.0,0.0,0.0,1572.871,0.0,378.3515,0.0,1385.4493,0.0,0.0,0.0,0.0,0.0,0.0,0.0,3664.7231
20.0,20.0,0.0,0.0,0.0,0.0,0.0,3115.5474,0.0,0.0,0.0,0.0,0.0,0.0,0.0,0.0,0.0,0.0
20.0,21.0,0.0,0.0,0.0,0.0,0.0,1681.4762,0.0,0.0,0.0,0.0,0.0,0.0,0.0,0.0,0.0,0.0
20.0,22.0,0.0,0.0,0.0,0.0,0.0,358.92767,0.0,0.0,0.0,0.0,0.0,0.0,0.0,0.0,0.0,0.0
20.0,23.0,0.0,0.0,0.0,0.0,0.0,34.91945,0.0,0.0,0.0,0.0,0.0,0.0,0.0,0.0,0.0,0.0
20.0,24.0,0.0,0.0,0.0,0.0,0.0,3.9255407,0.0,0.0,0.0,0.0,0.0,0.0,0.0,0.0,0.0,0.0
20.0,25.0,0.0,0.0,0.0,0.0,0.0,0.0,0.0,0.0,0.0,0.0,0.0,0.0,0.0,0.0,0.0,0.0
