"Distribution of the biomass (tonne) of prey species (in columns) in the diet of horseMackerel by Age class (year). For class i, the preyed biomass in [i,i+1[ is reported."
"Time","Age","lesserSpottedDogfish","redMullet","pouting","whiting","poorCod","cod","dragonet","sole","plaice","horseMackerel","mackerel","herring","sardine","squids","cuttlefish","thornbackRay","diatoms","microPhytoplankton","heterotrophicFlagellates","microZooplankton","mesoZooplankton","Macrozoo","meioBenthos","depositBenthos","suspensionBenthos","largeBenthos","veryLargeBenthos"
1.0,0.0,0.0,4.0732026,64.97319,297.18237,1.4328336,2.0926275,33.656845,16.317858,56.6304,0.07862278,1.0414841,9.54144,57.14983,392.45325,0.0,0.0,0.0,0.0,0.0,0.00896261,0.009897588,809.77515,0.0,0.0,0.0,0.0,0.0
1.0,1.0,0.0,46.07231,381.69382,436.01572,79.527374,41.795567,168.40695,37.88662,45.68671,0.6076527,341.25375,40.876087,672.77637,2157.537,0.0,0.0,0.0,0.0,0.0,0.0,0.04920299,2122.6868,0.0,0.0,0.0,0.0,0.0
1.0,2.0,0.0,7.9986825,105.216866,123.97481,19.421593,11.806833,28.143887,9.41111,37.90904,0.22447816,74.970634,30.739965,202.76813,487.4806,0.0,0.0,0.0,0.0,0.0,0.0,0.013960292,695.96875,0.0,0.0,0.0,0.0,0.0
1.0,3.0,0.0,7.0097923,65.199326,88.47521,46.776787,10.461932,23.055235,9.350365,24.104918,4.091899,57.90747,25.363161,157.48747,507.08017,0.0,0.0,0.0,0.0,0.0,0.0,0.012874525,582.67926,0.0,0.0,0.0,0.0,0.0
1.0,4.0,0.0,3.0623755,26.136627,34.18964,22.21713,11.690167,7.138104,5.176221,21.486128,16.317888,18.462814,20.074131,79.785645,171.5657,0.0,0.0,0.0,0.0,0.0,0.0,0.0056659924,316.27295,0.0,0.0,0.0,0.0,0.0
1.0,5.0,0.0,1.3023684,21.569544,23.442503,15.351867,7.6090136,8.074505,4.5946074,14.811335,14.496257,13.784644,25.479252,58.837902,158.13542,0.0,0.0,0.0,0.0,0.0,0.0,0.0044696494,271.34555,0.0,0.0,0.0,0.0,0.0
1.0,6.0,0.0,1.1442745,21.461542,21.128925,14.335916,3.7456744,5.9840727,5.5533504,13.895769,10.015909,16.347454,17.258219,69.639404,130.09769,0.0,0.0,0.0,0.0,0.0,0.0,0.0035358923,232.85103,0.0,0.0,0.0,0.0,0.0
1.0,7.0,0.0,1.2470472,13.323585,13.450311,13.76496,4.657361,6.2564178,4.475066,11.431298,14.095507,11.758691,12.350397,61.076252,112.90065,0.0,0.0,0.0,0.0,0.0,0.0,0.003046855,196.78421,0.0,0.0,0.0,0.0,0.0
1.0,8.0,0.0,0.8731205,12.362692,7.604579,11.033297,5.178325,3.97082,3.8715632,14.823095,19.469692,6.6323824,13.364678,59.24453,96.80072,0.0,0.0,0.0,0.0,0.0,0.0,0.0023938739,170.67593,0.0,0.0,0.0,0.0,0.0
1.0,9.0,0.0,0.26316148,11.855135,12.056825,9.797333,3.875804,5.282654,3.681049,8.218318,16.77007,7.537634,21.793245,57.624622,87.07178,0.0,0.0,0.0,0.0,0.0,0.0,0.0020255644,153.17776,0.0,0.0,0.0,0.0,0.0
1.0,10.0,5.066447E-4,0.29565215,15.195797,13.890487,10.82655,5.511725,2.4068506,3.8883212,9.130778,11.980168,7.4261446,16.943958,53.389572,84.34707,0.0,0.0,0.0,0.0,0.0,0.0,0.0015127911,136.60338,0.0,0.0,0.0,0.0,0.0
1.0,11.0,0.0,0.5818621,12.3774185,12.141345,12.144028,3.5339994,1.9538414,2.6642685,8.43215,7.8161225,6.8644023,16.589235,51.091656,79.50016,0.0,0.0,0.0,0.0,0.0,0.0,0.0014124531,123.91386,0.0,0.0,0.0,0.0,0.0
1.0,12.0,0.0,0.33045286,11.085714,7.1808753,11.428236,3.7201498,4.096361,2.7589114,8.664771,14.55138,4.7581725,20.411814,49.067623,63.53577,0.0,0.0,0.0,0.0,0.0,0.0,0.0012442849,100.30695,0.0,0.0,0.0,0.0,0.0
1.0,13.0,3.7963E-4,0.7724818,9.117827,7.1899705,10.363415,1.9339719,6.302841,0.6409978,6.8143234,11.603932,3.8527458,18.212307,41.85932,52.5272,0.0,0.0,0.0,0.0,0.0,0.0,9.675049E-4,95.6379,0.0,0.0,0.0,0.0,0.0
1.0,14.0,1.892256E-4,0.055922072,10.348258,9.517494,8.149793,2.4055793,3.2669773,1.7439778,4.4703426,7.156054,4.901322,19.624174,34.905006,53.887455,0.0,0.0,0.0,0.0,0.0,0.0,8.276628E-4,76.63286,0.0,0.0,0.0,0.0,0.0
1.0,15.0,0.0,0.0,0.0,0.0,0.0,0.0,0.0,0.0,0.0,0.0,0.0,0.0,0.0,0.0,0.0,0.0,0.0,0.0,0.0,0.0,0.0,0.0,0.0,0.0,0.0,0.0,0.0
1.0,16.0,0.0,0.0,0.0,0.0,0.0,0.0,0.0,0.0,0.0,0.0,0.0,0.0,0.0,0.0,0.0,0.0,0.0,0.0,0.0,0.0,0.0,0.0,0.0,0.0,0.0,0.0,0.0
1.0,17.0,0.0,0.0,0.0,0.0,0.0,0.0,0.0,0.0,0.0,0.0,0.0,0.0,0.0,0.0,0.0,0.0,0.0,0.0,0.0,0.0,0.0,0.0,0.0,0.0,0.0,0.0,0.0
1.0,18.0,0.0,0.0,0.0,0.0,0.0,0.0,0.0,0.0,0.0,0.0,0.0,0.0,0.0,0.0,0.0,0.0,0.0,0.0,0.0,0.0,0.0,0.0,0.0,0.0,0.0,0.0,0.0
1.0,19.0,0.0,0.0,0.0,0.0,0.0,0.0,0.0,0.0,0.0,0.0,0.0,0.0,0.0,0.0,0.0,0.0,0.0,0.0,0.0,0.0,0.0,0.0,0.0,0.0,0.0,0.0,0.0
1.0,20.0,0.0,0.0,0.0,0.0,0.0,0.0,0.0,0.0,0.0,0.0,0.0,0.0,0.0,0.0,0.0,0.0,0.0,0.0,0.0,0.0,0.0,0.0,0.0,0.0,0.0,0.0,0.0
1.0,21.0,0.0,0.0,0.0,0.0,0.0,0.0,0.0,0.0,0.0,0.0,0.0,0.0,0.0,0.0,0.0,0.0,0.0,0.0,0.0,0.0,0.0,0.0,0.0,0.0,0.0,0.0,0.0
1.0,22.0,0.0,0.0,0.0,0.0,0.0,0.0,0.0,0.0,0.0,0.0,0.0,0.0,0.0,0.0,0.0,0.0,0.0,0.0,0.0,0.0,0.0,0.0,0.0,0.0,0.0,0.0,0.0
1.0,23.0,0.0,0.0,0.0,0.0,0.0,0.0,0.0,0.0,0.0,0.0,0.0,0.0,0.0,0.0,0.0,0.0,0.0,0.0,0.0,0.0,0.0,0.0,0.0,0.0,0.0,0.0,0.0
1.0,24.0,0.0,0.0,0.0,0.0,0.0,0.0,0.0,0.0,0.0,0.0,0.0,0.0,0.0,0.0,0.0,0.0,0.0,0.0,0.0,0.0,0.0,0.0,0.0,0.0,0.0,0.0,0.0
1.0,25.0,0.0,0.0,0.0,0.0,0.0,0.0,0.0,0.0,0.0,0.0,0.0,0.0,0.0,0.0,0.0,0.0,0.0,0.0,0.0,0.0,0.0,0.0,0.0,0.0,0.0,0.0,0.0
2.0,0.0,0.0,0.16442849,0.0046113753,0.0024992188,0.05123784,2.8540185E-7,0.03909991,0.016655942,0.029296359,0.0028757886,0.62738013,0.0,0.16268338,0.04135956,0.0,0.0,0.0,0.0,0.0,0.017352235,2.6850228E-4,1.4555721,0.0,0.0,0.0,0.0,0.0
2.0,1.0,0.0,15.537003,263.7564,265.1028,160.95628,38.31126,54.199306,34.327732,132.89165,0.07612499,283.0746,7.612564,412.59262,1682.86,0.0,0.0,0.0,0.0,0.0,0.0,0.023204744,1296.4271,0.0,0.0,0.0,0.0,0.0
2.0,2.0,5.706954E-5,138.74724,418.8614,560.8676,689.7552,28.084116,118.607445,42.267326,51.71828,0.8171848,991.8055,3.4717844,1040.5804,2015.2015,0.0,0.0,0.0,0.0,0.0,0.0,0.067546725,2480.7192,0.0,0.0,0.0,0.0,0.0
2.0,3.0,0.0,29.817842,114.01601,160.47394,137.6019,9.377001,35.425198,20.248814,29.901926,0.4387277,228.85225,0.6760638,258.79132,554.88025,0.0,0.0,0.0,0.0,0.0,0.0,0.019125981,663.2913,0.0,0.0,0.0,0.0,0.0
2.0,4.0,0.0,3.805319,57.35726,69.82166,70.19702,9.742659,11.68983,8.893258,16.23982,0.31040168,95.89712,0.93362164,86.24905,317.69153,0.0,0.0,0.0,0.0,0.0,0.0,0.008035714,324.87027,0.0,0.0,0.0,0.0,0.0
2.0,5.0,0.0,0.61457604,30.903828,33.588417,26.488314,5.1687555,8.603914,5.164582,10.843416,0.12900616,46.875385,2.1603076,36.720226,192.10709,0.0,0.0,0.0,0.0,0.0,0.0,0.0033361139,172.90343,0.0,0.0,0.0,0.0,0.0
2.0,6.0,0.0,0.80672437,28.854773,31.247423,28.426697,5.6434097,4.7899075,3.2545693,7.00136,0.0057206643,41.724472,3.0059292,30.722847,158.66388,0.0,0.0,0.0,0.0,0.0,0.0,0.0022538083,132.98448,0.0,0.0,0.0,0.0,0.0
2.0,7.0,0.0,1.584149,21.587395,22.714943,21.751795,3.0743744,4.085838,1.8532486,6.8503056,0.06907798,28.239044,2.348268,28.196735,148.2817,0.0,0.0,0.0,0.0,0.0,0.0,0.0017330317,107.91306,0.0,0.0,0.0,0.0,0.0
2.0,8.0,0.0,0.741736,14.7859955,22.563143,17.556227,1.0071044,3.1879485,1.2339399,4.725107,0.049214434,21.203415,3.9853666,24.402243,121.87071,0.0,0.0,0.0,0.0,0.0,0.0,0.0012699475,84.57054,0.0,0.0,0.0,0.0,0.0
2.0,9.0,3.7023394E-6,0.30487037,15.068533,14.01254,18.192362,2.3990622,2.6808496,0.66072124,4.3945017,0.007207011,20.553263,2.70904,22.683617,113.711716,0.0,0.0,0.0,0.0,0.0,0.0,9.051916E-4,71.43971,0.0,0.0,0.0,0.0,0.0
2.0,10.0,3.138563E-4,0.12927245,13.302887,16.437777,16.688307,2.172759,2.888829,1.8585061,4.289497,0.010607197,17.85835,2.3381188,16.841566,96.258484,0.0,0.0,0.0,0.0,0.0,0.0,8.2586514E-4,65.632805,0.0,0.0,0.0,0.0,0.0
2.0,11.0,5.5361824E-7,0.41871282,17.443142,21.924097,12.601992,3.804369,1.5755794,1.9079968,2.7538834,0.0042677466,17.728067,2.764216,18.660809,74.03081,0.0,0.0,0.0,0.0,0.0,0.0,7.0296397E-4,56.54721,0.0,0.0,0.0,0.0,0.0
2.0,12.0,4.6078985E-6,0.04120106,16.008657,16.918428,12.2400465,2.3237407,2.4223583,2.0952976,3.150975,0.0011705952,20.305956,4.1208487,14.969249,74.76636,0.0,0.0,0.0,0.0,0.0,0.0,3.6527737E-4,45.206818,0.0,0.0,0.0,0.0,0.0
2.0,13.0,7.4896985E-4,0.17825983,12.348066,12.266287,9.2367115,2.115096,1.6598783,0.672619,2.0902119,0.033441562,15.9080925,3.8499508,15.818688,62.72923,0.0,0.0,0.0,0.0,0.0,0.0,4.7987845E-4,46.636772,0.0,0.0,0.0,0.0,0.0
2.0,14.0,1.0159257E-4,0.38682768,9.094687,11.428395,10.858019,0.5578705,1.4001516,0.92452675,2.0960524,0.0026326494,9.4886265,2.681449,12.7660675,64.88561,0.0,0.0,0.0,0.0,0.0,0.0,3.4792183E-4,39.64343,0.0,0.0,0.0,0.0,0.0
2.0,15.0,0.0,0.0,0.0,0.0,0.0,0.0,0.0,0.0,0.0,0.0,0.0,0.0,0.0,0.0,0.0,0.0,0.0,0.0,0.0,0.0,0.0,0.0,0.0,0.0,0.0,0.0,0.0
2.0,16.0,0.0,0.0,0.0,0.0,0.0,0.0,0.0,0.0,0.0,0.0,0.0,0.0,0.0,0.0,0.0,0.0,0.0,0.0,0.0,0.0,0.0,0.0,0.0,0.0,0.0,0.0,0.0
2.0,17.0,0.0,0.0,0.0,0.0,0.0,0.0,0.0,0.0,0.0,0.0,0.0,0.0,0.0,0.0,0.0,0.0,0.0,0.0,0.0,0.0,0.0,0.0,0.0,0.0,0.0,0.0,0.0
2.0,18.0,0.0,0.0,0.0,0.0,0.0,0.0,0.0,0.0,0.0,0.0,0.0,0.0,0.0,0.0,0.0,0.0,0.0,0.0,0.0,0.0,0.0,0.0,0.0,0.0,0.0,0.0,0.0
2.0,19.0,0.0,0.0,0.0,0.0,0.0,0.0,0.0,0.0,0.0,0.0,0.0,0.0,0.0,0.0,0.0,0.0,0.0,0.0,0.0,0.0,0.0,0.0,0.0,0.0,0.0,0.0,0.0
2.0,20.0,0.0,0.0,0.0,0.0,0.0,0.0,0.0,0.0,0.0,0.0,0.0,0.0,0.0,0.0,0.0,0.0,0.0,0.0,0.0,0.0,0.0,0.0,0.0,0.0,0.0,0.0,0.0
2.0,21.0,0.0,0.0,0.0,0.0,0.0,0.0,0.0,0.0,0.0,0.0,0.0,0.0,0.0,0.0,0.0,0.0,0.0,0.0,0.0,0.0,0.0,0.0,0.0,0.0,0.0,0.0,0.0
2.0,22.0,0.0,0.0,0.0,0.0,0.0,0.0,0.0,0.0,0.0,0.0,0.0,0.0,0.0,0.0,0.0,0.0,0.0,0.0,0.0,0.0,0.0,0.0,0.0,0.0,0.0,0.0,0.0
2.0,23.0,0.0,0.0,0.0,0.0,0.0,0.0,0.0,0.0,0.0,0.0,0.0,0.0,0.0,0.0,0.0,0.0,0.0,0.0,0.0,0.0,0.0,0.0,0.0,0.0,0.0,0.0,0.0
2.0,24.0,0.0,0.0,0.0,0.0,0.0,0.0,0.0,0.0,0.0,0.0,0.0,0.0,0.0,0.0,0.0,0.0,0.0,0.0,0.0,0.0,0.0,0.0,0.0,0.0,0.0,0.0,0.0
2.0,25.0,0.0,0.0,0.0,0.0,0.0,0.0,0.0,0.0,0.0,0.0,0.0,0.0,0.0,0.0,0.0,0.0,0.0,0.0,0.0,0.0,0.0,0.0,0.0,0.0,0.0,0.0,0.0
3.0,0.0,0.0,0.9794844,0.11966875,1.9408149,0.4828992,6.7111587E-6,0.041644845,0.021072185,0.22744596,0.015425006,2.0878308,5.5242657E-7,2.4470918,9.652664E-6,0.0,0.0,0.0,0.0,0.0,0.033738177,3.1195037E-4,12.528029,0.0,0.0,0.0,0.0,0.0
3.0,1.0,0.0,0.048902534,0.0043454166,0.08317483,4.3971963,3.3614327E-8,0.0010461984,5.377481E-4,0.42402706,0.0012848843,0.04135017,2.3472838E-7,0.18222953,0.40439728,0.0,0.0,0.0,0.0,0.0,0.0,3.4469928E-4,7.398796,0.0,0.0,0.0,0.0,0.0
3.0,2.0,1.664078E-5,16.232807,213.76346,605.4589,468.39682,23.629103,60.061375,41.479294,306.9811,0.10718391,506.30228,7.8783593,490.37207,393.59894,0.0,0.0,0.0,0.0,0.0,0.0,0.035823166,1977.6372,0.0,0.0,0.0,0.0,0.0
3.0,3.0,3.127804E-6,207.56236,542.5416,1302.8502,1891.327,46.900448,124.037025,64.2628,89.03273,8.9677,1226.0436,13.864173,1214.7635,221.60693,0.0,0.0,0.0,0.0,0.0,0.0,0.075163335,3071.904,0.0,0.0,0.0,0.0,0.0
3.0,4.0,0.0,6.414637,71.298706,123.55924,239.69801,6.683194,9.074105,7.7803283,50.632618,0.7155364,155.65466,1.6585352,170.01201,67.04627,0.0,0.0,0.0,0.0,0.0,0.0,0.013719867,581.13385,0.0,0.0,0.0,0.0,0.0
3.0,5.0,0.0,2.834025,42.41521,81.474495,132.29305,3.634294,5.368124,4.572298,23.157637,0.9100229,83.08877,0.4657994,81.26741,44.22481,0.0,0.0,0.0,0.0,0.0,0.0,0.0069284895,280.80658,0.0,0.0,0.0,0.0,0.0
3.0,6.0,0.0,1.9139012,22.664505,41.968105,54.64893,1.0105644,1.6895446,3.4796057,12.743678,0.48192924,37.838608,1.6618229,39.347973,30.38866,0.0,0.0,0.0,0.0,0.0,0.0,0.003532494,148.42793,0.0,0.0,0.0,0.0,0.0
3.0,7.0,0.0,1.5242403,18.211435,38.285927,46.83205,1.0052011,2.0880756,1.7351418,9.184979,0.1476031,33.926174,0.8778771,28.834639,22.724316,0.0,0.0,0.0,0.0,0.0,0.0,0.0027203206,118.76913,0.0,0.0,0.0,0.0,0.0
3.0,8.0,9.193074E-5,0.78834254,13.090553,23.558111,36.122322,0.6948322,2.5589054,1.2088907,9.551635,0.4361227,26.816702,1.3686433,23.959372,23.007414,0.0,0.0,0.0,0.0,0.0,0.0,0.002152438,94.02429,0.0,0.0,0.0,0.0,0.0
3.0,9.0,2.7294888E-4,0.6378768,10.581844,21.400478,31.265984,0.82185,1.5161048,0.76759344,7.685105,0.19716166,22.267904,0.8020902,17.952278,16.595556,0.0,0.0,0.0,0.0,0.0,0.0,0.0016662996,73.638306,0.0,0.0,0.0,0.0,0.0
3.0,10.0,2.535139E-4,0.6669874,10.449083,25.68232,24.10742,0.55959785,0.99766684,1.0307217,4.8578825,0.09701613,19.037178,1.361455,17.914217,15.830007,0.0,0.0,0.0,0.0,0.0,0.0,0.0011460287,56.389694,0.0,0.0,0.0,0.0,0.0
3.0,11.0,3.9126305E-4,0.20515065,9.818206,16.958744,22.230408,1.0161992,1.0473113,0.945202,5.0520988,0.112366974,20.256693,1.1584786,14.439129,13.636032,0.0,0.0,0.0,0.0,0.0,0.0,0.001105367,51.96044,0.0,0.0,0.0,0.0,0.0
3.0,12.0,4.396646E-4,0.54867965,9.268807,17.39894,19.67239,0.62431747,0.8688729,0.511414,4.7225866,0.1784336,15.288046,1.2286038,13.1530075,13.965982,0.0,0.0,0.0,0.0,0.0,0.0,7.785619E-4,44.458656,0.0,0.0,0.0,0.0,0.0
3.0,13.0,4.6282835E-4,0.38480046,6.934801,14.985634,19.528223,0.2543122,1.0480677,0.48775485,3.3095052,0.13040352,13.225073,0.43658015,12.115884,14.298645,0.0,0.0,0.0,0.0,0.0,0.0,7.416195E-4,40.3468,0.0,0.0,0.0,0.0,0.0
3.0,14.0,9.837906E-4,0.44750264,7.3140197,11.202984,16.453161,0.3879844,0.44068682,0.9676111,4.358709,0.11757556,11.590424,0.7038409,8.050664,11.71474,0.0,0.0,0.0,0.0,0.0,0.0,5.2748737E-4,35.93087,0.0,0.0,0.0,0.0,0.0
3.0,15.0,0.0,0.0,0.0,0.0,0.0,0.0,0.0,0.0,0.0,0.0,0.0,0.0,0.0,0.0,0.0,0.0,0.0,0.0,0.0,0.0,0.0,0.0,0.0,0.0,0.0,0.0,0.0
3.0,16.0,0.0,0.0,0.0,0.0,0.0,0.0,0.0,0.0,0.0,0.0,0.0,0.0,0.0,0.0,0.0,0.0,0.0,0.0,0.0,0.0,0.0,0.0,0.0,0.0,0.0,0.0,0.0
3.0,17.0,0.0,0.0,0.0,0.0,0.0,0.0,0.0,0.0,0.0,0.0,0.0,0.0,0.0,0.0,0.0,0.0,0.0,0.0,0.0,0.0,0.0,0.0,0.0,0.0,0.0,0.0,0.0
3.0,18.0,0.0,0.0,0.0,0.0,0.0,0.0,0.0,0.0,0.0,0.0,0.0,0.0,0.0,0.0,0.0,0.0,0.0,0.0,0.0,0.0,0.0,0.0,0.0,0.0,0.0,0.0,0.0
3.0,19.0,0.0,0.0,0.0,0.0,0.0,0.0,0.0,0.0,0.0,0.0,0.0,0.0,0.0,0.0,0.0,0.0,0.0,0.0,0.0,0.0,0.0,0.0,0.0,0.0,0.0,0.0,0.0
3.0,20.0,0.0,0.0,0.0,0.0,0.0,0.0,0.0,0.0,0.0,0.0,0.0,0.0,0.0,0.0,0.0,0.0,0.0,0.0,0.0,0.0,0.0,0.0,0.0,0.0,0.0,0.0,0.0
3.0,21.0,0.0,0.0,0.0,0.0,0.0,0.0,0.0,0.0,0.0,0.0,0.0,0.0,0.0,0.0,0.0,0.0,0.0,0.0,0.0,0.0,0.0,0.0,0.0,0.0,0.0,0.0,0.0
3.0,22.0,0.0,0.0,0.0,0.0,0.0,0.0,0.0,0.0,0.0,0.0,0.0,0.0,0.0,0.0,0.0,0.0,0.0,0.0,0.0,0.0,0.0,0.0,0.0,0.0,0.0,0.0,0.0
3.0,23.0,0.0,0.0,0.0,0.0,0.0,0.0,0.0,0.0,0.0,0.0,0.0,0.0,0.0,0.0,0.0,0.0,0.0,0.0,0.0,0.0,0.0,0.0,0.0,0.0,0.0,0.0,0.0
3.0,24.0,0.0,0.0,0.0,0.0,0.0,0.0,0.0,0.0,0.0,0.0,0.0,0.0,0.0,0.0,0.0,0.0,0.0,0.0,0.0,0.0,0.0,0.0,0.0,0.0,0.0,0.0,0.0
3.0,25.0,0.0,0.0,0.0,0.0,0.0,0.0,0.0,0.0,0.0,0.0,0.0,0.0,0.0,0.0,0.0,0.0,0.0,0.0,0.0,0.0,0.0,0.0,0.0,0.0,0.0,0.0,0.0
4.0,0.0,0.0,0.151844,2.1002648,2.681886,1.6153105,0.0010437391,0.15655066,1.5698992,2.5658154,0.009700359,0.4437228,2.4626597E-5,4.429441,0.0,0.0,0.0,0.0,0.0,0.0,0.04074517,3.7639536E-4,19.331182,0.0,0.0,0.0,0.0,0.0
4.0,1.0,0.0,0.23186693,0.8893817,15.420421,25.68791,0.0057109953,0.44795394,0.32636335,0.9143267,0.013785484,7.626807,8.4293634E-4,32.795902,0.0,0.0,0.0,0.0,0.0,0.0,0.0,0.0010092284,43.08921,0.0,0.0,0.0,0.0,0.0
4.0,2.0,2.9132347E-10,0.031836584,0.09036227,0.7554699,13.890508,8.700601E-6,0.009947463,0.0021166054,0.02698092,6.633332E-4,0.4503564,8.722757E-8,0.4282651,0.0,0.0,0.0,0.0,0.0,0.0,0.0,1.7465609E-4,7.844279,0.0,0.0,0.0,0.0,0.0
4.0,3.0,1.4334061E-4,31.466944,226.70636,1214.4073,1075.6896,61.963314,52.441643,47.96763,357.01303,0.8919614,612.1496,12.713452,686.2826,0.0,0.0,0.0,0.0,0.0,0.0,0.0,0.024475945,1953.1022,0.0,0.0,0.0,0.0,0.0
4.0,4.0,9.2007034E-4,43.538273,279.01245,957.1578,1451.6733,39.583275,60.149326,45.32824,96.811005,3.5298955,632.3491,20.006727,592.0877,0.0,0.0,0.0,0.0,0.0,0.0,0.0,0.033778623,1960.117,0.0,0.0,0.0,0.0,0.0
4.0,5.0,1.0616436E-8,4.007891,41.43314,160.04211,255.83118,11.975477,8.022801,11.076379,32.915497,0.28434184,115.85199,3.3982337,111.73935,0.0,0.0,0.0,0.0,0.0,0.0,0.0,0.008055296,400.5655,0.0,0.0,0.0,0.0,0.0
4.0,6.0,4.675582E-7,2.8369567,33.38813,89.222,134.99321,4.2197785,5.833431,5.0328827,11.285129,0.3089554,58.188957,2.5197303,53.910625,0.0,0.0,0.0,0.0,0.0,0.0,0.0,0.003820863,198.60315,0.0,0.0,0.0,0.0,0.0
4.0,7.0,5.219982E-4,1.1847124,16.780197,41.189117,56.490417,2.4426942,1.7612326,2.7154813,7.0748243,0.08032014,32.60314,0.97292006,25.480396,0.0,0.0,0.0,0.0,0.0,0.0,0.0,0.0022651092,102.54958,0.0,0.0,0.0,0.0,0.0
4.0,8.0,2.6754946E-5,0.90549487,11.850693,36.39113,42.651928,1.9895355,2.6645515,1.5842335,6.1845336,0.14145076,25.807358,0.8138014,19.14831,0.0,0.0,0.0,0.0,0.0,0.0,0.0,0.0014720715,73.54419,0.0,0.0,0.0,0.0,0.0
4.0,9.0,9.456021E-7,0.68573153,8.856191,27.543236,36.19079,1.49108,1.512446,1.7713082,5.4727907,0.06333019,18.204176,0.65957826,16.017193,0.0,0.0,0.0,0.0,0.0,0.0,0.0,0.0010667878,56.694187,0.0,0.0,0.0,0.0,0.0
4.0,10.0,9.5895753E-4,0.37263814,7.0406604,21.51759,29.180325,0.8216455,1.1772368,0.78027123,3.633244,0.072916076,13.648052,0.39800048,12.389681,0.0,0.0,0.0,0.0,0.0,0.0,0.0,8.519701E-4,44.68232,0.0,0.0,0.0,0.0,0.0
4.0,11.0,6.380446E-4,0.19922362,6.4453216,14.997086,26.363163,0.8160923,1.40241,0.70476764,3.7070837,0.13823429,12.616936,0.35555163,10.006034,0.17158024,0.0,0.0,0.0,0.0,0.0,0.0,7.574108E-4,37.425552,0.0,0.0,0.0,0.0,0.0
4.0,12.0,9.2205725E-4,0.14038125,5.9517374,15.174629,21.947838,0.39181724,1.449404,0.7660581,2.338385,0.003088007,9.872365,0.8349815,9.232339,0.0,0.0,0.0,0.0,0.0,0.0,0.0,6.1913836E-4,32.52493,0.0,0.0,0.0,0.0,0.0
4.0,13.0,5.8519485E-4,0.18664983,4.2449307,12.769744,19.70019,0.458111,0.62397933,0.5956226,2.8680124,0.10319575,8.905632,0.34851593,8.979111,0.0,0.0,0.0,0.0,0.0,0.0,0.0,5.95108E-4,30.062185,0.0,0.0,0.0,0.0,0.0
4.0,14.0,0.0042620436,0.29024753,4.9893312,13.6609535,17.761055,0.78498226,0.576547,0.4714203,2.1390033,0.007846445,7.3296766,0.40180656,6.8172135,0.0,0.0,0.0,0.0,0.0,0.0,0.0,4.4918671E-4,24.397429,0.0,0.0,0.0,0.0,0.0
4.0,15.0,0.0,0.0,0.0,0.0,0.0,0.0,0.0,0.0,0.0,0.0,0.0,0.0,0.0,0.0,0.0,0.0,0.0,0.0,0.0,0.0,0.0,0.0,0.0,0.0,0.0,0.0,0.0
4.0,16.0,0.0,0.0,0.0,0.0,0.0,0.0,0.0,0.0,0.0,0.0,0.0,0.0,0.0,0.0,0.0,0.0,0.0,0.0,0.0,0.0,0.0,0.0,0.0,0.0,0.0,0.0,0.0
4.0,17.0,0.0,0.0,0.0,0.0,0.0,0.0,0.0,0.0,0.0,0.0,0.0,0.0,0.0,0.0,0.0,0.0,0.0,0.0,0.0,0.0,0.0,0.0,0.0,0.0,0.0,0.0,0.0
4.0,18.0,0.0,0.0,0.0,0.0,0.0,0.0,0.0,0.0,0.0,0.0,0.0,0.0,0.0,0.0,0.0,0.0,0.0,0.0,0.0,0.0,0.0,0.0,0.0,0.0,0.0,0.0,0.0
4.0,19.0,0.0,0.0,0.0,0.0,0.0,0.0,0.0,0.0,0.0,0.0,0.0,0.0,0.0,0.0,0.0,0.0,0.0,0.0,0.0,0.0,0.0,0.0,0.0,0.0,0.0,0.0,0.0
4.0,20.0,0.0,0.0,0.0,0.0,0.0,0.0,0.0,0.0,0.0,0.0,0.0,0.0,0.0,0.0,0.0,0.0,0.0,0.0,0.0,0.0,0.0,0.0,0.0,0.0,0.0,0.0,0.0
4.0,21.0,0.0,0.0,0.0,0.0,0.0,0.0,0.0,0.0,0.0,0.0,0.0,0.0,0.0,0.0,0.0,0.0,0.0,0.0,0.0,0.0,0.0,0.0,0.0,0.0,0.0,0.0,0.0
4.0,22.0,0.0,0.0,0.0,0.0,0.0,0.0,0.0,0.0,0.0,0.0,0.0,0.0,0.0,0.0,0.0,0.0,0.0,0.0,0.0,0.0,0.0,0.0,0.0,0.0,0.0,0.0,0.0
4.0,23.0,0.0,0.0,0.0,0.0,0.0,0.0,0.0,0.0,0.0,0.0,0.0,0.0,0.0,0.0,0.0,0.0,0.0,0.0,0.0,0.0,0.0,0.0,0.0,0.0,0.0,0.0,0.0
4.0,24.0,0.0,0.0,0.0,0.0,0.0,0.0,0.0,0.0,0.0,0.0,0.0,0.0,0.0,0.0,0.0,0.0,0.0,0.0,0.0,0.0,0.0,0.0,0.0,0.0,0.0,0.0,0.0
4.0,25.0,0.0,0.0,0.0,0.0,0.0,0.0,0.0,0.0,0.0,0.0,0.0,0.0,0.0,0.0,0.0,0.0,0.0,0.0,0.0,0.0,0.0,0.0,0.0,0.0,0.0,0.0,0.0
5.0,0.0,0.0,1.069269,0.08526957,4.051979,0.32639992,0.06714703,0.025491698,0.09396846,1.1525602,0.0047291764,0.36092812,3.707103E-5,1.1079799,0.13187912,0.0,0.0,0.0,0.0,0.0,0.027561571,3.1886593E-4,11.986187,0.0,0.0,0.0,0.0,0.0
5.0,1.0,0.0,1.4529668,3.1379876,9.09073,31.84948,0.6925869,1.008042,1.2446405,10.743704,2.3419596E-4,11.962128,0.107170336,13.049293,10.217978,0.0,0.0,0.0,0.0,0.0,0.0,0.001260903,49.89862,0.0,0.0,0.0,0.0,0.0
5.0,2.0,0.0,5.184579,0.74090964,6.8944616,79.813324,1.2625177,0.6795878,0.21405946,0.8558072,0.004074665,11.826896,0.01023585,7.3137937,23.600225,0.0,0.0,0.0,0.0,0.0,0.0,0.0013959137,69.37648,0.0,0.0,0.0,0.0,0.0
5.0,3.0,0.0015218446,0.19306919,0.13468465,1.2108524,16.107067,0.09406824,0.06973056,0.003861311,0.09818787,5.9269497E-4,0.20799549,0.03127908,1.1007586,5.548623,0.0,0.0,0.0,0.0,0.0,0.0,1.6297052E-4,8.797753,0.0,0.0,0.0,0.0,0.0
5.0,4.0,0.011502767,7.510754,246.658,730.57135,1166.0526,33.149296,23.103088,47.65045,260.10056,0.16372314,349.38782,23.002316,299.27222,411.16193,0.0,0.0,0.0,0.0,0.0,0.0,0.01559679,1495.1311,0.0,0.0,0.0,0.0,0.0
5.0,5.0,0.005791889,20.959887,211.74263,785.2839,1175.9196,48.218952,22.34931,44.29953,73.22256,2.3751547,390.92932,23.10411,396.7473,330.70633,0.0,0.0,0.0,0.0,0.0,0.0,0.016839975,1231.2124,0.0,0.0,0.0,0.0,0.0
5.0,6.0,6.146544E-4,3.3590868,35.83943,128.85875,211.24971,8.081806,2.8914723,6.8421254,16.824911,0.19304425,69.54377,3.804968,74.73677,65.58602,0.0,0.0,0.0,0.0,0.0,0.0,0.0050481074,264.0532,0.0,0.0,0.0,0.0,0.0
5.0,7.0,6.0201203E-4,2.185944,21.576714,61.823315,102.2846,5.7260933,2.8881392,7.077303,10.379579,0.14265868,37.0407,3.2427905,37.6463,26.402596,0.0,0.0,0.0,0.0,0.0,0.0,0.0024324013,126.46095,0.0,0.0,0.0,0.0,0.0
5.0,8.0,1.3043494E-4,0.7924087,9.810407,27.988657,47.070007,1.7143793,1.6404488,1.8378263,5.4404583,0.08848659,19.136675,0.9036555,18.839888,13.837927,0.0,0.0,0.0,0.0,0.0,0.0,9.740338E-4,58.931087,0.0,0.0,0.0,0.0,0.0
5.0,9.0,5.2139745E-4,0.36706358,8.720704,25.378756,34.04334,1.7196349,0.79228514,1.4840069,5.4556246,0.12573725,13.231663,0.9713523,12.254153,8.816689,0.0,0.0,0.0,0.0,0.0,0.0,0.0010017175,42.45147,0.0,0.0,0.0,0.0,0.0
5.0,10.0,5.2649865E-4,0.54456556,6.6637197,18.507414,26.322054,0.6486216,0.6059702,1.1389834,3.5799754,0.040117186,9.574315,0.7423392,8.0653305,8.851578,0.0,0.0,0.0,0.0,0.0,0.0,8.5823133E-4,33.254017,0.0,0.0,0.0,0.0,0.0
5.0,11.0,7.3612016E-4,0.30323032,4.4021497,11.878754,22.251299,0.8853966,0.35125872,0.6662104,2.7758985,0.03331583,7.373427,0.85928917,5.791242,6.6790657,0.0,0.0,0.0,0.0,0.0,0.0,5.355797E-4,25.571287,0.0,0.0,0.0,0.0,0.0
5.0,12.0,9.839061E-4,0.15037501,5.3971987,11.227165,15.76636,0.6612554,0.5443244,0.6780206,2.2736843,0.0025659304,6.342503,0.35412118,5.879101,5.184791,0.0,0.0,0.0,0.0,0.0,0.0,4.291136E-4,20.592325,0.0,0.0,0.0,0.0,0.0
5.0,13.0,0.0016503762,0.21811803,3.4253335,11.4396305,14.164445,0.56536144,0.24879622,0.6456739,1.9336843,0.013248447,4.672061,0.3802352,5.0246615,4.626136,0.0,0.0,0.0,0.0,0.0,0.0,4.283924E-4,16.984718,0.0,0.0,0.0,0.0,0.0
5.0,14.0,0.0015218692,0.2049515,3.139092,9.197358,13.674492,0.46288145,0.16108298,0.21439266,1.5269678,0.01978048,3.9690197,0.32926667,4.0942388,4.132734,0.0,0.0,0.0,0.0,0.0,0.0,3.2441822E-4,16.245565,0.0,0.0,0.0,0.0,0.0
5.0,15.0,0.0,0.0,0.0,0.0,0.0,0.0,0.0,0.0,0.0,0.0,0.0,0.0,0.0,0.0,0.0,0.0,0.0,0.0,0.0,0.0,0.0,0.0,0.0,0.0,0.0,0.0,0.0
5.0,16.0,0.0,0.0,0.0,0.0,0.0,0.0,0.0,0.0,0.0,0.0,0.0,0.0,0.0,0.0,0.0,0.0,0.0,0.0,0.0,0.0,0.0,0.0,0.0,0.0,0.0,0.0,0.0
5.0,17.0,0.0,0.0,0.0,0.0,0.0,0.0,0.0,0.0,0.0,0.0,0.0,0.0,0.0,0.0,0.0,0.0,0.0,0.0,0.0,0.0,0.0,0.0,0.0,0.0,0.0,0.0,0.0
5.0,18.0,0.0,0.0,0.0,0.0,0.0,0.0,0.0,0.0,0.0,0.0,0.0,0.0,0.0,0.0,0.0,0.0,0.0,0.0,0.0,0.0,0.0,0.0,0.0,0.0,0.0,0.0,0.0
5.0,19.0,0.0,0.0,0.0,0.0,0.0,0.0,0.0,0.0,0.0,0.0,0.0,0.0,0.0,0.0,0.0,0.0,0.0,0.0,0.0,0.0,0.0,0.0,0.0,0.0,0.0,0.0,0.0
5.0,20.0,0.0,0.0,0.0,0.0,0.0,0.0,0.0,0.0,0.0,0.0,0.0,0.0,0.0,0.0,0.0,0.0,0.0,0.0,0.0,0.0,0.0,0.0,0.0,0.0,0.0,0.0,0.0
5.0,21.0,0.0,0.0,0.0,0.0,0.0,0.0,0.0,0.0,0.0,0.0,0.0,0.0,0.0,0.0,0.0,0.0,0.0,0.0,0.0,0.0,0.0,0.0,0.0,0.0,0.0,0.0,0.0
5.0,22.0,0.0,0.0,0.0,0.0,0.0,0.0,0.0,0.0,0.0,0.0,0.0,0.0,0.0,0.0,0.0,0.0,0.0,0.0,0.0,0.0,0.0,0.0,0.0,0.0,0.0,0.0,0.0
5.0,23.0,0.0,0.0,0.0,0.0,0.0,0.0,0.0,0.0,0.0,0.0,0.0,0.0,0.0,0.0,0.0,0.0,0.0,0.0,0.0,0.0,0.0,0.0,0.0,0.0,0.0,0.0,0.0
5.0,24.0,0.0,0.0,0.0,0.0,0.0,0.0,0.0,0.0,0.0,0.0,0.0,0.0,0.0,0.0,0.0,0.0,0.0,0.0,0.0,0.0,0.0,0.0,0.0,0.0,0.0,0.0,0.0
5.0,25.0,0.0,0.0,0.0,0.0,0.0,0.0,0.0,0.0,0.0,0.0,0.0,0.0,0.0,0.0,0.0,0.0,0.0,0.0,0.0,0.0,0.0,0.0,0.0,0.0,0.0,0.0,0.0
6.0,0.0,0.0,0.0731338,1.983926,11.82731,0.24810746,0.061678287,0.20967427,0.0014984674,1.0264089,0.0013298208,0.03347701,5.0369704E-12,4.116916,0.0,0.0,0.0,0.0,0.0,0.0,0.023214597,2.8179435E-4,8.075078,0.0,0.0,0.0,0.0,0.0
6.0,1.0,0.0,0.032104053,0.57393676,17.48612,71.65591,0.7798572,0.15427369,1.0079737,3.2418587,1.3681225E-4,5.078388,0.06535212,10.845432,0.5332528,0.0,0.0,0.0,0.0,0.0,0.0,0.0010565557,41.153374,0.0,0.0,0.0,0.0,0.0
6.0,2.0,1.4022316E-5,0.7273168,4.8200507,15.687374,67.87036,2.5891476,0.4500981,0.850148,10.744417,9.512867E-4,13.668908,0.32779956,19.17056,21.572168,0.0,0.0,0.0,0.0,0.0,0.0,0.0016093197,79.818954,0.0,0.0,0.0,0.0,0.0
6.0,3.0,3.1571076E-6,4.5927296,4.198552,21.041792,67.01218,2.1534739,0.20426066,1.5621313,0.3128201,0.020831069,6.4767027,6.565469,19.179918,7.1033463,0.0,0.0,0.0,0.0,0.0,0.0,0.0016435346,78.90179,0.0,0.0,0.0,0.0,0.0
6.0,4.0,2.8215604E-7,0.015929492,3.9893286,5.7790833,3.5497012,0.1948672,7.1438286E-4,0.34617978,0.015558068,9.417127E-6,2.4066463,0.005813046,3.9594107,0.0024722833,0.0,0.0,0.0,0.0,0.0,0.0,5.1346906E-5,3.3151598,0.0,0.0,0.0,0.0,0.0
6.0,5.0,0.02017935,2.945319,208.36702,751.59064,885.6362,62.99204,8.559447,16.1203,178.84395,0.0045796265,314.74887,35.764442,316.3792,165.31247,0.0,0.0,0.0,0.0,0.0,0.0,0.01192896,1141.7235,0.0,0.0,0.0,0.0,0.0
6.0,6.0,0.006565067,13.184126,188.18826,709.0716,913.7518,45.05591,6.7828636,26.478045,46.559017,0.76638925,311.7563,32.960297,369.55798,68.451355,0.0,0.0,0.0,0.0,0.0,0.0,0.013004635,968.6209,0.0,0.0,0.0,0.0,0.0
6.0,7.0,8.5560756E-4,2.3816886,33.657806,87.35781,177.76274,10.748318,1.6285896,3.585318,12.680764,0.07681149,52.216316,3.8559468,64.799446,11.010365,0.0,0.0,0.0,0.0,0.0,0.0,0.0042588566,207.2853,0.0,0.0,0.0,0.0,0.0
6.0,8.0,0.002973659,1.5705317,14.535436,46.565144,86.58025,4.863677,0.5307877,1.8645062,6.438055,0.12595141,23.237465,1.1488177,29.817629,7.7504478,0.0,0.0,0.0,0.0,0.0,0.0,0.0020226156,98.10862,0.0,0.0,0.0,0.0,0.0
6.0,9.0,0.0011242479,0.6321127,6.950283,23.142015,33.27391,2.2917612,0.3406563,0.5183361,3.5120194,0.0030494772,10.369637,0.697298,16.391516,3.52901,0.0,0.0,0.0,0.0,0.0,0.0,0.001153727,44.438908,0.0,0.0,0.0,0.0,0.0
6.0,10.0,1.9891789E-4,0.3364455,6.2505302,13.904437,27.083467,1.7388023,0.30267832,0.6591097,3.1127331,0.0040096473,8.198602,0.7431138,9.215929,2.189768,0.0,0.0,0.0,0.0,0.0,0.0,8.1637787E-4,34.01604,0.0,0.0,0.0,0.0,0.0
6.0,11.0,3.815082E-4,0.22027673,4.327684,11.856666,19.462185,0.79491174,0.21915956,0.360838,1.8378978,0.009986015,6.51393,0.4518158,6.180745,1.8938342,0.0,0.0,0.0,0.0,0.0,0.0,6.760275E-4,25.465014,0.0,0.0,0.0,0.0,0.0
6.0,12.0,7.5616175E-4,0.1506868,3.128124,10.644996,14.125742,0.7657518,0.1387358,0.27344978,1.4457055,0.02073139,4.8387566,0.29336697,5.021151,1.6807914,0.0,0.0,0.0,0.0,0.0,0.0,5.066926E-4,17.158358,0.0,0.0,0.0,0.0,0.0
6.0,13.0,0.0014995025,0.18921712,2.9749553,9.203936,9.944194,1.0412368,0.13262963,0.4915757,1.9531581,0.0026635611,4.3693485,0.40407437,3.4330404,1.1204567,0.0,0.0,0.0,0.0,0.0,0.0,5.6195847E-4,14.051857,0.0,0.0,0.0,0.0,0.0
6.0,14.0,3.9975374E-4,0.13753887,2.3250089,7.7319903,10.2795105,0.62464315,0.074317664,0.24340989,1.4659921,0.006343788,3.2206175,0.2328558,3.2308958,1.216363,0.0,0.0,0.0,0.0,0.0,0.0,3.711456E-4,11.500634,0.0,0.0,0.0,0.0,0.0
6.0,15.0,0.0,0.0,0.0,0.0,0.0,0.0,0.0,0.0,0.0,0.0,0.0,0.0,0.0,0.0,0.0,0.0,0.0,0.0,0.0,0.0,0.0,0.0,0.0,0.0,0.0,0.0,0.0
6.0,16.0,0.0,0.0,0.0,0.0,0.0,0.0,0.0,0.0,0.0,0.0,0.0,0.0,0.0,0.0,0.0,0.0,0.0,0.0,0.0,0.0,0.0,0.0,0.0,0.0,0.0,0.0,0.0
6.0,17.0,0.0,0.0,0.0,0.0,0.0,0.0,0.0,0.0,0.0,0.0,0.0,0.0,0.0,0.0,0.0,0.0,0.0,0.0,0.0,0.0,0.0,0.0,0.0,0.0,0.0,0.0,0.0
6.0,18.0,0.0,0.0,0.0,0.0,0.0,0.0,0.0,0.0,0.0,0.0,0.0,0.0,0.0,0.0,0.0,0.0,0.0,0.0,0.0,0.0,0.0,0.0,0.0,0.0,0.0,0.0,0.0
6.0,19.0,0.0,0.0,0.0,0.0,0.0,0.0,0.0,0.0,0.0,0.0,0.0,0.0,0.0,0.0,0.0,0.0,0.0,0.0,0.0,0.0,0.0,0.0,0.0,0.0,0.0,0.0,0.0
6.0,20.0,0.0,0.0,0.0,0.0,0.0,0.0,0.0,0.0,0.0,0.0,0.0,0.0,0.0,0.0,0.0,0.0,0.0,0.0,0.0,0.0,0.0,0.0,0.0,0.0,0.0,0.0,0.0
6.0,21.0,0.0,0.0,0.0,0.0,0.0,0.0,0.0,0.0,0.0,0.0,0.0,0.0,0.0,0.0,0.0,0.0,0.0,0.0,0.0,0.0,0.0,0.0,0.0,0.0,0.0,0.0,0.0
6.0,22.0,0.0,0.0,0.0,0.0,0.0,0.0,0.0,0.0,0.0,0.0,0.0,0.0,0.0,0.0,0.0,0.0,0.0,0.0,0.0,0.0,0.0,0.0,0.0,0.0,0.0,0.0,0.0
6.0,23.0,0.0,0.0,0.0,0.0,0.0,0.0,0.0,0.0,0.0,0.0,0.0,0.0,0.0,0.0,0.0,0.0,0.0,0.0,0.0,0.0,0.0,0.0,0.0,0.0,0.0,0.0,0.0
6.0,24.0,0.0,0.0,0.0,0.0,0.0,0.0,0.0,0.0,0.0,0.0,0.0,0.0,0.0,0.0,0.0,0.0,0.0,0.0,0.0,0.0,0.0,0.0,0.0,0.0,0.0,0.0,0.0
6.0,25.0,0.0,0.0,0.0,0.0,0.0,0.0,0.0,0.0,0.0,0.0,0.0,0.0,0.0,0.0,0.0,0.0,0.0,0.0,0.0,0.0,0.0,0.0,0.0,0.0,0.0,0.0,0.0
7.0,0.0,0.0,0.31188172,0.038346417,4.555988,0.06234324,0.04239042,0.011135605,0.02710744,0.10051305,0.0012250406,0.13874088,3.5620385E-6,1.0912732,0.12162207,0.0,0.0,0.0,0.0,0.0,0.014080366,2.2602688E-4,3.0591073,0.0,0.0,0.0,0.0,0.0
7.0,1.0,0.0,0.2724558,0.26546916,21.845427,27.485346,0.23377258,0.25057974,0.90764064,12.699375,2.5308641E-4,1.2901118,0.020025546,2.4509733,1.3529972,0.0,0.0,0.0,0.0,0.0,0.0,6.505636E-4,26.446358,0.0,0.0,0.0,0.0,0.0
7.0,2.0,7.045879E-5,0.09740213,1.1952916,14.799978,41.347874,0.18908872,0.07895294,0.0511139,1.818624,7.8488054E-4,4.516562,0.007948068,7.286786,32.39006,0.0,0.0,0.0,0.0,0.0,0.0,0.0011621024,63.52308,0.0,0.0,0.0,0.0,0.0
7.0,3.0,4.065382E-5,1.4856157,6.3876195,66.50838,79.09935,1.7168834,0.34017336,1.1642406,12.264347,0.13769893,9.051076,0.25663802,18.938711,38.085056,0.0,0.0,0.0,0.0,0.0,0.0,8.040714E-4,71.73282,0.0,0.0,0.0,0.0,0.0
7.0,4.0,5.6621924E-5,5.493216,10.022079,15.308565,29.321579,3.356209,0.0073419553,3.7536783,2.335627,0.0014156931,9.462665,0.028937496,11.236205,5.1326513,0.0,0.0,0.0,0.0,0.0,0.0,5.959049E-4,44.333755,0.0,0.0,0.0,0.0,0.0
7.0,5.0,4.9760776E-5,0.0030065263,0.45726177,5.216111,3.9953773,0.10077302,0.035250496,0.0014253709,0.057044648,3.763463E-5,0.903575,0.04200348,1.3216459,4.813895,0.0,0.0,0.0,0.0,0.0,0.0,8.617193E-6,1.9858652,0.0,0.0,0.0,0.0,0.0
7.0,6.0,0.022578077,6.352799,177.84006,604.5217,708.7413,70.055145,1.9775298,9.575821,153.43565,0.1426517,218.8456,19.263287,237.33665,254.0079,0.0,0.0,0.0,0.0,0.0,0.0,0.0037352755,698.975,0.0,0.0,0.0,0.0,0.0
7.0,7.0,0.011852981,11.373613,161.9312,483.51147,682.4822,40.674316,3.653495,11.437977,41.333553,0.73059154,215.87135,35.462715,265.27393,260.96295,0.0,0.0,0.0,0.0,0.0,0.0,0.0044452907,555.83777,0.0,0.0,0.0,0.0,0.0
7.0,8.0,0.009063682,0.9985903,21.728252,74.40561,112.72987,9.733306,0.78967094,2.4715986,12.6716385,0.24101327,41.91323,3.6973064,44.678997,41.78083,0.0,0.0,0.0,0.0,0.0,0.0,0.0012986906,116.7428,0.0,0.0,0.0,0.0,0.0
7.0,9.0,0.0027244457,0.8607546,11.5572,35.40659,55.134914,3.8611836,0.28616765,1.0303872,5.124191,0.025149208,15.658809,2.4572964,21.96769,20.455212,0.0,0.0,0.0,0.0,0.0,0.0,8.5744157E-4,54.83871,0.0,0.0,0.0,0.0,0.0
7.0,10.0,7.087877E-4,0.15851143,3.7999983,14.769654,24.675808,2.027707,0.17508669,0.4873914,3.9613504,0.01133551,7.6016526,0.84416664,8.343869,9.225243,0.0,0.0,0.0,0.0,0.0,0.0,4.1660786E-4,24.944954,0.0,0.0,0.0,0.0,0.0
7.0,11.0,0.0022971563,0.2942364,3.850577,12.704005,15.647784,1.6347175,0.110440694,0.33286402,2.292373,0.0023203574,5.812604,0.5137882,6.414448,5.9208183,0.0,0.0,0.0,0.0,0.0,0.0,4.018162E-4,16.964523,0.0,0.0,0.0,0.0,0.0
7.0,12.0,0.0038084118,0.1936262,2.1616552,9.074305,12.7867,1.4448988,0.036199246,0.2922157,1.3459179,0.005896979,3.7914338,0.274673,5.696059,4.275104,0.0,0.0,0.0,0.0,0.0,0.0,2.2234027E-4,12.109321,0.0,0.0,0.0,0.0,0.0
7.0,13.0,8.5844187E-4,0.12512116,2.1260448,5.2682147,9.82169,0.74686176,0.035622384,0.18626797,1.1290781,0.0024885847,2.6951003,0.29296914,3.6809044,3.3708363,0.0,0.0,0.0,0.0,0.0,0.0,2.4330214E-4,9.694591,0.0,0.0,0.0,0.0,0.0
7.0,14.0,0.0017564007,0.048755236,1.5390046,5.3815165,6.967816,0.5538269,0.05240075,0.18512154,0.98837495,0.0042040134,2.1756752,0.24143618,3.2922804,2.5740333,0.0,0.0,0.0,0.0,0.0,0.0,1.6292013E-4,7.877115,0.0,0.0,0.0,0.0,0.0
7.0,15.0,0.0,0.0,0.0,0.0,0.0,0.0,0.0,0.0,0.0,0.0,0.0,0.0,0.0,0.0,0.0,0.0,0.0,0.0,0.0,0.0,0.0,0.0,0.0,0.0,0.0,0.0,0.0
7.0,16.0,0.0,0.0,0.0,0.0,0.0,0.0,0.0,0.0,0.0,0.0,0.0,0.0,0.0,0.0,0.0,0.0,0.0,0.0,0.0,0.0,0.0,0.0,0.0,0.0,0.0,0.0,0.0
7.0,17.0,0.0,0.0,0.0,0.0,0.0,0.0,0.0,0.0,0.0,0.0,0.0,0.0,0.0,0.0,0.0,0.0,0.0,0.0,0.0,0.0,0.0,0.0,0.0,0.0,0.0,0.0,0.0
7.0,18.0,0.0,0.0,0.0,0.0,0.0,0.0,0.0,0.0,0.0,0.0,0.0,0.0,0.0,0.0,0.0,0.0,0.0,0.0,0.0,0.0,0.0,0.0,0.0,0.0,0.0,0.0,0.0
7.0,19.0,0.0,0.0,0.0,0.0,0.0,0.0,0.0,0.0,0.0,0.0,0.0,0.0,0.0,0.0,0.0,0.0,0.0,0.0,0.0,0.0,0.0,0.0,0.0,0.0,0.0,0.0,0.0
7.0,20.0,0.0,0.0,0.0,0.0,0.0,0.0,0.0,0.0,0.0,0.0,0.0,0.0,0.0,0.0,0.0,0.0,0.0,0.0,0.0,0.0,0.0,0.0,0.0,0.0,0.0,0.0,0.0
7.0,21.0,0.0,0.0,0.0,0.0,0.0,0.0,0.0,0.0,0.0,0.0,0.0,0.0,0.0,0.0,0.0,0.0,0.0,0.0,0.0,0.0,0.0,0.0,0.0,0.0,0.0,0.0,0.0
7.0,22.0,0.0,0.0,0.0,0.0,0.0,0.0,0.0,0.0,0.0,0.0,0.0,0.0,0.0,0.0,0.0,0.0,0.0,0.0,0.0,0.0,0.0,0.0,0.0,0.0,0.0,0.0,0.0
7.0,23.0,0.0,0.0,0.0,0.0,0.0,0.0,0.0,0.0,0.0,0.0,0.0,0.0,0.0,0.0,0.0,0.0,0.0,0.0,0.0,0.0,0.0,0.0,0.0,0.0,0.0,0.0,0.0
7.0,24.0,0.0,0.0,0.0,0.0,0.0,0.0,0.0,0.0,0.0,0.0,0.0,0.0,0.0,0.0,0.0,0.0,0.0,0.0,0.0,0.0,0.0,0.0,0.0,0.0,0.0,0.0,0.0
7.0,25.0,0.0,0.0,0.0,0.0,0.0,0.0,0.0,0.0,0.0,0.0,0.0,0.0,0.0,0.0,0.0,0.0,0.0,0.0,0.0,0.0,0.0,0.0,0.0,0.0,0.0,0.0,0.0
8.0,0.0,0.0,0.44366622,0.021505402,1.0262084,1.1459767,4.8994174E-4,0.0052431687,0.0057761483,0.27166656,0.00438623,0.115247555,7.941011E-12,0.47420081,0.0,0.0,0.0,0.0,0.0,0.0,0.020845858,2.6057506E-4,4.738783,0.0,0.0,0.0,0.0,0.0
8.0,1.0,0.0,0.14435995,0.59752643,5.578086,6.5741076,0.21497558,0.041739274,0.03999458,0.6465908,0.016317042,0.25922653,0.014469489,1.5151106,0.0046471898,0.0,0.0,0.0,0.0,0.0,0.0,4.2149334E-4,12.582004,0.0,0.0,0.0,0.0,0.0
8.0,2.0,1.8255602E-4,0.41255784,2.5311584,11.687288,25.063425,0.113149315,0.17580505,0.08699169,5.5853276,0.048747867,2.1735451,0.009019282,4.778189,1.0814711E-4,0.0,0.0,0.0,0.0,0.0,0.0,0.0012575563,58.567295,0.0,0.0,0.0,0.0,0.0
8.0,3.0,2.27758E-5,0.03044117,4.0482526,19.670305,29.768929,1.7161072,0.13981162,0.12037182,1.9394209,0.19909911,6.466429,1.1667094,59.473396,6.152355,0.0,0.0,0.0,0.0,0.0,0.0,7.7763357E-4,46.54338,0.0,0.0,0.0,0.0,0.0
8.0,4.0,1.2562246E-4,0.0012625253,10.65773,26.408041,44.953472,0.9449115,0.6385453,0.05197497,11.732742,0.008362034,9.003368,4.3105516,37.326138,16.403006,0.0,0.0,0.0,0.0,0.0,0.0,7.515585E-4,48.00851,0.0,0.0,0.0,0.0,0.0
8.0,5.0,5.232871E-6,0.26668775,15.741916,25.065125,23.160887,3.896482,0.009660869,4.2226033,1.4565578,4.0735313E-4,8.970491,1.6080167,8.299167,0.147873,0.0,0.0,0.0,0.0,0.0,0.0,4.3952218E-4,17.831371,0.0,0.0,0.0,0.0,0.0
8.0,6.0,9.600697E-6,0.0041789245,0.31636757,4.6179385,4.352153,0.016435167,0.0015499581,3.1581562E-4,8.155982E-4,0.0011539318,3.0978048,0.025474908,0.62650317,0.017504914,0.0,0.0,0.0,0.0,0.0,0.0,4.344743E-7,1.3617399,0.0,0.0,0.0,0.0,0.0
8.0,7.0,0.022943037,2.9560647,129.80846,431.5518,516.0489,45.955498,2.092738,10.899015,94.13833,0.19837005,139.88017,38.697037,181.02823,161.3748,0.0,0.0,0.0,0.0,0.0,0.0,0.0032649194,522.45667,0.0,0.0,0.0,0.0,0.0
8.0,8.0,0.005817003,14.130318,104.631294,363.82852,586.46826,27.54994,3.2149303,6.3386126,35.38507,0.7846645,132.37213,16.723007,202.07639,58.424664,0.0,0.0,0.0,0.0,0.0,0.0,0.0037239012,437.795,0.0,0.0,0.0,0.0,0.0
8.0,9.0,0.0015694749,1.258202,17.189165,62.653294,88.26461,5.8400607,0.9148958,1.7295103,7.0668225,0.21865024,20.822926,2.6788235,33.54405,11.183334,0.0,0.0,0.0,0.0,0.0,0.0,0.0019991363,85.51601,0.0,0.0,0.0,0.0,0.0
8.0,10.0,0.0012725625,0.5333386,6.841046,28.388435,41.986652,1.8034537,0.40386364,0.88707954,2.9265418,0.1744916,10.891023,1.4954686,14.738259,3.7082748,0.0,0.0,0.0,0.0,0.0,0.0,9.943561E-4,41.099396,0.0,0.0,0.0,0.0,0.0
8.0,11.0,0.0032457898,0.12305805,3.0332918,11.527208,18.84732,0.7154121,0.108102165,0.5040947,2.070872,0.0055692857,3.7662618,0.7794719,6.411445,2.2318819,0.0,0.0,0.0,0.0,0.0,0.0,8.9382794E-4,17.315523,0.0,0.0,0.0,0.0,0.0
8.0,12.0,0.0016592059,0.21594974,2.1674979,9.127357,11.899829,0.93652016,0.13283716,0.34710106,1.0359412,0.00827696,3.5630238,0.4216692,5.511217,1.1811831,0.0,0.0,0.0,0.0,0.0,0.0,4.368994E-4,11.22803,0.0,0.0,0.0,0.0,0.0
8.0,13.0,0.0024829707,0.10331766,1.2093096,6.5659394,9.328303,0.49245614,0.06608898,0.22012338,0.8679824,0.0062069027,2.095137,0.30432627,3.4645333,1.0752465,0.0,0.0,0.0,0.0,0.0,0.0,4.992969E-4,8.831734,0.0,0.0,0.0,0.0,0.0
8.0,14.0,0.0011269873,0.08266777,1.2896856,4.203365,5.963613,0.676242,0.047863293,0.121510305,0.7074159,0.0029843138,1.3844166,0.19824718,2.7552202,0.89867914,0.0,0.0,0.0,0.0,0.0,0.0,4.354774E-4,6.6500826,0.0,0.0,0.0,0.0,0.0
8.0,15.0,0.0,0.0,0.0,0.0,0.0,0.0,0.0,0.0,0.0,0.0,0.0,0.0,0.0,0.0,0.0,0.0,0.0,0.0,0.0,0.0,0.0,0.0,0.0,0.0,0.0,0.0,0.0
8.0,16.0,0.0,0.0,0.0,0.0,0.0,0.0,0.0,0.0,0.0,0.0,0.0,0.0,0.0,0.0,0.0,0.0,0.0,0.0,0.0,0.0,0.0,0.0,0.0,0.0,0.0,0.0,0.0
8.0,17.0,0.0,0.0,0.0,0.0,0.0,0.0,0.0,0.0,0.0,0.0,0.0,0.0,0.0,0.0,0.0,0.0,0.0,0.0,0.0,0.0,0.0,0.0,0.0,0.0,0.0,0.0,0.0
8.0,18.0,0.0,0.0,0.0,0.0,0.0,0.0,0.0,0.0,0.0,0.0,0.0,0.0,0.0,0.0,0.0,0.0,0.0,0.0,0.0,0.0,0.0,0.0,0.0,0.0,0.0,0.0,0.0
8.0,19.0,0.0,0.0,0.0,0.0,0.0,0.0,0.0,0.0,0.0,0.0,0.0,0.0,0.0,0.0,0.0,0.0,0.0,0.0,0.0,0.0,0.0,0.0,0.0,0.0,0.0,0.0,0.0
8.0,20.0,0.0,0.0,0.0,0.0,0.0,0.0,0.0,0.0,0.0,0.0,0.0,0.0,0.0,0.0,0.0,0.0,0.0,0.0,0.0,0.0,0.0,0.0,0.0,0.0,0.0,0.0,0.0
8.0,21.0,0.0,0.0,0.0,0.0,0.0,0.0,0.0,0.0,0.0,0.0,0.0,0.0,0.0,0.0,0.0,0.0,0.0,0.0,0.0,0.0,0.0,0.0,0.0,0.0,0.0,0.0,0.0
8.0,22.0,0.0,0.0,0.0,0.0,0.0,0.0,0.0,0.0,0.0,0.0,0.0,0.0,0.0,0.0,0.0,0.0,0.0,0.0,0.0,0.0,0.0,0.0,0.0,0.0,0.0,0.0,0.0
8.0,23.0,0.0,0.0,0.0,0.0,0.0,0.0,0.0,0.0,0.0,0.0,0.0,0.0,0.0,0.0,0.0,0.0,0.0,0.0,0.0,0.0,0.0,0.0,0.0,0.0,0.0,0.0,0.0
8.0,24.0,0.0,0.0,0.0,0.0,0.0,0.0,0.0,0.0,0.0,0.0,0.0,0.0,0.0,0.0,0.0,0.0,0.0,0.0,0.0,0.0,0.0,0.0,0.0,0.0,0.0,0.0,0.0
8.0,25.0,0.0,0.0,0.0,0.0,0.0,0.0,0.0,0.0,0.0,0.0,0.0,0.0,0.0,0.0,0.0,0.0,0.0,0.0,0.0,0.0,0.0,0.0,0.0,0.0,0.0,0.0,0.0
9.0,0.0,0.0,0.051913746,0.066902265,3.034517,1.2709299,0.066188075,0.02347888,0.10148401,1.2531533,0.02811488,0.38247257,0.053818744,0.2574703,0.26767752,0.0,0.0,0.0,0.0,0.0,0.010401438,0.0010430197,8.214588,0.0,0.0,0.0,0.0,0.0
9.0,1.0,0.0,0.3170359,3.3432283,11.355553,8.587904,0.8976621,0.48532254,0.6802423,0.8703101,0.04118351,2.69343,0.0036924982,10.113759,1.6769763,0.0,0.0,0.0,0.0,0.0,0.0,7.8805164E-4,17.842844,0.0,0.0,0.0,0.0,0.0
9.0,2.0,2.189938E-7,0.13167858,1.162905,10.567778,7.2403684,0.57102954,0.14313556,0.8896757,2.470924,5.263575E-4,1.1350753,0.08865535,5.8322577,3.1588647,0.0,0.0,0.0,0.0,0.0,0.0,3.6541483E-4,15.432477,0.0,0.0,0.0,0.0,0.0
9.0,3.0,4.8619277E-6,0.9376505,3.9818769,51.73904,29.084562,1.0963007,0.13992576,0.03907662,2.9744709,0.028098514,5.116008,0.2809446,8.341332,24.22649,0.0,0.0,0.0,0.0,0.0,0.0,2.5404993E-4,21.732273,0.0,0.0,0.0,0.0,0.0
9.0,4.0,1.9010049E-4,0.008218986,5.612945,18.546963,32.912685,3.4351456,0.06908771,0.06729631,2.7167585,1.13732574E-4,4.9678926,1.2741987,21.072037,23.175657,0.0,0.0,0.0,0.0,0.0,0.0,2.0828184E-4,23.36206,0.0,0.0,0.0,0.0,0.0
9.0,5.0,0.0016452385,0.6750639,7.4741855,50.635006,33.097816,4.9746695,0.86330384,0.18315709,8.178218,9.2944996E-5,10.671525,1.9011607,16.027143,17.362072,0.0,0.0,0.0,0.0,0.0,0.0,1.7011857E-4,24.082592,0.0,0.0,0.0,0.0,0.0
9.0,6.0,3.765037E-5,1.313732,6.3930564,9.411346,30.842903,1.1174015,4.8075692E-4,2.833717,0.13773149,0.0020785592,8.711324,0.5271991,5.553855,4.5756297,0.0,0.0,0.0,0.0,0.0,0.0,1.5107427E-4,15.561158,0.0,0.0,0.0,0.0,0.0
9.0,7.0,4.2647144E-7,0.0035112803,0.70753074,5.276537,1.3858492,0.0035975873,5.7720323E-4,0.0139473695,4.2113583E-4,0.008180124,1.7160082,8.471402E-4,0.022885585,0.09874496,0.0,0.0,0.0,0.0,0.0,0.0,9.622852E-9,1.4447515,0.0,0.0,0.0,0.0,0.0
9.0,8.0,0.008654886,2.2339818,102.40925,288.61517,449.8128,22.682142,5.0757027,4.645903,66.942474,0.27927536,94.116325,21.24458,143.63634,137.52997,0.0,0.0,0.0,0.0,0.0,0.0,9.4524E-4,316.5493,0.0,0.0,0.0,0.0,0.0
9.0,9.0,0.0031101317,6.9206147,73.91631,259.77695,370.90775,17.04989,3.4290528,7.062088,20.002127,0.3520477,97.51694,20.699125,137.73328,167.68114,0.0,0.0,0.0,0.0,0.0,0.0,0.0013356484,241.44583,0.0,0.0,0.0,0.0,0.0
9.0,10.0,0.0015361432,1.3486707,12.026792,43.096725,62.19412,2.566418,0.9770025,1.5120548,5.650988,0.11093395,15.670697,1.7954422,21.341589,21.3969,0.0,0.0,0.0,0.0,0.0,0.0,5.480349E-4,49.082718,0.0,0.0,0.0,0.0,0.0
9.0,11.0,0.002748027,0.3257371,4.383223,18.862701,27.041101,1.2187558,0.14750485,0.6892224,2.372229,0.012266366,5.79891,1.0093473,11.020089,12.856795,0.0,0.0,0.0,0.0,0.0,0.0,2.9263028E-4,21.980227,0.0,0.0,0.0,0.0,0.0
9.0,12.0,0.0011965983,0.15520547,2.4438934,7.801981,11.418243,0.3760634,0.1437763,0.16440488,1.313717,0.025319038,2.5017483,0.2939587,4.0508723,4.7729464,0.0,0.0,0.0,0.0,0.0,0.0,2.4137845E-4,10.32605,0.0,0.0,0.0,0.0,0.0
9.0,13.0,5.432034E-4,0.14004183,1.5002238,5.516678,8.588822,0.3290986,0.11265282,0.17756976,0.81537896,0.0074936533,2.0483482,0.2580409,2.3019645,3.3241577,0.0,0.0,0.0,0.0,0.0,0.0,2.6748172E-4,6.92922,0.0,0.0,0.0,0.0,0.0
9.0,14.0,0.0018943478,0.056448147,1.0825909,4.107586,5.522092,0.18656576,0.047252994,0.17549089,0.57247114,8.698371E-4,1.4392995,0.17696366,2.370371,2.3108802,0.0,0.0,0.0,0.0,0.0,0.0,1.0370971E-4,4.8864245,0.0,0.0,0.0,0.0,0.0
9.0,15.0,0.0,0.0,0.0,0.0,0.0,0.0,0.0,0.0,0.0,0.0,0.0,0.0,0.0,0.0,0.0,0.0,0.0,0.0,0.0,0.0,0.0,0.0,0.0,0.0,0.0,0.0,0.0
9.0,16.0,0.0,0.0,0.0,0.0,0.0,0.0,0.0,0.0,0.0,0.0,0.0,0.0,0.0,0.0,0.0,0.0,0.0,0.0,0.0,0.0,0.0,0.0,0.0,0.0,0.0,0.0,0.0
9.0,17.0,0.0,0.0,0.0,0.0,0.0,0.0,0.0,0.0,0.0,0.0,0.0,0.0,0.0,0.0,0.0,0.0,0.0,0.0,0.0,0.0,0.0,0.0,0.0,0.0,0.0,0.0,0.0
9.0,18.0,0.0,0.0,0.0,0.0,0.0,0.0,0.0,0.0,0.0,0.0,0.0,0.0,0.0,0.0,0.0,0.0,0.0,0.0,0.0,0.0,0.0,0.0,0.0,0.0,0.0,0.0,0.0
9.0,19.0,0.0,0.0,0.0,0.0,0.0,0.0,0.0,0.0,0.0,0.0,0.0,0.0,0.0,0.0,0.0,0.0,0.0,0.0,0.0,0.0,0.0,0.0,0.0,0.0,0.0,0.0,0.0
9.0,20.0,0.0,0.0,0.0,0.0,0.0,0.0,0.0,0.0,0.0,0.0,0.0,0.0,0.0,0.0,0.0,0.0,0.0,0.0,0.0,0.0,0.0,0.0,0.0,0.0,0.0,0.0,0.0
9.0,21.0,0.0,0.0,0.0,0.0,0.0,0.0,0.0,0.0,0.0,0.0,0.0,0.0,0.0,0.0,0.0,0.0,0.0,0.0,0.0,0.0,0.0,0.0,0.0,0.0,0.0,0.0,0.0
9.0,22.0,0.0,0.0,0.0,0.0,0.0,0.0,0.0,0.0,0.0,0.0,0.0,0.0,0.0,0.0,0.0,0.0,0.0,0.0,0.0,0.0,0.0,0.0,0.0,0.0,0.0,0.0,0.0
9.0,23.0,0.0,0.0,0.0,0.0,0.0,0.0,0.0,0.0,0.0,0.0,0.0,0.0,0.0,0.0,0.0,0.0,0.0,0.0,0.0,0.0,0.0,0.0,0.0,0.0,0.0,0.0,0.0
9.0,24.0,0.0,0.0,0.0,0.0,0.0,0.0,0.0,0.0,0.0,0.0,0.0,0.0,0.0,0.0,0.0,0.0,0.0,0.0,0.0,0.0,0.0,0.0,0.0,0.0,0.0,0.0,0.0
9.0,25.0,0.0,0.0,0.0,0.0,0.0,0.0,0.0,0.0,0.0,0.0,0.0,0.0,0.0,0.0,0.0,0.0,0.0,0.0,0.0,0.0,0.0,0.0,0.0,0.0,0.0,0.0,0.0
10.0,0.0,0.0,0.03076149,0.24578227,1.6061902,0.4752512,0.010685765,0.005938025,0.010099051,0.027984073,4.6368255E-4,0.058683507,3.346188E-5,0.846603,0.0,0.0,0.0,0.0,0.0,0.0,0.007546666,2.1564143E-4,7.988892,0.0,0.0,0.0,0.0,0.0
10.0,1.0,0.0,2.337391,3.7027354,21.11427,14.334074,2.9568448,0.13159966,1.6208389,1.4662638,0.037039254,11.858568,0.030253164,6.4854817,0.8720261,0.0,0.0,0.0,0.0,0.0,0.0,0.0012321676,26.591526,0.0,0.0,0.0,0.0,0.0
10.0,2.0,9.224487E-8,3.8657057,4.1052537,21.594275,21.844028,1.3549831,0.38696685,0.31848982,1.8444972,0.0029537028,8.157976,0.47310904,11.353892,0.37014198,0.0,0.0,0.0,0.0,0.0,0.0,0.0010954768,22.925545,0.0,0.0,0.0,0.0,0.0
10.0,3.0,3.612613E-6,0.13793042,1.4886861,13.418977,14.943348,0.1471199,0.45809808,0.37849382,4.7475185,2.1555049E-4,1.1812721,1.4393646,10.535596,6.778775,0.0,0.0,0.0,0.0,0.0,0.0,2.1475625E-4,17.966324,0.0,0.0,0.0,0.0,0.0
10.0,4.0,8.0345524E-7,0.0030259246,4.5673094,15.000932,27.33211,0.23882736,0.09283007,0.006341363,3.7665677,0.054322094,7.576622,0.03751578,11.571333,11.104115,0.0,0.0,0.0,0.0,0.0,0.0,3.0775368E-4,25.891289,0.0,0.0,0.0,0.0,0.0
10.0,5.0,3.9590675E-5,2.7058076E-4,11.399564,9.310211,27.14418,1.0635326,0.031053267,0.008729882,6.446214,1.1892704E-5,9.681624,0.93674475,5.9967403,13.302175,0.0,0.0,0.0,0.0,0.0,0.0,7.2050665E-5,20.081598,0.0,0.0,0.0,0.0,0.0
10.0,6.0,6.6732976E-4,0.01899572,7.955018,21.455402,40.05099,0.39285466,0.05197819,0.587877,2.1229599,0.0033691027,8.12359,0.9914782,9.822076,5.097134,0.0,0.0,0.0,0.0,0.0,0.0,1.1381032E-4,35.033432,0.0,0.0,0.0,0.0,0.0
10.0,7.0,3.5459272E-4,0.0013050241,4.596566,3.317551,18.81557,0.12375692,0.039138176,0.22139789,0.23214827,0.052405693,0.7652024,4.4229655,7.3350086,5.6330857,0.0,0.0,0.0,0.0,0.0,0.0,1.00406876E-4,19.133415,0.0,0.0,0.0,0.0,0.0
10.0,8.0,4.5763077E-6,0.0,2.139255,1.9403697,1.64129,0.12380377,2.7702292E-4,0.03184314,0.021247318,1.6855404E-6,0.23436773,0.03332079,0.98554754,0.055772647,0.0,0.0,0.0,0.0,0.0,0.0,6.9303434E-9,0.46653795,0.0,0.0,0.0,0.0,0.0
10.0,9.0,0.0060278527,1.3184552,90.451324,239.24901,267.91833,18.245373,0.95343655,7.304849,42.527454,0.7983996,80.5111,21.494019,89.66943,113.432846,0.0,0.0,0.0,0.0,0.0,0.0,3.417837E-4,194.62718,0.0,0.0,0.0,0.0,0.0
10.0,10.0,0.0039417925,4.076175,71.2747,197.93687,272.05014,12.421681,1.045634,5.4722023,12.333567,0.196248,72.86519,13.945045,93.54242,55.883446,0.0,0.0,0.0,0.0,0.0,0.0,0.0010419991,177.72055,0.0,0.0,0.0,0.0,0.0
10.0,11.0,8.406288E-4,0.26116812,10.120773,32.223343,42.93874,2.0214372,0.4407265,1.4621931,3.3069575,0.033972833,10.222411,1.8040975,13.923909,9.71391,0.0,0.0,0.0,0.0,0.0,0.0,7.3466694E-4,34.57681,0.0,0.0,0.0,0.0,0.0
10.0,12.0,8.0963626E-4,0.19374347,5.212238,13.914605,19.247154,1.0797061,0.15809873,0.35217783,1.6461673,0.012121605,4.5545893,1.0657911,6.0516887,3.1676395,0.0,0.0,0.0,0.0,0.0,0.0,5.0674134E-4,16.317966,0.0,0.0,0.0,0.0,0.0
10.0,13.0,1.0475456E-4,0.10605818,2.0459292,5.9404745,7.732263,0.35453382,0.054247767,0.18958597,0.83610165,0.0018245095,2.1099563,0.35935408,2.4084806,1.8628414,0.0,0.0,0.0,0.0,0.0,0.0,5.4276467E-4,6.6784616,0.0,0.0,0.0,0.0,0.0
10.0,14.0,1.8785699E-4,0.06606588,1.258177,3.548339,5.654039,0.28257066,0.038562045,0.13926165,0.5121239,0.00839737,1.6446702,0.22241868,2.037348,1.1978965,0.0,0.0,0.0,0.0,0.0,0.0,4.2222434E-4,4.5253935,0.0,0.0,0.0,0.0,0.0
10.0,15.0,0.0,0.0,0.0,0.0,0.0,0.0,0.0,0.0,0.0,0.0,0.0,0.0,0.0,0.0,0.0,0.0,0.0,0.0,0.0,0.0,0.0,0.0,0.0,0.0,0.0,0.0,0.0
10.0,16.0,0.0,0.0,0.0,0.0,0.0,0.0,0.0,0.0,0.0,0.0,0.0,0.0,0.0,0.0,0.0,0.0,0.0,0.0,0.0,0.0,0.0,0.0,0.0,0.0,0.0,0.0,0.0
10.0,17.0,0.0,0.0,0.0,0.0,0.0,0.0,0.0,0.0,0.0,0.0,0.0,0.0,0.0,0.0,0.0,0.0,0.0,0.0,0.0,0.0,0.0,0.0,0.0,0.0,0.0,0.0,0.0
10.0,18.0,0.0,0.0,0.0,0.0,0.0,0.0,0.0,0.0,0.0,0.0,0.0,0.0,0.0,0.0,0.0,0.0,0.0,0.0,0.0,0.0,0.0,0.0,0.0,0.0,0.0,0.0,0.0
10.0,19.0,0.0,0.0,0.0,0.0,0.0,0.0,0.0,0.0,0.0,0.0,0.0,0.0,0.0,0.0,0.0,0.0,0.0,0.0,0.0,0.0,0.0,0.0,0.0,0.0,0.0,0.0,0.0
10.0,20.0,0.0,0.0,0.0,0.0,0.0,0.0,0.0,0.0,0.0,0.0,0.0,0.0,0.0,0.0,0.0,0.0,0.0,0.0,0.0,0.0,0.0,0.0,0.0,0.0,0.0,0.0,0.0
10.0,21.0,0.0,0.0,0.0,0.0,0.0,0.0,0.0,0.0,0.0,0.0,0.0,0.0,0.0,0.0,0.0,0.0,0.0,0.0,0.0,0.0,0.0,0.0,0.0,0.0,0.0,0.0,0.0
10.0,22.0,0.0,0.0,0.0,0.0,0.0,0.0,0.0,0.0,0.0,0.0,0.0,0.0,0.0,0.0,0.0,0.0,0.0,0.0,0.0,0.0,0.0,0.0,0.0,0.0,0.0,0.0,0.0
10.0,23.0,0.0,0.0,0.0,0.0,0.0,0.0,0.0,0.0,0.0,0.0,0.0,0.0,0.0,0.0,0.0,0.0,0.0,0.0,0.0,0.0,0.0,0.0,0.0,0.0,0.0,0.0,0.0
10.0,24.0,0.0,0.0,0.0,0.0,0.0,0.0,0.0,0.0,0.0,0.0,0.0,0.0,0.0,0.0,0.0,0.0,0.0,0.0,0.0,0.0,0.0,0.0,0.0,0.0,0.0,0.0,0.0
10.0,25.0,0.0,0.0,0.0,0.0,0.0,0.0,0.0,0.0,0.0,0.0,0.0,0.0,0.0,0.0,0.0,0.0,0.0,0.0,0.0,0.0,0.0,0.0,0.0,0.0,0.0,0.0,0.0
11.0,0.0,0.0,0.16737741,1.3627856,1.8145527,0.71038276,0.010190538,0.13822733,0.04028775,0.2234708,7.1214995E-4,0.16858247,9.84478E-12,2.1406078,0.12459122,0.0,0.0,0.0,0.0,0.0,0.0061279135,4.2959198E-4,6.0547853,0.0,0.0,0.0,0.0,0.0
11.0,1.0,0.0,0.40304437,2.4958103,16.102978,15.012268,0.67762786,0.018884912,0.17270803,0.22682954,1.4760079E-4,1.5757858,0.030770496,4.689246,7.7346897,0.0,0.0,0.0,0.0,0.0,0.0,2.9706507E-4,13.062364,0.0,0.0,0.0,0.0,0.0
11.0,2.0,1.7659117E-8,5.9620247,5.1352034,36.797867,30.381039,4.76771,0.55773807,0.64786685,4.731053,0.029020807,17.331667,0.20583607,16.862,5.059954,0.0,0.0,0.0,0.0,0.0,0.0,4.414946E-4,35.451347,0.0,0.0,0.0,0.0,0.0
11.0,3.0,1.2798596E-5,0.9748071,9.089401,37.486687,36.91839,2.1727653,0.22204605,1.0464114,0.94378066,0.11416785,15.685773,0.7237491,11.480873,4.6839557,0.0,0.0,0.0,0.0,0.0,0.0,3.8846655E-4,28.184338,0.0,0.0,0.0,0.0,0.0
11.0,4.0,1.1579328E-4,0.006064504,3.3938127,7.7823915,15.948269,0.24064764,0.0022295679,0.19215228,2.1782372,0.0035902185,5.787196,1.3540007,7.802796,3.478228,0.0,0.0,0.0,0.0,0.0,0.0,5.692783E-5,11.1357765,0.0,0.0,0.0,0.0,0.0
11.0,5.0,7.3308606E-6,0.35400188,7.086936,39.01534,13.54035,0.42218855,0.092946015,0.116372265,4.2735286,0.002779151,8.209219,1.3245215,4.894347,2.095616,0.0,0.0,0.0,0.0,0.0,0.0,7.98361E-5,12.245719,0.0,0.0,0.0,0.0,0.0
11.0,6.0,5.9363333E-4,4.401722E-6,4.338783,23.636534,30.680767,0.30352926,0.020679133,0.17963174,2.7218914,8.563927E-5,3.2972424,0.1541971,2.4719725,6.13201,0.0,0.0,0.0,0.0,0.0,0.0,1.4419675E-5,9.753677,0.0,0.0,0.0,0.0,0.0
11.0,7.0,1.5058239E-6,0.06605529,4.312302,15.477919,32.026924,0.8383915,0.0017407571,0.4285315,5.488548,0.0017026631,6.0472913,2.3654957,10.435027,6.7580705,0.0,0.0,0.0,0.0,0.0,0.0,1.4769008E-5,16.963467,0.0,0.0,0.0,0.0,0.0
11.0,8.0,8.492364E-7,0.13914433,2.0701504,6.584379,14.420285,0.8864455,0.017175937,0.13045353,1.8892087,0.0016902476,4.232912,0.120486155,3.8547604,2.57896,0.0,0.0,0.0,0.0,0.0,0.0,8.579294E-6,10.614688,0.0,0.0,0.0,0.0,0.0
11.0,9.0,3.3486174E-8,0.002924917,0.3060714,1.0010552,1.8670189,0.004579061,4.2027992E-4,3.8175105E-5,0.017324816,6.525359E-8,0.14663626,5.6856446E-4,0.77666664,0.6048118,0.0,0.0,0.0,0.0,0.0,0.0,0.0,0.6961741,0.0,0.0,0.0,0.0,0.0
11.0,10.0,0.0021022405,1.0985668,56.935406,144.79756,251.61337,8.233286,0.9842457,2.5817945,38.659435,0.09150323,52.877644,14.47608,56.821865,31.87433,0.0,0.0,0.0,0.0,0.0,0.0,1.1230692E-4,148.79347,0.0,0.0,0.0,0.0,0.0
11.0,11.0,6.956726E-4,2.1215494,51.016823,123.629135,204.95296,6.6664767,1.6857951,2.2716541,11.915561,0.13988,58.007614,9.601335,59.16856,41.573074,0.0,0.0,0.0,0.0,0.0,0.0,1.9859531E-4,114.16759,0.0,0.0,0.0,0.0,0.0
11.0,12.0,2.1200118E-4,0.32900557,8.0268135,19.762564,30.95358,1.0594285,0.27807754,0.32704377,2.8531156,0.020099431,8.218756,1.4764192,9.286954,6.0239925,0.0,0.0,0.0,0.0,0.0,0.0,1.4940974E-4,23.158588,0.0,0.0,0.0,0.0,0.0
11.0,13.0,5.848003E-4,0.17933902,3.6371918,7.631023,15.077539,0.41382515,0.130533,0.19626832,1.0605541,0.018033376,3.4684381,0.4473381,4.322439,2.651086,0.0,0.0,0.0,0.0,0.0,0.0,8.8203175E-5,10.0120125,0.0,0.0,0.0,0.0,0.0
11.0,14.0,1.3299458E-4,0.087927274,1.3028057,3.4253726,5.867392,0.17893328,0.025449932,0.0667415,0.5925619,0.0024832718,1.579368,0.18713677,1.6977446,1.1223361,0.0,0.0,0.0,0.0,0.0,0.0,5.5936787E-5,4.3309927,0.0,0.0,0.0,0.0,0.0
11.0,15.0,0.0,0.0,0.0,0.0,0.0,0.0,0.0,0.0,0.0,0.0,0.0,0.0,0.0,0.0,0.0,0.0,0.0,0.0,0.0,0.0,0.0,0.0,0.0,0.0,0.0,0.0,0.0
11.0,16.0,0.0,0.0,0.0,0.0,0.0,0.0,0.0,0.0,0.0,0.0,0.0,0.0,0.0,0.0,0.0,0.0,0.0,0.0,0.0,0.0,0.0,0.0,0.0,0.0,0.0,0.0,0.0
11.0,17.0,0.0,0.0,0.0,0.0,0.0,0.0,0.0,0.0,0.0,0.0,0.0,0.0,0.0,0.0,0.0,0.0,0.0,0.0,0.0,0.0,0.0,0.0,0.0,0.0,0.0,0.0,0.0
11.0,18.0,0.0,0.0,0.0,0.0,0.0,0.0,0.0,0.0,0.0,0.0,0.0,0.0,0.0,0.0,0.0,0.0,0.0,0.0,0.0,0.0,0.0,0.0,0.0,0.0,0.0,0.0,0.0
11.0,19.0,0.0,0.0,0.0,0.0,0.0,0.0,0.0,0.0,0.0,0.0,0.0,0.0,0.0,0.0,0.0,0.0,0.0,0.0,0.0,0.0,0.0,0.0,0.0,0.0,0.0,0.0,0.0
11.0,20.0,0.0,0.0,0.0,0.0,0.0,0.0,0.0,0.0,0.0,0.0,0.0,0.0,0.0,0.0,0.0,0.0,0.0,0.0,0.0,0.0,0.0,0.0,0.0,0.0,0.0,0.0,0.0
11.0,21.0,0.0,0.0,0.0,0.0,0.0,0.0,0.0,0.0,0.0,0.0,0.0,0.0,0.0,0.0,0.0,0.0,0.0,0.0,0.0,0.0,0.0,0.0,0.0,0.0,0.0,0.0,0.0
11.0,22.0,0.0,0.0,0.0,0.0,0.0,0.0,0.0,0.0,0.0,0.0,0.0,0.0,0.0,0.0,0.0,0.0,0.0,0.0,0.0,0.0,0.0,0.0,0.0,0.0,0.0,0.0,0.0
11.0,23.0,0.0,0.0,0.0,0.0,0.0,0.0,0.0,0.0,0.0,0.0,0.0,0.0,0.0,0.0,0.0,0.0,0.0,0.0,0.0,0.0,0.0,0.0,0.0,0.0,0.0,0.0,0.0
11.0,24.0,0.0,0.0,0.0,0.0,0.0,0.0,0.0,0.0,0.0,0.0,0.0,0.0,0.0,0.0,0.0,0.0,0.0,0.0,0.0,0.0,0.0,0.0,0.0,0.0,0.0,0.0,0.0
11.0,25.0,0.0,0.0,0.0,0.0,0.0,0.0,0.0,0.0,0.0,0.0,0.0,0.0,0.0,0.0,0.0,0.0,0.0,0.0,0.0,0.0,0.0,0.0,0.0,0.0,0.0,0.0,0.0
12.0,0.0,0.0,0.08741515,0.4166308,3.2216692,0.75252694,0.0011726933,0.015197782,0.028434439,0.056684583,6.669389E-4,0.39466327,1.8559254E-5,0.84691167,0.0,0.0,0.0,0.0,0.0,0.0,0.0056718844,2.807147E-4,4.9474826,0.0,0.0,0.0,0.0,0.0
12.0,1.0,0.0,1.4984105,2.383934,12.293981,21.110256,0.5780425,0.06334805,1.174319,4.18313,0.0021841011,4.804023,0.0046092477,22.04681,0.0,0.0,0.0,0.0,0.0,0.0,0.0,0.0010062545,26.283653,0.0,0.0,0.0,0.0,0.0
12.0,2.0,3.871674E-6,0.3480135,7.1760483,39.763103,18.689358,0.1890642,0.026900753,0.7772333,3.688554,3.6613704E-4,8.69321,0.042732492,14.753022,2.6677802E-4,0.0,0.0,0.0,0.0,0.0,0.0,2.672462E-4,14.661527,0.0,0.0,0.0,0.0,0.0
12.0,3.0,8.234503E-6,7.1917796,6.8298607,71.076584,47.255905,6.4223065,0.2239423,0.42888013,5.434657,0.087811634,20.4756,3.0449913,24.581415,0.49604577,0.0,0.0,0.0,0.0,0.0,0.0,6.6863466E-4,48.446156,0.0,0.0,0.0,0.0,0.0
12.0,4.0,3.2424012E-7,0.0035306893,5.2467833,13.5505085,33.258274,1.3595791,0.0057007778,0.119178,1.8292912,2.171583E-4,9.698952,0.03452577,9.398947,1.0713909,0.0,0.0,0.0,0.0,0.0,0.0,3.5257984E-4,29.02933,0.0,0.0,0.0,0.0,0.0
12.0,5.0,8.8668554E-7,0.18015768,3.1263638,11.045319,9.997159,0.6332155,0.050058577,0.6746996,0.83663416,0.04166199,4.9686284,0.094735906,6.784524,0.19240256,0.0,0.0,0.0,0.0,0.0,0.0,1.0500648E-4,9.438043,0.0,0.0,0.0,0.0,0.0
12.0,6.0,3.9331013E-7,0.02645281,5.2775407,10.006296,28.070332,0.7071108,0.013443244,0.09142095,0.7338945,0.0014411233,3.2392216,0.017738963,12.528975,1.825095,0.0,0.0,0.0,0.0,0.0,0.0,9.307327E-6,11.085287,0.0,0.0,0.0,0.0,0.0
12.0,7.0,1.1496518E-6,0.0010902688,4.2516627,19.264154,19.19288,0.08364266,0.01852264,0.062503114,1.020697,8.663548E-4,3.1943216,2.2677667,5.353528,1.6667192,0.0,0.0,0.0,0.0,0.0,0.0,5.3725867E-6,6.422277,0.0,0.0,0.0,0.0,0.0
12.0,8.0,2.0701102E-6,0.17161414,5.1810536,9.470724,22.774387,0.9667358,0.0034357107,0.014052645,1.3752148,3.2004574E-4,4.1011024,1.8826818,9.335408,1.2587082,0.0,0.0,0.0,0.0,0.0,0.0,2.627225E-7,16.979809,0.0,0.0,0.0,0.0,0.0
12.0,9.0,8.129309E-9,3.0801492E-4,0.8066326,9.4059105,9.238227,0.230268,0.2564624,0.030696966,0.019114949,3.7591057E-5,6.142964,0.038092095,4.0598893,0.42182878,0.0,0.0,0.0,0.0,0.0,0.0,8.616023E-10,3.2001765,0.0,0.0,0.0,0.0,0.0
12.0,10.0,3.736812E-9,6.804826E-4,0.06375936,0.057564016,1.2766349,0.17110763,2.3730943E-4,0.10082772,0.0010379092,3.404596E-8,0.64143026,0.039887436,0.62551314,0.12061301,0.0,0.0,0.0,0.0,0.0,0.0,0.0,0.6635486,0.0,0.0,0.0,0.0,0.0
12.0,11.0,8.999866E-5,0.792102,42.839012,97.44541,163.75603,9.116841,0.42018637,1.9400445,21.948366,0.036523987,41.816933,6.5999427,43.109367,24.065783,0.0,0.0,0.0,0.0,0.0,0.0,8.281552E-5,103.89224,0.0,0.0,0.0,0.0,0.0
12.0,12.0,4.395218E-5,1.3284558,30.537222,87.14223,139.68523,6.8818364,0.44386232,1.7268169,7.5476627,0.007381189,44.315178,7.193292,46.60171,6.021554,0.0,0.0,0.0,0.0,0.0,0.0,3.1181122E-4,88.086426,0.0,0.0,0.0,0.0,0.0
12.0,13.0,1.2005883E-5,0.09658691,4.6102743,13.751622,21.258965,1.1582043,0.14782149,0.28264883,1.9779328,0.0034358092,5.7768893,1.0221425,7.0511646,1.2902591,0.0,0.0,0.0,0.0,0.0,0.0,3.0753037E-4,16.858332,0.0,0.0,0.0,0.0,0.0
12.0,14.0,1.2634347E-5,0.16107523,1.9594074,4.996656,9.429877,0.4814818,0.085006006,0.21141088,0.5867137,0.0013471182,2.8712509,0.3941823,3.431388,0.39808553,0.0,0.0,0.0,0.0,0.0,0.0,2.3834633E-4,7.8934946,0.0,0.0,0.0,0.0,0.0
12.0,15.0,0.0,0.0,0.0,0.0,0.0,0.0,0.0,0.0,0.0,0.0,0.0,0.0,0.0,0.0,0.0,0.0,0.0,0.0,0.0,0.0,0.0,0.0,0.0,0.0,0.0,0.0,0.0
12.0,16.0,0.0,0.0,0.0,0.0,0.0,0.0,0.0,0.0,0.0,0.0,0.0,0.0,0.0,0.0,0.0,0.0,0.0,0.0,0.0,0.0,0.0,0.0,0.0,0.0,0.0,0.0,0.0
12.0,17.0,0.0,0.0,0.0,0.0,0.0,0.0,0.0,0.0,0.0,0.0,0.0,0.0,0.0,0.0,0.0,0.0,0.0,0.0,0.0,0.0,0.0,0.0,0.0,0.0,0.0,0.0,0.0
12.0,18.0,0.0,0.0,0.0,0.0,0.0,0.0,0.0,0.0,0.0,0.0,0.0,0.0,0.0,0.0,0.0,0.0,0.0,0.0,0.0,0.0,0.0,0.0,0.0,0.0,0.0,0.0,0.0
12.0,19.0,0.0,0.0,0.0,0.0,0.0,0.0,0.0,0.0,0.0,0.0,0.0,0.0,0.0,0.0,0.0,0.0,0.0,0.0,0.0,0.0,0.0,0.0,0.0,0.0,0.0,0.0,0.0
12.0,20.0,0.0,0.0,0.0,0.0,0.0,0.0,0.0,0.0,0.0,0.0,0.0,0.0,0.0,0.0,0.0,0.0,0.0,0.0,0.0,0.0,0.0,0.0,0.0,0.0,0.0,0.0,0.0
12.0,21.0,0.0,0.0,0.0,0.0,0.0,0.0,0.0,0.0,0.0,0.0,0.0,0.0,0.0,0.0,0.0,0.0,0.0,0.0,0.0,0.0,0.0,0.0,0.0,0.0,0.0,0.0,0.0
12.0,22.0,0.0,0.0,0.0,0.0,0.0,0.0,0.0,0.0,0.0,0.0,0.0,0.0,0.0,0.0,0.0,0.0,0.0,0.0,0.0,0.0,0.0,0.0,0.0,0.0,0.0,0.0,0.0
12.0,23.0,0.0,0.0,0.0,0.0,0.0,0.0,0.0,0.0,0.0,0.0,0.0,0.0,0.0,0.0,0.0,0.0,0.0,0.0,0.0,0.0,0.0,0.0,0.0,0.0,0.0,0.0,0.0
12.0,24.0,0.0,0.0,0.0,0.0,0.0,0.0,0.0,0.0,0.0,0.0,0.0,0.0,0.0,0.0,0.0,0.0,0.0,0.0,0.0,0.0,0.0,0.0,0.0,0.0,0.0,0.0,0.0
12.0,25.0,0.0,0.0,0.0,0.0,0.0,0.0,0.0,0.0,0.0,0.0,0.0,0.0,0.0,0.0,0.0,0.0,0.0,0.0,0.0,0.0,0.0,0.0,0.0,0.0,0.0,0.0,0.0
13.0,0.0,0.0,0.046845824,0.001166756,0.4750402,0.4711639,4.3937034E-4,0.0043548886,0.0016932609,0.08551556,1.9686564E-4,0.2067549,1.2623693E-4,0.16957274,0.081878625,0.0,0.0,0.0,0.0,0.0,0.0029796013,2.7468463E-4,1.8773977,0.0,0.0,0.0,0.0,0.0
13.0,1.0,4.7224603E-8,0.04032305,0.32525092,3.2874985,7.441402,1.7310288,0.16401045,0.092660315,2.1281683,6.519444E-5,2.1842613,0.029001262,3.9483256,3.7431278,0.0,0.0,0.0,0.0,0.0,0.0,5.647621E-4,15.968208,0.0,0.0,0.0,0.0,0.0
13.0,2.0,1.1551192E-5,0.8401751,1.5932764,26.13042,30.453505,2.3771362,0.5906542,0.10390088,0.86458313,6.5406814E-4,8.039899,0.018772593,24.87337,37.690163,0.0,0.0,0.0,0.0,0.0,0.0,6.182383E-4,33.87909,0.0,0.0,0.0,0.0,0.0
13.0,3.0,1.1851289E-5,0.79468286,4.7097144,55.199635,20.614077,0.5982566,0.12920217,0.3212182,1.8674977,0.003801216,6.6988072,2.6121652,30.080343,10.117631,0.0,0.0,0.0,0.0,0.0,0.0,1.8244321E-4,15.252587,0.0,0.0,0.0,0.0,0.0
13.0,4.0,3.6087715E-7,0.040688105,9.046835,19.411592,56.32598,0.29456857,0.024037626,0.26008677,3.114686,0.0033273038,5.942058,0.7424848,16.088303,37.382042,0.0,0.0,0.0,0.0,0.0,0.0,2.9204405E-4,38.062862,0.0,0.0,0.0,0.0,0.0
13.0,5.0,5.334411E-7,0.017630434,5.765588,15.545999,19.246117,1.2975733,0.039967563,1.131029,0.7189776,0.0028527288,9.15805,0.7851731,9.999378,9.139675,0.0,0.0,0.0,0.0,0.0,0.0,1.3248602E-4,15.014536,0.0,0.0,0.0,0.0,0.0
13.0,6.0,9.62809E-7,0.016443187,2.3203912,5.255617,10.518834,1.1168176,0.13533665,0.051456254,1.4347134,0.006933553,2.4769716,0.23847525,2.7684498,4.9154963,0.0,0.0,0.0,0.0,0.0,0.0,1.9259967E-5,6.0906425,0.0,0.0,0.0,0.0,0.0
13.0,7.0,6.6047136E-8,0.009170003,2.5660584,5.865373,19.556372,0.1224933,0.07580292,0.055615377,1.4177877,0.002529459,3.8057504,0.027723221,4.9535255,7.342107,0.0,0.0,0.0,0.0,0.0,0.0,1.8997845E-5,9.874584,0.0,0.0,0.0,0.0,0.0
13.0,8.0,1.7047505E-6,0.0053906194,6.6466312,7.464086,7.808248,1.6839826,0.003285136,0.23181449,0.34160602,0.035800684,6.9253078,0.5283452,2.7447999,3.1287248,0.0,0.0,0.0,0.0,0.0,0.0,8.1285964E-7,7.244868,0.0,0.0,0.0,0.0,0.0
13.0,9.0,9.531089E-7,0.015188058,3.9425406,11.978531,11.898021,0.895317,0.018069778,0.8493561,1.2835408,0.0040029036,4.288785,1.1494505,5.2511086,4.1613083,0.0,0.0,0.0,0.0,0.0,0.0,1.4870903E-8,6.349508,0.0,0.0,0.0,0.0,0.0
13.0,10.0,3.2161284E-7,0.014235505,1.6760485,5.2528296,5.6253314,0.0019435829,5.0130635E-5,0.0046775476,0.3251334,2.5139644E-4,1.1698846,0.55583763,2.3882399,1.9437269,0.0,0.0,0.0,0.0,0.0,0.0,3.712314E-10,4.815304,0.0,0.0,0.0,0.0,0.0
13.0,11.0,2.5998966E-7,0.011994546,0.35638568,0.56813955,0.26785302,0.050751384,0.0010808872,0.16458839,1.3471716E-5,1.3512207E-4,0.44954598,0.014851221,0.16490737,0.1733485,0.0,0.0,0.0,0.0,0.0,0.0,0.0,0.36098048,0.0,0.0,0.0,0.0,0.0
13.0,12.0,5.2612802E-5,0.6277482,29.079567,78.88758,93.15249,5.1353865,0.302441,1.4099172,11.792601,0.03780251,36.00714,5.6712027,27.349524,29.995062,0.0,0.0,0.0,0.0,0.0,0.0,1.2685012E-5,58.132904,0.0,0.0,0.0,0.0,0.0
13.0,13.0,7.186316E-5,1.1446629,21.251188,57.571648,75.44987,5.092583,0.6526899,2.1641855,3.0445728,0.038952004,31.661076,3.5555837,29.095634,38.49481,0.0,0.0,0.0,0.0,0.0,0.0,8.8420165E-5,46.97548,0.0,0.0,0.0,0.0,0.0
13.0,14.0,1.4356059E-5,0.18680377,2.878762,8.134305,12.396199,0.7319662,0.083469786,0.25279647,0.8670288,0.0069994824,4.2025723,0.46700835,4.276879,6.413288,0.0,0.0,0.0,0.0,0.0,0.0,7.423501E-5,9.686256,0.0,0.0,0.0,0.0,0.0
13.0,15.0,0.0,0.0,0.0,0.0,0.0,0.0,0.0,0.0,0.0,0.0,0.0,0.0,0.0,0.0,0.0,0.0,0.0,0.0,0.0,0.0,0.0,0.0,0.0,0.0,0.0,0.0,0.0
13.0,16.0,0.0,0.0,0.0,0.0,0.0,0.0,0.0,0.0,0.0,0.0,0.0,0.0,0.0,0.0,0.0,0.0,0.0,0.0,0.0,0.0,0.0,0.0,0.0,0.0,0.0,0.0,0.0
13.0,17.0,0.0,0.0,0.0,0.0,0.0,0.0,0.0,0.0,0.0,0.0,0.0,0.0,0.0,0.0,0.0,0.0,0.0,0.0,0.0,0.0,0.0,0.0,0.0,0.0,0.0,0.0,0.0
13.0,18.0,0.0,0.0,0.0,0.0,0.0,0.0,0.0,0.0,0.0,0.0,0.0,0.0,0.0,0.0,0.0,0.0,0.0,0.0,0.0,0.0,0.0,0.0,0.0,0.0,0.0,0.0,0.0
13.0,19.0,0.0,0.0,0.0,0.0,0.0,0.0,0.0,0.0,0.0,0.0,0.0,0.0,0.0,0.0,0.0,0.0,0.0,0.0,0.0,0.0,0.0,0.0,0.0,0.0,0.0,0.0,0.0
13.0,20.0,0.0,0.0,0.0,0.0,0.0,0.0,0.0,0.0,0.0,0.0,0.0,0.0,0.0,0.0,0.0,0.0,0.0,0.0,0.0,0.0,0.0,0.0,0.0,0.0,0.0,0.0,0.0
13.0,21.0,0.0,0.0,0.0,0.0,0.0,0.0,0.0,0.0,0.0,0.0,0.0,0.0,0.0,0.0,0.0,0.0,0.0,0.0,0.0,0.0,0.0,0.0,0.0,0.0,0.0,0.0,0.0
13.0,22.0,0.0,0.0,0.0,0.0,0.0,0.0,0.0,0.0,0.0,0.0,0.0,0.0,0.0,0.0,0.0,0.0,0.0,0.0,0.0,0.0,0.0,0.0,0.0,0.0,0.0,0.0,0.0
13.0,23.0,0.0,0.0,0.0,0.0,0.0,0.0,0.0,0.0,0.0,0.0,0.0,0.0,0.0,0.0,0.0,0.0,0.0,0.0,0.0,0.0,0.0,0.0,0.0,0.0,0.0,0.0,0.0
13.0,24.0,0.0,0.0,0.0,0.0,0.0,0.0,0.0,0.0,0.0,0.0,0.0,0.0,0.0,0.0,0.0,0.0,0.0,0.0,0.0,0.0,0.0,0.0,0.0,0.0,0.0,0.0,0.0
13.0,25.0,0.0,0.0,0.0,0.0,0.0,0.0,0.0,0.0,0.0,0.0,0.0,0.0,0.0,0.0,0.0,0.0,0.0,0.0,0.0,0.0,0.0,0.0,0.0,0.0,0.0,0.0,0.0
14.0,0.0,0.0,0.007669233,0.009475933,0.5761951,0.020854834,0.031244084,3.100881E-4,8.052685E-4,0.038231757,0.0011429194,0.12948215,0.0029311837,0.12062455,0.0,0.0,0.0,0.0,0.0,0.0,0.003079028,7.047952E-5,1.7077863,0.0,0.0,0.0,0.0,0.0
14.0,1.0,0.0,0.08049297,0.32344422,2.2971053,5.7993383,0.34548333,0.04517414,0.61365896,0.6682746,2.616507E-6,0.5714279,0.19848362,1.6612977,0.004038789,0.0,0.0,0.0,0.0,0.0,0.0,5.4052705E-4,9.119765,0.0,0.0,0.0,0.0,0.0
14.0,2.0,1.5933581E-5,0.33156684,1.921256,8.370829,9.582083,1.1826489,0.057429418,0.41909224,1.0217552,3.35446E-4,3.646184,0.030239915,11.980041,10.166137,0.0,0.0,0.0,0.0,0.0,0.0,6.9498154E-4,16.923088,0.0,0.0,0.0,0.0,0.0
14.0,3.0,4.7593956E-5,0.47656167,8.407057,51.92759,38.407146,3.8807402,0.71635133,0.39443293,9.341405,0.0042165527,16.725784,0.48173225,32.598003,18.55896,0.0,0.0,0.0,0.0,0.0,0.0,7.073682E-4,43.628002,0.0,0.0,0.0,0.0,0.0
14.0,4.0,2.7583463E-5,1.264275,7.564796,18.306513,26.346056,0.25193453,0.0016604082,0.105102606,0.61907697,8.15383E-4,8.4713125,1.4264913,7.1531186,14.171997,0.0,0.0,0.0,0.0,0.0,0.0,1.8120088E-4,26.633099,0.0,0.0,0.0,0.0,0.0
14.0,5.0,1.0082485E-5,0.056063283,7.597791,29.769945,40.80328,1.8590584,0.077774666,4.0656133,7.2980604,0.002746591,7.8041196,0.51494825,11.915822,5.748429,0.0,0.0,0.0,0.0,0.0,0.0,1.2919107E-4,36.828724,0.0,0.0,0.0,0.0,0.0
14.0,6.0,9.40949E-6,0.004295662,6.6121855,14.194523,18.456661,0.13921648,0.010155444,0.2919212,2.4737992,1.9328546E-4,4.36926,0.18139015,5.653933,7.4709663,0.0,0.0,0.0,0.0,0.0,0.0,1.4460444E-5,10.215954,0.0,0.0,0.0,0.0,0.0
14.0,7.0,1.4177247E-5,4.6679104E-4,2.5264509,8.352497,3.745955,0.039826363,5.3059246E-4,0.033139177,0.96875906,0.0016676411,3.8735738,0.11309269,1.7315707,2.2168136,0.0,0.0,0.0,0.0,0.0,0.0,9.634219E-7,4.3278255,0.0,0.0,0.0,0.0,0.0
14.0,8.0,3.1802003E-5,0.010286608,3.974212,1.7430819,11.154121,1.7265993E-4,0.0010783448,0.03231508,0.21481529,8.874729E-5,5.909874,0.79647046,1.6938909,3.649511,0.0,0.0,0.0,0.0,0.0,0.0,3.1592442E-6,11.1277895,0.0,0.0,0.0,0.0,0.0
14.0,9.0,6.6899E-7,1.3051016E-5,0.8515428,4.2191925,12.935307,0.10851803,0.024874875,0.002213606,1.0043284,3.0397328E-5,1.7462816,0.47174898,1.5893627,3.919736,0.0,0.0,0.0,0.0,0.0,0.0,9.594072E-7,5.4986005,0.0,0.0,0.0,0.0,0.0
14.0,10.0,1.268246E-7,9.258368E-4,2.3958437,7.1286216,7.699962,1.0214635,0.04989947,0.0017693051,0.77429545,0.0037388972,2.0092697,1.1132765,3.5377612,4.0920615,0.0,0.0,0.0,0.0,0.0,0.0,8.217072E-8,6.4674244,0.0,0.0,0.0,0.0,0.0
14.0,11.0,1.185135E-6,0.20982482,0.9541747,3.2708468,5.4854407,0.8205858,0.0020109888,0.064460136,0.08963672,1.8181623E-4,1.5499213,0.11476134,0.6324473,0.37422106,0.0,0.0,0.0,0.0,0.0,0.0,1.2798932E-13,2.7877269,0.0,0.0,0.0,0.0,0.0
14.0,12.0,0.0,0.0,0.020373503,0.2839719,0.7141548,0.00246342,0.005614173,1.0105144E-4,1.10708665E-4,6.267208E-8,0.023925899,0.15427645,0.049312923,0.29004836,0.0,0.0,0.0,0.0,0.0,0.0,0.0,0.20305505,0.0,0.0,0.0,0.0,0.0
14.0,13.0,4.8678565E-5,0.31738058,17.71876,45.505684,58.45494,4.1047225,0.2973675,1.5009874,10.6829405,0.01589089,19.292974,4.280628,19.129435,30.551785,0.0,0.0,0.0,0.0,0.0,0.0,5.9972568E-5,42.732155,0.0,0.0,0.0,0.0,0.0
14.0,14.0,5.058384E-6,0.5920857,12.564909,35.941875,59.021626,2.6643934,0.30430555,0.8316897,2.8187501,0.008605621,15.665026,2.627733,23.491041,17.957924,0.0,0.0,0.0,0.0,0.0,0.0,6.338392E-5,36.817196,0.0,0.0,0.0,0.0,0.0
14.0,15.0,0.0,0.0,0.0,0.0,0.0,0.0,0.0,0.0,0.0,0.0,0.0,0.0,0.0,0.0,0.0,0.0,0.0,0.0,0.0,0.0,0.0,0.0,0.0,0.0,0.0,0.0,0.0
14.0,16.0,0.0,0.0,0.0,0.0,0.0,0.0,0.0,0.0,0.0,0.0,0.0,0.0,0.0,0.0,0.0,0.0,0.0,0.0,0.0,0.0,0.0,0.0,0.0,0.0,0.0,0.0,0.0
14.0,17.0,0.0,0.0,0.0,0.0,0.0,0.0,0.0,0.0,0.0,0.0,0.0,0.0,0.0,0.0,0.0,0.0,0.0,0.0,0.0,0.0,0.0,0.0,0.0,0.0,0.0,0.0,0.0
14.0,18.0,0.0,0.0,0.0,0.0,0.0,0.0,0.0,0.0,0.0,0.0,0.0,0.0,0.0,0.0,0.0,0.0,0.0,0.0,0.0,0.0,0.0,0.0,0.0,0.0,0.0,0.0,0.0
14.0,19.0,0.0,0.0,0.0,0.0,0.0,0.0,0.0,0.0,0.0,0.0,0.0,0.0,0.0,0.0,0.0,0.0,0.0,0.0,0.0,0.0,0.0,0.0,0.0,0.0,0.0,0.0,0.0
14.0,20.0,0.0,0.0,0.0,0.0,0.0,0.0,0.0,0.0,0.0,0.0,0.0,0.0,0.0,0.0,0.0,0.0,0.0,0.0,0.0,0.0,0.0,0.0,0.0,0.0,0.0,0.0,0.0
14.0,21.0,0.0,0.0,0.0,0.0,0.0,0.0,0.0,0.0,0.0,0.0,0.0,0.0,0.0,0.0,0.0,0.0,0.0,0.0,0.0,0.0,0.0,0.0,0.0,0.0,0.0,0.0,0.0
14.0,22.0,0.0,0.0,0.0,0.0,0.0,0.0,0.0,0.0,0.0,0.0,0.0,0.0,0.0,0.0,0.0,0.0,0.0,0.0,0.0,0.0,0.0,0.0,0.0,0.0,0.0,0.0,0.0
14.0,23.0,0.0,0.0,0.0,0.0,0.0,0.0,0.0,0.0,0.0,0.0,0.0,0.0,0.0,0.0,0.0,0.0,0.0,0.0,0.0,0.0,0.0,0.0,0.0,0.0,0.0,0.0,0.0
14.0,24.0,0.0,0.0,0.0,0.0,0.0,0.0,0.0,0.0,0.0,0.0,0.0,0.0,0.0,0.0,0.0,0.0,0.0,0.0,0.0,0.0,0.0,0.0,0.0,0.0,0.0,0.0,0.0
14.0,25.0,0.0,0.0,0.0,0.0,0.0,0.0,0.0,0.0,0.0,0.0,0.0,0.0,0.0,0.0,0.0,0.0,0.0,0.0,0.0,0.0,0.0,0.0,0.0,0.0,0.0,0.0,0.0
15.0,0.0,0.0,0.0788897,0.020546237,0.38696027,0.14100729,0.0019056082,0.00837486,0.0042615077,0.016433304,5.4159496E-5,0.16923785,1.9730328E-6,0.14959443,0.039604373,0.0,0.0,0.0,0.0,0.0,0.002316581,2.1253807E-4,1.4822091,0.0,0.0,0.0,0.0,0.0
15.0,1.0,0.0,0.013196617,0.1337889,1.7459403,2.3512282,1.2757251,0.05060868,0.05883421,0.1624769,6.2960476E-6,0.84505415,6.597411E-4,1.2679293,0.67557746,0.0,0.0,0.0,0.0,0.0,0.0,1.6256426E-4,2.960425,0.0,0.0,0.0,0.0,0.0
15.0,2.0,1.9168265E-5,0.0035519877,0.9566776,6.8577914,8.959241,1.6935488,0.05629557,0.21379097,1.1730818,0.0029778513,1.3187643,0.10128774,4.906509,2.4258213,0.0,0.0,0.0,0.0,0.0,0.0,3.0198405E-4,10.04914,0.0,0.0,0.0,0.0,0.0
15.0,3.0,3.5599523E-6,0.6055362,1.7489711,8.860166,22.581942,0.3339769,0.6404957,0.29809275,2.08919,8.110245E-4,7.1505694,3.1906629,12.505281,8.419176,0.0,0.0,0.0,0.0,0.0,0.0,3.012059E-4,24.196962,0.0,0.0,0.0,0.0,0.0
15.0,4.0,1.1878722E-5,0.97193354,10.737476,21.23027,57.776695,0.41891944,0.41358423,2.130778,7.1626215,0.006392836,8.357671,1.252707,7.1689076,19.315048,0.0,0.0,0.0,0.0,0.0,0.0,2.5497458E-4,40.193672,0.0,0.0,0.0,0.0,0.0
15.0,5.0,9.2491055E-6,0.017865786,4.8949766,19.744392,26.964954,4.410698,0.16624995,0.017497638,4.423294,3.999061E-5,3.8980763,0.5130531,4.0206,5.0604644,0.0,0.0,0.0,0.0,0.0,0.0,1.931564E-5,16.7174,0.0,0.0,0.0,0.0,0.0
15.0,6.0,4.4937633E-6,0.002422913,8.48499,17.361128,32.842846,2.6935267,0.008311836,0.38513285,4.213597,2.0355439E-4,5.978285,1.3166323,9.417708,15.743752,0.0,0.0,0.0,0.0,0.0,0.0,1.5523468E-5,22.598526,0.0,0.0,0.0,0.0,0.0
15.0,7.0,3.102885E-7,0.094065174,3.5159092,7.0458856,18.759787,0.250329,0.06191991,0.6295557,0.40341538,2.2327715E-4,3.4908345,2.0190759,4.1138477,5.3674994,0.0,0.0,0.0,0.0,0.0,0.0,1.1825829E-6,7.3084364,0.0,0.0,0.0,0.0,0.0
15.0,8.0,6.2666885E-9,0.011207166,1.0917559,1.9826127,6.2438593,0.5322831,0.012568023,0.15674512,1.0828215,1.0732954E-4,1.1391538,0.100746304,0.68445706,1.6686078,0.0,0.0,0.0,0.0,0.0,0.0,1.1579214E-6,5.248234,0.0,0.0,0.0,0.0,0.0
15.0,9.0,1.2801968E-6,0.057198007,4.202106,8.659999,4.862475,0.21565005,0.047926057,0.19417916,1.0780871,1.6030684E-4,3.2351484,0.23502661,1.9315288,1.8310765,0.0,0.0,0.0,0.0,0.0,0.0,3.927521E-7,2.2558823,0.0,0.0,0.0,0.0,0.0
15.0,10.0,1.2170282E-6,3.4295877E-5,1.4346495,3.6899385,6.6542606,1.0770152,0.08832478,0.06391097,0.9816261,0.0013534777,1.8839642,0.2512754,2.1648927,1.2619483,0.0,0.0,0.0,0.0,0.0,0.0,9.71369E-8,2.98687,0.0,0.0,0.0,0.0,0.0
15.0,11.0,2.0563668E-6,0.29828495,1.8295338,5.210216,6.423912,0.55425376,0.017995149,0.04590849,0.7159793,0.0035426563,1.5443861,0.33030158,3.0274458,1.0144864,0.0,0.0,0.0,0.0,0.0,0.0,8.3535134E-10,3.8977869,0.0,0.0,0.0,0.0,0.0
15.0,12.0,1.1951292E-6,0.007597466,0.45435384,2.8717513,2.689822,0.023643034,0.048270147,0.12581128,0.38079998,0.008177316,0.48557177,0.7579747,0.47070637,0.6260265,0.0,0.0,0.0,0.0,0.0,0.0,0.0,2.1986709,0.0,0.0,0.0,0.0,0.0
15.0,13.0,3.6187455E-12,2.482669E-5,0.060511775,0.022024823,0.44328758,9.787203E-4,0.026958738,3.4931776E-4,5.5748335E-4,0.0,0.012988362,0.012251699,0.23582877,0.11151931,0.0,0.0,0.0,0.0,0.0,0.0,0.0,0.24705237,0.0,0.0,0.0,0.0,0.0
15.0,14.0,1.3383502E-5,0.13647307,11.818879,31.188639,46.70903,2.0345204,0.15480906,1.0424511,7.681068,0.0026042673,11.497087,2.9995897,15.578757,10.5354395,0.0,0.0,0.0,0.0,0.0,0.0,1.2634349E-6,28.000221,0.0,0.0,0.0,0.0,0.0
15.0,15.0,0.0,0.0,0.0,0.0,0.0,0.0,0.0,0.0,0.0,0.0,0.0,0.0,0.0,0.0,0.0,0.0,0.0,0.0,0.0,0.0,0.0,0.0,0.0,0.0,0.0,0.0,0.0
15.0,16.0,0.0,0.0,0.0,0.0,0.0,0.0,0.0,0.0,0.0,0.0,0.0,0.0,0.0,0.0,0.0,0.0,0.0,0.0,0.0,0.0,0.0,0.0,0.0,0.0,0.0,0.0,0.0
15.0,17.0,0.0,0.0,0.0,0.0,0.0,0.0,0.0,0.0,0.0,0.0,0.0,0.0,0.0,0.0,0.0,0.0,0.0,0.0,0.0,0.0,0.0,0.0,0.0,0.0,0.0,0.0,0.0
15.0,18.0,0.0,0.0,0.0,0.0,0.0,0.0,0.0,0.0,0.0,0.0,0.0,0.0,0.0,0.0,0.0,0.0,0.0,0.0,0.0,0.0,0.0,0.0,0.0,0.0,0.0,0.0,0.0
15.0,19.0,0.0,0.0,0.0,0.0,0.0,0.0,0.0,0.0,0.0,0.0,0.0,0.0,0.0,0.0,0.0,0.0,0.0,0.0,0.0,0.0,0.0,0.0,0.0,0.0,0.0,0.0,0.0
15.0,20.0,0.0,0.0,0.0,0.0,0.0,0.0,0.0,0.0,0.0,0.0,0.0,0.0,0.0,0.0,0.0,0.0,0.0,0.0,0.0,0.0,0.0,0.0,0.0,0.0,0.0,0.0,0.0
15.0,21.0,0.0,0.0,0.0,0.0,0.0,0.0,0.0,0.0,0.0,0.0,0.0,0.0,0.0,0.0,0.0,0.0,0.0,0.0,0.0,0.0,0.0,0.0,0.0,0.0,0.0,0.0,0.0
15.0,22.0,0.0,0.0,0.0,0.0,0.0,0.0,0.0,0.0,0.0,0.0,0.0,0.0,0.0,0.0,0.0,0.0,0.0,0.0,0.0,0.0,0.0,0.0,0.0,0.0,0.0,0.0,0.0
15.0,23.0,0.0,0.0,0.0,0.0,0.0,0.0,0.0,0.0,0.0,0.0,0.0,0.0,0.0,0.0,0.0,0.0,0.0,0.0,0.0,0.0,0.0,0.0,0.0,0.0,0.0,0.0,0.0
15.0,24.0,0.0,0.0,0.0,0.0,0.0,0.0,0.0,0.0,0.0,0.0,0.0,0.0,0.0,0.0,0.0,0.0,0.0,0.0,0.0,0.0,0.0,0.0,0.0,0.0,0.0,0.0,0.0
15.0,25.0,0.0,0.0,0.0,0.0,0.0,0.0,0.0,0.0,0.0,0.0,0.0,0.0,0.0,0.0,0.0,0.0,0.0,0.0,0.0,0.0,0.0,0.0,0.0,0.0,0.0,0.0,0.0
16.0,0.0,0.0,0.013732085,0.0057299836,0.4885806,0.12607908,9.3814226E-5,0.002683197,1.8139153E-4,0.08503401,7.286113E-5,0.016466433,1.8234702E-4,0.09123443,0.0,0.0,0.0,0.0,0.0,0.0,0.0012489976,1.6449772E-4,1.8763946,0.0,0.0,0.0,0.0,0.0
16.0,1.0,0.0,0.042873044,1.0415119,2.5490441,3.8270514,0.30342168,0.29543555,0.16690849,0.06230444,1.02303784E-4,1.8076771,0.0070674433,3.6630476,0.04709928,0.0,0.0,0.0,0.0,0.0,0.0,5.559792E-4,5.9837027,0.0,0.0,0.0,0.0,0.0
16.0,2.0,3.3590242E-9,0.12621546,0.63983446,8.222886,3.061513,0.29882112,0.009270099,0.041074727,0.5441269,3.653099E-4,0.48811767,0.088748,4.4103975,0.0063690026,0.0,0.0,0.0,0.0,0.0,0.0,5.4905395E-5,1.8404146,0.0,0.0,0.0,0.0,0.0
16.0,3.0,2.9097885E-6,0.12043162,0.6619717,12.9855585,13.649151,0.11436318,0.07390002,0.03102941,0.7732951,9.074496E-5,4.2604766,0.4290784,8.94305,0.46162775,0.0,0.0,0.0,0.0,0.0,0.0,5.7826645E-4,14.627227,0.0,0.0,0.0,0.0,0.0
16.0,4.0,1.6900008E-6,0.041683655,3.6963277,10.12682,26.350672,1.0818275,0.14649421,0.021849204,4.426951,0.03410459,5.1110673,0.7955539,2.1607416,3.9095862,0.0,0.0,0.0,0.0,0.0,0.0,2.2907497E-4,18.380703,0.0,0.0,0.0,0.0,0.0
16.0,5.0,4.6462348E-5,0.03725691,15.840161,34.923866,40.41877,1.3275261,0.09025081,0.5766739,4.644704,2.2013692E-4,13.183191,1.6280603,5.466902,2.9521058,0.0,0.0,0.0,0.0,0.0,0.0,2.8425755E-5,22.325216,0.0,0.0,0.0,0.0,0.0
16.0,6.0,7.294323E-7,1.147464E-4,2.0652127,9.897697,18.947277,0.051134866,0.12516403,2.079026,0.9641196,6.0857774E-4,9.588296,4.842816,6.5611515,2.4026906,0.0,0.0,0.0,0.0,0.0,0.0,7.316305E-7,12.045496,0.0,0.0,0.0,0.0,0.0
16.0,7.0,1.1004053E-6,0.056421015,9.070057,14.757333,29.642279,0.78439337,0.18334363,0.43647277,3.132576,7.492582E-4,3.6712055,1.816206,2.7096732,5.6471057,0.0,0.0,0.0,0.0,0.0,0.0,1.6771764E-5,17.20718,0.0,0.0,0.0,0.0,0.0
16.0,8.0,1.0184475E-7,0.0018310971,3.9791222,3.3431323,13.994522,0.90641135,0.0022967611,0.036247846,0.5594111,9.837449E-5,2.8359492,0.9307218,2.1695313,1.7647406,0.0,0.0,0.0,0.0,0.0,0.0,1.9730884E-9,7.5340304,0.0,0.0,0.0,0.0,0.0
16.0,9.0,5.003818E-8,0.0070525846,0.72432905,3.2659965,3.1946666,0.29106313,5.39675E-4,0.15824854,0.56545365,1.8079101E-5,1.9157525,0.580624,1.1702671,0.8383003,0.0,0.0,0.0,0.0,0.0,0.0,1.0288872E-8,1.4459249,0.0,0.0,0.0,0.0,0.0
16.0,10.0,7.4070584E-7,0.033155825,1.431015,2.9013202,7.738194,0.124497585,0.02933634,6.6638726E-4,0.2135936,8.027412E-6,0.8572822,0.09648285,1.4859492,1.383042,0.0,0.0,0.0,0.0,0.0,0.0,1.5976632E-7,3.499518,0.0,0.0,0.0,0.0,0.0
16.0,11.0,1.9178894E-6,0.0048168274,1.753279,2.9847035,3.6650274,0.019113215,0.04776752,0.026596522,0.15771139,0.001143961,1.827173,0.4186723,1.2087623,1.6490988,0.0,0.0,0.0,0.0,0.0,0.0,0.0,1.5355275,0.0,0.0,0.0,0.0,0.0
16.0,12.0,3.844186E-7,0.0023086288,1.8498287,3.8057907,4.024634,0.0819107,0.017300779,0.14004667,0.5552644,9.369717E-5,1.2701077,0.23763838,0.9001841,0.9563622,0.0,0.0,0.0,0.0,0.0,0.0,0.0,2.8039298,0.0,0.0,0.0,0.0,0.0
16.0,13.0,5.8342753E-8,0.052778438,0.47864214,2.327111,1.4187379,0.02000349,0.015060648,0.17352386,0.04275888,0.0026623243,1.1724886,0.42658436,0.50690836,0.24864948,0.0,0.0,0.0,0.0,0.0,0.0,0.0,0.4584691,0.0,0.0,0.0,0.0,0.0
16.0,14.0,1.5292287E-7,0.0,0.08958636,0.20206545,0.2031216,0.06331596,7.221716E-5,0.009372427,2.4265772E-5,1.4768538E-6,0.06888202,4.8541155E-4,0.054442246,0.027384594,0.0,0.0,0.0,0.0,0.0,0.0,0.0,0.047101494,0.0,0.0,0.0,0.0,0.0
16.0,15.0,0.0,0.0,0.0,0.0,0.0,0.0,0.0,0.0,0.0,0.0,0.0,0.0,0.0,0.0,0.0,0.0,0.0,0.0,0.0,0.0,0.0,0.0,0.0,0.0,0.0,0.0,0.0
16.0,16.0,0.0,0.0,0.0,0.0,0.0,0.0,0.0,0.0,0.0,0.0,0.0,0.0,0.0,0.0,0.0,0.0,0.0,0.0,0.0,0.0,0.0,0.0,0.0,0.0,0.0,0.0,0.0
16.0,17.0,0.0,0.0,0.0,0.0,0.0,0.0,0.0,0.0,0.0,0.0,0.0,0.0,0.0,0.0,0.0,0.0,0.0,0.0,0.0,0.0,0.0,0.0,0.0,0.0,0.0,0.0,0.0
16.0,18.0,0.0,0.0,0.0,0.0,0.0,0.0,0.0,0.0,0.0,0.0,0.0,0.0,0.0,0.0,0.0,0.0,0.0,0.0,0.0,0.0,0.0,0.0,0.0,0.0,0.0,0.0,0.0
16.0,19.0,0.0,0.0,0.0,0.0,0.0,0.0,0.0,0.0,0.0,0.0,0.0,0.0,0.0,0.0,0.0,0.0,0.0,0.0,0.0,0.0,0.0,0.0,0.0,0.0,0.0,0.0,0.0
16.0,20.0,0.0,0.0,0.0,0.0,0.0,0.0,0.0,0.0,0.0,0.0,0.0,0.0,0.0,0.0,0.0,0.0,0.0,0.0,0.0,0.0,0.0,0.0,0.0,0.0,0.0,0.0,0.0
16.0,21.0,0.0,0.0,0.0,0.0,0.0,0.0,0.0,0.0,0.0,0.0,0.0,0.0,0.0,0.0,0.0,0.0,0.0,0.0,0.0,0.0,0.0,0.0,0.0,0.0,0.0,0.0,0.0
16.0,22.0,0.0,0.0,0.0,0.0,0.0,0.0,0.0,0.0,0.0,0.0,0.0,0.0,0.0,0.0,0.0,0.0,0.0,0.0,0.0,0.0,0.0,0.0,0.0,0.0,0.0,0.0,0.0
16.0,23.0,0.0,0.0,0.0,0.0,0.0,0.0,0.0,0.0,0.0,0.0,0.0,0.0,0.0,0.0,0.0,0.0,0.0,0.0,0.0,0.0,0.0,0.0,0.0,0.0,0.0,0.0,0.0
16.0,24.0,0.0,0.0,0.0,0.0,0.0,0.0,0.0,0.0,0.0,0.0,0.0,0.0,0.0,0.0,0.0,0.0,0.0,0.0,0.0,0.0,0.0,0.0,0.0,0.0,0.0,0.0,0.0
16.0,25.0,0.0,0.0,0.0,0.0,0.0,0.0,0.0,0.0,0.0,0.0,0.0,0.0,0.0,0.0,0.0,0.0,0.0,0.0,0.0,0.0,0.0,0.0,0.0,0.0,0.0,0.0,0.0
17.0,0.0,0.0,0.017105721,0.041500725,0.25915873,0.06575281,1.826107E-4,9.240905E-4,0.010633695,0.0948956,5.7983594E-5,0.007525645,0.008112506,0.017466327,0.043762088,0.0,0.0,0.0,0.0,0.0,0.0010871583,5.8306854E-5,0.43546256,0.0,0.0,0.0,0.0,0.0
17.0,1.0,0.0,0.007735621,0.17227066,2.2420921,1.6901268,0.047087185,0.0020545989,0.026388522,0.14204296,1.0279922E-5,0.9675612,0.062719725,1.4582583,0.4749145,0.0,0.0,0.0,0.0,0.0,0.0,2.1333799E-4,3.293838,0.0,0.0,0.0,0.0,0.0
17.0,2.0,1.3431716E-6,0.16023864,4.078377,8.330249,4.088984,0.483706,0.20333314,0.23053981,0.41709754,8.803205E-5,4.5274596,0.0023971705,4.835897,0.9731168,0.0,0.0,0.0,0.0,0.0,0.0,1.5323122E-4,5.980743,0.0,0.0,0.0,0.0,0.0
17.0,3.0,1.5277043E-6,0.683862,0.87215376,6.2350006,6.335278,0.18783636,0.058212116,0.25324935,0.7790329,1.03371185E-5,1.0610391,0.29977173,2.511636,0.61511046,0.0,0.0,0.0,0.0,0.0,0.0,3.5523644E-5,8.192866,0.0,0.0,0.0,0.0,0.0
17.0,4.0,2.172068E-6,0.2038332,1.6490709,8.465224,11.299919,0.05993497,0.17809191,0.023947477,0.669233,0.043452784,3.6060398,0.22933543,3.2941234,1.8424762,0.0,0.0,0.0,0.0,0.0,0.0,6.220955E-5,12.030815,0.0,0.0,0.0,0.0,0.0
17.0,5.0,9.901247E-7,0.0018044238,2.7363577,8.680616,19.913609,0.70367205,0.0055477624,0.23705183,1.3004249,1.0496217E-4,3.162157,0.49382597,5.434306,5.218473,0.0,0.0,0.0,0.0,0.0,0.0,1.6779883E-5,12.382101,0.0,0.0,0.0,0.0,0.0
17.0,6.0,3.307526E-5,0.68818825,13.048666,22.88168,28.765572,0.62563765,0.02592906,0.5773119,2.1405077,3.467742E-4,11.06455,5.7711363,3.2800496,2.7093701,0.0,0.0,0.0,0.0,0.0,0.0,8.122708E-8,18.211773,0.0,0.0,0.0,0.0,0.0
17.0,7.0,3.3269438E-7,0.08360759,3.2901967,7.0747395,12.6937895,0.42502284,0.23838344,0.24428049,0.59696496,2.133743E-4,7.047785,1.777472,1.9734664,3.0279517,0.0,0.0,0.0,0.0,0.0,0.0,3.6100626E-8,11.922914,0.0,0.0,0.0,0.0,0.0
17.0,8.0,2.0254624E-6,0.013880967,3.3353426,14.672066,16.77712,1.1823667,0.074407674,0.08689927,1.1513742,8.389445E-4,6.7451606,2.799952,6.676097,1.5962491,0.0,0.0,0.0,0.0,0.0,0.0,7.614472E-10,9.436063,0.0,0.0,0.0,0.0,0.0
17.0,9.0,1.725004E-6,0.6029121,0.5816173,4.9149218,9.647292,0.07020566,0.18100493,0.06214942,0.4410939,8.311333E-5,1.7387137,0.17349812,2.3478205,3.2565706,0.0,0.0,0.0,0.0,0.0,0.0,0.0,2.860758,0.0,0.0,0.0,0.0,0.0
17.0,10.0,2.4956105E-7,0.0041047973,0.47649053,1.8588487,2.3026109,0.22980231,0.0016267665,0.00673028,0.1280026,1.6901901E-4,0.79853475,0.23911808,1.8854561,0.47161344,0.0,0.0,0.0,0.0,0.0,0.0,1.0070886E-9,1.2162868,0.0,0.0,0.0,0.0,0.0
17.0,11.0,1.6945759E-6,3.9308876E-4,1.2716861,0.9726293,5.141556,0.016925467,0.01978268,0.37340346,0.18717635,6.8003596E-6,1.2365611,0.13537002,0.51132673,1.2760838,0.0,0.0,0.0,0.0,0.0,0.0,0.0,2.2852325,0.0,0.0,0.0,0.0,0.0
17.0,12.0,4.6050936E-6,8.419576E-5,1.3788674,1.7205353,3.0790534,0.018916138,0.009027704,0.0012873578,0.09098335,8.1235994E-5,1.3574638,0.29450372,0.59660137,0.16239321,0.0,0.0,0.0,0.0,0.0,0.0,0.0,1.4796133,0.0,0.0,0.0,0.0,0.0
17.0,13.0,2.6878254E-7,0.0010955201,0.95282686,0.83956933,3.9045794,0.22432226,2.0163176E-4,0.11018629,0.18789251,2.5166108E-4,1.442585,0.39781433,0.92888033,0.56784934,0.0,0.0,0.0,0.0,0.0,0.0,0.0,1.449302,0.0,0.0,0.0,0.0,0.0
17.0,14.0,3.5787812E-7,0.0033134504,0.29003522,0.72211635,1.5986631,0.05475458,0.017182063,0.002190458,0.025057144,6.4920837E-6,0.7896357,0.1545591,0.80815226,0.21732084,0.0,0.0,0.0,0.0,0.0,0.0,0.0,0.1841808,0.0,0.0,0.0,0.0,0.0
17.0,15.0,0.0,0.0,0.0,0.0,0.0,0.0,0.0,0.0,0.0,0.0,0.0,0.0,0.0,0.0,0.0,0.0,0.0,0.0,0.0,0.0,0.0,0.0,0.0,0.0,0.0,0.0,0.0
17.0,16.0,0.0,0.0,0.0,0.0,0.0,0.0,0.0,0.0,0.0,0.0,0.0,0.0,0.0,0.0,0.0,0.0,0.0,0.0,0.0,0.0,0.0,0.0,0.0,0.0,0.0,0.0,0.0
17.0,17.0,0.0,0.0,0.0,0.0,0.0,0.0,0.0,0.0,0.0,0.0,0.0,0.0,0.0,0.0,0.0,0.0,0.0,0.0,0.0,0.0,0.0,0.0,0.0,0.0,0.0,0.0,0.0
17.0,18.0,0.0,0.0,0.0,0.0,0.0,0.0,0.0,0.0,0.0,0.0,0.0,0.0,0.0,0.0,0.0,0.0,0.0,0.0,0.0,0.0,0.0,0.0,0.0,0.0,0.0,0.0,0.0
17.0,19.0,0.0,0.0,0.0,0.0,0.0,0.0,0.0,0.0,0.0,0.0,0.0,0.0,0.0,0.0,0.0,0.0,0.0,0.0,0.0,0.0,0.0,0.0,0.0,0.0,0.0,0.0,0.0
17.0,20.0,0.0,0.0,0.0,0.0,0.0,0.0,0.0,0.0,0.0,0.0,0.0,0.0,0.0,0.0,0.0,0.0,0.0,0.0,0.0,0.0,0.0,0.0,0.0,0.0,0.0,0.0,0.0
17.0,21.0,0.0,0.0,0.0,0.0,0.0,0.0,0.0,0.0,0.0,0.0,0.0,0.0,0.0,0.0,0.0,0.0,0.0,0.0,0.0,0.0,0.0,0.0,0.0,0.0,0.0,0.0,0.0
17.0,22.0,0.0,0.0,0.0,0.0,0.0,0.0,0.0,0.0,0.0,0.0,0.0,0.0,0.0,0.0,0.0,0.0,0.0,0.0,0.0,0.0,0.0,0.0,0.0,0.0,0.0,0.0,0.0
17.0,23.0,0.0,0.0,0.0,0.0,0.0,0.0,0.0,0.0,0.0,0.0,0.0,0.0,0.0,0.0,0.0,0.0,0.0,0.0,0.0,0.0,0.0,0.0,0.0,0.0,0.0,0.0,0.0
17.0,24.0,0.0,0.0,0.0,0.0,0.0,0.0,0.0,0.0,0.0,0.0,0.0,0.0,0.0,0.0,0.0,0.0,0.0,0.0,0.0,0.0,0.0,0.0,0.0,0.0,0.0,0.0,0.0
17.0,25.0,0.0,0.0,0.0,0.0,0.0,0.0,0.0,0.0,0.0,0.0,0.0,0.0,0.0,0.0,0.0,0.0,0.0,0.0,0.0,0.0,0.0,0.0,0.0,0.0,0.0,0.0,0.0
18.0,0.0,0.0,0.020476252,0.010202355,0.034204207,0.094874784,1.8520621E-4,2.6808569E-4,2.4670296E-4,0.0074645174,6.480812E-5,0.07912026,2.1485286E-5,0.13507763,0.0,0.0,0.0,0.0,0.0,0.0,9.5791265E-4,4.0660696E-5,0.3580505,0.0,0.0,0.0,0.0,0.0
18.0,1.0,0.0,0.0069876453,0.10734723,0.5823274,0.7249545,0.045181755,0.033554215,0.02172939,0.012487592,1.6658098E-5,0.2761431,0.009406555,0.36417532,2.1082757E-4,0.0,0.0,0.0,0.0,0.0,0.0,8.25045E-5,1.4404274,0.0,0.0,0.0,0.0,0.0
18.0,2.0,1.5388064E-6,0.04641602,0.52668417,3.25237,3.7857487,0.0955006,0.043855496,0.06913858,0.15170641,0.0060598874,1.4647472,0.043935563,1.7777146,0.009993219,0.0,0.0,0.0,0.0,0.0,0.0,4.2460713E-4,6.6143203,0.0,0.0,0.0,0.0,0.0
18.0,3.0,1.9599695E-6,1.5655837,2.2068503,10.370724,11.181461,0.86253065,0.022687651,0.6430583,0.7147634,4.6712827E-4,7.6023912,0.23219387,6.893165,0.1522678,0.0,0.0,0.0,0.0,0.0,0.0,2.2645961E-4,8.587519,0.0,0.0,0.0,0.0,0.0
18.0,4.0,4.2156893E-7,0.009099112,0.83501136,7.2957377,4.978697,0.022328656,0.0010125679,0.004610512,1.0174668,2.995876E-7,2.2001357,0.4846307,1.9202235,1.2198735,0.0,0.0,0.0,0.0,0.0,0.0,1.9600175E-5,2.915664,0.0,0.0,0.0,0.0,0.0
18.0,5.0,2.3295424E-6,0.22168885,3.6609945,4.29268,9.221671,0.06255071,0.013070084,0.19157793,0.4681622,1.6878039E-4,1.3862133,0.18676488,4.3722396,1.1941961,0.0,0.0,0.0,0.0,0.0,0.0,2.4415096E-5,10.556987,0.0,0.0,0.0,0.0,0.0
18.0,6.0,2.0971608E-7,0.018341022,4.2729673,8.640152,10.232905,0.037648156,6.748534E-4,0.012573519,1.7835295,8.336802E-4,3.7591662,0.5898238,5.5803857,1.6808614,0.0,0.0,0.0,0.0,0.0,0.0,1.0752047E-4,10.226735,0.0,0.0,0.0,0.0,0.0
18.0,7.0,1.2156941E-7,0.016010504,8.507595,11.370458,19.733103,1.5205592,0.017202973,1.7252848,2.781851,2.2678696E-6,11.648361,1.6185812,3.314823,7.1743894,0.0,0.0,0.0,0.0,0.0,0.0,9.4450314E-8,12.34689,0.0,0.0,0.0,0.0,0.0
18.0,8.0,2.236175E-7,5.1924353E-4,3.2926667,5.166901,14.639274,0.015923072,6.3161315E-5,0.00613736,0.425089,2.4253457E-6,4.7184286,0.34383574,2.3586178,1.8010617,0.0,0.0,0.0,0.0,0.0,0.0,2.5629021E-12,4.0982823,0.0,0.0,0.0,0.0,0.0
18.0,9.0,6.4507293E-7,0.040165007,4.98516,7.4299583,10.8993435,0.3349561,0.012032845,0.12686452,1.7506969,1.2443292E-4,4.8317037,0.2525533,4.623041,3.0711994,0.0,0.0,0.0,0.0,0.0,0.0,0.0,7.3336244,0.0,0.0,0.0,0.0,0.0
18.0,10.0,3.8345792E-8,0.018495057,1.311415,4.022106,5.6633263,0.1388054,1.1099417E-4,0.036244072,0.05652845,3.6474187E-6,1.465464,0.29849604,1.8282025,0.57120997,0.0,0.0,0.0,0.0,0.0,0.0,0.0,3.2647877,0.0,0.0,0.0,0.0,0.0
18.0,11.0,5.213667E-7,0.012240313,1.1937895,1.0769866,1.7232178,0.061240256,0.0055804527,0.068940915,0.21429971,9.8519595E-5,0.44628432,0.28446743,0.19560759,0.6332872,0.0,0.0,0.0,0.0,0.0,0.0,0.0,0.6777225,0.0,0.0,0.0,0.0,0.0
18.0,12.0,1.3441575E-6,0.02567213,1.6061741,0.90238106,2.1052089,0.15960436,5.4873755E-5,0.093242064,0.032478873,1.6945078E-5,1.86841,0.28423324,0.8392729,0.13733166,0.0,0.0,0.0,0.0,0.0,0.0,0.0,1.0199952,0.0,0.0,0.0,0.0,0.0
18.0,13.0,2.5753087E-7,2.0040321E-4,0.83726555,1.2993442,1.9787714,0.007443531,0.010954829,0.0019054634,0.25496498,5.065191E-7,0.46733943,0.36958447,0.26565215,0.51316,0.0,0.0,0.0,0.0,0.0,0.0,0.0,0.82214385,0.0,0.0,0.0,0.0,0.0
18.0,14.0,4.31223E-7,1.03266E-5,0.6787977,1.1032456,1.7391602,0.07536367,0.0026548994,0.01304353,0.09866539,4.892415E-6,0.7717074,0.68031293,0.46807244,0.47126412,0.0,0.0,0.0,0.0,0.0,0.0,0.0,1.1994498,0.0,0.0,0.0,0.0,0.0
18.0,15.0,0.0,0.0,0.0,0.0,0.0,0.0,0.0,0.0,0.0,0.0,0.0,0.0,0.0,0.0,0.0,0.0,0.0,0.0,0.0,0.0,0.0,0.0,0.0,0.0,0.0,0.0,0.0
18.0,16.0,0.0,0.0,0.0,0.0,0.0,0.0,0.0,0.0,0.0,0.0,0.0,0.0,0.0,0.0,0.0,0.0,0.0,0.0,0.0,0.0,0.0,0.0,0.0,0.0,0.0,0.0,0.0
18.0,17.0,0.0,0.0,0.0,0.0,0.0,0.0,0.0,0.0,0.0,0.0,0.0,0.0,0.0,0.0,0.0,0.0,0.0,0.0,0.0,0.0,0.0,0.0,0.0,0.0,0.0,0.0,0.0
18.0,18.0,0.0,0.0,0.0,0.0,0.0,0.0,0.0,0.0,0.0,0.0,0.0,0.0,0.0,0.0,0.0,0.0,0.0,0.0,0.0,0.0,0.0,0.0,0.0,0.0,0.0,0.0,0.0
18.0,19.0,0.0,0.0,0.0,0.0,0.0,0.0,0.0,0.0,0.0,0.0,0.0,0.0,0.0,0.0,0.0,0.0,0.0,0.0,0.0,0.0,0.0,0.0,0.0,0.0,0.0,0.0,0.0
18.0,20.0,0.0,0.0,0.0,0.0,0.0,0.0,0.0,0.0,0.0,0.0,0.0,0.0,0.0,0.0,0.0,0.0,0.0,0.0,0.0,0.0,0.0,0.0,0.0,0.0,0.0,0.0,0.0
18.0,21.0,0.0,0.0,0.0,0.0,0.0,0.0,0.0,0.0,0.0,0.0,0.0,0.0,0.0,0.0,0.0,0.0,0.0,0.0,0.0,0.0,0.0,0.0,0.0,0.0,0.0,0.0,0.0
18.0,22.0,0.0,0.0,0.0,0.0,0.0,0.0,0.0,0.0,0.0,0.0,0.0,0.0,0.0,0.0,0.0,0.0,0.0,0.0,0.0,0.0,0.0,0.0,0.0,0.0,0.0,0.0,0.0
18.0,23.0,0.0,0.0,0.0,0.0,0.0,0.0,0.0,0.0,0.0,0.0,0.0,0.0,0.0,0.0,0.0,0.0,0.0,0.0,0.0,0.0,0.0,0.0,0.0,0.0,0.0,0.0,0.0
18.0,24.0,0.0,0.0,0.0,0.0,0.0,0.0,0.0,0.0,0.0,0.0,0.0,0.0,0.0,0.0,0.0,0.0,0.0,0.0,0.0,0.0,0.0,0.0,0.0,0.0,0.0,0.0,0.0
18.0,25.0,0.0,0.0,0.0,0.0,0.0,0.0,0.0,0.0,0.0,0.0,0.0,0.0,0.0,0.0,0.0,0.0,0.0,0.0,0.0,0.0,0.0,0.0,0.0,0.0,0.0,0.0,0.0
19.0,0.0,0.0,0.007064137,0.02453352,0.053435586,0.029798511,0.0228291,0.0022933418,0.0015262091,0.05426291,1.7472175E-5,0.04696247,5.0290337E-6,0.016816782,0.026566472,0.0,0.0,0.0,0.0,0.0,6.0868246E-4,5.7642406E-5,0.36492875,0.0,0.0,0.0,0.0,0.0
19.0,1.0,0.0,0.04609868,0.21376573,0.5870734,0.87425107,0.13796204,0.0055369935,0.006037666,0.05397435,3.3701457E-5,0.65331167,0.008223232,0.18781975,0.16351435,0.0,0.0,0.0,0.0,0.0,0.0,1.7293978E-4,1.2584534,0.0,0.0,0.0,0.0,0.0
19.0,2.0,3.3275868E-10,0.010324936,0.082992435,1.096247,1.2660085,0.01476384,0.0014967147,0.030573225,0.0962784,2.4711838E-7,0.603499,0.04225494,0.53424686,0.48438597,0.0,0.0,0.0,0.0,0.0,0.0,6.1283914E-5,1.5739578,0.0,0.0,0.0,0.0,0.0
19.0,3.0,2.2294612E-6,3.7839703E-4,0.2990253,5.7211075,7.4019966,0.008477681,0.082169004,0.08091886,0.70285624,1.5044877E-5,2.0253732,0.6506623,1.6993852,2.3122926,0.0,0.0,0.0,0.0,0.0,0.0,1.0751341E-4,5.504351,0.0,0.0,0.0,0.0,0.0
19.0,4.0,4.2480823E-7,0.0018706539,0.57542086,8.533291,13.2122755,0.40873933,0.027745914,0.3552056,0.16595721,1.5732381E-6,2.5130496,0.8347767,3.3398628,2.9545653,0.0,0.0,0.0,0.0,0.0,0.0,1.0875746E-4,6.1856737,0.0,0.0,0.0,0.0,0.0
19.0,5.0,7.369813E-7,0.004689828,0.8877801,3.845619,3.5210898,0.10499194,6.015497E-5,0.012677983,1.3387823,0.029533446,1.0186995,0.712072,1.1621554,1.001252,0.0,0.0,0.0,0.0,0.0,0.0,3.276386E-6,4.7681804,0.0,0.0,0.0,0.0,0.0
19.0,6.0,2.674758E-8,0.1842084,1.3063864,5.5486045,6.9277005,0.06668123,0.0068789725,0.0016806385,0.24511811,1.2150941E-5,2.482101,1.1198806,2.7849007,3.4828498,0.0,0.0,0.0,0.0,0.0,0.0,1.6497607E-6,3.7851763,0.0,0.0,0.0,0.0,0.0
19.0,7.0,9.612863E-7,0.025540465,2.5576217,5.621306,7.120237,0.453014,8.860745E-4,0.0023881227,0.7712166,1.9110248E-5,5.6530614,0.42463994,1.665359,1.8198886,0.0,0.0,0.0,0.0,0.0,0.0,3.6148485E-6,8.057253,0.0,0.0,0.0,0.0,0.0
19.0,8.0,1.1056706E-7,0.032955334,2.8014584,11.493764,16.723837,1.3270679,0.018368397,0.04133891,1.8464142,1.5895426E-5,7.613493,1.7339134,3.575735,4.0220575,0.0,0.0,0.0,0.0,0.0,0.0,6.605109E-12,7.5416713,0.0,0.0,0.0,0.0,0.0
19.0,9.0,1.629739E-7,0.010703674,1.1872519,7.6837187,6.217085,0.032684084,0.004050706,0.33604085,0.6895466,5.4155814E-4,2.2020233,1.4532095,2.2412949,1.1445962,0.0,0.0,0.0,0.0,0.0,0.0,0.0,2.6534986,0.0,0.0,0.0,0.0,0.0
19.0,10.0,1.1600506E-7,0.102183804,1.9438763,6.197626,9.819651,0.54405636,0.015883196,0.047006562,1.084169,5.247315E-4,2.9805572,0.7150825,2.7474089,2.21922,0.0,0.0,0.0,0.0,0.0,0.0,0.0,3.213671,0.0,0.0,0.0,0.0,0.0
19.0,11.0,3.880781E-8,1.803372E-4,1.0257556,2.7034795,3.7080805,0.18197969,0.038226858,0.047170583,0.16607833,7.042598E-5,0.97751564,0.46843842,0.87174445,0.9240586,0.0,0.0,0.0,0.0,0.0,0.0,0.0,1.6679773,0.0,0.0,0.0,0.0,0.0
19.0,12.0,8.655532E-9,2.4628283E-5,0.30931047,0.65497607,1.181343,0.026502762,3.2773273E-4,0.01898695,0.106294945,4.0254145E-5,0.36968076,0.15138194,0.70590305,0.47575143,0.0,0.0,0.0,0.0,0.0,0.0,0.0,0.41855282,0.0,0.0,0.0,0.0,0.0
19.0,13.0,4.293719E-8,0.0012090637,0.40107566,1.5083238,1.6471554,0.09185647,0.0023398672,0.014066386,0.16649008,4.229772E-6,0.74176055,0.22198667,0.52366817,0.41756648,0.0,0.0,0.0,0.0,0.0,0.0,0.0,0.31855682,0.0,0.0,0.0,0.0,0.0
19.0,14.0,2.7979675E-7,2.5822068E-4,0.32051393,0.73230785,1.2078145,0.014667251,6.4949965E-4,0.005568726,0.22692044,3.177188E-5,0.35067666,0.1564085,0.55034614,0.26158777,0.0,0.0,0.0,0.0,0.0,0.0,0.0,0.6802318,0.0,0.0,0.0,0.0,0.0
19.0,15.0,0.0,0.0,0.0,0.0,0.0,0.0,0.0,0.0,0.0,0.0,0.0,0.0,0.0,0.0,0.0,0.0,0.0,0.0,0.0,0.0,0.0,0.0,0.0,0.0,0.0,0.0,0.0
19.0,16.0,0.0,0.0,0.0,0.0,0.0,0.0,0.0,0.0,0.0,0.0,0.0,0.0,0.0,0.0,0.0,0.0,0.0,0.0,0.0,0.0,0.0,0.0,0.0,0.0,0.0,0.0,0.0
19.0,17.0,0.0,0.0,0.0,0.0,0.0,0.0,0.0,0.0,0.0,0.0,0.0,0.0,0.0,0.0,0.0,0.0,0.0,0.0,0.0,0.0,0.0,0.0,0.0,0.0,0.0,0.0,0.0
19.0,18.0,0.0,0.0,0.0,0.0,0.0,0.0,0.0,0.0,0.0,0.0,0.0,0.0,0.0,0.0,0.0,0.0,0.0,0.0,0.0,0.0,0.0,0.0,0.0,0.0,0.0,0.0,0.0
19.0,19.0,0.0,0.0,0.0,0.0,0.0,0.0,0.0,0.0,0.0,0.0,0.0,0.0,0.0,0.0,0.0,0.0,0.0,0.0,0.0,0.0,0.0,0.0,0.0,0.0,0.0,0.0,0.0
19.0,20.0,0.0,0.0,0.0,0.0,0.0,0.0,0.0,0.0,0.0,0.0,0.0,0.0,0.0,0.0,0.0,0.0,0.0,0.0,0.0,0.0,0.0,0.0,0.0,0.0,0.0,0.0,0.0
19.0,21.0,0.0,0.0,0.0,0.0,0.0,0.0,0.0,0.0,0.0,0.0,0.0,0.0,0.0,0.0,0.0,0.0,0.0,0.0,0.0,0.0,0.0,0.0,0.0,0.0,0.0,0.0,0.0
19.0,22.0,0.0,0.0,0.0,0.0,0.0,0.0,0.0,0.0,0.0,0.0,0.0,0.0,0.0,0.0,0.0,0.0,0.0,0.0,0.0,0.0,0.0,0.0,0.0,0.0,0.0,0.0,0.0
19.0,23.0,0.0,0.0,0.0,0.0,0.0,0.0,0.0,0.0,0.0,0.0,0.0,0.0,0.0,0.0,0.0,0.0,0.0,0.0,0.0,0.0,0.0,0.0,0.0,0.0,0.0,0.0,0.0
19.0,24.0,0.0,0.0,0.0,0.0,0.0,0.0,0.0,0.0,0.0,0.0,0.0,0.0,0.0,0.0,0.0,0.0,0.0,0.0,0.0,0.0,0.0,0.0,0.0,0.0,0.0,0.0,0.0
19.0,25.0,0.0,0.0,0.0,0.0,0.0,0.0,0.0,0.0,0.0,0.0,0.0,0.0,0.0,0.0,0.0,0.0,0.0,0.0,0.0,0.0,0.0,0.0,0.0,0.0,0.0,0.0,0.0
20.0,0.0,0.0,0.0017050717,2.1635019E-4,0.037120152,0.03891347,0.001132936,9.97541E-4,0.001050375,0.0030055817,5.705663E-5,0.010747163,1.3267687E-7,0.006848181,0.0,0.0,0.0,0.0,0.0,0.0,9.35095E-4,8.884538E-5,0.20043683,0.0,0.0,0.0,0.0,0.0
20.0,1.0,0.0,3.25668E-4,0.055536933,0.41838783,0.459106,0.023404762,5.8948674E-4,0.008233552,0.086024344,1.2308914E-5,0.051220015,0.001267076,0.16583768,0.0021534606,0.0,0.0,0.0,0.0,0.0,0.0,1.1191254E-4,0.9488705,0.0,0.0,0.0,0.0,0.0
20.0,2.0,1.8579412E-10,0.10338126,0.29356167,1.2028424,0.8313111,0.18011028,0.032807905,0.24865347,0.14038622,3.184602E-7,1.0503396,0.06514809,0.72183526,0.015550005,0.0,0.0,0.0,0.0,0.0,0.0,1.6341219E-4,1.7795099,0.0,0.0,0.0,0.0,0.0
20.0,3.0,1.5498369E-12,0.01911614,0.09223571,0.9211717,2.5813923,0.0094024455,0.00438399,0.03028623,0.47387087,1.2000455E-8,0.501707,0.14270379,0.46250287,1.1710764,0.0,0.0,0.0,0.0,0.0,0.0,4.3930635E-5,2.0645626,0.0,0.0,0.0,0.0,0.0
20.0,4.0,3.6903888E-8,0.009369102,1.0358254,4.07038,5.9430265,0.3453891,0.0108292475,0.00539066,0.70162517,1.6014425E-4,1.1852598,0.8247366,1.7640635,1.3541886,0.0,0.0,0.0,0.0,0.0,0.0,7.862089E-5,3.4684384,0.0,0.0,0.0,0.0,0.0
20.0,5.0,5.114899E-8,0.25158703,3.1213133,3.1261327,9.390234,0.6458,0.01521541,0.08405104,0.8902401,1.839645E-5,3.5262508,0.5236115,1.7263932,2.8822405,0.0,0.0,0.0,0.0,0.0,0.0,1.7827537E-5,5.837043,0.0,0.0,0.0,0.0,0.0
20.0,6.0,6.005363E-7,0.008002494,0.37734815,1.8787842,3.3026812,0.02996306,0.006667903,0.03161876,0.5522902,5.696339E-7,2.0957773,0.81021726,1.6764158,1.9299109,0.0,0.0,0.0,0.0,0.0,0.0,3.7938545E-7,1.4470359,0.0,0.0,0.0,0.0,0.0
20.0,7.0,1.8004296E-9,0.0047409665,1.3702414,3.751862,6.8193955,0.1596992,0.021181677,0.06864461,0.27028456,0.001489514,1.260875,0.4251497,2.23932,1.5596243,0.0,0.0,0.0,0.0,0.0,0.0,3.030512E-7,2.933936,0.0,0.0,0.0,0.0,0.0
20.0,8.0,5.5306533E-8,0.13907404,1.4462764,6.1848183,3.296086,0.064477496,0.0013906513,0.060868304,0.32051918,1.6576357E-4,3.7260985,1.4571679,1.923865,1.5411339,0.0,0.0,0.0,0.0,0.0,0.0,7.5951937E-7,4.7024508,0.0,0.0,0.0,0.0,0.0
20.0,9.0,9.742685E-8,0.0033765538,6.5982957,7.5960336,7.486521,0.12231942,0.0014577778,0.13209955,0.9945144,2.6194017E-5,4.8770614,1.9079906,2.7295415,4.334104,0.0,0.0,0.0,0.0,0.0,0.0,0.0,4.5382357,0.0,0.0,0.0,0.0,0.0
20.0,10.0,2.6920356E-8,0.00653108,0.9366996,3.410288,5.418735,0.16979249,0.0051320684,0.034451153,0.40167674,1.3172538E-6,1.2387581,0.89508075,0.8724899,1.9435335,0.0,0.0,0.0,0.0,0.0,0.0,0.0,2.5699427,0.0,0.0,0.0,0.0,0.0
20.0,11.0,1.2172273E-8,0.002752742,1.8711352,4.374135,4.6283026,0.37160188,0.03526998,0.0099194525,0.7100402,3.7313424E-4,2.0010192,0.2799412,2.5127091,2.2362356,0.0,0.0,0.0,0.0,0.0,0.0,0.0,2.6013896,0.0,0.0,0.0,0.0,0.0
20.0,12.0,8.697505E-9,0.0,0.50110006,1.2735674,2.0872834,0.054583292,0.006234089,0.0067343293,0.2077283,7.84055E-6,1.4293605,0.13844399,1.1801322,0.43170175,0.0,0.0,0.0,0.0,0.0,0.0,0.0,1.3216239,0.0,0.0,0.0,0.0,0.0
20.0,13.0,7.922771E-9,5.824328E-4,0.15999393,0.46069953,0.99469376,0.06728335,4.7475423E-4,7.2774084E-5,0.09802761,2.598929E-5,0.19725199,0.04592896,0.40337545,0.18481496,0.0,0.0,0.0,0.0,0.0,0.0,0.0,0.34233633,0.0,0.0,0.0,0.0,0.0
20.0,14.0,3.161854E-8,0.018494632,0.32842675,0.78427917,1.029708,0.06919328,2.4485044E-4,1.6968072E-6,0.17891943,4.4210472E-7,0.36279908,0.032728914,0.40118355,0.25106072,0.0,0.0,0.0,0.0,0.0,0.0,0.0,0.5629632,0.0,0.0,0.0,0.0,0.0
20.0,15.0,0.0,0.0,0.0,0.0,0.0,0.0,0.0,0.0,0.0,0.0,0.0,0.0,0.0,0.0,0.0,0.0,0.0,0.0,0.0,0.0,0.0,0.0,0.0,0.0,0.0,0.0,0.0
20.0,16.0,0.0,0.0,0.0,0.0,0.0,0.0,0.0,0.0,0.0,0.0,0.0,0.0,0.0,0.0,0.0,0.0,0.0,0.0,0.0,0.0,0.0,0.0,0.0,0.0,0.0,0.0,0.0
20.0,17.0,0.0,0.0,0.0,0.0,0.0,0.0,0.0,0.0,0.0,0.0,0.0,0.0,0.0,0.0,0.0,0.0,0.0,0.0,0.0,0.0,0.0,0.0,0.0,0.0,0.0,0.0,0.0
20.0,18.0,0.0,0.0,0.0,0.0,0.0,0.0,0.0,0.0,0.0,0.0,0.0,0.0,0.0,0.0,0.0,0.0,0.0,0.0,0.0,0.0,0.0,0.0,0.0,0.0,0.0,0.0,0.0
20.0,19.0,0.0,0.0,0.0,0.0,0.0,0.0,0.0,0.0,0.0,0.0,0.0,0.0,0.0,0.0,0.0,0.0,0.0,0.0,0.0,0.0,0.0,0.0,0.0,0.0,0.0,0.0,0.0
20.0,20.0,0.0,0.0,0.0,0.0,0.0,0.0,0.0,0.0,0.0,0.0,0.0,0.0,0.0,0.0,0.0,0.0,0.0,0.0,0.0,0.0,0.0,0.0,0.0,0.0,0.0,0.0,0.0
20.0,21.0,0.0,0.0,0.0,0.0,0.0,0.0,0.0,0.0,0.0,0.0,0.0,0.0,0.0,0.0,0.0,0.0,0.0,0.0,0.0,0.0,0.0,0.0,0.0,0.0,0.0,0.0,0.0
20.0,22.0,0.0,0.0,0.0,0.0,0.0,0.0,0.0,0.0,0.0,0.0,0.0,0.0,0.0,0.0,0.0,0.0,0.0,0.0,0.0,0.0,0.0,0.0,0.0,0.0,0.0,0.0,0.0
20.0,23.0,0.0,0.0,0.0,0.0,0.0,0.0,0.0,0.0,0.0,0.0,0.0,0.0,0.0,0.0,0.0,0.0,0.0,0.0,0.0,0.0,0.0,0.0,0.0,0.0,0.0,0.0,0.0
20.0,24.0,0.0,0.0,0.0,0.0,0.0,0.0,0.0,0.0,0.0,0.0,0.0,0.0,0.0,0.0,0.0,0.0,0.0,0.0,0.0,0.0,0.0,0.0,0.0,0.0,0.0,0.0,0.0
20.0,25.0,0.0,0.0,0.0,0.0,0.0,0.0,0.0,0.0,0.0,0.0,0.0,0.0,0.0,0.0,0.0,0.0,0.0,0.0,0.0,0.0,0.0,0.0,0.0,0.0,0.0,0.0,0.0
