"Distribution of the biomass (tonne) of prey species (in columns) in the diet of sardine by Age class (year). For class i, the preyed biomass in [i,i+1[ is reported."
"Time","Age","lesserSpottedDogfish","redMullet","pouting","whiting","poorCod","cod","dragonet","sole","plaice","horseMackerel","mackerel","herring","sardine","squids","cuttlefish","thornbackRay","diatoms","microPhytoplankton","heterotrophicFlagellates","microZooplankton","mesoZooplankton","Macrozoo","meioBenthos","depositBenthos","suspensionBenthos","largeBenthos","veryLargeBenthos"
1.0,0.0,0.0,13.944857,0.00405925,214.53487,0.48241124,0.019791076,25.458858,0.001416577,37.132328,1.4725221,39.120285,2.9568582,1430.2866,0.0,0.0,0.0,1.6292046E-5,105.13215,20.92616,2656.1858,3983.0178,1331.2924,0.0,0.0,0.0,0.0,0.0
1.0,1.0,0.0,7.0935354,0.017317103,259.20877,0.431582,0.08325031,33.786194,0.0068861404,23.762476,0.78673565,61.487896,1.8497219,2453.7217,109.44098,0.0,0.0,0.0,0.0,0.0,1054.0514,1899.3542,2091.6091,0.0,0.0,0.0,0.0,0.0
1.0,2.0,0.0,6.0695443,0.013531522,296.68262,0.37006575,0.06926759,46.855293,0.007541193,20.490597,1.1552354,62.52224,2.0428367,951.3024,292.7432,0.0,0.0,0.0,0.0,0.0,16.689548,1026.7615,1263.8522,0.0,0.0,0.0,0.0,0.0
1.0,3.0,0.0,16.70408,0.0066131405,175.26959,0.58712053,0.07073303,33.6246,0.007409827,9.3923235,0.48657766,67.70476,1.3630593,616.5141,166.76024,0.0,0.0,0.0,0.0,0.0,0.0,697.4414,863.4669,0.0,0.0,0.0,0.0,0.0
1.0,4.0,0.0,14.054118,0.0049654976,116.89004,0.38258687,0.05409625,17.4162,0.002778828,15.235932,0.37241024,43.192913,3.025385,414.9839,132.03726,0.0,0.0,0.0,0.0,0.0,0.0,459.76312,565.30115,0.0,0.0,0.0,0.0,0.0
1.0,5.0,0.0,5.7749357,0.0037313777,86.79345,0.33298257,0.007896142,14.217405,0.0021883084,10.734768,0.24754633,37.468136,4.6044116,296.9832,77.258995,0.0,0.0,0.0,0.0,0.0,0.0,340.9754,417.96402,0.0,0.0,0.0,0.0,0.0
1.0,6.0,0.0,5.5364614,0.0020465148,64.32658,0.27462205,0.003149061,14.516683,0.0023234745,8.715674,0.11510186,17.06522,4.691977,240.1429,64.97396,0.0,0.0,0.0,0.0,0.0,0.0,239.35281,304.33865,0.0,0.0,0.0,0.0,0.0
1.0,7.0,0.0,3.1731884,0.0019295748,49.234447,0.15842839,0.0022253068,8.197364,0.0017608182,11.287627,0.19783965,12.9141655,3.8310428,151.44878,47.049503,0.0,0.0,0.0,0.0,0.0,0.0,180.77452,232.97717,0.0,0.0,0.0,0.0,0.0
1.0,8.0,0.0,2.6254685,0.001383502,54.47989,0.1459061,0.0033422238,3.9447143,9.407388E-4,5.5006046,0.060820628,9.388369,1.7511585,120.60798,42.86344,0.0,0.0,0.0,0.0,0.0,0.0,134.91963,172.13712,0.0,0.0,0.0,0.0,0.0
1.0,9.0,0.0,1.4983298,0.0012280305,43.765648,0.06242784,0.0011329527,6.476583,9.639426E-4,2.5228057,0.08711572,15.430964,0.11156294,96.58682,34.887722,0.0,0.0,0.0,0.0,0.0,0.0,111.86497,144.21179,0.0,0.0,0.0,0.0,0.0
1.0,10.0,0.0,1.7470597,6.4967514E-4,34.506046,0.14639904,0.030037228,3.5501602,5.623452E-4,1.8948532,0.071788415,13.977386,0.18920904,83.54465,31.689985,0.0,0.0,0.0,0.0,0.0,0.0,96.80956,115.58852,0.0,0.0,0.0,0.0,0.0
1.0,11.0,0.0,4.4641843,9.351847E-4,39.36467,0.118731864,5.219834E-4,2.1375837,5.079126E-4,2.9147525,0.12923819,8.043556,0.2732368,61.930733,20.541574,0.0,0.0,0.0,0.0,0.0,0.0,77.69732,104.25635,0.0,0.0,0.0,0.0,0.0
1.0,12.0,0.0,1.2852151,0.00132274,34.93042,0.01806095,8.345417E-4,1.7312648,3.518523E-4,2.8973267,0.07576248,4.660037,0.03167823,51.629116,12.020886,0.0,0.0,0.0,0.0,0.0,0.0,67.90756,87.33842,0.0,0.0,0.0,0.0,0.0
1.0,13.0,0.0,1.0071224,3.7325983E-4,11.808514,0.016733864,1.20094344E-4,2.036545,2.5629552E-4,4.5799146,0.027661724,2.595211,0.19562285,47.360725,18.547073,0.0,0.0,0.0,0.0,0.0,0.0,54.66199,69.08592,0.0,0.0,0.0,0.0,0.0
1.0,14.0,0.0,0.49110213,1.4674201E-4,15.793727,0.024157131,0.0014781682,0.8002675,2.5645018E-4,1.8537235,0.101185955,2.72752,0.04698516,46.62019,16.703552,0.0,0.0,0.0,0.0,0.0,0.0,41.78753,54.505665,0.0,0.0,0.0,0.0,0.0
1.0,15.0,0.0,0.0,0.0,0.0,0.0,0.0,0.0,0.0,0.0,0.0,0.0,0.0,0.0,0.0,0.0,0.0,0.0,0.0,0.0,0.0,0.0,0.0,0.0,0.0,0.0,0.0,0.0
1.0,16.0,0.0,0.0,0.0,0.0,0.0,0.0,0.0,0.0,0.0,0.0,0.0,0.0,0.0,0.0,0.0,0.0,0.0,0.0,0.0,0.0,0.0,0.0,0.0,0.0,0.0,0.0,0.0
1.0,17.0,0.0,0.0,0.0,0.0,0.0,0.0,0.0,0.0,0.0,0.0,0.0,0.0,0.0,0.0,0.0,0.0,0.0,0.0,0.0,0.0,0.0,0.0,0.0,0.0,0.0,0.0,0.0
1.0,18.0,0.0,0.0,0.0,0.0,0.0,0.0,0.0,0.0,0.0,0.0,0.0,0.0,0.0,0.0,0.0,0.0,0.0,0.0,0.0,0.0,0.0,0.0,0.0,0.0,0.0,0.0,0.0
1.0,19.0,0.0,0.0,0.0,0.0,0.0,0.0,0.0,0.0,0.0,0.0,0.0,0.0,0.0,0.0,0.0,0.0,0.0,0.0,0.0,0.0,0.0,0.0,0.0,0.0,0.0,0.0,0.0
1.0,20.0,0.0,0.0,0.0,0.0,0.0,0.0,0.0,0.0,0.0,0.0,0.0,0.0,0.0,0.0,0.0,0.0,0.0,0.0,0.0,0.0,0.0,0.0,0.0,0.0,0.0,0.0,0.0
1.0,21.0,0.0,0.0,0.0,0.0,0.0,0.0,0.0,0.0,0.0,0.0,0.0,0.0,0.0,0.0,0.0,0.0,0.0,0.0,0.0,0.0,0.0,0.0,0.0,0.0,0.0,0.0,0.0
1.0,22.0,0.0,0.0,0.0,0.0,0.0,0.0,0.0,0.0,0.0,0.0,0.0,0.0,0.0,0.0,0.0,0.0,0.0,0.0,0.0,0.0,0.0,0.0,0.0,0.0,0.0,0.0,0.0
1.0,23.0,0.0,0.0,0.0,0.0,0.0,0.0,0.0,0.0,0.0,0.0,0.0,0.0,0.0,0.0,0.0,0.0,0.0,0.0,0.0,0.0,0.0,0.0,0.0,0.0,0.0,0.0,0.0
1.0,24.0,0.0,0.0,0.0,0.0,0.0,0.0,0.0,0.0,0.0,0.0,0.0,0.0,0.0,0.0,0.0,0.0,0.0,0.0,0.0,0.0,0.0,0.0,0.0,0.0,0.0,0.0,0.0
1.0,25.0,0.0,0.0,0.0,0.0,0.0,0.0,0.0,0.0,0.0,0.0,0.0,0.0,0.0,0.0,0.0,0.0,0.0,0.0,0.0,0.0,0.0,0.0,0.0,0.0,0.0,0.0,0.0
2.0,0.0,0.0,20.116829,0.002295795,35.78351,0.08529043,7.1481237E-4,6.019504,8.111116E-4,0.07879069,2.5596075,50.773914,0.036065616,262.09952,0.0,0.0,0.0,1.729823E-5,111.22192,27.420698,1986.6997,3562.8472,378.12897,0.0,0.0,0.0,0.0,0.0
2.0,1.0,0.0,11.942076,0.03970499,328.21646,0.2526755,0.060505994,43.842525,0.011326902,13.660401,2.6474273,135.7155,1.7131082,2140.249,18.606941,0.0,0.0,0.0,0.0,0.28644243,939.35156,1766.3044,1668.9409,0.0,0.0,0.0,0.0,0.0
2.0,2.0,0.0,15.446446,0.04787784,253.47105,0.14699194,0.027131632,29.633907,0.00808224,8.069884,2.7264478,165.83606,0.9192524,2007.3492,25.884163,0.0,0.0,0.0,0.0,0.0,109.08265,1162.9517,1325.3726,0.0,0.0,0.0,0.0,0.0
2.0,3.0,0.0,9.9336815,0.017456504,100.394035,0.10938677,0.0184503,13.670599,0.0030839148,7.751995,1.4128116,76.224884,0.8437104,629.49445,14.246779,0.0,0.0,0.0,0.0,0.0,0.0,450.5266,506.2325,0.0,0.0,0.0,0.0,0.0
2.0,4.0,0.0,6.0411835,0.009763787,62.25193,0.20587347,0.0071572806,9.740739,0.0017285417,4.5895514,0.5969986,52.360752,0.41009313,407.59927,6.6602564,0.0,0.0,0.0,0.0,0.0,0.0,294.2742,305.93686,0.0,0.0,0.0,0.0,0.0
2.0,5.0,0.0,5.6768885,0.0057843667,45.799747,0.1459929,0.007381596,4.6139407,0.0015543982,3.6798403,0.4720645,25.963123,0.25491762,272.66245,6.765112,0.0,0.0,0.0,0.0,0.0,0.0,181.9276,198.15033,0.0,0.0,0.0,0.0,0.0
2.0,6.0,0.0,5.7377596,0.0051005697,39.486664,0.0355105,0.0031200298,2.5290647,0.0013062137,4.373639,0.9969902,19.90664,0.07785327,201.25797,5.84097,0.0,0.0,0.0,0.0,0.0,0.0,133.00557,153.25696,0.0,0.0,0.0,0.0,0.0
2.0,7.0,0.0,2.9698195,0.0043075,32.01478,0.055297233,0.0064419117,3.333745,4.666415E-4,1.992472,0.18861476,17.190025,0.13061649,133.76445,6.2056656,0.0,0.0,0.0,0.0,0.0,0.0,100.50644,108.43483,0.0,0.0,0.0,0.0,0.0
2.0,8.0,0.0,2.994444,0.0023684248,23.900932,0.021894071,0.001454524,1.967559,3.8292268E-4,0.65616536,0.29899207,14.028399,0.08956449,109.8012,4.0125465,0.0,0.0,0.0,0.0,0.0,0.0,75.19569,77.5963,0.0,0.0,0.0,0.0,0.0
2.0,9.0,0.0,1.7999519,0.0018010634,18.33211,0.020736078,0.001479078,1.0251424,3.000174E-4,1.4627839,0.14833078,10.308943,0.12130902,74.5266,2.1907287,0.0,0.0,0.0,0.0,0.0,0.0,57.44212,61.750153,0.0,0.0,0.0,0.0,0.0
2.0,10.0,0.0,1.6851786,0.0021976153,20.65549,0.0084867915,0.0014657368,1.0127194,4.2840434E-4,0.5543457,0.07167575,15.161616,0.057650574,56.31644,2.1826239,0.0,0.0,0.0,0.0,0.0,0.0,49.058907,54.49542,0.0,0.0,0.0,0.0,0.0
2.0,11.0,0.0,0.940893,0.0020508494,6.475773,0.017051164,0.002392217,1.2170115,3.8909036E-4,0.51695436,0.0463023,7.815975,0.032604396,48.606464,2.4939437,0.0,0.0,0.0,0.0,0.0,0.0,44.30956,43.6249,0.0,0.0,0.0,0.0,0.0
2.0,12.0,0.0,0.5955919,0.0013300369,15.426303,0.008059225,0.0014668513,1.5145373,2.3404222E-4,0.055114653,0.11610318,4.1485744,0.028062535,41.348118,1.1253405,0.0,0.0,0.0,0.0,0.0,0.0,31.71779,35.390537,0.0,0.0,0.0,0.0,0.0
2.0,13.0,0.0,0.8716393,6.2906765E-4,9.4415455,0.009214767,0.0019313354,0.73745346,2.4230016E-4,0.23858424,0.1459975,3.7651367,0.032094423,30.221903,1.6199932,0.0,0.0,0.0,0.0,0.0,0.0,30.53338,28.428246,0.0,0.0,0.0,0.0,0.0
2.0,14.0,0.0,0.42221302,0.0017087475,5.9685826,0.01663855,2.9975848E-4,0.8199373,0.0012255281,0.6053606,0.119743764,2.582483,0.05552086,28.860855,0.53951883,0.0,0.0,0.0,0.0,0.0,0.0,24.033802,26.330597,0.0,0.0,0.0,0.0,0.0
2.0,15.0,0.0,0.0,0.0,0.0,0.0,0.0,0.0,0.0,0.0,0.0,0.0,0.0,0.0,0.0,0.0,0.0,0.0,0.0,0.0,0.0,0.0,0.0,0.0,0.0,0.0,0.0,0.0
2.0,16.0,0.0,0.0,0.0,0.0,0.0,0.0,0.0,0.0,0.0,0.0,0.0,0.0,0.0,0.0,0.0,0.0,0.0,0.0,0.0,0.0,0.0,0.0,0.0,0.0,0.0,0.0,0.0
2.0,17.0,0.0,0.0,0.0,0.0,0.0,0.0,0.0,0.0,0.0,0.0,0.0,0.0,0.0,0.0,0.0,0.0,0.0,0.0,0.0,0.0,0.0,0.0,0.0,0.0,0.0,0.0,0.0
2.0,18.0,0.0,0.0,0.0,0.0,0.0,0.0,0.0,0.0,0.0,0.0,0.0,0.0,0.0,0.0,0.0,0.0,0.0,0.0,0.0,0.0,0.0,0.0,0.0,0.0,0.0,0.0,0.0
2.0,19.0,0.0,0.0,0.0,0.0,0.0,0.0,0.0,0.0,0.0,0.0,0.0,0.0,0.0,0.0,0.0,0.0,0.0,0.0,0.0,0.0,0.0,0.0,0.0,0.0,0.0,0.0,0.0
2.0,20.0,0.0,0.0,0.0,0.0,0.0,0.0,0.0,0.0,0.0,0.0,0.0,0.0,0.0,0.0,0.0,0.0,0.0,0.0,0.0,0.0,0.0,0.0,0.0,0.0,0.0,0.0,0.0
2.0,21.0,0.0,0.0,0.0,0.0,0.0,0.0,0.0,0.0,0.0,0.0,0.0,0.0,0.0,0.0,0.0,0.0,0.0,0.0,0.0,0.0,0.0,0.0,0.0,0.0,0.0,0.0,0.0
2.0,22.0,0.0,0.0,0.0,0.0,0.0,0.0,0.0,0.0,0.0,0.0,0.0,0.0,0.0,0.0,0.0,0.0,0.0,0.0,0.0,0.0,0.0,0.0,0.0,0.0,0.0,0.0,0.0
2.0,23.0,0.0,0.0,0.0,0.0,0.0,0.0,0.0,0.0,0.0,0.0,0.0,0.0,0.0,0.0,0.0,0.0,0.0,0.0,0.0,0.0,0.0,0.0,0.0,0.0,0.0,0.0,0.0
2.0,24.0,0.0,0.0,0.0,0.0,0.0,0.0,0.0,0.0,0.0,0.0,0.0,0.0,0.0,0.0,0.0,0.0,0.0,0.0,0.0,0.0,0.0,0.0,0.0,0.0,0.0,0.0,0.0
2.0,25.0,0.0,0.0,0.0,0.0,0.0,0.0,0.0,0.0,0.0,0.0,0.0,0.0,0.0,0.0,0.0,0.0,0.0,0.0,0.0,0.0,0.0,0.0,0.0,0.0,0.0,0.0,0.0
3.0,0.0,0.0,25.084948,0.0035452282,56.28537,0.4371216,0.0032103246,6.383871,7.916659E-4,0.65922666,2.1503038,54.028107,0.16556965,429.4067,0.0,0.0,0.0,1.5304602E-5,103.26582,22.820084,2130.122,4027.562,812.6653,0.0,0.0,0.0,0.0,0.0
3.0,1.0,0.0,4.277135,0.0044508316,16.778526,0.0865208,0.002389215,4.342234,1.6844444E-4,2.5466602,0.5871047,3.2008066,0.07716415,231.60599,3.7451375E-10,0.0,0.0,0.0,0.0,0.057484854,318.12152,521.80334,462.04172,0.0,0.0,0.0,0.0,0.0
3.0,2.0,0.0,13.474815,0.029448122,337.79056,1.4583731,0.07682146,25.03174,0.00650817,32.373875,2.5295494,83.944595,0.92645586,1350.3866,0.0041864384,0.0,0.0,0.0,0.0,0.0,211.7092,1266.7244,1485.545,0.0,0.0,0.0,0.0,0.0
3.0,3.0,0.0,17.474205,0.03564272,169.40001,0.96702415,0.018201075,19.760592,0.003199535,12.553269,1.8257931,117.234215,0.2594272,1008.66626,2.9827654E-5,0.0,0.0,0.0,0.0,0.0,11.606655,727.8662,1021.82465,0.0,0.0,0.0,0.0,0.0
3.0,4.0,0.0,8.703633,0.0075074476,58.54287,0.73195636,0.011112658,6.1620693,0.0016186484,8.7359295,0.904247,24.51444,0.1240521,266.26083,1.2856538E-5,0.0,0.0,0.0,0.0,0.0,0.0,250.69334,320.18872,0.0,0.0,0.0,0.0,0.0
3.0,5.0,0.0,3.5710816,0.009100085,32.76177,0.2909502,0.006478796,3.337538,0.0011767328,3.3274984,0.5619263,19.572323,0.07880997,162.10413,6.993245E-6,0.0,0.0,0.0,0.0,0.0,0.0,155.35893,183.40732,0.0,0.0,0.0,0.0,0.0
3.0,6.0,0.0,2.2189,0.004454351,24.956097,0.2520322,0.0049825436,2.0715573,8.240254E-4,2.3484998,0.433908,11.293039,0.06475122,118.752594,4.90414E-6,0.0,0.0,0.0,0.0,0.0,0.0,93.809746,124.19576,0.0,0.0,0.0,0.0,0.0
3.0,7.0,0.0,2.50503,0.003241737,24.426846,0.13199185,0.003600896,1.6773145,3.1294272E-4,2.4404144,0.3013577,6.0607133,0.047554098,86.25563,8.361429E-6,0.0,0.0,0.0,0.0,0.0,0.0,72.16424,88.01218,0.0,0.0,0.0,0.0,0.0
3.0,8.0,0.0,2.466582,0.0022842595,15.445663,0.07302164,0.0021018044,1.7577047,7.7139784E-4,1.0879848,0.2594404,5.2095146,0.028597036,60.48678,1.9890183E-4,0.0,0.0,0.0,0.0,0.0,0.0,50.26101,63.422,0.0,0.0,0.0,0.0,0.0
3.0,9.0,0.0,0.9458657,0.0021671883,16.417498,0.13197115,0.0020547297,1.5648731,2.9979675E-4,1.044023,0.23915255,4.486925,0.042115808,38.97189,5.689617E-6,0.0,0.0,0.0,0.0,0.0,0.0,39.427963,48.76761,0.0,0.0,0.0,0.0,0.0
3.0,10.0,0.0,0.76479965,0.001636701,12.085182,0.03888273,0.0019399897,1.6369498,3.1772503E-4,1.6389637,0.2805992,2.222765,0.0019283359,24.676012,5.0518665E-6,0.0,0.0,0.0,0.0,0.0,0.0,30.917353,39.11371,0.0,0.0,0.0,0.0,0.0
3.0,11.0,0.0,0.9297145,0.0013861078,10.70618,0.053762164,0.0024678884,0.4472062,2.8977677E-4,0.8676578,0.07150524,3.6235294,0.0032693448,26.622099,2.9161004E-6,0.0,0.0,0.0,0.0,0.0,0.0,22.267673,26.82639,0.0,0.0,0.0,0.0,0.0
3.0,12.0,0.0,1.0299412,8.792926E-4,6.1041293,0.033880804,0.001045921,0.45912606,3.7947064E-4,0.6318659,0.04084602,1.7595619,0.0131140845,20.483507,1.2535747E-6,0.0,0.0,0.0,0.0,0.0,0.0,18.883644,22.272327,0.0,0.0,0.0,0.0,0.0
3.0,13.0,0.0,0.59889805,0.0010940299,5.9942417,0.017783616,0.0011470985,0.7767166,2.1638007E-4,0.59208184,0.1071073,1.6439526,0.02881002,15.580259,4.8631665E-7,0.0,0.0,0.0,0.0,0.0,0.0,16.705256,19.819942,0.0,0.0,0.0,0.0,0.0
3.0,14.0,0.0,0.4001823,7.2925625E-4,4.5793066,0.046048686,0.0010089447,0.32755068,7.103815E-5,0.10675569,0.093037784,1.0996807,0.0108538205,16.575647,1.3725656E-4,0.0,0.0,0.0,0.0,0.0,0.0,12.414525,15.084461,0.0,0.0,0.0,0.0,0.0
3.0,15.0,0.0,0.0,0.0,0.0,0.0,0.0,0.0,0.0,0.0,0.0,0.0,0.0,0.0,0.0,0.0,0.0,0.0,0.0,0.0,0.0,0.0,0.0,0.0,0.0,0.0,0.0,0.0
3.0,16.0,0.0,0.0,0.0,0.0,0.0,0.0,0.0,0.0,0.0,0.0,0.0,0.0,0.0,0.0,0.0,0.0,0.0,0.0,0.0,0.0,0.0,0.0,0.0,0.0,0.0,0.0,0.0
3.0,17.0,0.0,0.0,0.0,0.0,0.0,0.0,0.0,0.0,0.0,0.0,0.0,0.0,0.0,0.0,0.0,0.0,0.0,0.0,0.0,0.0,0.0,0.0,0.0,0.0,0.0,0.0,0.0
3.0,18.0,0.0,0.0,0.0,0.0,0.0,0.0,0.0,0.0,0.0,0.0,0.0,0.0,0.0,0.0,0.0,0.0,0.0,0.0,0.0,0.0,0.0,0.0,0.0,0.0,0.0,0.0,0.0
3.0,19.0,0.0,0.0,0.0,0.0,0.0,0.0,0.0,0.0,0.0,0.0,0.0,0.0,0.0,0.0,0.0,0.0,0.0,0.0,0.0,0.0,0.0,0.0,0.0,0.0,0.0,0.0,0.0
3.0,20.0,0.0,0.0,0.0,0.0,0.0,0.0,0.0,0.0,0.0,0.0,0.0,0.0,0.0,0.0,0.0,0.0,0.0,0.0,0.0,0.0,0.0,0.0,0.0,0.0,0.0,0.0,0.0
3.0,21.0,0.0,0.0,0.0,0.0,0.0,0.0,0.0,0.0,0.0,0.0,0.0,0.0,0.0,0.0,0.0,0.0,0.0,0.0,0.0,0.0,0.0,0.0,0.0,0.0,0.0,0.0,0.0
3.0,22.0,0.0,0.0,0.0,0.0,0.0,0.0,0.0,0.0,0.0,0.0,0.0,0.0,0.0,0.0,0.0,0.0,0.0,0.0,0.0,0.0,0.0,0.0,0.0,0.0,0.0,0.0,0.0
3.0,23.0,0.0,0.0,0.0,0.0,0.0,0.0,0.0,0.0,0.0,0.0,0.0,0.0,0.0,0.0,0.0,0.0,0.0,0.0,0.0,0.0,0.0,0.0,0.0,0.0,0.0,0.0,0.0
3.0,24.0,0.0,0.0,0.0,0.0,0.0,0.0,0.0,0.0,0.0,0.0,0.0,0.0,0.0,0.0,0.0,0.0,0.0,0.0,0.0,0.0,0.0,0.0,0.0,0.0,0.0,0.0,0.0
3.0,25.0,0.0,0.0,0.0,0.0,0.0,0.0,0.0,0.0,0.0,0.0,0.0,0.0,0.0,0.0,0.0,0.0,0.0,0.0,0.0,0.0,0.0,0.0,0.0,0.0,0.0,0.0,0.0
4.0,0.0,0.0,16.528637,0.0035353107,49.31094,0.38590744,0.0055692894,3.511953,0.0011040489,3.601051,1.8452471,31.44607,0.1191654,369.50327,0.0,0.0,0.0,1.2115767E-5,85.35741,13.375648,1994.3179,3621.8035,1136.078,0.0,0.0,0.0,0.0,0.0
4.0,1.0,0.0,12.774169,0.0020463003,40.998238,0.45363846,0.010034413,4.493706,3.9151113E-4,12.747366,0.8579299,7.31951,0.18144885,298.48807,0.0,0.0,0.0,0.0,0.0,0.0,522.2315,914.10657,946.4629,0.0,0.0,0.0,0.0,0.0
4.0,2.0,0.0,2.5195038,0.007810013,23.209623,0.119387306,0.0026335374,1.8316023,1.5784363E-4,3.8502257,0.6957446,4.372769,0.0035665517,108.19396,0.0,0.0,0.0,0.0,0.0,0.0,122.162895,196.02222,290.67578,0.0,0.0,0.0,0.0,0.0
4.0,3.0,0.0,23.430437,0.020886745,205.69336,2.0121953,0.08041539,19.66271,0.0039792852,42.257725,3.5733984,39.530296,0.16954684,496.59232,0.01245599,0.0,0.0,0.0,0.0,0.0,76.48179,745.95245,1038.692,0.0,0.0,0.0,0.0,0.0
4.0,4.0,0.0,24.24956,0.011989695,81.7492,0.965141,0.033249043,9.910774,0.0015565254,12.473989,1.4343258,39.248455,0.1011084,387.77734,0.007756001,0.0,0.0,0.0,0.0,0.0,2.9952989,392.03366,616.589,0.0,0.0,0.0,0.0,0.0
4.0,5.0,0.0,6.9286633,0.005618618,31.18005,0.50571567,0.014673662,2.6950216,0.002156286,5.617724,0.48559335,11.529419,0.07307604,103.45552,0.001652014,0.0,0.0,0.0,0.0,0.0,0.0,125.30493,182.2791,0.0,0.0,0.0,0.0,0.0
4.0,6.0,0.0,4.1758327,0.0021309387,19.89465,0.20453185,0.004553985,3.366801,4.1172505E-4,2.748537,0.41738757,5.9779615,0.03028004,57.322746,9.438809E-4,0.0,0.0,0.0,0.0,0.0,0.0,73.07198,105.58099,0.0,0.0,0.0,0.0,0.0
4.0,7.0,0.0,3.1578207,0.0014773107,15.383962,0.11572969,0.006265766,1.4164877,3.574085E-4,2.5607991,0.2495492,1.9244307,0.011948775,40.27404,0.0012561013,0.0,0.0,0.0,0.0,0.0,0.0,44.577286,66.9836,0.0,0.0,0.0,0.0,0.0
4.0,8.0,0.0,1.768013,0.0010141357,10.500254,0.2162161,0.0048384797,0.947012,1.5000737E-4,1.4294168,0.19209853,2.1106398,0.005434577,28.913818,0.0016428323,0.0,0.0,0.0,0.0,0.0,0.0,35.43248,52.937916,0.0,0.0,0.0,0.0,0.0
4.0,9.0,0.0,1.0909859,0.001416903,7.7443724,0.083526894,0.0014343655,0.7420453,4.9685425E-4,0.6493816,0.09673659,1.9392635,0.010379562,21.184008,5.633893E-5,0.0,0.0,0.0,0.0,0.0,0.0,24.518929,35.944477,0.0,0.0,0.0,0.0,0.0
4.0,10.0,0.0,0.9694474,4.6517956E-4,6.006456,0.0926107,0.0031711769,0.66343534,1.1896035E-4,0.8230977,0.1205848,1.2359691,0.009981243,13.422127,2.0828095E-4,0.0,0.0,0.0,0.0,0.0,0.0,18.983967,27.834152,0.0,0.0,0.0,0.0,0.0
4.0,11.0,0.0,0.6157816,8.9709595E-4,3.837835,0.0693509,0.002107109,0.4192459,1.21354264E-4,0.4602223,0.11712717,0.66194975,0.0130718835,12.419107,3.9732418E-4,0.0,0.0,0.0,0.0,0.0,0.0,13.956233,18.958914,0.0,0.0,0.0,0.0,0.0
4.0,12.0,0.0,0.60190827,8.576277E-4,3.581355,0.047539905,0.0017430837,0.42762884,6.5236825E-5,0.5620803,0.07923133,0.8570229,0.006177893,7.8502855,0.0012431401,0.0,0.0,0.0,0.0,0.0,0.0,11.392619,15.300893,0.0,0.0,0.0,0.0,0.0
4.0,13.0,0.0,0.6580585,3.7551494E-4,3.5329833,0.09731856,0.001620125,0.25015962,5.8091588E-5,0.731117,0.045384925,1.1173183,0.002500846,5.2117634,0.0,0.0,0.0,0.0,0.0,0.0,0.0,9.1007,12.263561,0.0,0.0,0.0,0.0,0.0
4.0,14.0,0.0,0.5732055,3.378009E-4,3.1886342,0.028670313,0.0011864322,0.26735884,5.628514E-5,0.2081326,0.081757106,0.4145779,0.0054269214,5.4009957,1.5608782E-4,0.0,0.0,0.0,0.0,0.0,0.0,7.670248,11.541786,0.0,0.0,0.0,0.0,0.0
4.0,15.0,0.0,0.0,0.0,0.0,0.0,0.0,0.0,0.0,0.0,0.0,0.0,0.0,0.0,0.0,0.0,0.0,0.0,0.0,0.0,0.0,0.0,0.0,0.0,0.0,0.0,0.0,0.0
4.0,16.0,0.0,0.0,0.0,0.0,0.0,0.0,0.0,0.0,0.0,0.0,0.0,0.0,0.0,0.0,0.0,0.0,0.0,0.0,0.0,0.0,0.0,0.0,0.0,0.0,0.0,0.0,0.0
4.0,17.0,0.0,0.0,0.0,0.0,0.0,0.0,0.0,0.0,0.0,0.0,0.0,0.0,0.0,0.0,0.0,0.0,0.0,0.0,0.0,0.0,0.0,0.0,0.0,0.0,0.0,0.0,0.0
4.0,18.0,0.0,0.0,0.0,0.0,0.0,0.0,0.0,0.0,0.0,0.0,0.0,0.0,0.0,0.0,0.0,0.0,0.0,0.0,0.0,0.0,0.0,0.0,0.0,0.0,0.0,0.0,0.0
4.0,19.0,0.0,0.0,0.0,0.0,0.0,0.0,0.0,0.0,0.0,0.0,0.0,0.0,0.0,0.0,0.0,0.0,0.0,0.0,0.0,0.0,0.0,0.0,0.0,0.0,0.0,0.0,0.0
4.0,20.0,0.0,0.0,0.0,0.0,0.0,0.0,0.0,0.0,0.0,0.0,0.0,0.0,0.0,0.0,0.0,0.0,0.0,0.0,0.0,0.0,0.0,0.0,0.0,0.0,0.0,0.0,0.0
4.0,21.0,0.0,0.0,0.0,0.0,0.0,0.0,0.0,0.0,0.0,0.0,0.0,0.0,0.0,0.0,0.0,0.0,0.0,0.0,0.0,0.0,0.0,0.0,0.0,0.0,0.0,0.0,0.0
4.0,22.0,0.0,0.0,0.0,0.0,0.0,0.0,0.0,0.0,0.0,0.0,0.0,0.0,0.0,0.0,0.0,0.0,0.0,0.0,0.0,0.0,0.0,0.0,0.0,0.0,0.0,0.0,0.0
4.0,23.0,0.0,0.0,0.0,0.0,0.0,0.0,0.0,0.0,0.0,0.0,0.0,0.0,0.0,0.0,0.0,0.0,0.0,0.0,0.0,0.0,0.0,0.0,0.0,0.0,0.0,0.0,0.0
4.0,24.0,0.0,0.0,0.0,0.0,0.0,0.0,0.0,0.0,0.0,0.0,0.0,0.0,0.0,0.0,0.0,0.0,0.0,0.0,0.0,0.0,0.0,0.0,0.0,0.0,0.0,0.0,0.0
4.0,25.0,0.0,0.0,0.0,0.0,0.0,0.0,0.0,0.0,0.0,0.0,0.0,0.0,0.0,0.0,0.0,0.0,0.0,0.0,0.0,0.0,0.0,0.0,0.0,0.0,0.0,0.0,0.0
5.0,0.0,0.0,25.513035,0.0036487398,53.065136,2.33615,0.009487217,2.3692808,6.5110053E-4,16.314867,1.8355247,17.30163,0.25763515,238.09341,1.4814343E-7,0.0,0.0,1.0957446E-5,75.70048,8.223653,1937.0801,3297.1902,1307.6829,0.0,0.0,0.0,0.0,0.0
5.0,1.0,0.0,21.636946,0.0012733579,56.145733,1.1647756,0.009034253,1.2079978,6.7107566E-4,5.57512,1.156687,8.451015,0.07165572,321.90677,0.0,0.0,0.0,0.0,0.0,0.0,726.7583,1385.0587,1253.9836,0.0,0.0,0.0,0.0,0.0
5.0,2.0,0.0,13.790197,0.0038449205,34.366592,0.730743,0.024533205,3.1597831,5.15785E-4,9.875489,1.8027768,6.9251204,0.0483007,186.13103,2.9269158E-4,0.0,0.0,0.0,0.0,0.0,224.08182,436.79666,569.65283,0.0,0.0,0.0,0.0,0.0
5.0,3.0,0.0,1.353216,6.8468234E-4,12.193094,0.32183602,0.019735659,0.3016267,1.1020373E-4,0.39357963,0.08759552,2.2432895,8.3322276E-4,81.17479,2.5832432E-7,0.0,0.0,0.0,0.0,0.0,61.0083,100.812935,151.32079,0.0,0.0,0.0,0.0,0.0
5.0,4.0,0.0,14.796199,0.016317027,125.16581,4.2651215,0.07917162,7.8015747,0.0027951235,34.95827,2.3747137,11.990713,0.07316624,142.74463,0.026663596,0.0,0.0,0.0,0.0,0.0,27.114716,435.73398,699.03253,0.0,0.0,0.0,0.0,0.0
5.0,5.0,0.0,13.795555,0.010951761,50.152332,1.3196869,0.035606407,3.5900962,0.0014200202,4.047563,1.3985125,13.613064,0.060271177,157.11778,0.0010223929,0.0,0.0,0.0,0.0,0.0,0.8999709,213.97632,388.36325,0.0,0.0,0.0,0.0,0.0
5.0,6.0,0.0,3.8211987,0.0035646122,18.129333,0.6724536,0.019998312,1.3267812,7.454437E-4,1.7594655,0.4875267,4.151688,0.022295566,37.600964,0.008190626,0.0,0.0,0.0,0.0,0.0,0.0,66.02178,107.511505,0.0,0.0,0.0,0.0,0.0
5.0,7.0,0.0,2.889777,0.0023988313,12.838029,0.48503745,0.0066844737,0.82192653,3.160863E-4,0.96821237,0.4510296,1.9437805,0.019333526,22.955137,3.1305844E-4,0.0,0.0,0.0,0.0,0.0,0.0,35.123726,57.147614,0.0,0.0,0.0,0.0,0.0
5.0,8.0,0.0,1.4536558,9.125168E-4,6.745174,0.33371884,0.004349907,0.79125226,1.6109884E-4,0.76256096,0.14807789,1.5295489,0.014670367,14.047158,2.1859915E-4,0.0,0.0,0.0,0.0,0.0,0.0,23.59405,38.61469,0.0,0.0,0.0,0.0,0.0
5.0,9.0,0.0,1.0096339,8.7028724E-4,5.820788,0.2054258,0.0044948016,0.41011122,1.4353532E-4,0.34172246,0.3251811,1.1185032,0.019931307,8.983482,1.0758658E-4,0.0,0.0,0.0,0.0,0.0,0.0,19.856518,29.535667,0.0,0.0,0.0,0.0,0.0
5.0,10.0,0.0,0.5617923,7.976756E-4,5.020911,0.1334947,0.0023091228,0.26789153,8.434025E-5,0.23513123,0.16373323,0.7242164,0.007856737,7.8910575,0.00526507,0.0,0.0,0.0,0.0,0.0,0.0,12.58661,20.37898,0.0,0.0,0.0,0.0,0.0
5.0,11.0,0.0,0.58777684,0.001077649,3.2526348,0.09055931,0.004155716,0.17753759,6.620804E-5,0.19116665,0.07179359,1.0323406,0.017964642,5.576179,2.3438084E-4,0.0,0.0,0.0,0.0,0.0,0.0,10.049305,15.600458,0.0,0.0,0.0,0.0,0.0
5.0,12.0,0.0,0.43021312,6.217608E-4,2.0992005,0.11150351,7.0385414E-4,0.20379062,7.276321E-5,0.20882279,0.11874447,0.2377175,0.0023035344,4.270201,1.6031508E-5,0.0,0.0,0.0,0.0,0.0,0.0,6.801009,11.129448,0.0,0.0,0.0,0.0,0.0
5.0,13.0,0.0,0.54508585,4.0707932E-4,2.0686526,0.049570967,0.0018079418,0.15268528,4.7160942E-5,0.3568239,0.07152686,0.4731479,0.0015688551,2.1581247,2.442942E-5,0.0,0.0,0.0,0.0,0.0,0.0,5.762967,8.636951,0.0,0.0,0.0,0.0,0.0
5.0,14.0,0.0,0.330795,4.9567956E-4,1.5811852,0.03198305,0.002551603,0.10163746,3.3721397E-5,0.21129341,0.032634318,0.27012628,0.006544976,2.338068,4.079833E-4,0.0,0.0,0.0,0.0,0.0,0.0,4.752807,7.810831,0.0,0.0,0.0,0.0,0.0
5.0,15.0,0.0,0.0,0.0,0.0,0.0,0.0,0.0,0.0,0.0,0.0,0.0,0.0,0.0,0.0,0.0,0.0,0.0,0.0,0.0,0.0,0.0,0.0,0.0,0.0,0.0,0.0,0.0
5.0,16.0,0.0,0.0,0.0,0.0,0.0,0.0,0.0,0.0,0.0,0.0,0.0,0.0,0.0,0.0,0.0,0.0,0.0,0.0,0.0,0.0,0.0,0.0,0.0,0.0,0.0,0.0,0.0
5.0,17.0,0.0,0.0,0.0,0.0,0.0,0.0,0.0,0.0,0.0,0.0,0.0,0.0,0.0,0.0,0.0,0.0,0.0,0.0,0.0,0.0,0.0,0.0,0.0,0.0,0.0,0.0,0.0
5.0,18.0,0.0,0.0,0.0,0.0,0.0,0.0,0.0,0.0,0.0,0.0,0.0,0.0,0.0,0.0,0.0,0.0,0.0,0.0,0.0,0.0,0.0,0.0,0.0,0.0,0.0,0.0,0.0
5.0,19.0,0.0,0.0,0.0,0.0,0.0,0.0,0.0,0.0,0.0,0.0,0.0,0.0,0.0,0.0,0.0,0.0,0.0,0.0,0.0,0.0,0.0,0.0,0.0,0.0,0.0,0.0,0.0
5.0,20.0,0.0,0.0,0.0,0.0,0.0,0.0,0.0,0.0,0.0,0.0,0.0,0.0,0.0,0.0,0.0,0.0,0.0,0.0,0.0,0.0,0.0,0.0,0.0,0.0,0.0,0.0,0.0
5.0,21.0,0.0,0.0,0.0,0.0,0.0,0.0,0.0,0.0,0.0,0.0,0.0,0.0,0.0,0.0,0.0,0.0,0.0,0.0,0.0,0.0,0.0,0.0,0.0,0.0,0.0,0.0,0.0
5.0,22.0,0.0,0.0,0.0,0.0,0.0,0.0,0.0,0.0,0.0,0.0,0.0,0.0,0.0,0.0,0.0,0.0,0.0,0.0,0.0,0.0,0.0,0.0,0.0,0.0,0.0,0.0,0.0
5.0,23.0,0.0,0.0,0.0,0.0,0.0,0.0,0.0,0.0,0.0,0.0,0.0,0.0,0.0,0.0,0.0,0.0,0.0,0.0,0.0,0.0,0.0,0.0,0.0,0.0,0.0,0.0,0.0
5.0,24.0,0.0,0.0,0.0,0.0,0.0,0.0,0.0,0.0,0.0,0.0,0.0,0.0,0.0,0.0,0.0,0.0,0.0,0.0,0.0,0.0,0.0,0.0,0.0,0.0,0.0,0.0,0.0
5.0,25.0,0.0,0.0,0.0,0.0,0.0,0.0,0.0,0.0,0.0,0.0,0.0,0.0,0.0,0.0,0.0,0.0,0.0,0.0,0.0,0.0,0.0,0.0,0.0,0.0,0.0,0.0,0.0
6.0,0.0,0.0,28.30371,0.0057296627,68.60847,1.3502578,0.036308568,0.76608604,0.0010906742,16.24458,1.5756322,17.144402,0.16891314,269.57214,0.0,0.0,0.0,1.1191327E-5,74.51906,10.889794,1868.4707,3209.634,1209.2926,0.0,0.0,0.0,0.0,0.0
6.0,1.0,0.0,22.607841,0.010962038,135.81387,2.2356455,0.028520204,0.9945613,8.636578E-4,20.791826,1.9068757,12.428198,0.025267811,363.68552,0.0,0.0,0.0,0.0,0.0,0.0,647.02374,1277.2799,1299.4857,0.0,0.0,0.0,0.0,0.0
6.0,2.0,0.0,22.816908,0.017705698,72.76321,2.185751,0.033049207,0.77799743,4.184875E-4,18.120224,0.8325827,7.6306853,0.028152248,216.86707,0.05474809,0.0,0.0,0.0,0.0,0.0,273.2079,612.807,793.38055,0.0,0.0,0.0,0.0,0.0
6.0,3.0,0.0,6.335605,0.0045971586,46.590374,0.84490144,0.017629864,0.32657927,4.350185E-4,5.8595634,1.4225264,2.5257215,0.23443365,107.430534,0.05641377,0.0,0.0,0.0,0.0,0.0,93.39302,222.83742,317.28345,0.0,0.0,0.0,0.0,0.0
6.0,4.0,0.0,2.6638184,0.0017435411,12.521447,0.38913256,0.0015659966,0.15146546,5.2670803E-5,1.776669,0.005518632,0.6158381,0.005398686,43.14613,2.9220098E-5,0.0,0.0,0.0,0.0,0.0,19.171284,45.98734,81.32824,0.0,0.0,0.0,0.0,0.0
6.0,5.0,0.0,14.500099,0.012787823,82.10284,3.0073395,0.07443252,1.412199,0.0031169439,17.622252,1.7993346,3.4777298,0.03739973,117.65931,0.16937247,0.0,0.0,0.0,0.0,0.0,8.926349,247.55992,392.14197,0.0,0.0,0.0,0.0,0.0
6.0,6.0,0.0,10.854446,0.0077507184,39.426956,1.2457658,0.044356592,0.51555616,7.8391336E-4,3.3472805,0.5681838,3.4535713,0.016539525,102.785255,0.09057855,0.0,0.0,0.0,0.0,0.0,0.538578,127.33004,199.68205,0.0,0.0,0.0,0.0,0.0
6.0,7.0,0.0,3.8629632,0.002074073,10.494116,0.5656331,0.040787656,0.25461546,3.4493225E-4,1.3279656,0.3165994,1.2184738,0.010791313,24.616375,0.02890507,0.0,0.0,0.0,0.0,0.0,0.0,38.55697,58.553646,0.0,0.0,0.0,0.0,0.0
6.0,8.0,0.0,1.676621,0.0014519541,7.2118454,0.23359329,0.020501392,0.14657106,2.0454728E-4,0.9561911,0.2931148,0.5938159,0.008554048,13.919869,0.028077513,0.0,0.0,0.0,0.0,0.0,0.0,21.126255,33.924736,0.0,0.0,0.0,0.0,0.0
6.0,9.0,0.0,1.0798303,9.445683E-4,5.611532,0.31971398,0.017497258,0.09371472,1.4988547E-4,0.50338966,0.15839504,0.29706842,0.0072802408,8.033535,3.376642E-5,0.0,0.0,0.0,0.0,0.0,0.0,14.115605,21.117825,0.0,0.0,0.0,0.0,0.0
6.0,10.0,0.0,0.65874654,2.7986334E-4,4.3304286,0.16144668,0.0032813556,0.097220175,1.473535E-4,0.45085266,0.06583917,0.24294336,0.01707522,6.3002553,3.7972484E-5,0.0,0.0,0.0,0.0,0.0,0.0,10.698294,16.11854,0.0,0.0,0.0,0.0,0.0
6.0,11.0,0.0,0.47201964,2.5224284E-4,2.074398,0.10360898,0.0025495929,0.03184525,3.338907E-5,0.25847942,0.06864126,0.15226209,0.007397898,4.652406,9.80778E-5,0.0,0.0,0.0,0.0,0.0,0.0,7.9769373,12.142971,0.0,0.0,0.0,0.0,0.0
6.0,12.0,0.0,0.36816752,2.7585446E-4,2.3803906,0.052523445,0.0032963746,0.0391736,4.2711323E-5,0.15165465,0.033705294,0.124725536,0.0019192309,3.4062893,0.004253054,0.0,0.0,0.0,0.0,0.0,0.0,5.663702,8.656641,0.0,0.0,0.0,0.0,0.0
6.0,13.0,0.0,0.30822822,2.8984336E-4,1.4404048,0.0737947,0.0022813384,0.02928153,3.258619E-5,0.1418718,0.06844453,0.078842014,4.7211544E-4,2.1855905,0.0,0.0,0.0,0.0,0.0,0.0,0.0,3.9992712,6.3794937,0.0,0.0,0.0,0.0,0.0
6.0,14.0,0.0,0.23213372,7.802061E-5,1.1308424,0.042346675,0.0027675345,0.029165247,1.50318165E-5,0.15077098,0.034239866,0.10129346,9.818336E-4,1.7478255,8.498257E-4,0.0,0.0,0.0,0.0,0.0,0.0,3.3742661,4.693664,0.0,0.0,0.0,0.0,0.0
6.0,15.0,0.0,0.0,0.0,0.0,0.0,0.0,0.0,0.0,0.0,0.0,0.0,0.0,0.0,0.0,0.0,0.0,0.0,0.0,0.0,0.0,0.0,0.0,0.0,0.0,0.0,0.0,0.0
6.0,16.0,0.0,0.0,0.0,0.0,0.0,0.0,0.0,0.0,0.0,0.0,0.0,0.0,0.0,0.0,0.0,0.0,0.0,0.0,0.0,0.0,0.0,0.0,0.0,0.0,0.0,0.0,0.0
6.0,17.0,0.0,0.0,0.0,0.0,0.0,0.0,0.0,0.0,0.0,0.0,0.0,0.0,0.0,0.0,0.0,0.0,0.0,0.0,0.0,0.0,0.0,0.0,0.0,0.0,0.0,0.0,0.0
6.0,18.0,0.0,0.0,0.0,0.0,0.0,0.0,0.0,0.0,0.0,0.0,0.0,0.0,0.0,0.0,0.0,0.0,0.0,0.0,0.0,0.0,0.0,0.0,0.0,0.0,0.0,0.0,0.0
6.0,19.0,0.0,0.0,0.0,0.0,0.0,0.0,0.0,0.0,0.0,0.0,0.0,0.0,0.0,0.0,0.0,0.0,0.0,0.0,0.0,0.0,0.0,0.0,0.0,0.0,0.0,0.0,0.0
6.0,20.0,0.0,0.0,0.0,0.0,0.0,0.0,0.0,0.0,0.0,0.0,0.0,0.0,0.0,0.0,0.0,0.0,0.0,0.0,0.0,0.0,0.0,0.0,0.0,0.0,0.0,0.0,0.0
6.0,21.0,0.0,0.0,0.0,0.0,0.0,0.0,0.0,0.0,0.0,0.0,0.0,0.0,0.0,0.0,0.0,0.0,0.0,0.0,0.0,0.0,0.0,0.0,0.0,0.0,0.0,0.0,0.0
6.0,22.0,0.0,0.0,0.0,0.0,0.0,0.0,0.0,0.0,0.0,0.0,0.0,0.0,0.0,0.0,0.0,0.0,0.0,0.0,0.0,0.0,0.0,0.0,0.0,0.0,0.0,0.0,0.0
6.0,23.0,0.0,0.0,0.0,0.0,0.0,0.0,0.0,0.0,0.0,0.0,0.0,0.0,0.0,0.0,0.0,0.0,0.0,0.0,0.0,0.0,0.0,0.0,0.0,0.0,0.0,0.0,0.0
6.0,24.0,0.0,0.0,0.0,0.0,0.0,0.0,0.0,0.0,0.0,0.0,0.0,0.0,0.0,0.0,0.0,0.0,0.0,0.0,0.0,0.0,0.0,0.0,0.0,0.0,0.0,0.0,0.0
6.0,25.0,0.0,0.0,0.0,0.0,0.0,0.0,0.0,0.0,0.0,0.0,0.0,0.0,0.0,0.0,0.0,0.0,0.0,0.0,0.0,0.0,0.0,0.0,0.0,0.0,0.0,0.0,0.0
7.0,0.0,0.0,31.138247,0.004073089,85.54766,1.4091903,0.0275095,0.47243422,6.3648395E-4,19.305351,1.595662,7.6482625,0.2433931,288.84604,8.003139E-6,0.0,0.0,1.0808121E-5,72.44414,7.560156,1836.6143,3220.3816,1321.9698,0.0,0.0,0.0,0.0,0.0
7.0,1.0,0.0,42.324585,0.009206883,131.76271,1.0469589,0.051675867,0.77515346,0.0014853419,12.265202,0.64621687,10.35655,0.15347473,257.36218,0.0038956446,0.0,0.0,0.0,0.0,0.0,539.4473,1084.9714,1125.7274,0.0,0.0,0.0,0.0,0.0
7.0,2.0,0.0,13.031248,0.012008567,180.84683,1.1752363,0.050826382,0.29283774,8.726103E-4,10.65539,1.3632394,3.2666562,0.05720352,200.3545,1.3737433E-6,0.0,0.0,0.0,0.0,0.0,198.06348,537.6713,699.8951,0.0,0.0,0.0,0.0,0.0
7.0,3.0,0.0,14.195754,0.0044645877,104.63305,0.90252465,0.014469988,0.19011089,0.0017779528,12.255582,0.3483455,3.1165109,0.017265057,144.23381,0.122369386,0.0,0.0,0.0,0.0,0.0,113.18081,307.20804,444.04755,0.0,0.0,0.0,0.0,0.0
7.0,4.0,0.0,4.979727,0.005130541,41.338203,0.31359044,0.04893755,0.14198463,7.0391875E-4,5.1443224,0.4663865,1.6083269,0.054187685,49.518368,0.10245113,0.0,0.0,0.0,0.0,0.0,49.29684,130.25084,184.8426,0.0,0.0,0.0,0.0,0.0
7.0,5.0,0.0,1.9886533,3.051802E-4,3.4805987,0.09652404,0.006040155,0.034313787,2.5038184E-5,0.4073563,0.01362039,0.4654764,0.0072946334,20.898933,8.062791E-5,0.0,0.0,0.0,0.0,0.0,8.644898,32.924114,51.356804,0.0,0.0,0.0,0.0,0.0
7.0,6.0,0.0,7.2853336,0.006544168,75.942085,1.3531938,0.043803096,0.7083759,0.0011936383,11.905052,0.6755739,1.3206197,0.04350321,45.521713,0.4007534,0.0,0.0,0.0,0.0,0.0,8.485698,145.98021,214.47658,0.0,0.0,0.0,0.0,0.0
7.0,7.0,0.0,5.7280827,0.0027718407,29.135105,0.72272694,0.028820576,0.41757452,8.945771E-4,2.551697,0.30204207,1.6380898,0.01796059,40.992313,0.09785829,0.0,0.0,0.0,0.0,0.0,0.64609104,76.7537,117.279564,0.0,0.0,0.0,0.0,0.0
7.0,8.0,0.0,2.088634,0.0011380009,9.79185,0.271297,0.030014535,0.14404,7.293924E-4,0.668177,0.18735398,0.54351157,0.032033704,9.815953,0.038716633,0.0,0.0,0.0,0.0,0.0,0.0,21.552893,33.235184,0.0,0.0,0.0,0.0,0.0
7.0,9.0,0.0,1.0656315,0.0010193359,5.448526,0.13554086,0.021509154,0.101411104,0.0015471088,0.6340396,0.10416067,0.30709115,0.015883071,5.7991385,0.03968409,0.0,0.0,0.0,0.0,0.0,0.0,12.698868,18.966112,0.0,0.0,0.0,0.0,0.0
7.0,10.0,0.0,0.55536556,6.601233E-4,4.023918,0.15779091,0.006370171,0.07838587,1.2017794E-4,0.3339013,0.061044652,0.12769298,0.015195179,3.6351714,0.04168887,0.0,0.0,0.0,0.0,0.0,0.0,8.155383,12.101205,0.0,0.0,0.0,0.0,0.0
7.0,11.0,0.0,0.44100198,3.6418342E-4,3.0292308,0.16534343,0.0044525987,0.04256577,4.4693836E-5,0.24414918,0.050203536,0.15043698,0.0036664803,2.4740732,0.049355935,0.0,0.0,0.0,0.0,0.0,0.0,6.070211,9.454972,0.0,0.0,0.0,0.0,0.0
7.0,12.0,0.0,0.22494657,2.6706135E-4,2.3044362,0.060786895,0.001734472,0.010148504,3.4596782E-5,0.1485706,0.032214668,0.06972753,0.008496864,2.158193,9.427216E-5,0.0,0.0,0.0,0.0,0.0,0.0,4.2672215,7.018855,0.0,0.0,0.0,0.0,0.0
7.0,13.0,0.0,0.07866685,3.2294815E-4,1.334517,0.042506434,0.0024944053,0.017490838,5.2093896E-5,0.10696972,0.026172124,0.09917574,0.0018341196,1.3812774,0.0047387285,0.0,0.0,0.0,0.0,0.0,0.0,3.217826,5.1984506,0.0,0.0,0.0,0.0,0.0
7.0,14.0,0.0,0.0841292,7.1210455E-4,1.0863688,0.039665893,0.001399929,0.016488312,1.1203813E-5,0.10389753,0.023325296,0.016129158,0.00801615,0.8361481,5.7683967E-4,0.0,0.0,0.0,0.0,0.0,0.0,2.4242258,3.6453834,0.0,0.0,0.0,0.0,0.0
7.0,15.0,0.0,0.0,0.0,0.0,0.0,0.0,0.0,0.0,0.0,0.0,0.0,0.0,0.0,0.0,0.0,0.0,0.0,0.0,0.0,0.0,0.0,0.0,0.0,0.0,0.0,0.0,0.0
7.0,16.0,0.0,0.0,0.0,0.0,0.0,0.0,0.0,0.0,0.0,0.0,0.0,0.0,0.0,0.0,0.0,0.0,0.0,0.0,0.0,0.0,0.0,0.0,0.0,0.0,0.0,0.0,0.0
7.0,17.0,0.0,0.0,0.0,0.0,0.0,0.0,0.0,0.0,0.0,0.0,0.0,0.0,0.0,0.0,0.0,0.0,0.0,0.0,0.0,0.0,0.0,0.0,0.0,0.0,0.0,0.0,0.0
7.0,18.0,0.0,0.0,0.0,0.0,0.0,0.0,0.0,0.0,0.0,0.0,0.0,0.0,0.0,0.0,0.0,0.0,0.0,0.0,0.0,0.0,0.0,0.0,0.0,0.0,0.0,0.0,0.0
7.0,19.0,0.0,0.0,0.0,0.0,0.0,0.0,0.0,0.0,0.0,0.0,0.0,0.0,0.0,0.0,0.0,0.0,0.0,0.0,0.0,0.0,0.0,0.0,0.0,0.0,0.0,0.0,0.0
7.0,20.0,0.0,0.0,0.0,0.0,0.0,0.0,0.0,0.0,0.0,0.0,0.0,0.0,0.0,0.0,0.0,0.0,0.0,0.0,0.0,0.0,0.0,0.0,0.0,0.0,0.0,0.0,0.0
7.0,21.0,0.0,0.0,0.0,0.0,0.0,0.0,0.0,0.0,0.0,0.0,0.0,0.0,0.0,0.0,0.0,0.0,0.0,0.0,0.0,0.0,0.0,0.0,0.0,0.0,0.0,0.0,0.0
7.0,22.0,0.0,0.0,0.0,0.0,0.0,0.0,0.0,0.0,0.0,0.0,0.0,0.0,0.0,0.0,0.0,0.0,0.0,0.0,0.0,0.0,0.0,0.0,0.0,0.0,0.0,0.0,0.0
7.0,23.0,0.0,0.0,0.0,0.0,0.0,0.0,0.0,0.0,0.0,0.0,0.0,0.0,0.0,0.0,0.0,0.0,0.0,0.0,0.0,0.0,0.0,0.0,0.0,0.0,0.0,0.0,0.0
7.0,24.0,0.0,0.0,0.0,0.0,0.0,0.0,0.0,0.0,0.0,0.0,0.0,0.0,0.0,0.0,0.0,0.0,0.0,0.0,0.0,0.0,0.0,0.0,0.0,0.0,0.0,0.0,0.0
7.0,25.0,0.0,0.0,0.0,0.0,0.0,0.0,0.0,0.0,0.0,0.0,0.0,0.0,0.0,0.0,0.0,0.0,0.0,0.0,0.0,0.0,0.0,0.0,0.0,0.0,0.0,0.0,0.0
8.0,0.0,0.0,36.4686,0.010243723,134.75453,1.1361598,0.0798837,0.7838515,0.0017195623,12.231272,1.4469688,12.647902,0.16580422,309.64655,8.5478336E-9,0.0,0.0,1.14818995E-5,75.61724,8.517293,1972.5344,3477.0813,1539.9646,0.0,0.0,0.0,0.0,0.0
8.0,1.0,0.0,23.960913,0.009950474,151.15778,0.9233589,0.07375128,1.0114534,6.970199E-4,35.742413,1.0908161,7.303781,0.06323613,462.74103,0.0,0.0,0.0,0.0,0.0,0.0,674.6771,1481.5425,1458.6018,0.0,0.0,0.0,0.0,0.0
8.0,2.0,0.0,20.62886,0.011142863,84.12403,0.589916,0.08275615,2.9563394,0.0017758587,27.827484,0.7822234,10.437232,0.09254155,177.35718,0.017873073,0.0,0.0,0.0,0.0,0.0,188.18298,496.56503,667.8421,0.0,0.0,0.0,0.0,0.0
8.0,3.0,0.0,12.410725,0.002819271,104.02165,1.6708105,0.065059066,1.4353851,0.0011016504,14.979979,0.92555255,5.916454,0.032071773,142.83049,7.943466E-4,0.0,0.0,0.0,0.0,0.0,65.191505,292.75677,481.00742,0.0,0.0,0.0,0.0,0.0
8.0,4.0,0.0,5.760217,0.0031697997,39.752876,0.5076702,0.020883733,1.5427511,0.0013307554,21.23752,0.33720124,2.1755695,0.026069064,80.89987,0.05802328,0.0,0.0,0.0,0.0,0.0,50.373116,148.29282,255.01822,0.0,0.0,0.0,0.0,0.0
8.0,5.0,0.0,1.6743997,0.0031158475,22.572472,0.36093235,0.014359847,0.4500447,6.53278E-5,2.7924175,0.27089173,0.6072946,0.013092685,31.685461,0.0015948624,0.0,0.0,0.0,0.0,0.0,26.495037,70.47736,99.75875,0.0,0.0,0.0,0.0,0.0
8.0,6.0,0.0,0.12674622,0.0010125949,2.9866412,0.024431996,0.0019783722,0.03795694,1.1446876E-5,0.64461535,0.008173599,0.49497798,0.0070181126,10.656679,6.777791E-5,0.0,0.0,0.0,0.0,0.0,4.584003,14.15498,28.091875,0.0,0.0,0.0,0.0,0.0
8.0,7.0,0.0,4.4053035,0.0047432007,45.111908,0.6616827,0.030329872,0.49570942,9.968107E-4,8.579738,0.48933297,1.1189783,0.02637359,23.284948,0.1040813,0.0,0.0,0.0,0.0,0.0,4.0967746,79.156006,118.88214,0.0,0.0,0.0,0.0,0.0
8.0,8.0,0.0,3.0891042,0.0025895922,13.22906,0.5200709,0.0106662605,0.21060489,2.9198593E-4,2.0265646,0.22147657,1.4602306,0.019287897,24.678001,0.017364886,0.0,0.0,0.0,0.0,0.0,0.38356578,38.722393,66.94228,0.0,0.0,0.0,0.0,0.0
8.0,9.0,0.0,0.85503936,0.0016058795,4.0796723,0.15350261,0.00610977,0.12099801,3.1793446E-4,0.49835902,0.10564809,0.46437544,0.01410697,5.354291,0.0071055302,0.0,0.0,0.0,0.0,0.0,0.0,12.120056,19.305521,0.0,0.0,0.0,0.0,0.0
8.0,10.0,0.0,0.56829137,8.6491014E-4,2.722324,0.07618336,0.001971194,0.07484785,1.3117632E-4,0.4773052,0.046672348,0.12323993,0.0070590125,3.6459193,0.0036240085,0.0,0.0,0.0,0.0,0.0,0.0,6.6648083,10.469802,0.0,0.0,0.0,0.0,0.0
8.0,11.0,0.0,0.27632567,3.085067E-4,2.0628605,0.044668775,0.001615239,0.04491839,4.415904E-5,0.31781787,0.06116391,0.10472303,0.010252977,2.3347979,0.003500086,0.0,0.0,0.0,0.0,0.0,0.0,4.230182,6.505117,0.0,0.0,0.0,0.0,0.0
8.0,12.0,0.0,0.16790813,2.7782255E-4,1.2318214,0.036762256,0.0018366383,0.028736208,8.79806E-5,0.24206245,0.040297035,0.05787478,0.0030756814,1.5694929,0.0032305985,0.0,0.0,0.0,0.0,0.0,0.0,3.4886787,5.4046416,0.0,0.0,0.0,0.0,0.0
8.0,13.0,0.0,0.086970285,2.0321044E-4,1.0492009,0.03011385,0.0010342345,0.019455895,3.259493E-5,0.19385462,0.027962506,0.0615011,1.4330215E-4,1.3625232,5.202022E-4,0.0,0.0,0.0,0.0,0.0,0.0,2.5469892,3.7626128,0.0,0.0,0.0,0.0,0.0
8.0,14.0,0.0,0.053363204,1.1497846E-4,0.75807416,0.024615701,4.842312E-4,0.0266721,2.212803E-5,0.13026425,0.01936636,0.0312175,6.455936E-4,0.87910664,4.1688905E-5,0.0,0.0,0.0,0.0,0.0,0.0,1.7090224,2.7465713,0.0,0.0,0.0,0.0,0.0
8.0,15.0,0.0,0.0,0.0,0.0,0.0,0.0,0.0,0.0,0.0,0.0,0.0,0.0,0.0,0.0,0.0,0.0,0.0,0.0,0.0,0.0,0.0,0.0,0.0,0.0,0.0,0.0,0.0
8.0,16.0,0.0,0.0,0.0,0.0,0.0,0.0,0.0,0.0,0.0,0.0,0.0,0.0,0.0,0.0,0.0,0.0,0.0,0.0,0.0,0.0,0.0,0.0,0.0,0.0,0.0,0.0,0.0
8.0,17.0,0.0,0.0,0.0,0.0,0.0,0.0,0.0,0.0,0.0,0.0,0.0,0.0,0.0,0.0,0.0,0.0,0.0,0.0,0.0,0.0,0.0,0.0,0.0,0.0,0.0,0.0,0.0
8.0,18.0,0.0,0.0,0.0,0.0,0.0,0.0,0.0,0.0,0.0,0.0,0.0,0.0,0.0,0.0,0.0,0.0,0.0,0.0,0.0,0.0,0.0,0.0,0.0,0.0,0.0,0.0,0.0
8.0,19.0,0.0,0.0,0.0,0.0,0.0,0.0,0.0,0.0,0.0,0.0,0.0,0.0,0.0,0.0,0.0,0.0,0.0,0.0,0.0,0.0,0.0,0.0,0.0,0.0,0.0,0.0,0.0
8.0,20.0,0.0,0.0,0.0,0.0,0.0,0.0,0.0,0.0,0.0,0.0,0.0,0.0,0.0,0.0,0.0,0.0,0.0,0.0,0.0,0.0,0.0,0.0,0.0,0.0,0.0,0.0,0.0
8.0,21.0,0.0,0.0,0.0,0.0,0.0,0.0,0.0,0.0,0.0,0.0,0.0,0.0,0.0,0.0,0.0,0.0,0.0,0.0,0.0,0.0,0.0,0.0,0.0,0.0,0.0,0.0,0.0
8.0,22.0,0.0,0.0,0.0,0.0,0.0,0.0,0.0,0.0,0.0,0.0,0.0,0.0,0.0,0.0,0.0,0.0,0.0,0.0,0.0,0.0,0.0,0.0,0.0,0.0,0.0,0.0,0.0
8.0,23.0,0.0,0.0,0.0,0.0,0.0,0.0,0.0,0.0,0.0,0.0,0.0,0.0,0.0,0.0,0.0,0.0,0.0,0.0,0.0,0.0,0.0,0.0,0.0,0.0,0.0,0.0,0.0
8.0,24.0,0.0,0.0,0.0,0.0,0.0,0.0,0.0,0.0,0.0,0.0,0.0,0.0,0.0,0.0,0.0,0.0,0.0,0.0,0.0,0.0,0.0,0.0,0.0,0.0,0.0,0.0,0.0
8.0,25.0,0.0,0.0,0.0,0.0,0.0,0.0,0.0,0.0,0.0,0.0,0.0,0.0,0.0,0.0,0.0,0.0,0.0,0.0,0.0,0.0,0.0,0.0,0.0,0.0,0.0,0.0,0.0
9.0,0.0,0.0,42.24731,0.007493623,109.867096,1.3304929,0.061043873,0.8455358,9.29327E-4,22.888817,1.006175,15.284371,0.16974679,311.37878,0.0,0.0,0.0,1.0199404E-5,69.73897,8.375114,1984.0298,3450.208,1489.8219,0.0,0.0,0.0,0.0,0.0
9.0,1.0,0.0,33.741074,0.024352277,169.32593,1.165386,0.09819058,1.3900564,0.0034745056,33.99907,0.78840405,16.50383,0.039638817,326.9943,0.0,0.0,0.0,0.0,0.0,0.0,725.2532,1580.2839,1564.7423,0.0,0.0,0.0,0.0,0.0
9.0,2.0,0.0,20.343792,0.011606904,122.60894,2.5956914,0.12777802,2.3202348,0.0020399848,19.782654,1.1521823,11.115168,0.12594756,278.8852,0.7723979,0.0,0.0,0.0,0.0,0.0,240.01297,639.21466,832.9673,0.0,0.0,0.0,0.0,0.0
9.0,3.0,0.0,17.797012,0.032637116,60.645874,1.5358132,0.046936177,1.1595452,9.634714E-4,12.594538,0.6896003,9.071538,0.05312798,127.93895,0.01472946,0.0,0.0,0.0,0.0,0.0,81.97667,293.80353,407.43515,0.0,0.0,0.0,0.0,0.0
9.0,4.0,0.0,12.712886,0.0051969453,73.19407,0.55755264,0.01840379,0.9133746,0.00315034,7.9117713,1.7187797,3.0840788,0.014495103,83.96276,8.863673E-5,0.0,0.0,0.0,0.0,0.0,33.73045,170.96088,239.50807,0.0,0.0,0.0,0.0,0.0
9.0,5.0,0.0,5.268323,0.0033005266,28.886446,0.6362257,0.033775307,0.19534598,6.319627E-4,2.6210117,0.2114258,1.4326363,0.008549689,35.96717,0.108480655,0.0,0.0,0.0,0.0,0.0,16.486334,85.658676,139.22649,0.0,0.0,0.0,0.0,0.0
9.0,6.0,0.0,1.7200779,0.0012744019,8.489951,0.19711928,0.011795343,0.12703057,4.162942E-4,1.94052,0.041717272,0.20489569,0.021891646,20.201231,0.0018786604,0.0,0.0,0.0,0.0,0.0,9.665903,37.853745,55.188164,0.0,0.0,0.0,0.0,0.0
9.0,7.0,0.0,0.3216194,3.7551727E-5,1.1426682,0.04979877,0.0030599672,0.017063802,7.260829E-5,0.64267546,0.008084544,0.39621484,0.008358749,3.976151,2.0025476E-7,0.0,0.0,0.0,0.0,0.0,1.957822,8.323701,14.830112,0.0,0.0,0.0,0.0,0.0
9.0,8.0,0.0,2.9102323,0.0036665725,19.49559,0.33384815,0.022878822,0.3128934,9.556423E-4,3.9351654,0.34944636,0.9731718,0.026999583,16.951809,0.06696093,0.0,0.0,0.0,0.0,0.0,2.46759,44.773834,69.14181,0.0,0.0,0.0,0.0,0.0
9.0,9.0,0.0,1.4653621,0.003187984,6.520477,0.21353564,0.03102721,0.17103189,7.3827285E-4,1.157611,0.121105224,1.0392156,0.036701616,14.893256,0.010672441,0.0,0.0,0.0,0.0,0.0,0.44568747,24.215755,38.504833,0.0,0.0,0.0,0.0,0.0
9.0,10.0,0.0,0.50099975,0.0012277978,2.4445593,0.06818843,0.013465515,0.06775929,2.350959E-4,0.4544056,0.061303087,0.30568808,0.011758606,3.514834,0.007909574,0.0,0.0,0.0,0.0,0.0,0.0,6.7711616,10.445819,0.0,0.0,0.0,0.0,0.0
9.0,11.0,0.0,0.25681585,8.630585E-4,1.1846019,0.048859216,0.0033043644,0.03435868,1.21012694E-4,0.30639997,0.03833685,0.069667704,0.009368629,2.0268588,8.379386E-7,0.0,0.0,0.0,0.0,0.0,0.0,3.9757917,6.056852,0.0,0.0,0.0,0.0,0.0
9.0,12.0,0.0,0.16344844,5.6494965E-4,1.0373292,0.030638048,0.0015769729,0.02868635,6.8831556E-5,0.21261936,0.029093165,0.07031451,0.013880906,1.3974484,0.0017871127,0.0,0.0,0.0,0.0,0.0,0.0,2.597904,3.642517,0.0,0.0,0.0,0.0,0.0
9.0,13.0,0.0,0.10632435,6.81454E-4,0.7713309,0.025232978,0.0066017746,0.012217826,4.9271188E-5,0.12203176,0.022472478,0.050038096,0.0033959372,0.96530116,0.0052591604,0.0,0.0,0.0,0.0,0.0,0.0,1.9796355,3.0558915,0.0,0.0,0.0,0.0,0.0
9.0,14.0,0.0,0.046276346,1.7370959E-4,0.5174045,0.019847417,0.0017791409,0.011275819,1.1479822E-5,0.12625237,0.018245518,0.018337447,0.001880404,0.7575753,9.2381367E-4,0.0,0.0,0.0,0.0,0.0,0.0,1.5046031,2.3082585,0.0,0.0,0.0,0.0,0.0
9.0,15.0,0.0,0.0,0.0,0.0,0.0,0.0,0.0,0.0,0.0,0.0,0.0,0.0,0.0,0.0,0.0,0.0,0.0,0.0,0.0,0.0,0.0,0.0,0.0,0.0,0.0,0.0,0.0
9.0,16.0,0.0,0.0,0.0,0.0,0.0,0.0,0.0,0.0,0.0,0.0,0.0,0.0,0.0,0.0,0.0,0.0,0.0,0.0,0.0,0.0,0.0,0.0,0.0,0.0,0.0,0.0,0.0
9.0,17.0,0.0,0.0,0.0,0.0,0.0,0.0,0.0,0.0,0.0,0.0,0.0,0.0,0.0,0.0,0.0,0.0,0.0,0.0,0.0,0.0,0.0,0.0,0.0,0.0,0.0,0.0,0.0
9.0,18.0,0.0,0.0,0.0,0.0,0.0,0.0,0.0,0.0,0.0,0.0,0.0,0.0,0.0,0.0,0.0,0.0,0.0,0.0,0.0,0.0,0.0,0.0,0.0,0.0,0.0,0.0,0.0
9.0,19.0,0.0,0.0,0.0,0.0,0.0,0.0,0.0,0.0,0.0,0.0,0.0,0.0,0.0,0.0,0.0,0.0,0.0,0.0,0.0,0.0,0.0,0.0,0.0,0.0,0.0,0.0,0.0
9.0,20.0,0.0,0.0,0.0,0.0,0.0,0.0,0.0,0.0,0.0,0.0,0.0,0.0,0.0,0.0,0.0,0.0,0.0,0.0,0.0,0.0,0.0,0.0,0.0,0.0,0.0,0.0,0.0
9.0,21.0,0.0,0.0,0.0,0.0,0.0,0.0,0.0,0.0,0.0,0.0,0.0,0.0,0.0,0.0,0.0,0.0,0.0,0.0,0.0,0.0,0.0,0.0,0.0,0.0,0.0,0.0,0.0
9.0,22.0,0.0,0.0,0.0,0.0,0.0,0.0,0.0,0.0,0.0,0.0,0.0,0.0,0.0,0.0,0.0,0.0,0.0,0.0,0.0,0.0,0.0,0.0,0.0,0.0,0.0,0.0,0.0
9.0,23.0,0.0,0.0,0.0,0.0,0.0,0.0,0.0,0.0,0.0,0.0,0.0,0.0,0.0,0.0,0.0,0.0,0.0,0.0,0.0,0.0,0.0,0.0,0.0,0.0,0.0,0.0,0.0
9.0,24.0,0.0,0.0,0.0,0.0,0.0,0.0,0.0,0.0,0.0,0.0,0.0,0.0,0.0,0.0,0.0,0.0,0.0,0.0,0.0,0.0,0.0,0.0,0.0,0.0,0.0,0.0,0.0
9.0,25.0,0.0,0.0,0.0,0.0,0.0,0.0,0.0,0.0,0.0,0.0,0.0,0.0,0.0,0.0,0.0,0.0,0.0,0.0,0.0,0.0,0.0,0.0,0.0,0.0,0.0,0.0,0.0
10.0,0.0,0.0,41.069736,0.0042592026,141.81444,0.7132517,0.05227114,0.75839895,0.0011762623,32.688232,1.5008221,13.356417,0.18725945,316.34116,0.0,0.0,0.0,1.1584473E-5,76.7103,8.819042,1935.7178,3514.5364,1470.9806,0.0,0.0,0.0,0.0,0.0
10.0,1.0,0.0,30.592726,0.019319972,139.80266,1.0732042,0.048151176,0.86751044,0.0018887841,27.572655,1.0981636,15.009742,0.15673701,286.91553,0.0,0.0,0.0,0.0,0.0,0.016435686,679.0778,1419.6437,1366.9866,0.0,0.0,0.0,0.0,0.0
10.0,2.0,0.0,27.549843,0.014690198,120.5135,1.08623,0.07909321,1.6476804,0.0038523471,38.189926,0.75977147,17.499983,0.06445257,185.26123,0.0127217565,0.0,0.0,0.0,0.0,0.0,229.8066,675.342,862.08887,0.0,0.0,0.0,0.0,0.0
10.0,3.0,0.0,19.61856,0.016511654,99.6337,1.417643,0.12038403,1.4938294,0.0021902206,15.581847,1.0244288,4.5853043,0.17098029,205.99033,0.49485758,0.0,0.0,0.0,0.0,0.0,85.14221,354.2184,480.9118,0.0,0.0,0.0,0.0,0.0
10.0,4.0,0.0,9.212645,0.009442914,50.07011,0.25477073,0.019430798,0.24938464,0.0010632662,8.978244,0.29259723,2.264634,0.03729615,96.98,0.09278739,0.0,0.0,0.0,0.0,0.0,37.03487,156.76988,231.34268,0.0,0.0,0.0,0.0,0.0
10.0,5.0,0.0,3.318158,0.0016355063,39.31824,0.38129655,0.011083404,0.38180783,0.0021071213,5.1116667,0.3195171,1.7898738,0.042227495,54.366245,0.01852289,0.0,0.0,0.0,0.0,0.0,15.212739,104.67254,147.53888,0.0,0.0,0.0,0.0,0.0
10.0,6.0,0.0,3.542097,0.0020232536,14.594414,0.1569075,0.007941108,0.28062484,0.001129697,1.5000229,0.15552095,0.67051905,0.0010077235,21.536806,0.011693855,0.0,0.0,0.0,0.0,0.0,7.8747406,50.456364,80.239555,0.0,0.0,0.0,0.0,0.0
10.0,7.0,0.0,1.1025177,8.8811544E-4,5.935454,0.04965308,0.002819333,0.051695317,1.501197E-4,0.74089605,0.09836068,0.25329039,0.007636152,11.540909,0.021041233,0.0,0.0,0.0,0.0,0.0,3.0521302,18.947124,28.885658,0.0,0.0,0.0,0.0,0.0
10.0,8.0,0.0,0.47296628,1.597746E-4,0.7001944,0.030629626,4.1408563E-4,0.015841238,4.4466506E-5,0.3689893,0.007292985,0.16232753,1.7062819E-4,3.6815841,2.267501E-5,0.0,0.0,0.0,0.0,0.0,1.0065736,4.4747295,8.492327,0.0,0.0,0.0,0.0,0.0
10.0,9.0,0.0,1.9974326,0.0035025736,12.216758,0.26797935,0.024153478,0.19055028,4.5842648E-4,2.1992195,0.25114968,0.39089084,0.03375108,11.112678,0.08200925,0.0,0.0,0.0,0.0,0.0,1.4961287,26.66447,41.033375,0.0,0.0,0.0,0.0,0.0
10.0,10.0,0.0,1.1489103,0.0020478964,4.2316985,0.08980358,0.012580815,0.084511854,9.481773E-4,0.46710628,0.07831071,0.52497923,0.023970904,10.397775,0.009026309,0.0,0.0,0.0,0.0,0.0,0.32139808,14.045564,21.95977,0.0,0.0,0.0,0.0,0.0
10.0,11.0,0.0,0.26969612,0.0012677881,1.5043302,0.039813202,0.0087065855,0.036719784,2.3866574E-4,0.16366282,0.031679,0.12952012,0.011811281,2.2536814,0.003955603,0.0,0.0,0.0,0.0,0.0,0.0,4.25843,6.267396,0.0,0.0,0.0,0.0,0.0
10.0,12.0,0.0,0.18341577,2.7038401E-4,0.9456279,0.020739894,0.004440401,0.030842256,9.0424735E-5,0.15007277,0.03299551,0.06184742,0.0035919845,1.238567,0.007820472,0.0,0.0,0.0,0.0,0.0,0.0,2.3279288,3.4951098,0.0,0.0,0.0,0.0,0.0
10.0,13.0,0.0,0.123245835,4.021725E-4,0.60774344,0.015059362,0.0038280562,0.01593573,5.343504E-5,0.097262494,0.024167642,0.03379987,0.0045925057,0.80430436,0.0056558056,0.0,0.0,0.0,0.0,0.0,0.0,1.5864217,2.2628775,0.0,0.0,0.0,0.0,0.0
10.0,14.0,0.0,0.09974946,2.643617E-4,0.52800035,0.02280449,0.0033931967,0.009509995,4.2355274E-5,0.09078947,0.017907843,0.030231494,0.002875201,0.57596797,0.0019230831,0.0,0.0,0.0,0.0,0.0,0.0,1.246595,1.735737,0.0,0.0,0.0,0.0,0.0
10.0,15.0,0.0,0.0,0.0,0.0,0.0,0.0,0.0,0.0,0.0,0.0,0.0,0.0,0.0,0.0,0.0,0.0,0.0,0.0,0.0,0.0,0.0,0.0,0.0,0.0,0.0,0.0,0.0
10.0,16.0,0.0,0.0,0.0,0.0,0.0,0.0,0.0,0.0,0.0,0.0,0.0,0.0,0.0,0.0,0.0,0.0,0.0,0.0,0.0,0.0,0.0,0.0,0.0,0.0,0.0,0.0,0.0
10.0,17.0,0.0,0.0,0.0,0.0,0.0,0.0,0.0,0.0,0.0,0.0,0.0,0.0,0.0,0.0,0.0,0.0,0.0,0.0,0.0,0.0,0.0,0.0,0.0,0.0,0.0,0.0,0.0
10.0,18.0,0.0,0.0,0.0,0.0,0.0,0.0,0.0,0.0,0.0,0.0,0.0,0.0,0.0,0.0,0.0,0.0,0.0,0.0,0.0,0.0,0.0,0.0,0.0,0.0,0.0,0.0,0.0
10.0,19.0,0.0,0.0,0.0,0.0,0.0,0.0,0.0,0.0,0.0,0.0,0.0,0.0,0.0,0.0,0.0,0.0,0.0,0.0,0.0,0.0,0.0,0.0,0.0,0.0,0.0,0.0,0.0
10.0,20.0,0.0,0.0,0.0,0.0,0.0,0.0,0.0,0.0,0.0,0.0,0.0,0.0,0.0,0.0,0.0,0.0,0.0,0.0,0.0,0.0,0.0,0.0,0.0,0.0,0.0,0.0,0.0
10.0,21.0,0.0,0.0,0.0,0.0,0.0,0.0,0.0,0.0,0.0,0.0,0.0,0.0,0.0,0.0,0.0,0.0,0.0,0.0,0.0,0.0,0.0,0.0,0.0,0.0,0.0,0.0,0.0
10.0,22.0,0.0,0.0,0.0,0.0,0.0,0.0,0.0,0.0,0.0,0.0,0.0,0.0,0.0,0.0,0.0,0.0,0.0,0.0,0.0,0.0,0.0,0.0,0.0,0.0,0.0,0.0,0.0
10.0,23.0,0.0,0.0,0.0,0.0,0.0,0.0,0.0,0.0,0.0,0.0,0.0,0.0,0.0,0.0,0.0,0.0,0.0,0.0,0.0,0.0,0.0,0.0,0.0,0.0,0.0,0.0,0.0
10.0,24.0,0.0,0.0,0.0,0.0,0.0,0.0,0.0,0.0,0.0,0.0,0.0,0.0,0.0,0.0,0.0,0.0,0.0,0.0,0.0,0.0,0.0,0.0,0.0,0.0,0.0,0.0,0.0
10.0,25.0,0.0,0.0,0.0,0.0,0.0,0.0,0.0,0.0,0.0,0.0,0.0,0.0,0.0,0.0,0.0,0.0,0.0,0.0,0.0,0.0,0.0,0.0,0.0,0.0,0.0,0.0,0.0
11.0,0.0,0.0,33.307236,0.005093648,153.66742,1.1363984,0.031210175,0.505231,0.0020008043,24.369593,1.9662347,29.076519,0.15065664,323.39868,0.0,0.0,0.0,1.1153787E-5,73.8617,8.57082,2035.4452,3752.4485,1532.658,0.0,0.0,0.0,0.0,0.0
11.0,1.0,0.0,28.193893,0.023340251,154.78426,2.137041,0.06339236,0.34933847,9.41059E-4,22.609385,1.2939374,18.471655,0.17908399,362.15515,0.049735345,0.0,0.0,0.0,0.0,0.0,544.3019,1188.3368,1251.26,0.0,0.0,0.0,0.0,0.0
11.0,2.0,0.0,17.399372,0.011688382,154.41106,1.782668,0.11991572,0.9834059,0.003123644,16.98349,0.79691684,9.37391,0.0757613,238.60387,0.0,0.0,0.0,0.0,0.0,0.0,177.3383,513.9562,704.61584,0.0,0.0,0.0,0.0,0.0
11.0,3.0,0.0,13.841163,0.01852354,88.776825,0.90177363,0.07974864,0.69419277,0.0015743412,30.057255,0.13007307,6.1416006,0.14535703,190.58017,0.6937126,0.0,0.0,0.0,0.0,0.0,94.7994,370.68015,515.14667,0.0,0.0,0.0,0.0,0.0
11.0,4.0,0.0,8.125293,0.01409922,90.860825,0.9767979,0.10353682,1.3199693,6.4885855E-4,23.962122,1.3036531,6.3591294,0.11179313,114.987595,0.009976553,0.0,0.0,0.0,0.0,0.0,40.29609,216.04579,291.0334,0.0,0.0,0.0,0.0,0.0
11.0,5.0,0.0,3.645654,0.0029078438,27.393534,0.30699944,0.015562662,0.15376487,2.6841558E-4,6.5572915,0.12450116,4.0945535,0.07297582,70.48853,0.25206122,0.0,0.0,0.0,0.0,0.0,20.86328,102.337364,131.28862,0.0,0.0,0.0,0.0,0.0
11.0,6.0,0.0,2.1656277,0.0026830803,25.664988,0.18896604,0.01231829,0.7751946,2.8433092E-4,3.110038,0.60653096,1.885651,0.03295584,32.71654,0.025268476,0.0,0.0,0.0,0.0,0.0,7.318787,56.50382,85.95123,0.0,0.0,0.0,0.0,0.0
11.0,7.0,0.0,2.4034407,0.001869961,9.234588,0.1405368,0.0014794756,0.078237526,6.109845E-4,1.745232,0.16635655,0.3698961,0.0076057366,16.238853,1.8463907E-4,0.0,0.0,0.0,0.0,0.0,4.4240937,27.101526,44.608883,0.0,0.0,0.0,0.0,0.0
11.0,8.0,0.0,0.88638145,4.3233443E-4,2.4692407,0.031473882,0.0036960454,0.017422684,3.0130715E-4,0.7886421,0.1843752,0.20940575,0.010729909,7.704123,0.0060256477,0.0,0.0,0.0,0.0,0.0,2.8238575,11.459722,16.733166,0.0,0.0,0.0,0.0,0.0
11.0,9.0,0.0,0.11475422,1.1762083E-4,1.7691267,0.0067217187,2.115367E-4,0.006805593,2.3494153E-5,0.034861334,0.012349079,0.07416894,0.0088429665,1.8272384,3.145519E-6,0.0,0.0,0.0,0.0,0.0,0.50021267,2.9480054,4.466646,0.0,0.0,0.0,0.0,0.0
11.0,10.0,0.0,1.0746533,0.002741827,6.7670155,0.15884042,0.021021608,0.24504638,6.660987E-4,1.8818613,0.22598651,0.38744602,0.01891957,5.7371635,0.051408242,0.0,0.0,0.0,0.0,0.0,0.9919597,17.429886,23.799398,0.0,0.0,0.0,0.0,0.0
11.0,11.0,0.0,0.6643656,7.4505253E-4,3.6812606,0.06840669,0.010190883,0.07278805,8.1361766E-4,0.43615475,0.08527701,0.3105487,0.0127374185,5.468855,0.0056356564,0.0,0.0,0.0,0.0,0.0,0.09474414,8.861704,13.821928,0.0,0.0,0.0,0.0,0.0
11.0,12.0,0.0,0.16411199,6.0586806E-4,1.0180554,0.041536853,0.006339924,0.03163458,2.8518203E-4,0.13718562,0.037281156,0.078923054,0.017299421,1.4620594,0.0032249377,0.0,0.0,0.0,0.0,0.0,0.0,2.7947612,3.9417098,0.0,0.0,0.0,0.0,0.0
11.0,13.0,0.0,0.14192706,6.0951017E-4,0.5503159,0.027795892,0.0020678167,0.018515052,4.1567767E-4,0.08658723,0.022238819,0.024960047,0.005206086,0.8340832,0.0021418044,0.0,0.0,0.0,0.0,0.0,0.0,1.5009646,2.3110876,0.0,0.0,0.0,0.0,0.0
11.0,14.0,0.0,0.092719935,3.4777424E-4,0.48473594,0.012089308,0.0011734269,0.014559404,6.249467E-5,0.028786339,0.016249685,0.018879337,0.0040766625,0.47856754,9.715528E-5,0.0,0.0,0.0,0.0,0.0,0.0,0.99874663,1.4311551,0.0,0.0,0.0,0.0,0.0
11.0,15.0,0.0,0.0,0.0,0.0,0.0,0.0,0.0,0.0,0.0,0.0,0.0,0.0,0.0,0.0,0.0,0.0,0.0,0.0,0.0,0.0,0.0,0.0,0.0,0.0,0.0,0.0,0.0
11.0,16.0,0.0,0.0,0.0,0.0,0.0,0.0,0.0,0.0,0.0,0.0,0.0,0.0,0.0,0.0,0.0,0.0,0.0,0.0,0.0,0.0,0.0,0.0,0.0,0.0,0.0,0.0,0.0
11.0,17.0,0.0,0.0,0.0,0.0,0.0,0.0,0.0,0.0,0.0,0.0,0.0,0.0,0.0,0.0,0.0,0.0,0.0,0.0,0.0,0.0,0.0,0.0,0.0,0.0,0.0,0.0,0.0
11.0,18.0,0.0,0.0,0.0,0.0,0.0,0.0,0.0,0.0,0.0,0.0,0.0,0.0,0.0,0.0,0.0,0.0,0.0,0.0,0.0,0.0,0.0,0.0,0.0,0.0,0.0,0.0,0.0
11.0,19.0,0.0,0.0,0.0,0.0,0.0,0.0,0.0,0.0,0.0,0.0,0.0,0.0,0.0,0.0,0.0,0.0,0.0,0.0,0.0,0.0,0.0,0.0,0.0,0.0,0.0,0.0,0.0
11.0,20.0,0.0,0.0,0.0,0.0,0.0,0.0,0.0,0.0,0.0,0.0,0.0,0.0,0.0,0.0,0.0,0.0,0.0,0.0,0.0,0.0,0.0,0.0,0.0,0.0,0.0,0.0,0.0
11.0,21.0,0.0,0.0,0.0,0.0,0.0,0.0,0.0,0.0,0.0,0.0,0.0,0.0,0.0,0.0,0.0,0.0,0.0,0.0,0.0,0.0,0.0,0.0,0.0,0.0,0.0,0.0,0.0
11.0,22.0,0.0,0.0,0.0,0.0,0.0,0.0,0.0,0.0,0.0,0.0,0.0,0.0,0.0,0.0,0.0,0.0,0.0,0.0,0.0,0.0,0.0,0.0,0.0,0.0,0.0,0.0,0.0
11.0,23.0,0.0,0.0,0.0,0.0,0.0,0.0,0.0,0.0,0.0,0.0,0.0,0.0,0.0,0.0,0.0,0.0,0.0,0.0,0.0,0.0,0.0,0.0,0.0,0.0,0.0,0.0,0.0
11.0,24.0,0.0,0.0,0.0,0.0,0.0,0.0,0.0,0.0,0.0,0.0,0.0,0.0,0.0,0.0,0.0,0.0,0.0,0.0,0.0,0.0,0.0,0.0,0.0,0.0,0.0,0.0,0.0
11.0,25.0,0.0,0.0,0.0,0.0,0.0,0.0,0.0,0.0,0.0,0.0,0.0,0.0,0.0,0.0,0.0,0.0,0.0,0.0,0.0,0.0,0.0,0.0,0.0,0.0,0.0,0.0,0.0
12.0,0.0,0.0,40.98752,0.007809651,144.45116,1.7414945,0.047210716,0.40261188,0.002296793,25.528214,1.4454249,24.09751,0.33526596,418.00995,0.0,0.0,0.0,1.0702413E-5,70.54481,7.8356576,2113.4888,3770.5188,1430.0585,0.0,0.0,0.0,0.0,0.0
12.0,1.0,0.0,14.601309,0.022850871,172.47676,1.9797589,0.036927365,0.3936396,0.0011899071,21.67497,0.89918387,13.373774,0.1150822,249.24936,7.805997E-9,0.0,0.0,0.0,0.0,0.0,694.7863,1424.7776,1294.5503,0.0,0.0,0.0,0.0,0.0
12.0,2.0,0.0,14.2828865,0.009792792,132.82748,2.3469765,0.07042498,0.7884436,0.0020818377,17.26243,0.6023572,16.351654,0.22593164,207.85054,0.03489526,0.0,0.0,0.0,0.0,0.0,169.11328,569.73834,750.4848,0.0,0.0,0.0,0.0,0.0
12.0,3.0,0.0,9.766709,0.0054142764,101.76,0.7438047,0.04024441,0.51073146,0.0068239104,17.644049,0.27675834,4.23047,0.16536571,184.92665,0.11289513,0.0,0.0,0.0,0.0,0.0,77.379585,336.3557,486.47247,0.0,0.0,0.0,0.0,0.0
12.0,4.0,0.0,3.012942,0.0048983265,60.59084,0.5878405,0.037559938,0.2621811,0.0021252446,18.978746,0.7458003,8.153648,0.070369475,124.97148,9.172658E-6,0.0,0.0,0.0,0.0,0.0,44.90342,227.23067,323.9345,0.0,0.0,0.0,0.0,0.0
12.0,5.0,0.0,2.3222334,0.003615463,37.674126,0.45048422,0.023842083,0.5483183,0.0039050546,8.097756,0.12454659,2.3181374,0.03756268,84.34573,0.18529451,0.0,0.0,0.0,0.0,0.0,20.585903,129.86578,182.33499,0.0,0.0,0.0,0.0,0.0
12.0,6.0,0.0,1.1236022,0.0028653394,20.695984,0.26239336,0.008405445,0.05076737,8.779934E-4,5.0077477,0.08008804,1.2587512,0.01888135,30.604757,0.009017922,0.0,0.0,0.0,0.0,0.0,9.6249485,55.575146,73.28767,0.0,0.0,0.0,0.0,0.0
12.0,7.0,0.0,0.34678644,0.001656689,18.320223,0.08330337,0.076605685,0.09241023,2.0092525E-4,1.5447661,0.084966764,0.98355913,0.023493983,19.337051,0.0025189577,0.0,0.0,0.0,0.0,0.0,3.0404453,35.70831,45.641193,0.0,0.0,0.0,0.0,0.0
12.0,8.0,0.0,0.32608446,4.2487332E-4,6.8036757,0.13814282,9.2390046E-4,0.06387745,2.849731E-4,0.47097006,0.0814512,0.4485116,0.004593583,7.682016,1.5152669E-4,0.0,0.0,0.0,0.0,0.0,3.0264776,17.674574,25.336418,0.0,0.0,0.0,0.0,0.0
12.0,9.0,0.0,0.12390755,2.6693483E-4,3.4503891,0.024177192,0.0018673892,0.0059538265,1.0496181E-4,0.5779612,0.03770076,0.08488729,1.7392574E-4,3.1707232,9.291692E-6,0.0,0.0,0.0,0.0,0.0,1.4178584,7.1440682,9.662257,0.0,0.0,0.0,0.0,0.0
12.0,10.0,0.0,0.13142204,1.5739595E-5,0.50681025,0.003872555,0.0013061418,0.011064488,5.2128034E-5,0.008455305,0.03118372,0.17702481,2.8028524E-5,0.77401835,1.6282102E-9,0.0,0.0,0.0,0.0,0.0,0.25419104,1.8837268,2.2017329,0.0,0.0,0.0,0.0,0.0
12.0,11.0,0.0,0.3809947,0.0022276905,6.4127617,0.13395207,0.016835287,0.04474179,2.6986067E-4,0.7140913,0.1388256,0.23698243,0.025696052,3.522122,0.0052921153,0.0,0.0,0.0,0.0,0.0,0.56602824,9.716418,13.477637,0.0,0.0,0.0,0.0,0.0
12.0,12.0,0.0,0.17754097,7.0336706E-4,2.5193398,0.060129292,0.0044816397,0.043025024,4.9690326E-4,0.23817427,0.055408865,0.23800996,0.03905467,3.704697,0.0011636547,0.0,0.0,0.0,0.0,0.0,0.09675976,5.91349,8.583722,0.0,0.0,0.0,0.0,0.0
12.0,13.0,0.0,0.0666192,3.1380213E-4,0.8954523,0.018659698,0.0067091216,0.011922964,1.7581404E-4,0.12815462,0.020832943,0.06547951,0.01682023,0.92114276,8.11603E-4,0.0,0.0,0.0,0.0,0.0,0.0,1.762004,2.5398052,0.0,0.0,0.0,0.0,0.0
12.0,14.0,0.0,0.04018662,3.3214866E-4,0.561108,0.01235177,0.0016468607,0.00887288,2.3673243E-4,0.035079304,0.02015214,0.025910238,0.0029451286,0.5171613,1.7514556E-5,0.0,0.0,0.0,0.0,0.0,0.0,1.0153115,1.4003121,0.0,0.0,0.0,0.0,0.0
12.0,15.0,0.0,0.0,0.0,0.0,0.0,0.0,0.0,0.0,0.0,0.0,0.0,0.0,0.0,0.0,0.0,0.0,0.0,0.0,0.0,0.0,0.0,0.0,0.0,0.0,0.0,0.0,0.0
12.0,16.0,0.0,0.0,0.0,0.0,0.0,0.0,0.0,0.0,0.0,0.0,0.0,0.0,0.0,0.0,0.0,0.0,0.0,0.0,0.0,0.0,0.0,0.0,0.0,0.0,0.0,0.0,0.0
12.0,17.0,0.0,0.0,0.0,0.0,0.0,0.0,0.0,0.0,0.0,0.0,0.0,0.0,0.0,0.0,0.0,0.0,0.0,0.0,0.0,0.0,0.0,0.0,0.0,0.0,0.0,0.0,0.0
12.0,18.0,0.0,0.0,0.0,0.0,0.0,0.0,0.0,0.0,0.0,0.0,0.0,0.0,0.0,0.0,0.0,0.0,0.0,0.0,0.0,0.0,0.0,0.0,0.0,0.0,0.0,0.0,0.0
12.0,19.0,0.0,0.0,0.0,0.0,0.0,0.0,0.0,0.0,0.0,0.0,0.0,0.0,0.0,0.0,0.0,0.0,0.0,0.0,0.0,0.0,0.0,0.0,0.0,0.0,0.0,0.0,0.0
12.0,20.0,0.0,0.0,0.0,0.0,0.0,0.0,0.0,0.0,0.0,0.0,0.0,0.0,0.0,0.0,0.0,0.0,0.0,0.0,0.0,0.0,0.0,0.0,0.0,0.0,0.0,0.0,0.0
12.0,21.0,0.0,0.0,0.0,0.0,0.0,0.0,0.0,0.0,0.0,0.0,0.0,0.0,0.0,0.0,0.0,0.0,0.0,0.0,0.0,0.0,0.0,0.0,0.0,0.0,0.0,0.0,0.0
12.0,22.0,0.0,0.0,0.0,0.0,0.0,0.0,0.0,0.0,0.0,0.0,0.0,0.0,0.0,0.0,0.0,0.0,0.0,0.0,0.0,0.0,0.0,0.0,0.0,0.0,0.0,0.0,0.0
12.0,23.0,0.0,0.0,0.0,0.0,0.0,0.0,0.0,0.0,0.0,0.0,0.0,0.0,0.0,0.0,0.0,0.0,0.0,0.0,0.0,0.0,0.0,0.0,0.0,0.0,0.0,0.0,0.0
12.0,24.0,0.0,0.0,0.0,0.0,0.0,0.0,0.0,0.0,0.0,0.0,0.0,0.0,0.0,0.0,0.0,0.0,0.0,0.0,0.0,0.0,0.0,0.0,0.0,0.0,0.0,0.0,0.0
12.0,25.0,0.0,0.0,0.0,0.0,0.0,0.0,0.0,0.0,0.0,0.0,0.0,0.0,0.0,0.0,0.0,0.0,0.0,0.0,0.0,0.0,0.0,0.0,0.0,0.0,0.0,0.0,0.0
13.0,0.0,0.0,15.310462,0.0040781605,184.32533,1.9260409,0.04464531,0.39680085,0.0013002681,30.308496,1.0134523,27.451818,0.2547608,398.7129,0.0,0.0,0.0,1.1057633E-5,72.29913,7.5258656,1826.9249,3305.1243,1374.6678,0.0,0.0,0.0,0.0,0.0
13.0,1.0,0.0,19.557787,0.00447292,163.66986,1.6702273,0.10263947,0.6937602,0.0048929383,32.699146,0.7885264,17.20998,0.16572724,361.03995,9.692356E-8,0.0,0.0,0.0,0.0,0.0,565.02466,1139.4794,1297.0967,0.0,0.0,0.0,0.0,0.0
13.0,2.0,0.0,15.931298,0.0060889223,133.38026,0.9027757,0.044364214,0.39369482,8.996505E-4,25.598305,0.676282,9.977014,0.1273209,208.57808,0.021264901,0.0,0.0,0.0,0.0,0.0,159.21797,423.31976,621.84937,0.0,0.0,0.0,0.0,0.0
13.0,3.0,0.0,8.5181,0.012382757,62.147156,1.2220925,0.06351309,1.3386136,0.0012688672,23.934052,0.39066866,20.31083,0.023462374,130.74539,0.60902977,0.0,0.0,0.0,0.0,0.0,55.17101,340.45068,499.25708,0.0,0.0,0.0,0.0,0.0
13.0,4.0,0.0,2.1680138,0.004606954,66.473114,0.76326895,0.02541918,0.38373226,0.0024804538,11.670759,0.6083039,11.416993,0.07261585,89.851364,0.28295138,0.0,0.0,0.0,0.0,0.0,29.459534,185.79411,286.7794,0.0,0.0,0.0,0.0,0.0
13.0,5.0,0.0,2.9100838,0.0046684984,31.583817,0.2980796,0.017266806,0.3327565,0.0039013438,14.128813,0.36363518,6.5431595,0.026409132,46.63068,0.9368334,0.0,0.0,0.0,0.0,0.0,17.536335,123.16465,180.96432,0.0,0.0,0.0,0.0,0.0
13.0,6.0,0.0,2.0896473,0.0020999245,27.107357,0.4281116,0.018267764,0.17745341,4.6543166E-4,5.32105,0.20527425,3.8483326,0.0051622824,44.360275,0.25830564,0.0,0.0,0.0,0.0,0.0,9.129935,67.25387,91.924965,0.0,0.0,0.0,0.0,0.0
13.0,7.0,0.0,1.3025984,0.0015710023,9.872878,0.3678192,0.0049643996,0.03865321,1.19999895E-4,2.8014631,0.063320294,2.3004308,0.024763899,18.196503,0.17652284,0.0,0.0,0.0,0.0,0.0,3.2695384,26.096048,42.70258,0.0,0.0,0.0,0.0,0.0
13.0,8.0,0.0,0.38736755,8.1382564E-4,10.338167,0.11142753,0.016457848,0.07939263,1.8864016E-4,1.1519394,0.109145574,0.6539311,0.012665427,11.818714,0.046885747,0.0,0.0,0.0,0.0,0.0,1.3141127,17.115963,27.73913,0.0,0.0,0.0,0.0,0.0
13.0,9.0,0.0,0.2832196,0.0014236899,3.4374402,0.033532795,6.7681406E-4,0.010141549,2.9285955E-5,0.8169255,0.11701115,0.27968067,0.0033183657,4.929371,7.0044183E-4,0.0,0.0,0.0,0.0,0.0,1.7292988,9.475237,13.948615,0.0,0.0,0.0,0.0,0.0
13.0,10.0,0.0,0.15376087,1.5212713E-4,1.2857652,0.016215203,0.008011986,0.019406727,1.4798588E-5,0.16333055,0.0355992,0.29948854,0.008764615,2.526314,2.7548036E-5,0.0,0.0,0.0,0.0,0.0,0.7463015,4.252786,4.901695,0.0,0.0,0.0,0.0,0.0
13.0,11.0,0.0,0.03383941,1.0556588E-5,0.47618926,0.0030695712,4.953775E-4,0.0037956927,6.4055475E-6,0.008528019,0.031632822,0.08763883,1.7454371E-5,0.76038647,1.330585E-4,0.0,0.0,0.0,0.0,0.0,0.058752842,0.77688295,1.0644467,0.0,0.0,0.0,0.0,0.0
13.0,12.0,0.0,0.15932077,0.0011258193,2.848518,0.099934556,0.010228729,0.04535324,2.6244347E-4,0.7547216,0.029090727,0.27660507,0.020957252,2.2427843,0.026767572,0.0,0.0,0.0,0.0,0.0,0.32885882,6.019106,8.782331,0.0,0.0,0.0,0.0,0.0
13.0,13.0,0.0,0.18626446,4.1453162E-4,1.4167197,0.043740157,0.0034570335,0.023419712,5.868961E-5,0.2603878,0.034581944,0.23437561,0.009424973,2.4439461,0.0065750633,0.0,0.0,0.0,0.0,0.0,0.07272687,3.5600915,5.5675406,0.0,0.0,0.0,0.0,0.0
13.0,14.0,0.0,0.059974387,5.900375E-4,0.4722651,0.020426968,0.003386442,0.012642391,1.5169792E-4,0.09650627,0.008021577,0.08499801,0.0074768937,0.66552955,0.0010421692,0.0,0.0,0.0,0.0,0.0,0.0,1.1423516,1.6518111,0.0,0.0,0.0,0.0,0.0
13.0,15.0,0.0,0.0,0.0,0.0,0.0,0.0,0.0,0.0,0.0,0.0,0.0,0.0,0.0,0.0,0.0,0.0,0.0,0.0,0.0,0.0,0.0,0.0,0.0,0.0,0.0,0.0,0.0
13.0,16.0,0.0,0.0,0.0,0.0,0.0,0.0,0.0,0.0,0.0,0.0,0.0,0.0,0.0,0.0,0.0,0.0,0.0,0.0,0.0,0.0,0.0,0.0,0.0,0.0,0.0,0.0,0.0
13.0,17.0,0.0,0.0,0.0,0.0,0.0,0.0,0.0,0.0,0.0,0.0,0.0,0.0,0.0,0.0,0.0,0.0,0.0,0.0,0.0,0.0,0.0,0.0,0.0,0.0,0.0,0.0,0.0
13.0,18.0,0.0,0.0,0.0,0.0,0.0,0.0,0.0,0.0,0.0,0.0,0.0,0.0,0.0,0.0,0.0,0.0,0.0,0.0,0.0,0.0,0.0,0.0,0.0,0.0,0.0,0.0,0.0
13.0,19.0,0.0,0.0,0.0,0.0,0.0,0.0,0.0,0.0,0.0,0.0,0.0,0.0,0.0,0.0,0.0,0.0,0.0,0.0,0.0,0.0,0.0,0.0,0.0,0.0,0.0,0.0,0.0
13.0,20.0,0.0,0.0,0.0,0.0,0.0,0.0,0.0,0.0,0.0,0.0,0.0,0.0,0.0,0.0,0.0,0.0,0.0,0.0,0.0,0.0,0.0,0.0,0.0,0.0,0.0,0.0,0.0
13.0,21.0,0.0,0.0,0.0,0.0,0.0,0.0,0.0,0.0,0.0,0.0,0.0,0.0,0.0,0.0,0.0,0.0,0.0,0.0,0.0,0.0,0.0,0.0,0.0,0.0,0.0,0.0,0.0
13.0,22.0,0.0,0.0,0.0,0.0,0.0,0.0,0.0,0.0,0.0,0.0,0.0,0.0,0.0,0.0,0.0,0.0,0.0,0.0,0.0,0.0,0.0,0.0,0.0,0.0,0.0,0.0,0.0
13.0,23.0,0.0,0.0,0.0,0.0,0.0,0.0,0.0,0.0,0.0,0.0,0.0,0.0,0.0,0.0,0.0,0.0,0.0,0.0,0.0,0.0,0.0,0.0,0.0,0.0,0.0,0.0,0.0
13.0,24.0,0.0,0.0,0.0,0.0,0.0,0.0,0.0,0.0,0.0,0.0,0.0,0.0,0.0,0.0,0.0,0.0,0.0,0.0,0.0,0.0,0.0,0.0,0.0,0.0,0.0,0.0,0.0
13.0,25.0,0.0,0.0,0.0,0.0,0.0,0.0,0.0,0.0,0.0,0.0,0.0,0.0,0.0,0.0,0.0,0.0,0.0,0.0,0.0,0.0,0.0,0.0,0.0,0.0,0.0,0.0,0.0
14.0,0.0,0.0,17.07862,0.006869698,145.46526,0.48892286,0.049972553,0.6248897,0.0015574216,22.045176,1.30644,17.808186,0.26971865,293.48297,0.0,0.0,0.0,1.0171013E-5,67.26857,7.61244,1805.0447,3190.5808,1301.2627,0.0,0.0,0.0,0.0,0.0
14.0,1.0,0.0,17.24964,0.0042883363,163.48056,0.7971926,0.02666268,1.1977865,0.0031119778,48.669815,1.0967635,24.811811,0.30770057,334.0126,1.2637782,0.0,0.0,0.0,0.0,0.0,626.80743,1271.5979,1180.4434,0.0,0.0,0.0,0.0,0.0
14.0,2.0,0.0,11.900492,0.013486545,146.06769,0.7341969,0.03919783,0.77396834,0.0024555647,16.432442,1.1729763,19.48159,0.34499633,171.3207,1.3950965,0.0,0.0,0.0,0.0,0.0,209.63696,553.8475,790.35016,0.0,0.0,0.0,0.0,0.0
14.0,3.0,0.0,4.9310894,0.014030336,91.80806,0.2716872,0.032915503,1.0325521,0.0015719096,17.50572,0.5687876,8.535903,0.06734754,101.406296,0.5521664,0.0,0.0,0.0,0.0,0.0,56.1663,231.59715,383.6811,0.0,0.0,0.0,0.0,0.0
14.0,4.0,0.0,8.035289,0.016972639,104.316345,0.5023341,0.022399439,0.3778208,6.950541E-4,10.535089,0.23926254,6.7298975,0.20175146,69.73987,0.13492188,0.0,0.0,0.0,0.0,0.0,21.244825,173.2824,248.23462,0.0,0.0,0.0,0.0,0.0
14.0,5.0,0.0,4.7708535,0.007378419,51.979977,0.29464108,0.050473504,0.5477918,0.0017459581,4.9730444,0.33111984,3.3298635,0.07947536,44.973827,1.0315764,0.0,0.0,0.0,0.0,0.0,14.739231,100.2533,141.17247,0.0,0.0,0.0,0.0,0.0
14.0,6.0,0.0,3.509427,0.0028078759,21.18463,0.19626686,0.0200443,0.105345264,8.7281025E-4,2.748817,0.53149736,2.7894673,0.024618689,30.491764,0.6914624,0.0,0.0,0.0,0.0,0.0,7.916958,60.887524,93.550125,0.0,0.0,0.0,0.0,0.0
14.0,7.0,0.0,1.0361366,3.2426548E-4,14.692381,0.124490194,0.0061064474,0.1649774,4.9449503E-4,2.6651447,0.26446858,1.5266827,0.06411141,20.448753,0.4099747,0.0,0.0,0.0,0.0,0.0,4.2471585,36.37446,55.630283,0.0,0.0,0.0,0.0,0.0
14.0,8.0,0.0,0.39039192,4.0580452E-4,6.3726854,0.07638707,0.0012299932,0.06665206,0.0027975712,1.249329,0.07700223,1.4051055,0.031703807,12.156589,0.04149153,0.0,0.0,0.0,0.0,0.0,1.343888,15.226896,21.655628,0.0,0.0,0.0,0.0,0.0
14.0,9.0,0.0,0.25837478,0.0018383181,5.6929827,0.072301,0.004130584,0.04540773,1.2769745E-4,0.4574264,0.14287955,0.5936859,0.002050682,5.2526145,0.04502549,0.0,0.0,0.0,0.0,0.0,0.7282866,10.770994,15.687083,0.0,0.0,0.0,0.0,0.0
14.0,10.0,0.0,0.051849127,1.926011E-4,1.5649022,0.037930917,0.0035065126,0.021968357,4.938911E-4,0.35582718,0.021966048,0.41493216,0.01254173,3.332776,7.9732237E-4,0.0,0.0,0.0,0.0,0.0,0.6239709,5.0346875,8.489135,0.0,0.0,0.0,0.0,0.0
14.0,11.0,0.0,0.04901898,3.9428126E-4,0.5466514,0.0122432485,1.8768787E-4,0.015932035,4.0225175E-5,0.08210343,0.009184871,0.17158496,0.006560504,1.2284626,0.0060988055,0.0,0.0,0.0,0.0,0.0,0.23617959,2.2713966,3.405652,0.0,0.0,0.0,0.0,0.0
14.0,12.0,0.0,0.035958357,1.3475103E-5,0.121280976,0.0028790138,3.3396882E-5,0.0067169527,3.04436E-6,7.20791E-4,0.006375561,0.053508177,3.366531E-5,0.35921618,6.226657E-7,0.0,0.0,0.0,0.0,0.0,0.051584814,0.67282265,0.89323956,0.0,0.0,0.0,0.0,0.0
14.0,13.0,0.0,0.120363094,5.769229E-4,1.8309569,0.034897365,0.008264113,0.027487328,7.520641E-4,0.2949293,0.042410683,0.1768056,0.020952944,1.1692173,0.014991629,0.0,0.0,0.0,0.0,0.0,0.11116993,3.522598,5.458262,0.0,0.0,0.0,0.0,0.0
14.0,14.0,0.0,0.077599145,6.852153E-4,0.97765696,0.021784944,0.0025881105,0.01510703,3.895615E-4,0.1119121,0.032484982,0.121226706,0.011788476,1.2058091,0.003633912,0.0,0.0,0.0,0.0,0.0,0.046366703,2.1962712,3.6461992,0.0,0.0,0.0,0.0,0.0
14.0,15.0,0.0,0.0,0.0,0.0,0.0,0.0,0.0,0.0,0.0,0.0,0.0,0.0,0.0,0.0,0.0,0.0,0.0,0.0,0.0,0.0,0.0,0.0,0.0,0.0,0.0,0.0,0.0
14.0,16.0,0.0,0.0,0.0,0.0,0.0,0.0,0.0,0.0,0.0,0.0,0.0,0.0,0.0,0.0,0.0,0.0,0.0,0.0,0.0,0.0,0.0,0.0,0.0,0.0,0.0,0.0,0.0
14.0,17.0,0.0,0.0,0.0,0.0,0.0,0.0,0.0,0.0,0.0,0.0,0.0,0.0,0.0,0.0,0.0,0.0,0.0,0.0,0.0,0.0,0.0,0.0,0.0,0.0,0.0,0.0,0.0
14.0,18.0,0.0,0.0,0.0,0.0,0.0,0.0,0.0,0.0,0.0,0.0,0.0,0.0,0.0,0.0,0.0,0.0,0.0,0.0,0.0,0.0,0.0,0.0,0.0,0.0,0.0,0.0,0.0
14.0,19.0,0.0,0.0,0.0,0.0,0.0,0.0,0.0,0.0,0.0,0.0,0.0,0.0,0.0,0.0,0.0,0.0,0.0,0.0,0.0,0.0,0.0,0.0,0.0,0.0,0.0,0.0,0.0
14.0,20.0,0.0,0.0,0.0,0.0,0.0,0.0,0.0,0.0,0.0,0.0,0.0,0.0,0.0,0.0,0.0,0.0,0.0,0.0,0.0,0.0,0.0,0.0,0.0,0.0,0.0,0.0,0.0
14.0,21.0,0.0,0.0,0.0,0.0,0.0,0.0,0.0,0.0,0.0,0.0,0.0,0.0,0.0,0.0,0.0,0.0,0.0,0.0,0.0,0.0,0.0,0.0,0.0,0.0,0.0,0.0,0.0
14.0,22.0,0.0,0.0,0.0,0.0,0.0,0.0,0.0,0.0,0.0,0.0,0.0,0.0,0.0,0.0,0.0,0.0,0.0,0.0,0.0,0.0,0.0,0.0,0.0,0.0,0.0,0.0,0.0
14.0,23.0,0.0,0.0,0.0,0.0,0.0,0.0,0.0,0.0,0.0,0.0,0.0,0.0,0.0,0.0,0.0,0.0,0.0,0.0,0.0,0.0,0.0,0.0,0.0,0.0,0.0,0.0,0.0
14.0,24.0,0.0,0.0,0.0,0.0,0.0,0.0,0.0,0.0,0.0,0.0,0.0,0.0,0.0,0.0,0.0,0.0,0.0,0.0,0.0,0.0,0.0,0.0,0.0,0.0,0.0,0.0,0.0
14.0,25.0,0.0,0.0,0.0,0.0,0.0,0.0,0.0,0.0,0.0,0.0,0.0,0.0,0.0,0.0,0.0,0.0,0.0,0.0,0.0,0.0,0.0,0.0,0.0,0.0,0.0,0.0,0.0
15.0,0.0,0.0,27.482906,0.003804637,78.54241,0.5985132,0.05088813,0.42191222,0.0016011973,19.0664,1.3633906,40.64665,0.4575558,227.68968,0.0,0.0,0.0,1.0660462E-5,69.75455,8.423148,1736.4083,3091.3179,1222.7064,0.0,0.0,0.0,0.0,0.0
15.0,1.0,0.0,22.112574,0.020255,123.0653,0.92431086,0.032387573,0.38869375,0.004371723,15.624092,0.508685,21.791105,0.3640013,301.85526,0.013439032,0.0,0.0,0.0,0.0,0.0,592.31866,1226.3184,1157.9122,0.0,0.0,0.0,0.0,0.0
15.0,2.0,0.0,25.440891,0.008506757,157.20773,1.7479589,0.04198759,0.5951127,0.0013785866,13.733302,0.9145036,16.483784,0.22975713,183.81819,2.3716545,0.0,0.0,0.0,0.0,0.0,205.04247,548.3111,670.49414,0.0,0.0,0.0,0.0,0.0
15.0,3.0,0.0,10.845519,0.008753154,89.12755,0.53984195,0.0946135,0.37560612,0.0058254,8.373912,0.42673188,13.789276,0.047498446,176.86568,0.22771962,0.0,0.0,0.0,0.0,0.0,99.1178,321.64328,425.97375,0.0,0.0,0.0,0.0,0.0
15.0,4.0,0.0,6.3314323,0.002366058,50.58842,0.5802528,0.03093022,0.40951633,0.0020380975,4.3855786,0.25191724,2.6167145,0.04219285,72.26881,0.33684593,0.0,0.0,0.0,0.0,0.0,29.50944,147.34282,211.02213,0.0,0.0,0.0,0.0,0.0
15.0,5.0,0.0,5.788399,0.003792617,44.00261,0.2865863,0.020534825,0.11218669,8.368627E-4,7.5815606,0.4301976,4.1781793,0.07479084,46.927525,0.18503064,0.0,0.0,0.0,0.0,0.0,14.491862,108.84639,144.10294,0.0,0.0,0.0,0.0,0.0
15.0,6.0,0.0,4.457811,0.008324298,24.262789,0.10572843,0.006848299,0.109831475,6.0020975E-4,4.061822,0.261945,1.8520678,0.061668143,21.637447,0.098883025,0.0,0.0,0.0,0.0,0.0,4.9223204,58.31121,78.110664,0.0,0.0,0.0,0.0,0.0
15.0,7.0,0.0,1.6677471,0.0019660112,14.311107,0.14307357,0.013078463,0.21972223,5.195525E-4,2.1575863,0.47329283,1.4725128,0.03722838,19.49214,0.2675523,0.0,0.0,0.0,0.0,0.0,5.339734,34.38325,45.81448,0.0,0.0,0.0,0.0,0.0
15.0,8.0,0.0,1.9263625,6.0079905E-4,8.485582,0.22333033,0.012725539,0.059377585,5.769261E-4,1.6606107,0.116135195,1.1919652,0.057160646,15.22895,0.23644143,0.0,0.0,0.0,0.0,0.0,2.447951,21.870789,30.857466,0.0,0.0,0.0,0.0,0.0
15.0,9.0,0.0,0.32812315,8.495464E-4,3.9008965,0.044487793,0.0026292175,0.05181481,0.0016941032,0.44244295,0.025033254,0.5791447,0.003301163,7.1008253,0.014020277,0.0,0.0,0.0,0.0,0.0,0.7783913,9.2791605,13.211262,0.0,0.0,0.0,0.0,0.0
15.0,10.0,0.0,0.09758306,2.520128E-4,1.5087574,0.027630301,0.0012421737,0.029913427,2.6720096E-5,0.7605146,0.14698207,0.2883912,0.015404252,4.4723873,0.0034827208,0.0,0.0,0.0,0.0,0.0,0.34276396,6.9507217,9.561267,0.0,0.0,0.0,0.0,0.0
15.0,11.0,0.0,0.054580197,3.705467E-5,1.2288547,0.014338244,5.24761E-4,0.011198906,1.2556514E-4,0.12489873,0.025154727,0.07690783,0.00312327,1.7291251,0.0032969106,0.0,0.0,0.0,0.0,0.0,0.2926877,2.852154,4.3841376,0.0,0.0,0.0,0.0,0.0
15.0,12.0,0.0,0.05409996,4.0653762E-5,0.36487934,0.0055249794,0.0011628765,0.0071077654,5.7709338E-5,0.1503901,0.0057998216,0.026129464,9.249604E-5,0.89533806,0.001962465,0.0,0.0,0.0,0.0,0.0,0.24064344,1.1966442,1.8251743,0.0,0.0,0.0,0.0,0.0
15.0,13.0,0.0,0.005116472,1.2995198E-4,0.08358518,0.0051723183,2.5802661E-5,0.001305731,8.158515E-6,0.022538774,8.353481E-5,0.016226178,1.2434153E-4,0.2200582,0.0,0.0,0.0,0.0,0.0,0.0,0.042719394,0.35188976,0.6208217,0.0,0.0,0.0,0.0,0.0
15.0,14.0,0.0,0.06837488,6.2325055E-4,0.9172934,0.042574532,0.0083399825,0.022949563,2.2685702E-4,0.17870243,0.030946018,0.058276493,0.008201203,0.7689943,0.0035067678,0.0,0.0,0.0,0.0,0.0,0.14223482,2.263912,3.069977,0.0,0.0,0.0,0.0,0.0
15.0,15.0,0.0,0.0,0.0,0.0,0.0,0.0,0.0,0.0,0.0,0.0,0.0,0.0,0.0,0.0,0.0,0.0,0.0,0.0,0.0,0.0,0.0,0.0,0.0,0.0,0.0,0.0,0.0
15.0,16.0,0.0,0.0,0.0,0.0,0.0,0.0,0.0,0.0,0.0,0.0,0.0,0.0,0.0,0.0,0.0,0.0,0.0,0.0,0.0,0.0,0.0,0.0,0.0,0.0,0.0,0.0,0.0
15.0,17.0,0.0,0.0,0.0,0.0,0.0,0.0,0.0,0.0,0.0,0.0,0.0,0.0,0.0,0.0,0.0,0.0,0.0,0.0,0.0,0.0,0.0,0.0,0.0,0.0,0.0,0.0,0.0
15.0,18.0,0.0,0.0,0.0,0.0,0.0,0.0,0.0,0.0,0.0,0.0,0.0,0.0,0.0,0.0,0.0,0.0,0.0,0.0,0.0,0.0,0.0,0.0,0.0,0.0,0.0,0.0,0.0
15.0,19.0,0.0,0.0,0.0,0.0,0.0,0.0,0.0,0.0,0.0,0.0,0.0,0.0,0.0,0.0,0.0,0.0,0.0,0.0,0.0,0.0,0.0,0.0,0.0,0.0,0.0,0.0,0.0
15.0,20.0,0.0,0.0,0.0,0.0,0.0,0.0,0.0,0.0,0.0,0.0,0.0,0.0,0.0,0.0,0.0,0.0,0.0,0.0,0.0,0.0,0.0,0.0,0.0,0.0,0.0,0.0,0.0
15.0,21.0,0.0,0.0,0.0,0.0,0.0,0.0,0.0,0.0,0.0,0.0,0.0,0.0,0.0,0.0,0.0,0.0,0.0,0.0,0.0,0.0,0.0,0.0,0.0,0.0,0.0,0.0,0.0
15.0,22.0,0.0,0.0,0.0,0.0,0.0,0.0,0.0,0.0,0.0,0.0,0.0,0.0,0.0,0.0,0.0,0.0,0.0,0.0,0.0,0.0,0.0,0.0,0.0,0.0,0.0,0.0,0.0
15.0,23.0,0.0,0.0,0.0,0.0,0.0,0.0,0.0,0.0,0.0,0.0,0.0,0.0,0.0,0.0,0.0,0.0,0.0,0.0,0.0,0.0,0.0,0.0,0.0,0.0,0.0,0.0,0.0
15.0,24.0,0.0,0.0,0.0,0.0,0.0,0.0,0.0,0.0,0.0,0.0,0.0,0.0,0.0,0.0,0.0,0.0,0.0,0.0,0.0,0.0,0.0,0.0,0.0,0.0,0.0,0.0,0.0
15.0,25.0,0.0,0.0,0.0,0.0,0.0,0.0,0.0,0.0,0.0,0.0,0.0,0.0,0.0,0.0,0.0,0.0,0.0,0.0,0.0,0.0,0.0,0.0,0.0,0.0,0.0,0.0,0.0
16.0,0.0,0.0,19.203035,0.003919498,92.540375,1.1522968,0.03988551,0.24538232,0.0018377028,8.397271,1.2520391,29.31808,0.49961603,286.55203,0.0,0.0,0.0,1.0817616E-5,70.293015,7.7721553,1897.3326,3527.6333,1480.1493,0.0,0.0,0.0,0.0,0.0
16.0,1.0,0.0,17.485176,0.014145667,93.54706,1.327427,0.032010227,0.5539655,0.0056581707,29.82854,0.41715008,30.224834,0.28232777,218.29677,3.618079E-4,0.0,0.0,0.0,0.0,0.0,503.5556,1031.8523,1135.3809,0.0,0.0,0.0,0.0,0.0
16.0,2.0,0.0,9.861268,0.008727711,98.83545,1.2991133,0.046168625,0.26894167,0.003258549,12.240872,0.7088455,20.916725,0.07000058,218.53256,0.0,0.0,0.0,0.0,0.0,0.0,138.81029,464.8831,602.3396,0.0,0.0,0.0,0.0,0.0
16.0,3.0,0.0,3.9130461,0.0034696113,62.87307,0.96545017,0.07367735,0.59461236,0.0026999218,29.33684,0.33478153,12.612449,0.10191022,115.9614,0.4886104,0.0,0.0,0.0,0.0,0.0,73.65498,281.7777,422.17972,0.0,0.0,0.0,0.0,0.0
16.0,4.0,0.0,5.546173,0.00934071,66.39605,1.1371046,0.017300192,0.5825764,0.0027572687,12.466944,0.5139375,7.491851,0.055184305,77.332504,0.041232664,0.0,0.0,0.0,0.0,0.0,41.385666,163.72612,275.90778,0.0,0.0,0.0,0.0,0.0
16.0,5.0,0.0,2.0945203,0.010275893,20.867392,0.54631984,0.0073986268,0.1535108,0.0016482834,3.2462862,0.25513196,6.088237,0.08134341,33.5955,0.1105239,0.0,0.0,0.0,0.0,0.0,13.369869,73.83096,124.28707,0.0,0.0,0.0,0.0,0.0
16.0,6.0,0.0,2.4786193,0.005404546,17.953312,0.5441713,0.0052849436,0.198323,9.4530405E-4,2.343475,0.14691329,4.049968,0.075231,24.184874,0.20365317,0.0,0.0,0.0,0.0,0.0,5.463932,56.065742,81.78633,0.0,0.0,0.0,0.0,0.0
16.0,7.0,0.0,1.1567771,0.0013172638,8.387992,0.27419773,0.005996948,0.1287005,0.0010279831,2.5085623,0.23901278,2.7893956,0.02383111,17.391386,0.04849207,0.0,0.0,0.0,0.0,0.0,3.4819498,27.08634,38.993828,0.0,0.0,0.0,0.0,0.0
16.0,8.0,0.0,0.70158255,0.001265932,4.884017,0.09230956,0.0121414205,0.18116382,2.5832755E-4,1.6292922,0.17069519,1.3325839,0.045961734,12.149457,0.023563264,0.0,0.0,0.0,0.0,0.0,2.3792644,19.48479,26.633104,0.0,0.0,0.0,0.0,0.0
16.0,9.0,0.0,0.52949786,0.0030862126,5.314892,0.10752104,0.0039521535,0.09507567,2.1587548E-4,0.7709885,0.12177838,0.89227927,0.0036049637,8.391472,0.04498147,0.0,0.0,0.0,0.0,0.0,1.0161161,12.055785,17.16695,0.0,0.0,0.0,0.0,0.0
16.0,10.0,0.0,0.16632986,9.2772074E-4,2.4280887,0.04572407,0.0010810696,0.031782452,1.09961715E-4,0.48169008,0.07199276,0.483381,0.008618268,3.6266654,0.00377796,0.0,0.0,0.0,0.0,0.0,0.29809856,4.745841,7.451568,0.0,0.0,0.0,0.0,0.0
16.0,11.0,0.0,0.26400036,3.0882744E-4,1.5540383,0.034199994,0.0034214347,0.015422549,1.6410332E-4,0.29214668,0.06013667,0.2154308,0.0051683136,2.6077027,0.011837663,0.0,0.0,0.0,0.0,0.0,0.1409093,3.7599483,4.84983,0.0,0.0,0.0,0.0,0.0
16.0,12.0,0.0,0.0097723715,2.2662367E-5,0.527051,0.006825172,0.0014510253,0.008011373,1.3425604E-4,0.08759155,0.014854633,0.02678844,0.010723631,0.96100235,0.0011265654,0.0,0.0,0.0,0.0,0.0,0.18085067,1.6702938,2.6634173,0.0,0.0,0.0,0.0,0.0
16.0,13.0,0.0,0.0057593696,8.663882E-5,0.21173908,0.0074134497,6.121164E-4,0.0018510829,8.312015E-5,0.09463714,9.490913E-4,0.051162392,0.0066985846,0.48521104,1.3624435E-6,0.0,0.0,0.0,0.0,0.0,0.08611517,0.74698794,1.0126231,0.0,0.0,0.0,0.0,0.0
16.0,14.0,0.0,0.022160204,9.596352E-5,0.024413608,0.0014238068,3.3733454E-6,6.067859E-4,1.2106169E-5,0.007729083,8.1032683E-4,0.017108649,0.0015140899,0.1396957,7.629357E-7,0.0,0.0,0.0,0.0,0.0,0.017665964,0.18891503,0.31203014,0.0,0.0,0.0,0.0,0.0
16.0,15.0,0.0,0.0,0.0,0.0,0.0,0.0,0.0,0.0,0.0,0.0,0.0,0.0,0.0,0.0,0.0,0.0,0.0,0.0,0.0,0.0,0.0,0.0,0.0,0.0,0.0,0.0,0.0
16.0,16.0,0.0,0.0,0.0,0.0,0.0,0.0,0.0,0.0,0.0,0.0,0.0,0.0,0.0,0.0,0.0,0.0,0.0,0.0,0.0,0.0,0.0,0.0,0.0,0.0,0.0,0.0,0.0
16.0,17.0,0.0,0.0,0.0,0.0,0.0,0.0,0.0,0.0,0.0,0.0,0.0,0.0,0.0,0.0,0.0,0.0,0.0,0.0,0.0,0.0,0.0,0.0,0.0,0.0,0.0,0.0,0.0
16.0,18.0,0.0,0.0,0.0,0.0,0.0,0.0,0.0,0.0,0.0,0.0,0.0,0.0,0.0,0.0,0.0,0.0,0.0,0.0,0.0,0.0,0.0,0.0,0.0,0.0,0.0,0.0,0.0
16.0,19.0,0.0,0.0,0.0,0.0,0.0,0.0,0.0,0.0,0.0,0.0,0.0,0.0,0.0,0.0,0.0,0.0,0.0,0.0,0.0,0.0,0.0,0.0,0.0,0.0,0.0,0.0,0.0
16.0,20.0,0.0,0.0,0.0,0.0,0.0,0.0,0.0,0.0,0.0,0.0,0.0,0.0,0.0,0.0,0.0,0.0,0.0,0.0,0.0,0.0,0.0,0.0,0.0,0.0,0.0,0.0,0.0
16.0,21.0,0.0,0.0,0.0,0.0,0.0,0.0,0.0,0.0,0.0,0.0,0.0,0.0,0.0,0.0,0.0,0.0,0.0,0.0,0.0,0.0,0.0,0.0,0.0,0.0,0.0,0.0,0.0
16.0,22.0,0.0,0.0,0.0,0.0,0.0,0.0,0.0,0.0,0.0,0.0,0.0,0.0,0.0,0.0,0.0,0.0,0.0,0.0,0.0,0.0,0.0,0.0,0.0,0.0,0.0,0.0,0.0
16.0,23.0,0.0,0.0,0.0,0.0,0.0,0.0,0.0,0.0,0.0,0.0,0.0,0.0,0.0,0.0,0.0,0.0,0.0,0.0,0.0,0.0,0.0,0.0,0.0,0.0,0.0,0.0,0.0
16.0,24.0,0.0,0.0,0.0,0.0,0.0,0.0,0.0,0.0,0.0,0.0,0.0,0.0,0.0,0.0,0.0,0.0,0.0,0.0,0.0,0.0,0.0,0.0,0.0,0.0,0.0,0.0,0.0
16.0,25.0,0.0,0.0,0.0,0.0,0.0,0.0,0.0,0.0,0.0,0.0,0.0,0.0,0.0,0.0,0.0,0.0,0.0,0.0,0.0,0.0,0.0,0.0,0.0,0.0,0.0,0.0,0.0
17.0,0.0,0.0,30.829271,0.015312943,138.28424,0.81452054,0.02274902,0.42152208,0.0023301393,17.14493,2.176622,34.648624,0.3470102,287.84512,0.0,0.0,0.0,9.861539E-6,64.99064,7.306045,1990.1249,3509.3186,1550.5806,0.0,0.0,0.0,0.0,0.0
17.0,1.0,0.0,9.75306,0.0036392596,111.11669,0.86945796,0.009719244,0.61719245,0.0059000268,30.15839,0.5554068,15.819341,0.34006387,331.01666,2.2850675E-4,0.0,0.0,0.0,0.0,0.0,627.7843,1378.5215,1340.1787,0.0,0.0,0.0,0.0,0.0
17.0,2.0,0.0,7.0963573,0.008576108,102.26461,0.8576308,0.019051224,0.4018009,0.0020805413,25.385996,0.53598297,10.555032,0.1980512,190.63245,1.2858287E-5,0.0,0.0,0.0,0.0,0.0,126.965355,421.08838,616.6081,0.0,0.0,0.0,0.0,0.0
17.0,3.0,0.0,4.7363143,0.0074831466,70.006615,1.2096956,0.009937846,0.7879128,0.0032233177,18.09777,0.9627466,25.181921,0.05341307,148.86893,0.0015924495,0.0,0.0,0.0,0.0,0.0,64.072105,290.5071,391.1636,0.0,0.0,0.0,0.0,0.0
17.0,4.0,0.0,2.3753269,0.014588113,56.321304,0.43118292,0.06312793,0.8791462,7.122721E-4,7.620518,0.28282332,2.8013523,0.1562361,83.46992,6.5832626E-4,0.0,0.0,0.0,0.0,0.0,33.413868,153.5305,232.31621,0.0,0.0,0.0,0.0,0.0
17.0,5.0,0.0,2.7093422,0.004047957,39.368214,0.29186365,0.010058079,0.3117086,0.0021353913,4.555241,0.3225771,6.2019515,0.07395342,43.85665,1.5782402E-5,0.0,0.0,0.0,0.0,0.0,19.134876,88.42793,143.3166,0.0,0.0,0.0,0.0,0.0
17.0,6.0,0.0,1.0441661,0.0016146454,13.841713,0.055655748,0.0023686632,0.03278571,7.193081E-4,1.2927085,0.24338531,1.6974107,0.04914061,23.471506,0.001737025,0.0,0.0,0.0,0.0,0.0,6.6266947,37.101772,64.75679,0.0,0.0,0.0,0.0,0.0
17.0,7.0,0.0,1.3007481,0.005300152,13.358493,0.3178821,0.0033156679,0.09974213,0.0020312327,2.7292914,0.17530823,2.06417,0.014587981,13.072211,0.01773299,0.0,0.0,0.0,0.0,0.0,4.9584055,28.636278,40.754562,0.0,0.0,0.0,0.0,0.0
17.0,8.0,0.0,0.42088124,9.6900703E-4,5.444077,0.06807203,9.145432E-4,0.26687708,6.867753E-5,0.81368345,0.019472683,2.3816645,0.011258592,9.83705,0.0062598316,0.0,0.0,0.0,0.0,0.0,1.3608682,14.31401,21.924019,0.0,0.0,0.0,0.0,0.0
17.0,9.0,0.0,0.45791316,0.001087597,5.2918878,0.05410003,0.002344411,0.06799676,1.5695051E-4,0.98235923,0.063370205,0.95563,0.026839986,5.7174087,7.3129784E-5,0.0,0.0,0.0,0.0,0.0,0.48679742,9.510543,14.173654,0.0,0.0,0.0,0.0,0.0
17.0,10.0,0.0,0.1822504,3.4749843E-4,3.0848048,0.05135602,0.001423151,0.014676269,1.7594887E-4,0.4158138,0.044811513,0.55806863,0.019793004,4.3034153,0.0037116876,0.0,0.0,0.0,0.0,0.0,0.49943396,7.0122504,9.591296,0.0,0.0,0.0,0.0,0.0
17.0,11.0,0.0,0.106636524,1.4850557E-4,1.0477526,0.037667044,4.7725422E-4,0.010563385,6.689986E-5,0.40899867,0.013417147,0.28492823,0.026468012,2.3031144,0.010792149,0.0,0.0,0.0,0.0,0.0,0.14547074,3.34562,4.2737203,0.0,0.0,0.0,0.0,0.0
17.0,12.0,0.0,0.10479211,2.238874E-4,0.69232047,0.010503054,5.6338677E-4,0.017376296,2.2035929E-4,0.19529791,0.011323423,0.15104161,0.0144814,1.4795758,4.8699736E-4,0.0,0.0,0.0,0.0,0.0,0.062353034,2.2368867,3.25036,0.0,0.0,0.0,0.0,0.0
17.0,13.0,0.0,0.055764586,8.001748E-5,0.5154418,0.0035718093,2.8491713E-4,0.007934272,5.17017E-5,0.076657146,0.03000177,0.009854158,0.006409487,0.5563719,3.1978861E-6,0.0,0.0,0.0,0.0,0.0,0.05755187,0.75308335,1.4200071,0.0,0.0,0.0,0.0,0.0
17.0,14.0,0.0,0.017985143,9.380639E-6,0.13830568,0.0034463275,2.0435984E-4,0.0023919765,3.330116E-5,0.019228129,0.010502006,0.0243634,0.0059077544,0.18144162,0.0016399833,0.0,0.0,0.0,0.0,0.0,0.051562887,0.37726435,0.5902777,0.0,0.0,0.0,0.0,0.0
17.0,15.0,0.0,0.0,0.0,0.0,0.0,0.0,0.0,0.0,0.0,0.0,0.0,0.0,0.0,0.0,0.0,0.0,0.0,0.0,0.0,0.0,0.0,0.0,0.0,0.0,0.0,0.0,0.0
17.0,16.0,0.0,0.0,0.0,0.0,0.0,0.0,0.0,0.0,0.0,0.0,0.0,0.0,0.0,0.0,0.0,0.0,0.0,0.0,0.0,0.0,0.0,0.0,0.0,0.0,0.0,0.0,0.0
17.0,17.0,0.0,0.0,0.0,0.0,0.0,0.0,0.0,0.0,0.0,0.0,0.0,0.0,0.0,0.0,0.0,0.0,0.0,0.0,0.0,0.0,0.0,0.0,0.0,0.0,0.0,0.0,0.0
17.0,18.0,0.0,0.0,0.0,0.0,0.0,0.0,0.0,0.0,0.0,0.0,0.0,0.0,0.0,0.0,0.0,0.0,0.0,0.0,0.0,0.0,0.0,0.0,0.0,0.0,0.0,0.0,0.0
17.0,19.0,0.0,0.0,0.0,0.0,0.0,0.0,0.0,0.0,0.0,0.0,0.0,0.0,0.0,0.0,0.0,0.0,0.0,0.0,0.0,0.0,0.0,0.0,0.0,0.0,0.0,0.0,0.0
17.0,20.0,0.0,0.0,0.0,0.0,0.0,0.0,0.0,0.0,0.0,0.0,0.0,0.0,0.0,0.0,0.0,0.0,0.0,0.0,0.0,0.0,0.0,0.0,0.0,0.0,0.0,0.0,0.0
17.0,21.0,0.0,0.0,0.0,0.0,0.0,0.0,0.0,0.0,0.0,0.0,0.0,0.0,0.0,0.0,0.0,0.0,0.0,0.0,0.0,0.0,0.0,0.0,0.0,0.0,0.0,0.0,0.0
17.0,22.0,0.0,0.0,0.0,0.0,0.0,0.0,0.0,0.0,0.0,0.0,0.0,0.0,0.0,0.0,0.0,0.0,0.0,0.0,0.0,0.0,0.0,0.0,0.0,0.0,0.0,0.0,0.0
17.0,23.0,0.0,0.0,0.0,0.0,0.0,0.0,0.0,0.0,0.0,0.0,0.0,0.0,0.0,0.0,0.0,0.0,0.0,0.0,0.0,0.0,0.0,0.0,0.0,0.0,0.0,0.0,0.0
17.0,24.0,0.0,0.0,0.0,0.0,0.0,0.0,0.0,0.0,0.0,0.0,0.0,0.0,0.0,0.0,0.0,0.0,0.0,0.0,0.0,0.0,0.0,0.0,0.0,0.0,0.0,0.0,0.0
17.0,25.0,0.0,0.0,0.0,0.0,0.0,0.0,0.0,0.0,0.0,0.0,0.0,0.0,0.0,0.0,0.0,0.0,0.0,0.0,0.0,0.0,0.0,0.0,0.0,0.0,0.0,0.0,0.0
18.0,0.0,0.0,12.800961,0.002698547,82.07853,1.0460936,0.022760764,0.2960507,0.0020919282,25.761528,1.1623132,43.953697,0.41873738,340.6955,0.0,0.0,0.0,1.01843425E-5,65.93193,6.6329513,1867.5128,3459.2556,1437.5582,0.0,0.0,0.0,0.0,0.0
18.0,1.0,0.0,19.444105,0.015489401,217.24042,0.7840941,0.027762497,0.24724054,0.004873365,21.944895,1.3256574,18.078537,0.22711232,278.27567,6.4552296E-4,0.0,0.0,0.0,0.0,0.0,636.8381,1390.3003,1400.4408,0.0,0.0,0.0,0.0,0.0
18.0,2.0,0.0,16.461823,0.0066431807,112.16828,0.5279524,0.016753424,0.8509118,0.0023272557,27.609444,1.2885089,8.77345,0.106901355,217.64296,0.1885426,0.0,0.0,0.0,0.0,0.0,208.39691,516.87714,667.9276,0.0,0.0,0.0,0.0,0.0
18.0,3.0,0.0,4.65323,0.010700442,80.53482,1.9817388,0.074813664,0.15147817,0.0014400777,17.429531,0.5096705,15.190773,0.08460427,125.03871,8.021101E-5,0.0,0.0,0.0,0.0,0.0,50.29325,248.3258,374.45023,0.0,0.0,0.0,0.0,0.0
18.0,4.0,0.0,10.390283,0.008238957,43.769176,0.6263876,0.01300471,0.34416124,0.00424775,9.820435,0.4855918,11.914286,0.05491761,86.72108,3.556619E-7,0.0,0.0,0.0,0.0,0.0,35.61766,175.61325,231.86313,0.0,0.0,0.0,0.0,0.0
18.0,5.0,0.0,1.6084561,0.0037275706,20.384792,0.2242556,0.0065675625,0.11823853,6.3651515E-4,8.679243,0.11883481,8.185161,0.4193136,49.30179,0.012459045,0.0,0.0,0.0,0.0,0.0,18.235445,87.58117,124.70927,0.0,0.0,0.0,0.0,0.0
18.0,6.0,0.0,1.5672872,0.0027609991,16.663033,0.16274711,0.002401263,0.12448317,5.537175E-4,2.3721123,0.23302878,4.9357247,0.04627192,27.241714,4.1566767E-5,0.0,0.0,0.0,0.0,0.0,7.400074,50.063686,72.30408,0.0,0.0,0.0,0.0,0.0
18.0,7.0,0.0,0.86695206,0.0013425029,6.7419467,0.05913812,0.0041713635,0.03651928,3.0901242E-4,1.624627,0.101295725,0.3461266,7.453901E-4,15.897484,0.002266274,0.0,0.0,0.0,0.0,0.0,2.4771197,23.016836,32.641453,0.0,0.0,0.0,0.0,0.0
18.0,8.0,0.0,0.9194067,0.0012556005,5.47111,0.110592216,0.0037777815,0.043517865,2.8987843E-4,1.1752533,0.07649244,1.0177524,0.013892453,8.17431,0.013979411,0.0,0.0,0.0,0.0,0.0,2.0244272,17.327806,23.143003,0.0,0.0,0.0,0.0,0.0
18.0,9.0,0.0,0.28616083,4.6973216E-4,2.97761,0.08774374,7.936056E-4,0.0726201,2.9717074E-4,0.45607078,0.04393286,1.3132915,0.02352298,5.3765197,8.147753E-4,0.0,0.0,0.0,0.0,0.0,0.5784074,7.817802,10.7207,0.0,0.0,0.0,0.0,0.0
18.0,10.0,0.0,0.43871903,4.1196443E-4,2.482999,0.013430641,0.0032680419,0.06613824,1.0252123E-4,0.93976134,0.01021226,0.71733457,0.026672645,3.0797472,0.018136952,0.0,0.0,0.0,0.0,0.0,0.29501048,5.8529477,7.7188954,0.0,0.0,0.0,0.0,0.0
18.0,11.0,0.0,0.20703244,3.0671133E-4,1.6602309,0.036637478,0.0017653059,0.006780107,9.3585804E-5,0.3211095,0.0665817,0.25690144,0.034865953,2.7424831,0.0033628154,0.0,0.0,0.0,0.0,0.0,0.24049157,3.895746,5.5122156,0.0,0.0,0.0,0.0,0.0
18.0,12.0,0.0,0.14986135,1.6208303E-4,0.7467503,0.016082922,5.8070326E-4,0.0059889904,8.459639E-5,0.0798508,0.007668086,0.16293749,0.0046496964,1.4864713,1.224241E-7,0.0,0.0,0.0,0.0,0.0,0.07121126,1.7446152,2.4966342,0.0,0.0,0.0,0.0,0.0
18.0,13.0,0.0,0.074211404,2.360407E-4,0.44636676,0.01674949,6.1195734E-4,0.0030470085,1.8148437E-4,0.11396594,0.026649987,0.110375635,0.005346182,0.93911433,1.7863964E-5,0.0,0.0,0.0,0.0,0.0,0.015431224,1.403649,1.7560393,0.0,0.0,0.0,0.0,0.0
18.0,14.0,0.0,0.022417245,6.6797256E-5,0.16704206,0.010018294,1.9421657E-5,3.7458556E-4,4.0905143E-5,0.019205762,0.009552128,0.0043064095,0.0011665178,0.28919676,9.750929E-6,0.0,0.0,0.0,0.0,0.0,0.037841067,0.57107276,0.858262,0.0,0.0,0.0,0.0,0.0
18.0,15.0,0.0,0.0,0.0,0.0,0.0,0.0,0.0,0.0,0.0,0.0,0.0,0.0,0.0,0.0,0.0,0.0,0.0,0.0,0.0,0.0,0.0,0.0,0.0,0.0,0.0,0.0,0.0
18.0,16.0,0.0,0.0,0.0,0.0,0.0,0.0,0.0,0.0,0.0,0.0,0.0,0.0,0.0,0.0,0.0,0.0,0.0,0.0,0.0,0.0,0.0,0.0,0.0,0.0,0.0,0.0,0.0
18.0,17.0,0.0,0.0,0.0,0.0,0.0,0.0,0.0,0.0,0.0,0.0,0.0,0.0,0.0,0.0,0.0,0.0,0.0,0.0,0.0,0.0,0.0,0.0,0.0,0.0,0.0,0.0,0.0
18.0,18.0,0.0,0.0,0.0,0.0,0.0,0.0,0.0,0.0,0.0,0.0,0.0,0.0,0.0,0.0,0.0,0.0,0.0,0.0,0.0,0.0,0.0,0.0,0.0,0.0,0.0,0.0,0.0
18.0,19.0,0.0,0.0,0.0,0.0,0.0,0.0,0.0,0.0,0.0,0.0,0.0,0.0,0.0,0.0,0.0,0.0,0.0,0.0,0.0,0.0,0.0,0.0,0.0,0.0,0.0,0.0,0.0
18.0,20.0,0.0,0.0,0.0,0.0,0.0,0.0,0.0,0.0,0.0,0.0,0.0,0.0,0.0,0.0,0.0,0.0,0.0,0.0,0.0,0.0,0.0,0.0,0.0,0.0,0.0,0.0,0.0
18.0,21.0,0.0,0.0,0.0,0.0,0.0,0.0,0.0,0.0,0.0,0.0,0.0,0.0,0.0,0.0,0.0,0.0,0.0,0.0,0.0,0.0,0.0,0.0,0.0,0.0,0.0,0.0,0.0
18.0,22.0,0.0,0.0,0.0,0.0,0.0,0.0,0.0,0.0,0.0,0.0,0.0,0.0,0.0,0.0,0.0,0.0,0.0,0.0,0.0,0.0,0.0,0.0,0.0,0.0,0.0,0.0,0.0
18.0,23.0,0.0,0.0,0.0,0.0,0.0,0.0,0.0,0.0,0.0,0.0,0.0,0.0,0.0,0.0,0.0,0.0,0.0,0.0,0.0,0.0,0.0,0.0,0.0,0.0,0.0,0.0,0.0
18.0,24.0,0.0,0.0,0.0,0.0,0.0,0.0,0.0,0.0,0.0,0.0,0.0,0.0,0.0,0.0,0.0,0.0,0.0,0.0,0.0,0.0,0.0,0.0,0.0,0.0,0.0,0.0,0.0
18.0,25.0,0.0,0.0,0.0,0.0,0.0,0.0,0.0,0.0,0.0,0.0,0.0,0.0,0.0,0.0,0.0,0.0,0.0,0.0,0.0,0.0,0.0,0.0,0.0,0.0,0.0,0.0,0.0
19.0,0.0,0.0,31.675043,0.005868393,123.85743,0.5230035,0.030807214,0.44177786,0.0033105435,38.144936,1.3851502,36.79473,0.3073744,350.17584,0.0,0.0,0.0,1.1777851E-5,74.40556,8.499868,2029.099,3739.6262,1606.5364,0.0,0.0,0.0,0.0,0.0
19.0,1.0,0.0,20.748703,0.015462018,113.832275,0.3806829,0.07599173,0.6825486,0.0034620198,13.837431,1.2553853,19.43174,0.19918457,435.0816,3.836476E-9,0.0,0.0,0.0,0.0,0.0,571.7089,1243.7445,1383.6904,0.0,0.0,0.0,0.0,0.0
19.0,2.0,0.0,13.3323965,0.012383109,115.48202,0.92527074,0.028781876,0.68478775,0.007244621,26.606314,0.8654616,11.059099,0.15597397,245.64003,0.48259294,0.0,0.0,0.0,0.0,0.0,186.21709,525.30817,767.7496,0.0,0.0,0.0,0.0,0.0
19.0,3.0,0.0,5.1698074,0.0042538755,63.157566,0.38531178,0.018143304,0.24574892,0.004808486,9.720694,1.3683457,6.3792863,0.085177585,167.67175,0.029312544,0.0,0.0,0.0,0.0,0.0,63.59625,254.02983,396.98193,0.0,0.0,0.0,0.0,0.0
19.0,4.0,0.0,1.4113486,0.00577779,45.093407,0.126686,0.0060575632,0.20365731,0.004740423,12.661841,0.27293736,4.3915706,0.72731996,71.736305,0.2075893,0.0,0.0,0.0,0.0,0.0,24.160702,138.3907,221.83952,0.0,0.0,0.0,0.0,0.0
19.0,5.0,0.0,7.90242,0.0012091539,20.608616,0.19871084,0.009734155,0.15481764,0.007299305,4.252078,0.3101437,6.6821933,0.089912966,45.994087,0.10550567,0.0,0.0,0.0,0.0,0.0,11.179673,95.44378,140.12907,0.0,0.0,0.0,0.0,0.0
19.0,6.0,0.0,1.142846,0.003062912,12.323059,0.089574695,0.009366031,0.12517698,6.337799E-4,4.676189,0.12624899,7.6541657,0.060523394,28.222887,0.049953427,0.0,0.0,0.0,0.0,0.0,6.1663575,45.388393,63.85357,0.0,0.0,0.0,0.0,0.0
19.0,7.0,0.0,1.561996,0.001898649,11.177795,0.051003788,0.001892686,0.023170667,6.649163E-4,1.7452244,0.15630218,3.0354748,0.024322776,15.790412,8.145852E-4,0.0,0.0,0.0,0.0,0.0,3.3393846,23.001259,36.177837,0.0,0.0,0.0,0.0,0.0
19.0,8.0,0.0,0.4096123,9.518349E-4,3.5797284,0.032269023,0.0025754918,0.07455458,0.0012363285,1.0167251,0.037908122,0.30682945,0.011648353,6.040539,0.047944292,0.0,0.0,0.0,0.0,0.0,2.0298274,11.910618,18.290213,0.0,0.0,0.0,0.0,0.0
19.0,9.0,0.0,0.4145977,4.5260592E-4,2.3978887,0.023182686,7.9128676E-4,0.013334974,4.2494398E-4,0.58194625,0.06855574,0.8405057,0.010431363,5.0902486,0.0038049112,0.0,0.0,0.0,0.0,0.0,1.0439237,9.245042,12.903778,0.0,0.0,0.0,0.0,0.0
19.0,10.0,0.0,0.1599213,8.5618056E-4,1.6505886,0.025159553,0.0026936722,0.016566819,7.170756E-4,0.6239741,0.031104151,0.85212326,0.0026817042,3.1882968,0.008912106,0.0,0.0,0.0,0.0,0.0,0.15859482,3.725829,5.500213,0.0,0.0,0.0,0.0,0.0
19.0,11.0,0.0,0.16095376,4.1777288E-4,1.4262296,0.009906546,0.0018578606,0.009713722,3.144235E-4,0.33619353,0.049497552,0.37631541,0.012003784,2.1974752,0.03137601,0.0,0.0,0.0,0.0,0.0,0.13583012,3.2339575,4.504904,0.0,0.0,0.0,0.0,0.0
19.0,12.0,0.0,0.096898936,1.970024E-4,0.81250364,0.0106272,9.535585E-4,0.01745226,7.8608544E-4,0.22298767,0.042650368,0.124961734,0.004945788,1.9758728,0.013535582,0.0,0.0,0.0,0.0,0.0,0.090409294,2.222263,3.4044006,0.0,0.0,0.0,0.0,0.0
19.0,13.0,0.0,0.049072526,2.8082967E-4,0.58935606,0.0059228847,5.16725E-4,0.0041747633,3.2567247E-4,0.10476447,0.012305726,0.19004989,8.416003E-4,1.0854771,0.0200695,0.0,0.0,0.0,0.0,0.0,0.020821935,0.96337646,1.3490059,0.0,0.0,0.0,0.0,0.0
19.0,14.0,0.0,0.023180084,1.5459425E-4,0.3213422,0.0050378246,2.966508E-4,0.0044453964,1.514406E-4,0.054252844,0.0032556993,0.09099384,0.0070238938,0.5185436,2.4591927E-5,0.0,0.0,0.0,0.0,0.0,0.0062426394,0.81225306,1.0377768,0.0,0.0,0.0,0.0,0.0
19.0,15.0,0.0,0.0,0.0,0.0,0.0,0.0,0.0,0.0,0.0,0.0,0.0,0.0,0.0,0.0,0.0,0.0,0.0,0.0,0.0,0.0,0.0,0.0,0.0,0.0,0.0,0.0,0.0
19.0,16.0,0.0,0.0,0.0,0.0,0.0,0.0,0.0,0.0,0.0,0.0,0.0,0.0,0.0,0.0,0.0,0.0,0.0,0.0,0.0,0.0,0.0,0.0,0.0,0.0,0.0,0.0,0.0
19.0,17.0,0.0,0.0,0.0,0.0,0.0,0.0,0.0,0.0,0.0,0.0,0.0,0.0,0.0,0.0,0.0,0.0,0.0,0.0,0.0,0.0,0.0,0.0,0.0,0.0,0.0,0.0,0.0
19.0,18.0,0.0,0.0,0.0,0.0,0.0,0.0,0.0,0.0,0.0,0.0,0.0,0.0,0.0,0.0,0.0,0.0,0.0,0.0,0.0,0.0,0.0,0.0,0.0,0.0,0.0,0.0,0.0
19.0,19.0,0.0,0.0,0.0,0.0,0.0,0.0,0.0,0.0,0.0,0.0,0.0,0.0,0.0,0.0,0.0,0.0,0.0,0.0,0.0,0.0,0.0,0.0,0.0,0.0,0.0,0.0,0.0
19.0,20.0,0.0,0.0,0.0,0.0,0.0,0.0,0.0,0.0,0.0,0.0,0.0,0.0,0.0,0.0,0.0,0.0,0.0,0.0,0.0,0.0,0.0,0.0,0.0,0.0,0.0,0.0,0.0
19.0,21.0,0.0,0.0,0.0,0.0,0.0,0.0,0.0,0.0,0.0,0.0,0.0,0.0,0.0,0.0,0.0,0.0,0.0,0.0,0.0,0.0,0.0,0.0,0.0,0.0,0.0,0.0,0.0
19.0,22.0,0.0,0.0,0.0,0.0,0.0,0.0,0.0,0.0,0.0,0.0,0.0,0.0,0.0,0.0,0.0,0.0,0.0,0.0,0.0,0.0,0.0,0.0,0.0,0.0,0.0,0.0,0.0
19.0,23.0,0.0,0.0,0.0,0.0,0.0,0.0,0.0,0.0,0.0,0.0,0.0,0.0,0.0,0.0,0.0,0.0,0.0,0.0,0.0,0.0,0.0,0.0,0.0,0.0,0.0,0.0,0.0
19.0,24.0,0.0,0.0,0.0,0.0,0.0,0.0,0.0,0.0,0.0,0.0,0.0,0.0,0.0,0.0,0.0,0.0,0.0,0.0,0.0,0.0,0.0,0.0,0.0,0.0,0.0,0.0,0.0
19.0,25.0,0.0,0.0,0.0,0.0,0.0,0.0,0.0,0.0,0.0,0.0,0.0,0.0,0.0,0.0,0.0,0.0,0.0,0.0,0.0,0.0,0.0,0.0,0.0,0.0,0.0,0.0,0.0
20.0,0.0,0.0,26.719894,0.012876316,61.465332,0.8351006,0.033371493,0.37767714,0.0025871615,26.507633,1.0849501,38.053684,0.23502673,415.26306,0.0,0.0,0.0,1.0756205E-5,69.00315,7.397887,2176.5193,3797.65,1533.5426,0.0,0.0,0.0,0.0,0.0
20.0,1.0,0.0,28.026493,0.004899044,148.539,0.83211535,0.084200814,0.51847255,0.006009793,32.9639,0.8789117,23.28118,0.2073651,250.63857,0.22935145,0.0,0.0,0.0,0.0,0.0,642.46173,1253.8611,1423.7579,0.0,0.0,0.0,0.0,0.0
20.0,2.0,0.0,16.51021,0.0078644985,84.631935,0.49128368,0.09358471,0.93788207,0.0051849224,30.254528,0.57293475,28.635044,0.06562681,265.1507,0.70620245,0.0,0.0,0.0,0.0,0.0,191.51172,541.69556,802.54474,0.0,0.0,0.0,0.0,0.0
20.0,3.0,0.0,10.378624,0.031611994,71.45376,0.6261324,0.0037500737,0.75622296,0.010265105,14.609539,0.7195019,11.8590975,0.06221471,130.22115,2.2721453E-5,0.0,0.0,0.0,0.0,0.0,80.10489,326.35327,481.77423,0.0,0.0,0.0,0.0,0.0
20.0,4.0,0.0,5.641109,0.00308536,46.160236,0.13463356,0.0056237443,0.1277523,0.002589667,10.493153,0.2168261,4.7589846,0.06273323,67.91773,0.060082678,0.0,0.0,0.0,0.0,0.0,24.242184,132.8461,214.26994,0.0,0.0,0.0,0.0,0.0
20.0,5.0,0.0,2.0790682,0.0018376978,22.762367,0.25878355,0.008220018,0.30511066,2.9512137E-4,7.7099795,0.13397416,3.2949736,0.05200602,40.163715,0.19249414,0.0,0.0,0.0,0.0,0.0,9.055743,70.72863,114.838715,0.0,0.0,0.0,0.0,0.0
20.0,6.0,0.0,2.0793905,0.0017494131,8.292861,0.08929577,0.005555355,0.10760425,0.0012431568,3.6655097,0.022964302,6.518859,0.076795176,27.519001,0.1279041,0.0,0.0,0.0,0.0,0.0,2.5919693,42.476383,63.100464,0.0,0.0,0.0,0.0,0.0
20.0,7.0,0.0,0.56036025,4.4281923E-4,9.937522,0.07696875,0.0034520137,0.024641098,0.0016123926,1.5865718,0.031792905,3.2458375,0.025674812,11.00826,0.43667653,0.0,0.0,0.0,0.0,0.0,2.710998,24.735186,36.536156,0.0,0.0,0.0,0.0,0.0
20.0,8.0,0.0,0.6976313,9.934643E-4,6.1139345,0.061567586,0.00509782,0.011717984,5.388062E-4,0.8309013,0.14783038,0.83746856,0.022312038,9.146926,3.8605558E-5,0.0,0.0,0.0,0.0,0.0,1.7592483,12.996552,19.998238,0.0,0.0,0.0,0.0,0.0
20.0,9.0,0.0,0.37848952,6.545495E-4,2.9980624,0.008464463,0.0023317975,0.044264868,5.8545836E-4,0.817755,0.020896856,0.28747892,0.01798851,3.7317975,0.06432525,0.0,0.0,0.0,0.0,0.0,1.1293807,6.279904,9.364191,0.0,0.0,0.0,0.0,0.0
20.0,10.0,0.0,0.31916633,2.1991196E-4,2.6205542,0.03173256,9.2508266E-4,0.011730192,1.2951605E-4,0.6451753,0.055378728,0.3228275,0.0016252901,2.3855515,0.025566624,0.0,0.0,0.0,0.0,0.0,0.3292683,4.6962395,5.809749,0.0,0.0,0.0,0.0,0.0
20.0,11.0,0.0,0.12280749,2.570298E-4,1.3351414,0.021970533,0.0015654928,0.008388149,3.301953E-4,0.16980688,0.023850702,0.26547906,0.0023719047,1.6195328,0.016079137,0.0,0.0,0.0,0.0,0.0,0.11047296,2.23699,3.3469508,0.0,0.0,0.0,0.0,0.0
20.0,12.0,0.0,0.18430978,3.189948E-4,0.63247937,0.010304406,9.429351E-4,0.0067636194,9.579781E-5,0.13561165,0.01168913,0.24549705,0.0040709735,1.3644288,0.017714191,0.0,0.0,0.0,0.0,0.0,0.08197906,1.8375609,2.5757966,0.0,0.0,0.0,0.0,0.0
20.0,13.0,0.0,0.082846604,9.320931E-5,0.5662305,0.005653186,6.3655584E-4,0.0026921155,2.0141734E-4,0.15768854,0.0076494017,0.14767526,0.0050505633,1.207705,0.008810199,0.0,0.0,0.0,0.0,0.0,0.05570762,1.2494628,1.7031479,0.0,0.0,0.0,0.0,0.0
20.0,14.0,0.0,0.05061706,3.6266903E-4,0.3423767,0.009733635,6.5648113E-4,0.014091528,2.0383843E-5,0.07996294,0.0044284402,0.12764072,0.0034259416,0.53493774,0.0025062934,0.0,0.0,0.0,0.0,0.0,0.0054247878,0.6018228,0.7412199,0.0,0.0,0.0,0.0,0.0
20.0,15.0,0.0,0.0,0.0,0.0,0.0,0.0,0.0,0.0,0.0,0.0,0.0,0.0,0.0,0.0,0.0,0.0,0.0,0.0,0.0,0.0,0.0,0.0,0.0,0.0,0.0,0.0,0.0
20.0,16.0,0.0,0.0,0.0,0.0,0.0,0.0,0.0,0.0,0.0,0.0,0.0,0.0,0.0,0.0,0.0,0.0,0.0,0.0,0.0,0.0,0.0,0.0,0.0,0.0,0.0,0.0,0.0
20.0,17.0,0.0,0.0,0.0,0.0,0.0,0.0,0.0,0.0,0.0,0.0,0.0,0.0,0.0,0.0,0.0,0.0,0.0,0.0,0.0,0.0,0.0,0.0,0.0,0.0,0.0,0.0,0.0
20.0,18.0,0.0,0.0,0.0,0.0,0.0,0.0,0.0,0.0,0.0,0.0,0.0,0.0,0.0,0.0,0.0,0.0,0.0,0.0,0.0,0.0,0.0,0.0,0.0,0.0,0.0,0.0,0.0
20.0,19.0,0.0,0.0,0.0,0.0,0.0,0.0,0.0,0.0,0.0,0.0,0.0,0.0,0.0,0.0,0.0,0.0,0.0,0.0,0.0,0.0,0.0,0.0,0.0,0.0,0.0,0.0,0.0
20.0,20.0,0.0,0.0,0.0,0.0,0.0,0.0,0.0,0.0,0.0,0.0,0.0,0.0,0.0,0.0,0.0,0.0,0.0,0.0,0.0,0.0,0.0,0.0,0.0,0.0,0.0,0.0,0.0
20.0,21.0,0.0,0.0,0.0,0.0,0.0,0.0,0.0,0.0,0.0,0.0,0.0,0.0,0.0,0.0,0.0,0.0,0.0,0.0,0.0,0.0,0.0,0.0,0.0,0.0,0.0,0.0,0.0
20.0,22.0,0.0,0.0,0.0,0.0,0.0,0.0,0.0,0.0,0.0,0.0,0.0,0.0,0.0,0.0,0.0,0.0,0.0,0.0,0.0,0.0,0.0,0.0,0.0,0.0,0.0,0.0,0.0
20.0,23.0,0.0,0.0,0.0,0.0,0.0,0.0,0.0,0.0,0.0,0.0,0.0,0.0,0.0,0.0,0.0,0.0,0.0,0.0,0.0,0.0,0.0,0.0,0.0,0.0,0.0,0.0,0.0
20.0,24.0,0.0,0.0,0.0,0.0,0.0,0.0,0.0,0.0,0.0,0.0,0.0,0.0,0.0,0.0,0.0,0.0,0.0,0.0,0.0,0.0,0.0,0.0,0.0,0.0,0.0,0.0,0.0
20.0,25.0,0.0,0.0,0.0,0.0,0.0,0.0,0.0,0.0,0.0,0.0,0.0,0.0,0.0,0.0,0.0,0.0,0.0,0.0,0.0,0.0,0.0,0.0,0.0,0.0,0.0,0.0,0.0
