"Distribution of the biomass (tonne) of prey species (in columns) in the diet of redMullet by Age class (year). For class i, the preyed biomass in [i,i+1[ is reported."
"Time","Age","lesserSpottedDogfish","redMullet","pouting","whiting","poorCod","cod","dragonet","sole","plaice","horseMackerel","mackerel","herring","sardine","squids","cuttlefish","thornbackRay","diatoms","microPhytoplankton","heterotrophicFlagellates","microZooplankton","mesoZooplankton","Macrozoo","meioBenthos","depositBenthos","suspensionBenthos","largeBenthos","veryLargeBenthos"
1.0,0.0,0.0,6.588645,0.87553465,1.1887269E-4,0.0,0.0,1.4204637,0.0086187115,13.913839,10.012401,22.962946,0.0,5.450949,14.278464,4.0620146,0.0,0.0,0.0,0.0,55.99261,343.78693,87.102,245.7517,266.79733,110.62004,0.0,0.0
1.0,1.0,0.0,14.020265,0.0,0.0,0.0,0.0,83.505745,0.0,93.57564,0.0,0.0,0.0,0.0,16.495691,29.079908,0.0,0.0,0.0,0.0,0.0,0.0,0.0,175.96129,255.5461,1350.4808,0.0,0.0
1.0,2.0,0.0,1.1043513,0.0,0.0,0.0,0.0,4.016111,0.0,5.045494,0.0,0.0,0.0,0.0,2.7401514,2.4887311,0.0,0.0,0.0,0.0,0.0,0.0,0.0,17.155682,25.8723,113.37279,0.0,0.0
1.0,3.0,0.0,0.24805354,0.0,0.0,0.0,0.0,2.3223367,0.0,2.7220113,0.0,0.0,0.0,0.0,1.8018534,2.4713745,0.0,0.0,0.0,0.0,0.0,0.0,0.0,6.3392844,10.150935,58.00471,0.0,0.0
1.0,4.0,0.0,1.2645235,0.0,0.0,0.0,0.0,2.6997242,0.0,4.560349,0.0,0.0,0.0,0.0,0.81131536,1.1336678,0.0,0.0,0.0,0.0,0.0,0.0,0.0,3.5781524,6.9953613,49.68152,0.0,0.0
1.0,5.0,0.0,1.4875003,0.0,0.0,0.0,0.0,2.2353048,0.0,2.8555558,0.0,0.0,0.0,0.0,0.8119115,1.0296762,0.0,0.0,0.0,0.0,0.0,0.0,0.0,2.31686,5.0057178,41.988087,0.0,0.0
1.0,6.0,0.0,0.4737501,0.0,0.0,0.0,0.0,2.9653137,0.0,3.612275,0.0,0.0,0.0,0.0,0.69091046,1.30968,0.0,0.0,0.0,0.0,0.0,0.0,0.0,1.9646637,4.042692,36.204132,0.0,0.0
1.0,7.0,0.0,0.57363015,0.0,0.0,0.0,0.0,2.0702903,0.010946456,3.5349064,0.0,0.0,0.0,0.0,0.44669732,0.8262413,0.0,0.0,0.0,0.0,0.0,0.0,0.0,1.5681863,3.5001163,35.31532,0.0,0.0
1.0,8.0,0.0,0.6673021,0.0,0.0,0.0,0.0,1.7230221,0.08031077,3.3775477,0.0,0.0,0.0,0.0,0.76573354,1.0558001,0.0,0.0,0.0,0.0,0.0,0.0,0.0,1.1585354,2.9560487,31.391964,0.0,0.0
1.0,9.0,0.0,1.0307299,0.0,0.0,0.0,0.0,1.8794518,0.055428576,2.2617605,0.0,0.0,0.0,0.0,0.66511285,0.46755257,0.0,0.0,0.0,0.0,0.0,0.0,0.0,0.9504763,2.4053845,28.339682,0.0,0.0
1.0,10.0,0.0,0.5804515,0.0,0.0,0.0,0.0,2.1400583,0.16102389,1.8201678,0.0,0.0,0.0,0.0,0.40602908,0.7914332,0.0,0.0,0.0,0.0,0.0,0.0,0.0,0.6382887,1.9353287,24.336477,0.0,0.0
1.0,11.0,0.0,0.0,0.0,0.0,0.0,0.0,0.0,0.0,0.0,0.0,0.0,0.0,0.0,0.0,0.0,0.0,0.0,0.0,0.0,0.0,0.0,0.0,0.0,0.0,0.0,0.0,0.0
1.0,12.0,0.0,0.0,0.0,0.0,0.0,0.0,0.0,0.0,0.0,0.0,0.0,0.0,0.0,0.0,0.0,0.0,0.0,0.0,0.0,0.0,0.0,0.0,0.0,0.0,0.0,0.0,0.0
1.0,13.0,0.0,0.0,0.0,0.0,0.0,0.0,0.0,0.0,0.0,0.0,0.0,0.0,0.0,0.0,0.0,0.0,0.0,0.0,0.0,0.0,0.0,0.0,0.0,0.0,0.0,0.0,0.0
1.0,14.0,0.0,0.0,0.0,0.0,0.0,0.0,0.0,0.0,0.0,0.0,0.0,0.0,0.0,0.0,0.0,0.0,0.0,0.0,0.0,0.0,0.0,0.0,0.0,0.0,0.0,0.0,0.0
1.0,15.0,0.0,0.0,0.0,0.0,0.0,0.0,0.0,0.0,0.0,0.0,0.0,0.0,0.0,0.0,0.0,0.0,0.0,0.0,0.0,0.0,0.0,0.0,0.0,0.0,0.0,0.0,0.0
1.0,16.0,0.0,0.0,0.0,0.0,0.0,0.0,0.0,0.0,0.0,0.0,0.0,0.0,0.0,0.0,0.0,0.0,0.0,0.0,0.0,0.0,0.0,0.0,0.0,0.0,0.0,0.0,0.0
1.0,17.0,0.0,0.0,0.0,0.0,0.0,0.0,0.0,0.0,0.0,0.0,0.0,0.0,0.0,0.0,0.0,0.0,0.0,0.0,0.0,0.0,0.0,0.0,0.0,0.0,0.0,0.0,0.0
1.0,18.0,0.0,0.0,0.0,0.0,0.0,0.0,0.0,0.0,0.0,0.0,0.0,0.0,0.0,0.0,0.0,0.0,0.0,0.0,0.0,0.0,0.0,0.0,0.0,0.0,0.0,0.0,0.0
1.0,19.0,0.0,0.0,0.0,0.0,0.0,0.0,0.0,0.0,0.0,0.0,0.0,0.0,0.0,0.0,0.0,0.0,0.0,0.0,0.0,0.0,0.0,0.0,0.0,0.0,0.0,0.0,0.0
1.0,20.0,0.0,0.0,0.0,0.0,0.0,0.0,0.0,0.0,0.0,0.0,0.0,0.0,0.0,0.0,0.0,0.0,0.0,0.0,0.0,0.0,0.0,0.0,0.0,0.0,0.0,0.0,0.0
1.0,21.0,0.0,0.0,0.0,0.0,0.0,0.0,0.0,0.0,0.0,0.0,0.0,0.0,0.0,0.0,0.0,0.0,0.0,0.0,0.0,0.0,0.0,0.0,0.0,0.0,0.0,0.0,0.0
1.0,22.0,0.0,0.0,0.0,0.0,0.0,0.0,0.0,0.0,0.0,0.0,0.0,0.0,0.0,0.0,0.0,0.0,0.0,0.0,0.0,0.0,0.0,0.0,0.0,0.0,0.0,0.0,0.0
1.0,23.0,0.0,0.0,0.0,0.0,0.0,0.0,0.0,0.0,0.0,0.0,0.0,0.0,0.0,0.0,0.0,0.0,0.0,0.0,0.0,0.0,0.0,0.0,0.0,0.0,0.0,0.0,0.0
1.0,24.0,0.0,0.0,0.0,0.0,0.0,0.0,0.0,0.0,0.0,0.0,0.0,0.0,0.0,0.0,0.0,0.0,0.0,0.0,0.0,0.0,0.0,0.0,0.0,0.0,0.0,0.0,0.0
1.0,25.0,0.0,0.0,0.0,0.0,0.0,0.0,0.0,0.0,0.0,0.0,0.0,0.0,0.0,0.0,0.0,0.0,0.0,0.0,0.0,0.0,0.0,0.0,0.0,0.0,0.0,0.0,0.0
2.0,0.0,0.0,42.532112,3.873101,8.318331E-6,0.0,0.0,1.9228333,0.012282213,0.0,47.221146,67.09585,0.0,17.946321,0.09747404,0.03252912,0.0,0.0,0.0,0.0,143.8075,592.05585,98.42122,315.6502,235.20938,5.624242,0.0,0.0
2.0,1.0,0.0,38.7201,0.0,0.0,0.0,0.0,66.38184,0.0,25.21231,0.0,0.0,0.0,0.0,70.01169,20.426104,0.0,0.0,0.0,0.0,0.0,0.0,0.0,251.38417,310.76965,1608.6852,0.0,0.0
2.0,2.0,0.0,180.22589,0.0,0.0,0.0,0.0,122.36749,0.05324187,84.19127,0.0,0.0,0.0,0.0,7.32253,135.18625,0.0,0.0,0.0,0.0,0.0,0.0,0.0,188.95432,306.29694,2845.128,0.0,0.0
2.0,3.0,0.0,14.468073,0.0,0.0,0.0,0.0,11.516366,0.04566258,3.704485,0.0,0.0,0.0,0.0,2.9148145,9.10201,0.0,0.0,0.0,0.0,0.0,0.0,0.0,18.933338,29.20859,229.87297,0.0,0.0
2.0,4.0,0.0,8.446546,0.0,0.0,0.0,0.0,4.680325,0.0,3.4611168,0.0,0.0,0.0,0.0,1.291577,3.0479293,0.0,0.0,0.0,0.0,0.0,0.0,0.0,5.995528,10.0941305,94.68097,0.0,0.0
2.0,5.0,0.0,3.3540368,0.0,0.0,0.0,0.0,4.0508833,8.0125614E-7,2.1917644,0.0,0.0,0.0,0.0,1.5231968,3.3567324,0.0,0.0,0.0,0.0,0.0,0.0,0.0,3.6153095,6.3841486,71.09999,0.0,0.0
2.0,6.0,0.0,2.9697287,0.0,0.0,0.0,0.0,3.2811651,0.15455143,1.9418706,0.0,0.0,0.0,0.0,1.3104857,3.1756244,0.0,0.0,0.0,0.0,0.0,0.0,0.0,2.1942246,4.6804776,52.810555,0.0,0.0
2.0,7.0,0.0,2.3886356,0.0,0.0,0.0,0.0,2.2860012,0.09741113,1.1551079,0.0,0.0,0.0,0.0,0.70839643,1.703585,0.0,0.0,0.0,0.0,0.0,0.0,0.0,1.7311741,3.7237182,45.28467,0.0,0.0
2.0,8.0,0.0,2.249862,0.0,0.0,0.0,0.0,2.8902936,0.058952108,1.6601878,0.0,0.0,0.0,0.0,0.7841528,1.2492901,0.0,0.0,0.0,0.0,0.0,0.0,0.0,1.71776,3.2795608,38.526035,0.0,0.0
2.0,9.0,0.0,1.8198954,0.0,0.0,0.0,0.0,1.634848,0.08371268,1.6861696,0.0,0.0,0.0,0.0,0.70160794,1.195112,0.0,0.0,0.0,0.0,0.0,0.0,0.0,1.2250755,2.5193958,34.16312,0.0,0.0
2.0,10.0,0.0,1.9153379,0.0,0.0,0.0,0.0,1.8701135,0.044962637,1.1068342,0.0,0.0,0.0,0.0,0.5444172,0.6015453,0.0,0.0,0.0,0.0,0.0,0.0,0.0,0.894098,2.1083908,29.225275,0.0,0.0
2.0,11.0,0.0,0.0,0.0,0.0,0.0,0.0,0.0,0.0,0.0,0.0,0.0,0.0,0.0,0.0,0.0,0.0,0.0,0.0,0.0,0.0,0.0,0.0,0.0,0.0,0.0,0.0,0.0
2.0,12.0,0.0,0.0,0.0,0.0,0.0,0.0,0.0,0.0,0.0,0.0,0.0,0.0,0.0,0.0,0.0,0.0,0.0,0.0,0.0,0.0,0.0,0.0,0.0,0.0,0.0,0.0,0.0
2.0,13.0,0.0,0.0,0.0,0.0,0.0,0.0,0.0,0.0,0.0,0.0,0.0,0.0,0.0,0.0,0.0,0.0,0.0,0.0,0.0,0.0,0.0,0.0,0.0,0.0,0.0,0.0,0.0
2.0,14.0,0.0,0.0,0.0,0.0,0.0,0.0,0.0,0.0,0.0,0.0,0.0,0.0,0.0,0.0,0.0,0.0,0.0,0.0,0.0,0.0,0.0,0.0,0.0,0.0,0.0,0.0,0.0
2.0,15.0,0.0,0.0,0.0,0.0,0.0,0.0,0.0,0.0,0.0,0.0,0.0,0.0,0.0,0.0,0.0,0.0,0.0,0.0,0.0,0.0,0.0,0.0,0.0,0.0,0.0,0.0,0.0
2.0,16.0,0.0,0.0,0.0,0.0,0.0,0.0,0.0,0.0,0.0,0.0,0.0,0.0,0.0,0.0,0.0,0.0,0.0,0.0,0.0,0.0,0.0,0.0,0.0,0.0,0.0,0.0,0.0
2.0,17.0,0.0,0.0,0.0,0.0,0.0,0.0,0.0,0.0,0.0,0.0,0.0,0.0,0.0,0.0,0.0,0.0,0.0,0.0,0.0,0.0,0.0,0.0,0.0,0.0,0.0,0.0,0.0
2.0,18.0,0.0,0.0,0.0,0.0,0.0,0.0,0.0,0.0,0.0,0.0,0.0,0.0,0.0,0.0,0.0,0.0,0.0,0.0,0.0,0.0,0.0,0.0,0.0,0.0,0.0,0.0,0.0
2.0,19.0,0.0,0.0,0.0,0.0,0.0,0.0,0.0,0.0,0.0,0.0,0.0,0.0,0.0,0.0,0.0,0.0,0.0,0.0,0.0,0.0,0.0,0.0,0.0,0.0,0.0,0.0,0.0
2.0,20.0,0.0,0.0,0.0,0.0,0.0,0.0,0.0,0.0,0.0,0.0,0.0,0.0,0.0,0.0,0.0,0.0,0.0,0.0,0.0,0.0,0.0,0.0,0.0,0.0,0.0,0.0,0.0
2.0,21.0,0.0,0.0,0.0,0.0,0.0,0.0,0.0,0.0,0.0,0.0,0.0,0.0,0.0,0.0,0.0,0.0,0.0,0.0,0.0,0.0,0.0,0.0,0.0,0.0,0.0,0.0,0.0
2.0,22.0,0.0,0.0,0.0,0.0,0.0,0.0,0.0,0.0,0.0,0.0,0.0,0.0,0.0,0.0,0.0,0.0,0.0,0.0,0.0,0.0,0.0,0.0,0.0,0.0,0.0,0.0,0.0
2.0,23.0,0.0,0.0,0.0,0.0,0.0,0.0,0.0,0.0,0.0,0.0,0.0,0.0,0.0,0.0,0.0,0.0,0.0,0.0,0.0,0.0,0.0,0.0,0.0,0.0,0.0,0.0,0.0
2.0,24.0,0.0,0.0,0.0,0.0,0.0,0.0,0.0,0.0,0.0,0.0,0.0,0.0,0.0,0.0,0.0,0.0,0.0,0.0,0.0,0.0,0.0,0.0,0.0,0.0,0.0,0.0,0.0
2.0,25.0,0.0,0.0,0.0,0.0,0.0,0.0,0.0,0.0,0.0,0.0,0.0,0.0,0.0,0.0,0.0,0.0,0.0,0.0,0.0,0.0,0.0,0.0,0.0,0.0,0.0,0.0,0.0
3.0,0.0,0.0,68.63398,1.5332208,2.4460233E-4,0.0,0.0,1.771876,0.017396376,0.0,69.67564,15.114314,0.0,11.997417,2.6343183E-12,0.0022244044,0.0,0.0,0.0,0.0,156.46484,549.3949,73.295006,278.12378,191.05177,1.2116071,0.0,0.0
3.0,1.0,0.0,1.1966149,0.0,0.0,0.0,0.0,2.4547362,0.0,0.8012577,0.0,0.0,0.0,0.0,2.2961904E-8,3.0321038,0.0,0.0,0.0,0.0,0.0,0.0,0.0,178.7268,152.06541,54.274498,0.0,0.0
3.0,2.0,0.0,78.88716,0.0,0.0,0.0,0.0,50.130272,0.0,90.636215,0.0,0.0,0.0,0.0,9.0398764E-8,46.80789,0.0,0.0,0.0,0.0,0.0,0.0,0.0,124.53094,281.79337,2401.5613,6.893682E-5,0.0
3.0,3.0,0.0,307.89023,0.0,0.0,0.0,0.0,399.35382,2.8825095,486.80148,0.0,0.0,0.0,0.0,1.5783814E-7,233.60785,0.0,0.0,0.0,0.0,0.0,0.0,0.0,135.0733,245.06038,3210.826,0.0022989898,0.0
3.0,4.0,0.0,19.679039,0.0,0.0,0.0,0.0,31.731922,0.004278803,29.900581,0.0,0.0,0.0,0.0,4.406218E-8,19.187742,0.0,0.0,0.0,0.0,0.0,0.0,0.0,18.48005,26.580635,281.20575,0.0,0.0
3.0,5.0,0.0,8.312767,0.0,0.0,0.0,0.0,9.846474,0.34076306,12.838194,0.0,0.0,0.0,0.0,1.5114155E-8,5.1990905,0.0,0.0,0.0,0.0,0.0,0.0,0.0,4.9536366,8.55686,109.49918,0.0,0.0
3.0,6.0,0.0,6.3445325,0.0,0.0,0.0,0.0,5.126437,0.20660904,7.8657227,0.0,0.0,0.0,0.0,2.6878224E-14,4.9146414,0.0,0.0,0.0,0.0,0.0,0.0,0.0,3.1553493,5.89358,76.92512,0.0,0.0
3.0,7.0,0.0,3.3925912,0.0,0.0,0.0,0.0,4.542238,0.06595288,3.720204,0.0,0.0,0.0,0.0,3.1672986E-10,2.7951999,0.0,0.0,0.0,0.0,0.0,0.0,0.0,2.8144073,4.2241993,54.651524,0.0,0.0
3.0,8.0,0.0,3.2092488,0.0,0.0,0.0,0.0,3.1568131,0.11507969,4.3084116,0.0,0.0,0.0,0.0,1.5767782E-8,2.1017392,0.0,0.0,0.0,0.0,0.0,0.0,0.0,1.811575,3.1912944,42.52954,0.0,0.0
3.0,9.0,0.0,3.8500657,0.0,0.0,0.0,0.0,3.0311651,0.037488647,4.609711,0.0,0.0,0.0,0.0,0.0,2.4579203,0.0,0.0,0.0,0.0,0.0,0.0,0.0,1.5057281,2.4921632,33.72788,2.621579E-4,0.0
3.0,10.0,0.0,2.3147132,0.0,0.0,0.0,0.0,2.5777023,0.09285675,3.7219691,0.0,0.0,0.0,0.0,0.0,0.98081523,0.0,0.0,0.0,0.0,0.0,0.0,0.0,0.81222457,2.061614,31.45382,0.004807348,0.0
3.0,11.0,0.0,0.0,0.0,0.0,0.0,0.0,0.0,0.0,0.0,0.0,0.0,0.0,0.0,0.0,0.0,0.0,0.0,0.0,0.0,0.0,0.0,0.0,0.0,0.0,0.0,0.0,0.0
3.0,12.0,0.0,0.0,0.0,0.0,0.0,0.0,0.0,0.0,0.0,0.0,0.0,0.0,0.0,0.0,0.0,0.0,0.0,0.0,0.0,0.0,0.0,0.0,0.0,0.0,0.0,0.0,0.0
3.0,13.0,0.0,0.0,0.0,0.0,0.0,0.0,0.0,0.0,0.0,0.0,0.0,0.0,0.0,0.0,0.0,0.0,0.0,0.0,0.0,0.0,0.0,0.0,0.0,0.0,0.0,0.0,0.0
3.0,14.0,0.0,0.0,0.0,0.0,0.0,0.0,0.0,0.0,0.0,0.0,0.0,0.0,0.0,0.0,0.0,0.0,0.0,0.0,0.0,0.0,0.0,0.0,0.0,0.0,0.0,0.0,0.0
3.0,15.0,0.0,0.0,0.0,0.0,0.0,0.0,0.0,0.0,0.0,0.0,0.0,0.0,0.0,0.0,0.0,0.0,0.0,0.0,0.0,0.0,0.0,0.0,0.0,0.0,0.0,0.0,0.0
3.0,16.0,0.0,0.0,0.0,0.0,0.0,0.0,0.0,0.0,0.0,0.0,0.0,0.0,0.0,0.0,0.0,0.0,0.0,0.0,0.0,0.0,0.0,0.0,0.0,0.0,0.0,0.0,0.0
3.0,17.0,0.0,0.0,0.0,0.0,0.0,0.0,0.0,0.0,0.0,0.0,0.0,0.0,0.0,0.0,0.0,0.0,0.0,0.0,0.0,0.0,0.0,0.0,0.0,0.0,0.0,0.0,0.0
3.0,18.0,0.0,0.0,0.0,0.0,0.0,0.0,0.0,0.0,0.0,0.0,0.0,0.0,0.0,0.0,0.0,0.0,0.0,0.0,0.0,0.0,0.0,0.0,0.0,0.0,0.0,0.0,0.0
3.0,19.0,0.0,0.0,0.0,0.0,0.0,0.0,0.0,0.0,0.0,0.0,0.0,0.0,0.0,0.0,0.0,0.0,0.0,0.0,0.0,0.0,0.0,0.0,0.0,0.0,0.0,0.0,0.0
3.0,20.0,0.0,0.0,0.0,0.0,0.0,0.0,0.0,0.0,0.0,0.0,0.0,0.0,0.0,0.0,0.0,0.0,0.0,0.0,0.0,0.0,0.0,0.0,0.0,0.0,0.0,0.0,0.0
3.0,21.0,0.0,0.0,0.0,0.0,0.0,0.0,0.0,0.0,0.0,0.0,0.0,0.0,0.0,0.0,0.0,0.0,0.0,0.0,0.0,0.0,0.0,0.0,0.0,0.0,0.0,0.0,0.0
3.0,22.0,0.0,0.0,0.0,0.0,0.0,0.0,0.0,0.0,0.0,0.0,0.0,0.0,0.0,0.0,0.0,0.0,0.0,0.0,0.0,0.0,0.0,0.0,0.0,0.0,0.0,0.0,0.0
3.0,23.0,0.0,0.0,0.0,0.0,0.0,0.0,0.0,0.0,0.0,0.0,0.0,0.0,0.0,0.0,0.0,0.0,0.0,0.0,0.0,0.0,0.0,0.0,0.0,0.0,0.0,0.0,0.0
3.0,24.0,0.0,0.0,0.0,0.0,0.0,0.0,0.0,0.0,0.0,0.0,0.0,0.0,0.0,0.0,0.0,0.0,0.0,0.0,0.0,0.0,0.0,0.0,0.0,0.0,0.0,0.0,0.0
3.0,25.0,0.0,0.0,0.0,0.0,0.0,0.0,0.0,0.0,0.0,0.0,0.0,0.0,0.0,0.0,0.0,0.0,0.0,0.0,0.0,0.0,0.0,0.0,0.0,0.0,0.0,0.0,0.0
4.0,0.0,0.0,41.81253,1.2996039,3.1167576E-5,0.0,0.0,0.43684015,0.0115963295,1.9129859E-5,61.039757,7.6468325,0.0,8.768908,5.9945323E-6,0.05776686,0.0,0.0,0.0,0.0,159.79697,528.53485,67.736336,233.00049,153.77284,0.024726523,0.0,0.0
4.0,1.0,0.0,1.1342177,0.0,0.0,0.0,0.0,0.3572751,0.0,0.26137313,0.0,0.0,0.0,0.0,9.557936E-4,0.8492801,0.0,0.0,0.0,0.0,0.0,0.0,0.0,139.74437,124.55392,15.874115,0.0,0.0
4.0,2.0,0.0,0.7526119,0.0,0.0,0.0,0.0,0.77223647,0.0,15.2430935,0.0,0.0,0.0,0.0,0.0013318171,3.4981418,0.0,0.0,0.0,0.0,0.0,0.0,0.0,79.30531,90.89326,106.168594,0.0,0.0
4.0,3.0,0.0,81.90173,0.0,0.0,0.0,0.0,90.82383,1.2593182,196.5102,0.0,0.0,0.0,0.0,0.020749796,54.700756,0.0,0.0,0.0,0.0,0.0,0.0,0.0,107.429306,269.9235,2729.9336,0.15198243,0.0
4.0,4.0,0.0,223.32527,0.0,0.0,0.0,0.0,437.34433,22.015972,576.16815,0.0,0.0,0.0,0.0,0.0049411454,236.28441,0.0,0.0,0.0,0.0,0.0,0.0,0.0,125.68947,276.75516,3637.351,1.3321742,0.0
4.0,5.0,0.0,12.166283,0.0,0.0,0.0,0.0,29.647572,1.2092143,55.36436,0.0,0.0,0.0,0.0,0.0012753588,22.564297,0.0,0.0,0.0,0.0,0.0,0.0,0.0,15.368837,25.362444,336.49997,3.378644E-4,0.0
4.0,6.0,0.0,3.2719462,0.0,0.0,0.0,0.0,10.371693,0.90825903,15.141561,0.0,0.0,0.0,0.0,0.001965577,5.0951643,0.0,0.0,0.0,0.0,0.0,0.0,0.0,6.1810465,9.652759,124.06296,7.427316E-4,0.0
4.0,7.0,0.0,3.5093637,0.0,0.0,0.0,0.0,5.8725514,0.17393628,9.522098,0.0,0.0,0.0,0.0,0.0011493557,3.7373142,0.0,0.0,0.0,0.0,0.0,0.0,0.0,4.305456,6.29564,81.35709,0.008177961,0.0
4.0,8.0,0.0,2.5745957,0.0,0.0,0.0,0.0,3.7982647,0.24358639,8.517737,0.0,0.0,0.0,0.0,5.581183E-4,2.788055,0.0,0.0,0.0,0.0,0.0,0.0,0.0,2.2443151,3.8068557,54.387978,0.017128816,0.0
4.0,9.0,0.0,1.8418854,0.0,0.0,0.0,0.0,3.6933925,0.1542394,5.973914,0.0,0.0,0.0,0.0,0.0011002818,2.4000835,0.0,0.0,0.0,0.0,0.0,0.0,0.0,1.5441933,2.9005344,42.24534,0.04295147,0.0
4.0,10.0,0.0,2.0474167,0.0,0.0,0.0,0.0,2.6652997,0.10561565,5.030336,0.0,0.0,0.0,0.0,4.2248843E-4,1.2185429,0.0,0.0,0.0,0.0,0.0,0.0,0.0,1.4257461,2.5800607,35.457737,0.08823819,0.0
4.0,11.0,0.0,0.0,0.0,0.0,0.0,0.0,0.0,0.0,0.0,0.0,0.0,0.0,0.0,0.0,0.0,0.0,0.0,0.0,0.0,0.0,0.0,0.0,0.0,0.0,0.0,0.0,0.0
4.0,12.0,0.0,0.0,0.0,0.0,0.0,0.0,0.0,0.0,0.0,0.0,0.0,0.0,0.0,0.0,0.0,0.0,0.0,0.0,0.0,0.0,0.0,0.0,0.0,0.0,0.0,0.0,0.0
4.0,13.0,0.0,0.0,0.0,0.0,0.0,0.0,0.0,0.0,0.0,0.0,0.0,0.0,0.0,0.0,0.0,0.0,0.0,0.0,0.0,0.0,0.0,0.0,0.0,0.0,0.0,0.0,0.0
4.0,14.0,0.0,0.0,0.0,0.0,0.0,0.0,0.0,0.0,0.0,0.0,0.0,0.0,0.0,0.0,0.0,0.0,0.0,0.0,0.0,0.0,0.0,0.0,0.0,0.0,0.0,0.0,0.0
4.0,15.0,0.0,0.0,0.0,0.0,0.0,0.0,0.0,0.0,0.0,0.0,0.0,0.0,0.0,0.0,0.0,0.0,0.0,0.0,0.0,0.0,0.0,0.0,0.0,0.0,0.0,0.0,0.0
4.0,16.0,0.0,0.0,0.0,0.0,0.0,0.0,0.0,0.0,0.0,0.0,0.0,0.0,0.0,0.0,0.0,0.0,0.0,0.0,0.0,0.0,0.0,0.0,0.0,0.0,0.0,0.0,0.0
4.0,17.0,0.0,0.0,0.0,0.0,0.0,0.0,0.0,0.0,0.0,0.0,0.0,0.0,0.0,0.0,0.0,0.0,0.0,0.0,0.0,0.0,0.0,0.0,0.0,0.0,0.0,0.0,0.0
4.0,18.0,0.0,0.0,0.0,0.0,0.0,0.0,0.0,0.0,0.0,0.0,0.0,0.0,0.0,0.0,0.0,0.0,0.0,0.0,0.0,0.0,0.0,0.0,0.0,0.0,0.0,0.0,0.0
4.0,19.0,0.0,0.0,0.0,0.0,0.0,0.0,0.0,0.0,0.0,0.0,0.0,0.0,0.0,0.0,0.0,0.0,0.0,0.0,0.0,0.0,0.0,0.0,0.0,0.0,0.0,0.0,0.0
4.0,20.0,0.0,0.0,0.0,0.0,0.0,0.0,0.0,0.0,0.0,0.0,0.0,0.0,0.0,0.0,0.0,0.0,0.0,0.0,0.0,0.0,0.0,0.0,0.0,0.0,0.0,0.0,0.0
4.0,21.0,0.0,0.0,0.0,0.0,0.0,0.0,0.0,0.0,0.0,0.0,0.0,0.0,0.0,0.0,0.0,0.0,0.0,0.0,0.0,0.0,0.0,0.0,0.0,0.0,0.0,0.0,0.0
4.0,22.0,0.0,0.0,0.0,0.0,0.0,0.0,0.0,0.0,0.0,0.0,0.0,0.0,0.0,0.0,0.0,0.0,0.0,0.0,0.0,0.0,0.0,0.0,0.0,0.0,0.0,0.0,0.0
4.0,23.0,0.0,0.0,0.0,0.0,0.0,0.0,0.0,0.0,0.0,0.0,0.0,0.0,0.0,0.0,0.0,0.0,0.0,0.0,0.0,0.0,0.0,0.0,0.0,0.0,0.0,0.0,0.0
4.0,24.0,0.0,0.0,0.0,0.0,0.0,0.0,0.0,0.0,0.0,0.0,0.0,0.0,0.0,0.0,0.0,0.0,0.0,0.0,0.0,0.0,0.0,0.0,0.0,0.0,0.0,0.0,0.0
4.0,25.0,0.0,0.0,0.0,0.0,0.0,0.0,0.0,0.0,0.0,0.0,0.0,0.0,0.0,0.0,0.0,0.0,0.0,0.0,0.0,0.0,0.0,0.0,0.0,0.0,0.0,0.0,0.0
5.0,0.0,0.0,74.198944,3.76197,1.4464845E-5,0.0,0.0,0.8526154,0.018835401,0.0,72.0738,10.244008,0.0,10.378519,1.7810431E-5,0.12737831,0.0,0.0,0.0,0.0,218.21416,708.9241,105.489975,304.77222,208.86281,0.3107755,0.0,0.0
5.0,1.0,0.0,1.901585,0.0,0.0,0.0,0.0,0.30148584,0.0,0.28934294,0.0,0.0,0.0,0.0,0.009813257,3.493528,0.0,0.0,0.0,0.0,0.0,0.0,0.0,135.9722,132.77336,21.896372,0.0,0.0
5.0,2.0,0.0,6.408187,0.0,0.0,0.0,0.0,0.0012090915,0.0,1.3338845,0.0,0.0,0.0,0.0,0.045033857,4.513776,0.0,0.0,0.0,0.0,0.0,0.0,0.0,62.270214,73.296745,56.054836,0.0,0.0
5.0,3.0,0.0,4.059168,0.0,0.0,0.0,0.0,1.1258878,2.6755566E-5,5.8064218,0.0,0.0,0.0,0.0,0.054663744,4.215736,0.0,0.0,0.0,0.0,0.0,0.0,0.0,61.012794,75.46462,173.81293,0.010014123,0.0
5.0,4.0,0.0,74.69712,0.0,0.0,0.0,0.0,60.83469,2.519433,127.90883,0.0,0.0,0.0,0.0,0.014836891,40.865845,0.0,0.0,0.0,0.0,0.0,0.0,0.0,88.613434,283.23557,2866.0679,2.8680243,0.0
5.0,5.0,0.0,360.75583,0.0,0.0,0.0,0.0,347.5023,5.5655785,438.28482,0.0,0.0,0.0,0.0,0.34614274,129.25467,0.0,0.0,0.0,0.0,0.0,0.0,0.0,88.31059,275.51974,3831.975,4.4497733,0.0
5.0,6.0,0.0,32.361187,0.0,0.0,0.0,0.0,20.602005,0.35056588,39.997925,0.0,0.0,0.0,0.0,0.14572012,10.232041,0.0,0.0,0.0,0.0,0.0,0.0,0.0,15.966296,28.88753,383.54828,0.16650788,0.0
5.0,7.0,0.0,9.58034,0.0,0.0,0.0,0.0,6.5157557,0.054658774,13.237651,0.0,0.0,0.0,0.0,0.020253671,3.1083307,0.0,0.0,0.0,0.0,0.0,0.0,0.0,5.9838724,9.657272,123.42312,0.15652916,0.0
5.0,8.0,0.0,5.5199366,0.0,0.0,0.0,0.0,3.3730698,0.05950707,7.491945,0.0,0.0,0.0,0.0,3.9571713E-4,2.724504,0.0,0.0,0.0,0.0,0.0,0.0,0.0,3.8233883,6.0767355,81.53837,0.17637399,0.0
5.0,9.0,0.0,3.9849777,0.0,0.0,0.0,0.0,1.3154995,0.023225943,6.12679,0.0,0.0,0.0,0.0,0.06981377,1.5094242,0.0,0.0,0.0,0.0,0.0,0.0,0.0,2.7214448,4.331706,54.903675,0.21044277,0.0
5.0,10.0,0.0,2.6980565,0.0,0.0,0.0,0.0,1.928588,0.07776802,3.6248405,0.0,0.0,0.0,0.0,0.03673326,1.4027638,0.0,0.0,0.0,0.0,0.0,0.0,0.0,2.1851556,3.3983083,42.69767,0.23293017,0.0
5.0,11.0,0.0,0.0,0.0,0.0,0.0,0.0,0.0,0.0,0.0,0.0,0.0,0.0,0.0,0.0,0.0,0.0,0.0,0.0,0.0,0.0,0.0,0.0,0.0,0.0,0.0,0.0,0.0
5.0,12.0,0.0,0.0,0.0,0.0,0.0,0.0,0.0,0.0,0.0,0.0,0.0,0.0,0.0,0.0,0.0,0.0,0.0,0.0,0.0,0.0,0.0,0.0,0.0,0.0,0.0,0.0,0.0
5.0,13.0,0.0,0.0,0.0,0.0,0.0,0.0,0.0,0.0,0.0,0.0,0.0,0.0,0.0,0.0,0.0,0.0,0.0,0.0,0.0,0.0,0.0,0.0,0.0,0.0,0.0,0.0,0.0
5.0,14.0,0.0,0.0,0.0,0.0,0.0,0.0,0.0,0.0,0.0,0.0,0.0,0.0,0.0,0.0,0.0,0.0,0.0,0.0,0.0,0.0,0.0,0.0,0.0,0.0,0.0,0.0,0.0
5.0,15.0,0.0,0.0,0.0,0.0,0.0,0.0,0.0,0.0,0.0,0.0,0.0,0.0,0.0,0.0,0.0,0.0,0.0,0.0,0.0,0.0,0.0,0.0,0.0,0.0,0.0,0.0,0.0
5.0,16.0,0.0,0.0,0.0,0.0,0.0,0.0,0.0,0.0,0.0,0.0,0.0,0.0,0.0,0.0,0.0,0.0,0.0,0.0,0.0,0.0,0.0,0.0,0.0,0.0,0.0,0.0,0.0
5.0,17.0,0.0,0.0,0.0,0.0,0.0,0.0,0.0,0.0,0.0,0.0,0.0,0.0,0.0,0.0,0.0,0.0,0.0,0.0,0.0,0.0,0.0,0.0,0.0,0.0,0.0,0.0,0.0
5.0,18.0,0.0,0.0,0.0,0.0,0.0,0.0,0.0,0.0,0.0,0.0,0.0,0.0,0.0,0.0,0.0,0.0,0.0,0.0,0.0,0.0,0.0,0.0,0.0,0.0,0.0,0.0,0.0
5.0,19.0,0.0,0.0,0.0,0.0,0.0,0.0,0.0,0.0,0.0,0.0,0.0,0.0,0.0,0.0,0.0,0.0,0.0,0.0,0.0,0.0,0.0,0.0,0.0,0.0,0.0,0.0,0.0
5.0,20.0,0.0,0.0,0.0,0.0,0.0,0.0,0.0,0.0,0.0,0.0,0.0,0.0,0.0,0.0,0.0,0.0,0.0,0.0,0.0,0.0,0.0,0.0,0.0,0.0,0.0,0.0,0.0
5.0,21.0,0.0,0.0,0.0,0.0,0.0,0.0,0.0,0.0,0.0,0.0,0.0,0.0,0.0,0.0,0.0,0.0,0.0,0.0,0.0,0.0,0.0,0.0,0.0,0.0,0.0,0.0,0.0
5.0,22.0,0.0,0.0,0.0,0.0,0.0,0.0,0.0,0.0,0.0,0.0,0.0,0.0,0.0,0.0,0.0,0.0,0.0,0.0,0.0,0.0,0.0,0.0,0.0,0.0,0.0,0.0,0.0
5.0,23.0,0.0,0.0,0.0,0.0,0.0,0.0,0.0,0.0,0.0,0.0,0.0,0.0,0.0,0.0,0.0,0.0,0.0,0.0,0.0,0.0,0.0,0.0,0.0,0.0,0.0,0.0,0.0
5.0,24.0,0.0,0.0,0.0,0.0,0.0,0.0,0.0,0.0,0.0,0.0,0.0,0.0,0.0,0.0,0.0,0.0,0.0,0.0,0.0,0.0,0.0,0.0,0.0,0.0,0.0,0.0,0.0
5.0,25.0,0.0,0.0,0.0,0.0,0.0,0.0,0.0,0.0,0.0,0.0,0.0,0.0,0.0,0.0,0.0,0.0,0.0,0.0,0.0,0.0,0.0,0.0,0.0,0.0,0.0,0.0,0.0
6.0,0.0,0.0,80.061035,3.7330008,9.467547E-6,0.0,0.0,0.288486,0.010383465,0.013045199,58.600838,4.311464,0.0,6.611438,5.461366E-5,0.009548775,0.0,0.0,0.0,0.0,234.33545,665.1762,86.05995,317.3236,206.35811,0.19212651,0.0,0.0
6.0,1.0,0.0,4.448297,0.0,0.0,0.0,0.0,0.0,0.0,0.5693415,0.0,0.0,0.0,0.0,0.024221858,2.4934251,0.0,0.0,0.0,0.0,0.0,0.0,0.0,139.78117,139.69337,41.482765,0.0,0.0
6.0,2.0,0.0,10.676233,0.0,0.0,0.0,0.0,4.0965486E-5,0.0,1.8751596,0.0,0.0,0.0,0.0,0.037227213,3.1461961,0.0,0.0,0.0,0.0,0.0,0.0,0.0,82.7595,95.281555,95.88566,0.0,0.0
6.0,3.0,0.0,6.9536166,0.0,0.0,0.0,0.0,1.549229,0.0,5.6392374,0.0,0.0,0.0,0.0,0.11415933,3.9796548,0.0,0.0,0.0,0.0,0.0,0.0,0.0,52.985176,69.2777,135.46439,0.0013509011,0.0
6.0,4.0,0.0,18.29221,0.0,0.0,0.0,0.0,0.3993575,0.007507661,18.824747,0.0,0.0,0.0,0.0,0.19408156,6.515713,0.0,0.0,0.0,0.0,0.0,0.0,0.0,42.916527,61.204956,239.63905,0.05589776,0.0
6.0,5.0,0.0,201.65053,0.0,0.0,0.0,0.0,44.702896,0.26077947,137.08078,0.0,0.0,0.0,0.0,5.864949,35.56832,0.0,0.0,0.0,0.0,0.0,0.0,0.0,63.788464,270.16443,2831.8547,4.5749,0.0
6.0,6.0,0.0,400.87643,0.0,0.0,0.0,0.0,188.77943,15.7290535,565.39935,0.0,0.0,0.0,0.0,1.014495,138.35956,0.0,0.0,0.0,0.0,0.0,0.0,0.0,59.71004,259.6816,3809.7776,5.829569,0.0
6.0,7.0,0.0,37.661507,0.0,0.0,0.0,0.0,11.473268,3.0324703E-5,48.647514,0.0,0.0,0.0,0.0,0.25161967,14.491465,0.0,0.0,0.0,0.0,0.0,0.0,0.0,15.154912,30.180704,396.02225,0.6079608,0.0
6.0,8.0,0.0,12.689845,0.0,0.0,0.0,0.0,4.180288,0.06459597,11.390374,0.0,0.0,0.0,0.0,0.22635907,5.217895,0.0,0.0,0.0,0.0,0.0,0.0,0.0,5.166267,9.355641,126.34046,0.33496597,0.0
6.0,9.0,0.0,7.9030824,0.0,0.0,0.0,0.0,2.2553363,0.0,7.8242807,0.0,0.0,0.0,0.0,0.26294068,3.0338187,0.0,0.0,0.0,0.0,0.0,0.0,0.0,3.5016701,5.8636527,81.41683,0.27396274,0.0
6.0,10.0,0.0,4.358372,0.0,0.0,0.0,0.0,1.3206966,0.15117487,6.14305,0.0,0.0,0.0,0.0,0.10506421,1.614478,0.0,0.0,0.0,0.0,0.0,0.0,0.0,2.2668295,4.0498986,53.920944,0.23345456,0.0
6.0,11.0,0.0,0.0,0.0,0.0,0.0,0.0,0.0,0.0,0.0,0.0,0.0,0.0,0.0,0.0,0.0,0.0,0.0,0.0,0.0,0.0,0.0,0.0,0.0,0.0,0.0,0.0,0.0
6.0,12.0,0.0,0.0,0.0,0.0,0.0,0.0,0.0,0.0,0.0,0.0,0.0,0.0,0.0,0.0,0.0,0.0,0.0,0.0,0.0,0.0,0.0,0.0,0.0,0.0,0.0,0.0,0.0
6.0,13.0,0.0,0.0,0.0,0.0,0.0,0.0,0.0,0.0,0.0,0.0,0.0,0.0,0.0,0.0,0.0,0.0,0.0,0.0,0.0,0.0,0.0,0.0,0.0,0.0,0.0,0.0,0.0
6.0,14.0,0.0,0.0,0.0,0.0,0.0,0.0,0.0,0.0,0.0,0.0,0.0,0.0,0.0,0.0,0.0,0.0,0.0,0.0,0.0,0.0,0.0,0.0,0.0,0.0,0.0,0.0,0.0
6.0,15.0,0.0,0.0,0.0,0.0,0.0,0.0,0.0,0.0,0.0,0.0,0.0,0.0,0.0,0.0,0.0,0.0,0.0,0.0,0.0,0.0,0.0,0.0,0.0,0.0,0.0,0.0,0.0
6.0,16.0,0.0,0.0,0.0,0.0,0.0,0.0,0.0,0.0,0.0,0.0,0.0,0.0,0.0,0.0,0.0,0.0,0.0,0.0,0.0,0.0,0.0,0.0,0.0,0.0,0.0,0.0,0.0
6.0,17.0,0.0,0.0,0.0,0.0,0.0,0.0,0.0,0.0,0.0,0.0,0.0,0.0,0.0,0.0,0.0,0.0,0.0,0.0,0.0,0.0,0.0,0.0,0.0,0.0,0.0,0.0,0.0
6.0,18.0,0.0,0.0,0.0,0.0,0.0,0.0,0.0,0.0,0.0,0.0,0.0,0.0,0.0,0.0,0.0,0.0,0.0,0.0,0.0,0.0,0.0,0.0,0.0,0.0,0.0,0.0,0.0
6.0,19.0,0.0,0.0,0.0,0.0,0.0,0.0,0.0,0.0,0.0,0.0,0.0,0.0,0.0,0.0,0.0,0.0,0.0,0.0,0.0,0.0,0.0,0.0,0.0,0.0,0.0,0.0,0.0
6.0,20.0,0.0,0.0,0.0,0.0,0.0,0.0,0.0,0.0,0.0,0.0,0.0,0.0,0.0,0.0,0.0,0.0,0.0,0.0,0.0,0.0,0.0,0.0,0.0,0.0,0.0,0.0,0.0
6.0,21.0,0.0,0.0,0.0,0.0,0.0,0.0,0.0,0.0,0.0,0.0,0.0,0.0,0.0,0.0,0.0,0.0,0.0,0.0,0.0,0.0,0.0,0.0,0.0,0.0,0.0,0.0,0.0
6.0,22.0,0.0,0.0,0.0,0.0,0.0,0.0,0.0,0.0,0.0,0.0,0.0,0.0,0.0,0.0,0.0,0.0,0.0,0.0,0.0,0.0,0.0,0.0,0.0,0.0,0.0,0.0,0.0
6.0,23.0,0.0,0.0,0.0,0.0,0.0,0.0,0.0,0.0,0.0,0.0,0.0,0.0,0.0,0.0,0.0,0.0,0.0,0.0,0.0,0.0,0.0,0.0,0.0,0.0,0.0,0.0,0.0
6.0,24.0,0.0,0.0,0.0,0.0,0.0,0.0,0.0,0.0,0.0,0.0,0.0,0.0,0.0,0.0,0.0,0.0,0.0,0.0,0.0,0.0,0.0,0.0,0.0,0.0,0.0,0.0,0.0
6.0,25.0,0.0,0.0,0.0,0.0,0.0,0.0,0.0,0.0,0.0,0.0,0.0,0.0,0.0,0.0,0.0,0.0,0.0,0.0,0.0,0.0,0.0,0.0,0.0,0.0,0.0,0.0,0.0
7.0,0.0,0.0,99.19684,3.2968884,0.0,0.0,0.0,0.043977726,0.013157823,7.5794895E-5,36.46705,2.620983,0.0,2.8658342,0.008017763,0.2230938,0.0,0.0,0.0,0.0,206.93964,656.393,93.39187,304.0655,211.74854,0.37751397,0.0,0.0
7.0,1.0,0.0,4.646494,0.0,0.0,0.0,0.0,0.0,0.0,2.8253784,0.0,0.0,0.0,0.0,0.08503285,1.7885318,0.0,0.0,0.0,0.0,0.0,0.0,0.0,147.4545,133.54146,40.92426,0.0,0.0
7.0,2.0,0.0,7.416119,0.0,0.0,0.0,0.0,0.0,0.0,9.280689,0.0,0.0,0.0,0.0,0.039082985,2.2494555,0.0,0.0,0.0,0.0,0.0,0.0,0.0,69.10487,86.570885,129.77931,0.0,0.0
7.0,3.0,0.0,4.941865,0.0,0.0,0.0,0.0,2.203614E-4,8.471917E-5,31.007969,0.0,0.0,0.0,0.0,0.016833406,15.57227,0.0,0.0,0.0,0.0,0.0,0.0,0.0,62.010906,75.250175,171.97731,7.347853E-4,0.0
7.0,4.0,0.0,17.805733,0.0,0.0,0.0,0.0,7.7203545E-4,0.0,12.316586,0.0,0.0,0.0,0.0,0.8529934,6.5298505,0.0,0.0,0.0,0.0,0.0,0.0,0.0,44.365383,56.7868,197.37784,0.03714424,0.0
7.0,5.0,0.0,20.775116,0.0,0.0,0.0,0.0,0.001539665,7.3688293E-6,25.710371,0.0,0.0,0.0,0.0,0.72867423,5.4832993,0.0,0.0,0.0,0.0,0.0,0.0,0.0,38.468697,54.27725,306.81445,0.13721423,0.0
7.0,6.0,0.0,129.91231,0.0,0.0,0.0,0.0,22.440506,0.60271484,135.83311,0.0,0.0,0.0,0.0,0.9899297,26.64564,0.0,0.0,0.0,0.0,0.0,0.0,0.0,44.10782,262.94144,2897.2969,5.9936543,0.0
7.0,7.0,0.0,350.69336,0.0,0.0,0.0,0.0,12.361851,11.0590725,618.9992,0.0,0.0,0.0,0.0,10.9106245,186.65735,0.0,0.0,0.0,0.0,0.0,0.0,0.0,36.97112,262.94562,3703.05,7.0421033,0.0
7.0,8.0,0.0,34.474323,0.0,0.0,0.0,0.0,0.83382195,0.5951272,69.749,0.0,0.0,0.0,0.0,1.0599148,20.402681,0.0,0.0,0.0,0.0,0.0,0.0,0.0,13.427551,28.586395,390.23477,0.9093997,0.0
7.0,9.0,0.0,10.589942,0.0,0.0,0.0,0.0,0.100130394,0.089968465,17.191223,0.0,0.0,0.0,0.0,0.34142223,3.5903387,0.0,0.0,0.0,0.0,0.0,0.0,0.0,4.7516317,9.204401,128.18507,0.44865155,0.0
7.0,10.0,0.0,5.219319,0.0,0.0,0.0,0.0,0.026031923,4.2183852E-5,12.138584,0.0,0.0,0.0,0.0,0.31143582,2.367611,0.0,0.0,0.0,0.0,0.0,0.0,0.0,2.9694474,5.946818,81.19144,0.32929936,0.0
7.0,11.0,0.0,0.0,0.0,0.0,0.0,0.0,0.0,0.0,0.0,0.0,0.0,0.0,0.0,0.0,0.0,0.0,0.0,0.0,0.0,0.0,0.0,0.0,0.0,0.0,0.0,0.0,0.0
7.0,12.0,0.0,0.0,0.0,0.0,0.0,0.0,0.0,0.0,0.0,0.0,0.0,0.0,0.0,0.0,0.0,0.0,0.0,0.0,0.0,0.0,0.0,0.0,0.0,0.0,0.0,0.0,0.0
7.0,13.0,0.0,0.0,0.0,0.0,0.0,0.0,0.0,0.0,0.0,0.0,0.0,0.0,0.0,0.0,0.0,0.0,0.0,0.0,0.0,0.0,0.0,0.0,0.0,0.0,0.0,0.0,0.0
7.0,14.0,0.0,0.0,0.0,0.0,0.0,0.0,0.0,0.0,0.0,0.0,0.0,0.0,0.0,0.0,0.0,0.0,0.0,0.0,0.0,0.0,0.0,0.0,0.0,0.0,0.0,0.0,0.0
7.0,15.0,0.0,0.0,0.0,0.0,0.0,0.0,0.0,0.0,0.0,0.0,0.0,0.0,0.0,0.0,0.0,0.0,0.0,0.0,0.0,0.0,0.0,0.0,0.0,0.0,0.0,0.0,0.0
7.0,16.0,0.0,0.0,0.0,0.0,0.0,0.0,0.0,0.0,0.0,0.0,0.0,0.0,0.0,0.0,0.0,0.0,0.0,0.0,0.0,0.0,0.0,0.0,0.0,0.0,0.0,0.0,0.0
7.0,17.0,0.0,0.0,0.0,0.0,0.0,0.0,0.0,0.0,0.0,0.0,0.0,0.0,0.0,0.0,0.0,0.0,0.0,0.0,0.0,0.0,0.0,0.0,0.0,0.0,0.0,0.0,0.0
7.0,18.0,0.0,0.0,0.0,0.0,0.0,0.0,0.0,0.0,0.0,0.0,0.0,0.0,0.0,0.0,0.0,0.0,0.0,0.0,0.0,0.0,0.0,0.0,0.0,0.0,0.0,0.0,0.0
7.0,19.0,0.0,0.0,0.0,0.0,0.0,0.0,0.0,0.0,0.0,0.0,0.0,0.0,0.0,0.0,0.0,0.0,0.0,0.0,0.0,0.0,0.0,0.0,0.0,0.0,0.0,0.0,0.0
7.0,20.0,0.0,0.0,0.0,0.0,0.0,0.0,0.0,0.0,0.0,0.0,0.0,0.0,0.0,0.0,0.0,0.0,0.0,0.0,0.0,0.0,0.0,0.0,0.0,0.0,0.0,0.0,0.0
7.0,21.0,0.0,0.0,0.0,0.0,0.0,0.0,0.0,0.0,0.0,0.0,0.0,0.0,0.0,0.0,0.0,0.0,0.0,0.0,0.0,0.0,0.0,0.0,0.0,0.0,0.0,0.0,0.0
7.0,22.0,0.0,0.0,0.0,0.0,0.0,0.0,0.0,0.0,0.0,0.0,0.0,0.0,0.0,0.0,0.0,0.0,0.0,0.0,0.0,0.0,0.0,0.0,0.0,0.0,0.0,0.0,0.0
7.0,23.0,0.0,0.0,0.0,0.0,0.0,0.0,0.0,0.0,0.0,0.0,0.0,0.0,0.0,0.0,0.0,0.0,0.0,0.0,0.0,0.0,0.0,0.0,0.0,0.0,0.0,0.0,0.0
7.0,24.0,0.0,0.0,0.0,0.0,0.0,0.0,0.0,0.0,0.0,0.0,0.0,0.0,0.0,0.0,0.0,0.0,0.0,0.0,0.0,0.0,0.0,0.0,0.0,0.0,0.0,0.0,0.0
7.0,25.0,0.0,0.0,0.0,0.0,0.0,0.0,0.0,0.0,0.0,0.0,0.0,0.0,0.0,0.0,0.0,0.0,0.0,0.0,0.0,0.0,0.0,0.0,0.0,0.0,0.0,0.0,0.0
8.0,0.0,0.0,52.85175,0.4086311,6.31211E-5,0.0,0.0,0.043384545,0.018138422,0.0,140.94572,6.3837028,0.0,15.922704,0.038522664,0.03165879,0.0,0.0,0.0,0.0,269.25635,754.4686,100.41163,343.63824,242.62932,0.2090589,0.0,0.0
8.0,1.0,0.0,0.90331376,0.0,0.0,0.0,0.0,0.0,0.0,3.0167747,0.0,0.0,0.0,0.0,1.5992556,0.024551636,0.0,0.0,0.0,0.0,0.0,0.0,0.0,146.49304,126.85859,32.050797,0.0,0.0
8.0,2.0,0.0,4.426676,0.0,0.0,0.0,0.0,0.0,6.054565E-6,8.40474,0.0,0.0,0.0,0.0,3.3822436,6.839971,0.0,0.0,0.0,0.0,0.0,0.0,0.0,75.63265,90.33314,126.89557,0.0,0.0
8.0,3.0,0.0,17.524876,0.0,0.0,0.0,0.0,0.0,0.0,20.670004,0.0,0.0,0.0,0.0,7.5339155,13.823567,0.0,0.0,0.0,0.0,0.0,0.0,0.0,54.62902,76.83138,222.9095,0.0010463735,0.0
8.0,4.0,0.0,16.658804,0.0,0.0,0.0,0.0,2.593746E-7,0.13316946,37.23383,0.0,0.0,0.0,0.0,2.8711467,9.050766,0.0,0.0,0.0,0.0,0.0,0.0,0.0,49.21614,62.731766,268.96738,0.01065109,0.0
8.0,5.0,0.0,11.808302,0.0,0.0,0.0,0.0,5.6253384E-9,0.0024718314,18.2009,0.0,0.0,0.0,0.0,4.024516,16.653358,0.0,0.0,0.0,0.0,0.0,0.0,0.0,38.778027,50.412132,240.18536,0.08565255,0.0
8.0,6.0,0.0,24.514677,0.0,0.0,0.0,0.0,0.09668677,0.074053995,32.72403,0.0,0.0,0.0,0.0,6.99397,13.260704,0.0,0.0,0.0,0.0,0.0,0.0,0.0,34.847164,50.200512,319.82178,0.2248532,0.0
8.0,7.0,0.0,130.28568,0.0,0.0,0.0,0.0,0.017286934,0.33402908,157.17426,0.0,0.0,0.0,0.0,80.28259,65.02585,0.0,0.0,0.0,0.0,0.0,0.0,0.0,25.587694,232.29681,2653.332,6.429651,0.0
8.0,8.0,0.0,420.98923,0.0,0.0,0.0,0.0,10.327475,25.880293,536.8037,0.0,0.0,0.0,0.0,8.129264,271.49576,0.0,0.0,0.0,0.0,0.0,0.0,0.0,10.575908,245.4681,3325.781,7.2810345,0.0
8.0,9.0,0.0,43.36997,0.0,0.0,0.0,0.0,1.9707887,1.3087294,51.606655,0.0,0.0,0.0,0.0,2.1623018,31.84235,0.0,0.0,0.0,0.0,0.0,0.0,0.0,9.494906,28.130203,379.03375,1.024245,0.0
8.0,10.0,0.0,11.788687,0.0,0.0,0.0,0.0,0.1064227,0.1072814,13.249284,0.0,0.0,0.0,0.0,0.95233524,4.166901,0.0,0.0,0.0,0.0,0.0,0.0,0.0,4.415775,10.093675,126.32863,0.47209552,0.0
8.0,11.0,0.0,0.0,0.0,0.0,0.0,0.0,0.0,0.0,0.0,0.0,0.0,0.0,0.0,0.0,0.0,0.0,0.0,0.0,0.0,0.0,0.0,0.0,0.0,0.0,0.0,0.0,0.0
8.0,12.0,0.0,0.0,0.0,0.0,0.0,0.0,0.0,0.0,0.0,0.0,0.0,0.0,0.0,0.0,0.0,0.0,0.0,0.0,0.0,0.0,0.0,0.0,0.0,0.0,0.0,0.0,0.0
8.0,13.0,0.0,0.0,0.0,0.0,0.0,0.0,0.0,0.0,0.0,0.0,0.0,0.0,0.0,0.0,0.0,0.0,0.0,0.0,0.0,0.0,0.0,0.0,0.0,0.0,0.0,0.0,0.0
8.0,14.0,0.0,0.0,0.0,0.0,0.0,0.0,0.0,0.0,0.0,0.0,0.0,0.0,0.0,0.0,0.0,0.0,0.0,0.0,0.0,0.0,0.0,0.0,0.0,0.0,0.0,0.0,0.0
8.0,15.0,0.0,0.0,0.0,0.0,0.0,0.0,0.0,0.0,0.0,0.0,0.0,0.0,0.0,0.0,0.0,0.0,0.0,0.0,0.0,0.0,0.0,0.0,0.0,0.0,0.0,0.0,0.0
8.0,16.0,0.0,0.0,0.0,0.0,0.0,0.0,0.0,0.0,0.0,0.0,0.0,0.0,0.0,0.0,0.0,0.0,0.0,0.0,0.0,0.0,0.0,0.0,0.0,0.0,0.0,0.0,0.0
8.0,17.0,0.0,0.0,0.0,0.0,0.0,0.0,0.0,0.0,0.0,0.0,0.0,0.0,0.0,0.0,0.0,0.0,0.0,0.0,0.0,0.0,0.0,0.0,0.0,0.0,0.0,0.0,0.0
8.0,18.0,0.0,0.0,0.0,0.0,0.0,0.0,0.0,0.0,0.0,0.0,0.0,0.0,0.0,0.0,0.0,0.0,0.0,0.0,0.0,0.0,0.0,0.0,0.0,0.0,0.0,0.0,0.0
8.0,19.0,0.0,0.0,0.0,0.0,0.0,0.0,0.0,0.0,0.0,0.0,0.0,0.0,0.0,0.0,0.0,0.0,0.0,0.0,0.0,0.0,0.0,0.0,0.0,0.0,0.0,0.0,0.0
8.0,20.0,0.0,0.0,0.0,0.0,0.0,0.0,0.0,0.0,0.0,0.0,0.0,0.0,0.0,0.0,0.0,0.0,0.0,0.0,0.0,0.0,0.0,0.0,0.0,0.0,0.0,0.0,0.0
8.0,21.0,0.0,0.0,0.0,0.0,0.0,0.0,0.0,0.0,0.0,0.0,0.0,0.0,0.0,0.0,0.0,0.0,0.0,0.0,0.0,0.0,0.0,0.0,0.0,0.0,0.0,0.0,0.0
8.0,22.0,0.0,0.0,0.0,0.0,0.0,0.0,0.0,0.0,0.0,0.0,0.0,0.0,0.0,0.0,0.0,0.0,0.0,0.0,0.0,0.0,0.0,0.0,0.0,0.0,0.0,0.0,0.0
8.0,23.0,0.0,0.0,0.0,0.0,0.0,0.0,0.0,0.0,0.0,0.0,0.0,0.0,0.0,0.0,0.0,0.0,0.0,0.0,0.0,0.0,0.0,0.0,0.0,0.0,0.0,0.0,0.0
8.0,24.0,0.0,0.0,0.0,0.0,0.0,0.0,0.0,0.0,0.0,0.0,0.0,0.0,0.0,0.0,0.0,0.0,0.0,0.0,0.0,0.0,0.0,0.0,0.0,0.0,0.0,0.0,0.0
8.0,25.0,0.0,0.0,0.0,0.0,0.0,0.0,0.0,0.0,0.0,0.0,0.0,0.0,0.0,0.0,0.0,0.0,0.0,0.0,0.0,0.0,0.0,0.0,0.0,0.0,0.0,0.0,0.0
9.0,0.0,0.0,75.980255,10.371567,2.264557E-5,0.0,0.0,0.09541591,0.008066636,0.043143585,58.256878,11.6701765,0.0,15.231964,2.2604008E-4,0.007159708,0.0,0.0,0.0,0.0,231.38037,803.48627,130.03459,380.18802,282.175,0.7566811,0.0,0.0
9.0,1.0,0.0,2.5885835,0.0,0.0,0.0,0.0,0.0,0.0,3.4207878,0.0,0.0,0.0,0.0,0.0049409554,2.8714132,0.0,0.0,0.0,0.0,0.0,0.0,0.0,143.74821,134.07431,37.900127,0.0,0.0
9.0,2.0,0.0,3.600574,0.0,0.0,0.0,0.0,0.0,0.0,4.0886326,0.0,0.0,0.0,0.0,6.631605E-4,1.606906,0.0,0.0,0.0,0.0,0.0,0.0,0.0,72.20821,84.329445,99.31528,1.028773E-5,0.0
9.0,3.0,0.0,24.528555,0.0,0.0,0.0,0.0,0.01312175,7.866927E-6,9.993126,0.0,0.0,0.0,0.0,0.047713522,9.387198,0.0,0.0,0.0,0.0,0.0,0.0,0.0,65.77951,80.164055,228.2949,0.00546476,0.0
9.0,4.0,0.0,18.109556,0.0,0.0,0.0,0.0,0.6174131,0.0111438995,34.638393,0.0,0.0,0.0,0.0,0.10591869,7.5318055,0.0,0.0,0.0,0.0,0.0,0.0,0.0,50.407722,68.45661,340.86652,0.020755585,0.0
9.0,5.0,0.0,23.228346,0.0,0.0,0.0,0.0,0.1342898,1.03066224E-4,54.639774,0.0,0.0,0.0,0.0,0.12597355,26.509417,0.0,0.0,0.0,0.0,0.0,0.0,0.0,44.275112,61.815285,349.11484,0.059278995,0.0
9.0,6.0,0.0,21.831905,0.0,0.0,0.0,0.0,0.35082603,0.0037345353,32.06531,0.0,0.0,0.0,0.0,0.033965595,20.359964,0.0,0.0,0.0,0.0,0.0,0.0,0.0,29.714945,46.847126,306.92563,0.14763077,0.0
9.0,7.0,0.0,23.424541,0.0,0.0,0.0,0.0,0.1900337,0.11696271,52.687378,0.0,0.0,0.0,0.0,0.011100088,19.467876,0.0,0.0,0.0,0.0,0.0,0.0,0.0,23.932585,41.140247,352.4815,0.32576108,0.0
9.0,8.0,0.0,169.71248,0.0,0.0,0.0,0.0,1.2215852,0.59450495,168.93343,0.0,0.0,0.0,0.0,0.012813822,43.019985,0.0,0.0,0.0,0.0,0.0,0.0,0.0,14.738002,221.91483,2464.9358,6.5115967,0.0
9.0,9.0,0.0,363.69757,0.0,0.0,0.0,0.0,13.392077,8.716197,594.24225,0.0,0.0,0.0,0.0,0.4020736,169.02443,0.0,0.0,0.0,0.0,0.0,0.0,0.0,3.6705086,229.50679,3139.4275,7.53035,0.0
9.0,10.0,0.0,35.813305,0.0,0.0,0.0,0.0,1.2313204,0.555056,62.33432,0.0,0.0,0.0,0.0,0.14733197,23.995275,0.0,0.0,0.0,0.0,0.0,0.0,0.0,4.735016,28.990788,379.6748,1.1331384,0.0
9.0,11.0,0.0,0.0,0.0,0.0,0.0,0.0,0.0,0.0,0.0,0.0,0.0,0.0,0.0,0.0,0.0,0.0,0.0,0.0,0.0,0.0,0.0,0.0,0.0,0.0,0.0,0.0,0.0
9.0,12.0,0.0,0.0,0.0,0.0,0.0,0.0,0.0,0.0,0.0,0.0,0.0,0.0,0.0,0.0,0.0,0.0,0.0,0.0,0.0,0.0,0.0,0.0,0.0,0.0,0.0,0.0,0.0
9.0,13.0,0.0,0.0,0.0,0.0,0.0,0.0,0.0,0.0,0.0,0.0,0.0,0.0,0.0,0.0,0.0,0.0,0.0,0.0,0.0,0.0,0.0,0.0,0.0,0.0,0.0,0.0,0.0
9.0,14.0,0.0,0.0,0.0,0.0,0.0,0.0,0.0,0.0,0.0,0.0,0.0,0.0,0.0,0.0,0.0,0.0,0.0,0.0,0.0,0.0,0.0,0.0,0.0,0.0,0.0,0.0,0.0
9.0,15.0,0.0,0.0,0.0,0.0,0.0,0.0,0.0,0.0,0.0,0.0,0.0,0.0,0.0,0.0,0.0,0.0,0.0,0.0,0.0,0.0,0.0,0.0,0.0,0.0,0.0,0.0,0.0
9.0,16.0,0.0,0.0,0.0,0.0,0.0,0.0,0.0,0.0,0.0,0.0,0.0,0.0,0.0,0.0,0.0,0.0,0.0,0.0,0.0,0.0,0.0,0.0,0.0,0.0,0.0,0.0,0.0
9.0,17.0,0.0,0.0,0.0,0.0,0.0,0.0,0.0,0.0,0.0,0.0,0.0,0.0,0.0,0.0,0.0,0.0,0.0,0.0,0.0,0.0,0.0,0.0,0.0,0.0,0.0,0.0,0.0
9.0,18.0,0.0,0.0,0.0,0.0,0.0,0.0,0.0,0.0,0.0,0.0,0.0,0.0,0.0,0.0,0.0,0.0,0.0,0.0,0.0,0.0,0.0,0.0,0.0,0.0,0.0,0.0,0.0
9.0,19.0,0.0,0.0,0.0,0.0,0.0,0.0,0.0,0.0,0.0,0.0,0.0,0.0,0.0,0.0,0.0,0.0,0.0,0.0,0.0,0.0,0.0,0.0,0.0,0.0,0.0,0.0,0.0
9.0,20.0,0.0,0.0,0.0,0.0,0.0,0.0,0.0,0.0,0.0,0.0,0.0,0.0,0.0,0.0,0.0,0.0,0.0,0.0,0.0,0.0,0.0,0.0,0.0,0.0,0.0,0.0,0.0
9.0,21.0,0.0,0.0,0.0,0.0,0.0,0.0,0.0,0.0,0.0,0.0,0.0,0.0,0.0,0.0,0.0,0.0,0.0,0.0,0.0,0.0,0.0,0.0,0.0,0.0,0.0,0.0,0.0
9.0,22.0,0.0,0.0,0.0,0.0,0.0,0.0,0.0,0.0,0.0,0.0,0.0,0.0,0.0,0.0,0.0,0.0,0.0,0.0,0.0,0.0,0.0,0.0,0.0,0.0,0.0,0.0,0.0
9.0,23.0,0.0,0.0,0.0,0.0,0.0,0.0,0.0,0.0,0.0,0.0,0.0,0.0,0.0,0.0,0.0,0.0,0.0,0.0,0.0,0.0,0.0,0.0,0.0,0.0,0.0,0.0,0.0
9.0,24.0,0.0,0.0,0.0,0.0,0.0,0.0,0.0,0.0,0.0,0.0,0.0,0.0,0.0,0.0,0.0,0.0,0.0,0.0,0.0,0.0,0.0,0.0,0.0,0.0,0.0,0.0,0.0
9.0,25.0,0.0,0.0,0.0,0.0,0.0,0.0,0.0,0.0,0.0,0.0,0.0,0.0,0.0,0.0,0.0,0.0,0.0,0.0,0.0,0.0,0.0,0.0,0.0,0.0,0.0,0.0,0.0
10.0,0.0,0.0,62.16337,1.2716591,1.456823E-5,0.0,0.0,0.055966597,0.01518611,9.932981E-4,55.158115,11.20999,0.0,2.43429,0.0143556185,0.4900628,0.0,0.0,0.0,0.0,215.86523,647.9526,87.89346,334.57736,246.29388,1.2506692,0.0,0.0
10.0,1.0,0.0,1.0228434,0.0,0.0,0.0,0.0,0.0,1.2554084E-4,7.322131,0.0,0.0,0.0,0.0,4.29353,2.7494628,0.0,0.0,0.0,0.0,0.0,0.0,0.0,164.04204,151.14655,56.5532,0.0,0.0
10.0,2.0,0.0,16.483345,0.0,0.0,0.0,0.0,2.2992003E-6,0.014195386,11.916305,0.0,0.0,0.0,0.0,1.786268,10.2375555,0.0,0.0,0.0,0.0,0.0,0.0,0.0,78.43168,89.39564,118.74939,8.754541E-11,0.0
10.0,3.0,0.0,21.231518,0.0,0.0,0.0,0.0,3.8699998E-4,8.0646307E-4,14.920038,0.0,0.0,0.0,0.0,7.641787,9.799989,0.0,0.0,0.0,0.0,0.0,0.0,0.0,44.210945,64.99871,192.36116,0.0016077082,0.0
10.0,4.0,0.0,26.411648,0.0,0.0,0.0,0.0,0.0015680704,6.1427936E-4,45.948845,0.0,0.0,0.0,0.0,5.381809,9.503928,0.0,0.0,0.0,0.0,0.0,0.0,0.0,46.3475,66.19466,347.63367,0.024670074,0.0
10.0,5.0,0.0,30.922588,0.0,0.0,0.0,0.0,0.0036602404,3.31842E-4,40.728653,0.0,0.0,0.0,0.0,4.688252,13.394179,0.0,0.0,0.0,0.0,0.0,0.0,0.0,42.70536,65.3671,426.9846,0.095117696,0.0
10.0,6.0,0.0,31.5387,0.0,0.0,0.0,0.0,0.018628107,0.0016241141,76.179756,0.0,0.0,0.0,0.0,1.3387324,14.356292,0.0,0.0,0.0,0.0,0.0,0.0,0.0,32.907337,52.88869,433.09537,0.12566991,0.0
10.0,7.0,0.0,22.882536,0.0,0.0,0.0,0.0,0.14340848,0.2971831,49.910477,0.0,0.0,0.0,0.0,3.5664382,19.028143,0.0,0.0,0.0,0.0,0.0,0.0,0.0,27.090866,42.00442,342.17896,0.22996421,0.0
10.0,8.0,0.0,34.590923,0.0,0.0,0.0,0.0,1.4056026,0.4575227,47.88528,0.0,0.0,0.0,0.0,1.9129604,5.868117,0.0,0.0,0.0,0.0,0.0,0.0,0.0,24.765863,42.821346,380.113,0.34402612,0.0
10.0,9.0,0.0,141.33177,0.0,0.0,0.0,0.0,5.149675,3.7971156,182.4112,0.0,0.0,0.0,0.0,34.17014,51.512802,0.0,0.0,0.0,0.0,0.0,0.0,0.0,10.416123,200.79207,2356.549,6.390278,0.0
10.0,10.0,0.0,348.25024,0.0,0.0,0.0,0.0,50.17556,56.918243,587.6948,0.0,0.0,0.0,0.0,6.2327003,177.47424,0.0,0.0,0.0,0.0,0.0,0.0,0.0,1.1894808,192.52702,2814.7979,7.3275795,0.0
10.0,11.0,0.0,0.0,0.0,0.0,0.0,0.0,0.0,0.0,0.0,0.0,0.0,0.0,0.0,0.0,0.0,0.0,0.0,0.0,0.0,0.0,0.0,0.0,0.0,0.0,0.0,0.0,0.0
10.0,12.0,0.0,0.0,0.0,0.0,0.0,0.0,0.0,0.0,0.0,0.0,0.0,0.0,0.0,0.0,0.0,0.0,0.0,0.0,0.0,0.0,0.0,0.0,0.0,0.0,0.0,0.0,0.0
10.0,13.0,0.0,0.0,0.0,0.0,0.0,0.0,0.0,0.0,0.0,0.0,0.0,0.0,0.0,0.0,0.0,0.0,0.0,0.0,0.0,0.0,0.0,0.0,0.0,0.0,0.0,0.0,0.0
10.0,14.0,0.0,0.0,0.0,0.0,0.0,0.0,0.0,0.0,0.0,0.0,0.0,0.0,0.0,0.0,0.0,0.0,0.0,0.0,0.0,0.0,0.0,0.0,0.0,0.0,0.0,0.0,0.0
10.0,15.0,0.0,0.0,0.0,0.0,0.0,0.0,0.0,0.0,0.0,0.0,0.0,0.0,0.0,0.0,0.0,0.0,0.0,0.0,0.0,0.0,0.0,0.0,0.0,0.0,0.0,0.0,0.0
10.0,16.0,0.0,0.0,0.0,0.0,0.0,0.0,0.0,0.0,0.0,0.0,0.0,0.0,0.0,0.0,0.0,0.0,0.0,0.0,0.0,0.0,0.0,0.0,0.0,0.0,0.0,0.0,0.0
10.0,17.0,0.0,0.0,0.0,0.0,0.0,0.0,0.0,0.0,0.0,0.0,0.0,0.0,0.0,0.0,0.0,0.0,0.0,0.0,0.0,0.0,0.0,0.0,0.0,0.0,0.0,0.0,0.0
10.0,18.0,0.0,0.0,0.0,0.0,0.0,0.0,0.0,0.0,0.0,0.0,0.0,0.0,0.0,0.0,0.0,0.0,0.0,0.0,0.0,0.0,0.0,0.0,0.0,0.0,0.0,0.0,0.0
10.0,19.0,0.0,0.0,0.0,0.0,0.0,0.0,0.0,0.0,0.0,0.0,0.0,0.0,0.0,0.0,0.0,0.0,0.0,0.0,0.0,0.0,0.0,0.0,0.0,0.0,0.0,0.0,0.0
10.0,20.0,0.0,0.0,0.0,0.0,0.0,0.0,0.0,0.0,0.0,0.0,0.0,0.0,0.0,0.0,0.0,0.0,0.0,0.0,0.0,0.0,0.0,0.0,0.0,0.0,0.0,0.0,0.0
10.0,21.0,0.0,0.0,0.0,0.0,0.0,0.0,0.0,0.0,0.0,0.0,0.0,0.0,0.0,0.0,0.0,0.0,0.0,0.0,0.0,0.0,0.0,0.0,0.0,0.0,0.0,0.0,0.0
10.0,22.0,0.0,0.0,0.0,0.0,0.0,0.0,0.0,0.0,0.0,0.0,0.0,0.0,0.0,0.0,0.0,0.0,0.0,0.0,0.0,0.0,0.0,0.0,0.0,0.0,0.0,0.0,0.0
10.0,23.0,0.0,0.0,0.0,0.0,0.0,0.0,0.0,0.0,0.0,0.0,0.0,0.0,0.0,0.0,0.0,0.0,0.0,0.0,0.0,0.0,0.0,0.0,0.0,0.0,0.0,0.0,0.0
10.0,24.0,0.0,0.0,0.0,0.0,0.0,0.0,0.0,0.0,0.0,0.0,0.0,0.0,0.0,0.0,0.0,0.0,0.0,0.0,0.0,0.0,0.0,0.0,0.0,0.0,0.0,0.0,0.0
10.0,25.0,0.0,0.0,0.0,0.0,0.0,0.0,0.0,0.0,0.0,0.0,0.0,0.0,0.0,0.0,0.0,0.0,0.0,0.0,0.0,0.0,0.0,0.0,0.0,0.0,0.0,0.0,0.0
11.0,0.0,0.0,49.926163,7.7669415,2.5234897E-6,0.0,0.0,0.12230999,0.00573528,0.0,59.346058,18.428024,0.0,11.502017,0.005282097,0.00431926,0.0,0.0,0.0,0.0,212.1626,738.1096,93.27956,362.02472,255.60956,0.7881386,0.0,0.0
11.0,1.0,0.0,0.8815411,0.0,0.0,0.0,0.0,0.0,0.0,3.4368305,0.0,0.0,0.0,0.0,2.8792238,0.8956464,0.0,0.0,0.0,0.0,0.0,0.0,0.0,178.5794,166.01201,35.45307,0.0,0.0
11.0,2.0,0.0,8.075921,0.0,0.0,0.0,0.0,0.0,0.0,12.189799,0.0,0.0,0.0,0.0,0.16937543,3.6957624,0.0,0.0,0.0,0.0,0.0,0.0,0.0,73.156624,96.77109,146.14813,0.0,0.0
11.0,3.0,0.0,33.90453,0.0,0.0,0.0,0.0,0.036973372,0.0,32.275047,0.0,0.0,0.0,0.0,0.043280493,21.339209,0.0,0.0,0.0,0.0,0.0,0.0,0.0,49.24989,66.402374,231.61847,0.0073171654,0.0
11.0,4.0,0.0,20.552397,0.0,0.0,0.0,0.0,0.019658428,0.0,19.659962,0.0,0.0,0.0,0.0,1.011432,9.413161,0.0,0.0,0.0,0.0,0.0,0.0,0.0,42.22916,65.06003,304.95694,0.027754672,0.0
11.0,5.0,0.0,63.607124,0.0,0.0,0.0,0.0,0.19829401,3.8792336E-5,49.91553,0.0,0.0,0.0,0.0,1.216025,11.942467,0.0,0.0,0.0,0.0,0.0,0.0,0.0,35.861153,58.19943,446.99097,0.07186068,0.0
11.0,6.0,0.0,40.36628,0.0,0.0,0.0,0.0,0.85936564,0.00678214,32.758545,0.0,0.0,0.0,0.0,1.0276145,20.343363,0.0,0.0,0.0,0.0,0.0,0.0,0.0,33.681225,62.2484,527.8543,0.19136812,0.0
11.0,7.0,0.0,47.73904,0.0,0.0,0.0,0.0,5.022086,2.8754434E-5,45.278175,0.0,0.0,0.0,0.0,1.5996796,21.994358,0.0,0.0,0.0,0.0,0.0,0.0,0.0,28.870586,54.62752,501.57053,0.2280532,0.0
11.0,8.0,0.0,39.943657,0.0,0.0,0.0,0.0,3.12769,4.8231668E-4,50.341003,0.0,0.0,0.0,0.0,0.011874317,7.5888085,0.0,0.0,0.0,0.0,0.0,0.0,0.0,19.716692,40.99377,372.39923,0.3043478,0.0
11.0,9.0,0.0,28.881819,0.0,0.0,0.0,0.0,0.644043,0.10584619,57.20777,0.0,0.0,0.0,0.0,0.45944452,12.0839815,0.0,0.0,0.0,0.0,0.0,0.0,0.0,13.639697,37.929153,411.39194,0.540265,0.0
11.0,10.0,0.0,161.09254,0.0,0.0,0.0,0.0,8.093894,6.568057,160.76297,0.0,0.0,0.0,0.0,0.92948794,27.496552,0.0,0.0,0.0,0.0,0.0,0.0,0.0,7.5798903,188.03111,2175.0474,6.9411654,0.0
11.0,11.0,0.0,0.0,0.0,0.0,0.0,0.0,0.0,0.0,0.0,0.0,0.0,0.0,0.0,0.0,0.0,0.0,0.0,0.0,0.0,0.0,0.0,0.0,0.0,0.0,0.0,0.0,0.0
11.0,12.0,0.0,0.0,0.0,0.0,0.0,0.0,0.0,0.0,0.0,0.0,0.0,0.0,0.0,0.0,0.0,0.0,0.0,0.0,0.0,0.0,0.0,0.0,0.0,0.0,0.0,0.0,0.0
11.0,13.0,0.0,0.0,0.0,0.0,0.0,0.0,0.0,0.0,0.0,0.0,0.0,0.0,0.0,0.0,0.0,0.0,0.0,0.0,0.0,0.0,0.0,0.0,0.0,0.0,0.0,0.0,0.0
11.0,14.0,0.0,0.0,0.0,0.0,0.0,0.0,0.0,0.0,0.0,0.0,0.0,0.0,0.0,0.0,0.0,0.0,0.0,0.0,0.0,0.0,0.0,0.0,0.0,0.0,0.0,0.0,0.0
11.0,15.0,0.0,0.0,0.0,0.0,0.0,0.0,0.0,0.0,0.0,0.0,0.0,0.0,0.0,0.0,0.0,0.0,0.0,0.0,0.0,0.0,0.0,0.0,0.0,0.0,0.0,0.0,0.0
11.0,16.0,0.0,0.0,0.0,0.0,0.0,0.0,0.0,0.0,0.0,0.0,0.0,0.0,0.0,0.0,0.0,0.0,0.0,0.0,0.0,0.0,0.0,0.0,0.0,0.0,0.0,0.0,0.0
11.0,17.0,0.0,0.0,0.0,0.0,0.0,0.0,0.0,0.0,0.0,0.0,0.0,0.0,0.0,0.0,0.0,0.0,0.0,0.0,0.0,0.0,0.0,0.0,0.0,0.0,0.0,0.0,0.0
11.0,18.0,0.0,0.0,0.0,0.0,0.0,0.0,0.0,0.0,0.0,0.0,0.0,0.0,0.0,0.0,0.0,0.0,0.0,0.0,0.0,0.0,0.0,0.0,0.0,0.0,0.0,0.0,0.0
11.0,19.0,0.0,0.0,0.0,0.0,0.0,0.0,0.0,0.0,0.0,0.0,0.0,0.0,0.0,0.0,0.0,0.0,0.0,0.0,0.0,0.0,0.0,0.0,0.0,0.0,0.0,0.0,0.0
11.0,20.0,0.0,0.0,0.0,0.0,0.0,0.0,0.0,0.0,0.0,0.0,0.0,0.0,0.0,0.0,0.0,0.0,0.0,0.0,0.0,0.0,0.0,0.0,0.0,0.0,0.0,0.0,0.0
11.0,21.0,0.0,0.0,0.0,0.0,0.0,0.0,0.0,0.0,0.0,0.0,0.0,0.0,0.0,0.0,0.0,0.0,0.0,0.0,0.0,0.0,0.0,0.0,0.0,0.0,0.0,0.0,0.0
11.0,22.0,0.0,0.0,0.0,0.0,0.0,0.0,0.0,0.0,0.0,0.0,0.0,0.0,0.0,0.0,0.0,0.0,0.0,0.0,0.0,0.0,0.0,0.0,0.0,0.0,0.0,0.0,0.0
11.0,23.0,0.0,0.0,0.0,0.0,0.0,0.0,0.0,0.0,0.0,0.0,0.0,0.0,0.0,0.0,0.0,0.0,0.0,0.0,0.0,0.0,0.0,0.0,0.0,0.0,0.0,0.0,0.0
11.0,24.0,0.0,0.0,0.0,0.0,0.0,0.0,0.0,0.0,0.0,0.0,0.0,0.0,0.0,0.0,0.0,0.0,0.0,0.0,0.0,0.0,0.0,0.0,0.0,0.0,0.0,0.0,0.0
11.0,25.0,0.0,0.0,0.0,0.0,0.0,0.0,0.0,0.0,0.0,0.0,0.0,0.0,0.0,0.0,0.0,0.0,0.0,0.0,0.0,0.0,0.0,0.0,0.0,0.0,0.0,0.0,0.0
12.0,0.0,0.0,28.972498,2.7932494,7.980974E-6,0.0,0.0,0.05883339,0.0034528568,3.7229678E-4,59.31008,9.198211,0.0,7.415843,0.010614544,1.1981734,0.0,0.0,0.0,0.0,146.351,483.80743,74.0681,246.57684,181.94855,0.11128335,0.0,0.0
12.0,1.0,0.0,2.7589118,0.0,0.0,0.0,0.0,0.0,0.0,1.2325587,0.0,0.0,0.0,0.0,5.269682,4.1803646,0.0,0.0,0.0,0.0,0.0,0.0,0.0,162.9859,168.5512,63.33747,0.0,0.0
12.0,2.0,0.0,10.353386,0.0,0.0,0.0,0.0,0.0,0.0,6.4115915,0.0,0.0,0.0,0.0,4.090625,8.235244,0.0,0.0,0.0,0.0,0.0,0.0,0.0,102.74962,113.78358,153.73009,0.0,0.0
12.0,3.0,0.0,2.6382384,0.0,0.0,0.0,0.0,7.7212354E-7,2.1207163E-5,18.775688,0.0,0.0,0.0,0.0,4.7756743,7.471585,0.0,0.0,0.0,0.0,0.0,0.0,0.0,47.863956,74.444756,266.523,0.002763119,0.0
12.0,4.0,0.0,18.372093,0.0,0.0,0.0,0.0,0.95799655,1.1846956,39.87376,0.0,0.0,0.0,0.0,3.0555537,13.489554,0.0,0.0,0.0,0.0,0.0,0.0,0.0,38.357697,63.589275,407.2849,0.01911505,0.0
12.0,5.0,0.0,16.559017,0.0,0.0,0.0,0.0,8.239925E-4,5.7575744E-5,45.007843,0.0,0.0,0.0,0.0,5.243572,8.612368,0.0,0.0,0.0,0.0,0.0,0.0,0.0,32.693516,61.44705,450.27048,0.080967955,0.0
12.0,6.0,0.0,29.443115,0.0,0.0,0.0,0.0,2.0340095,0.044766754,73.43411,0.0,0.0,0.0,0.0,3.5644414,14.599112,0.0,0.0,0.0,0.0,0.0,0.0,0.0,36.26817,61.998775,523.0283,0.14551704,0.0
12.0,7.0,0.0,31.808254,0.0,0.0,0.0,0.0,0.6228569,0.19014116,96.33715,0.0,0.0,0.0,0.0,9.282495,12.680086,0.0,0.0,0.0,0.0,0.0,0.0,0.0,26.846773,57.978085,574.2598,0.2785528,0.0
12.0,8.0,0.0,35.332806,0.0,0.0,0.0,0.0,0.13261503,0.06308154,61.183506,0.0,0.0,0.0,0.0,2.9275668,14.103383,0.0,0.0,0.0,0.0,0.0,0.0,0.0,26.759144,57.748505,573.28674,0.34939256,0.0
12.0,9.0,0.0,24.739788,0.0,0.0,0.0,0.0,2.0159268,0.04792992,54.042843,0.0,0.0,0.0,0.0,5.7248044,7.225089,0.0,0.0,0.0,0.0,0.0,0.0,0.0,17.7408,40.13961,409.01868,0.3862104,0.0
12.0,10.0,0.0,20.584833,0.0,0.0,0.0,0.0,1.5848873,1.1891441,37.119778,0.0,0.0,0.0,0.0,4.8045187,10.737928,0.0,0.0,0.0,0.0,0.0,0.0,0.0,16.201069,39.593945,407.9485,0.52730346,0.0
12.0,11.0,0.0,0.0,0.0,0.0,0.0,0.0,0.0,0.0,0.0,0.0,0.0,0.0,0.0,0.0,0.0,0.0,0.0,0.0,0.0,0.0,0.0,0.0,0.0,0.0,0.0,0.0,0.0
12.0,12.0,0.0,0.0,0.0,0.0,0.0,0.0,0.0,0.0,0.0,0.0,0.0,0.0,0.0,0.0,0.0,0.0,0.0,0.0,0.0,0.0,0.0,0.0,0.0,0.0,0.0,0.0,0.0
12.0,13.0,0.0,0.0,0.0,0.0,0.0,0.0,0.0,0.0,0.0,0.0,0.0,0.0,0.0,0.0,0.0,0.0,0.0,0.0,0.0,0.0,0.0,0.0,0.0,0.0,0.0,0.0,0.0
12.0,14.0,0.0,0.0,0.0,0.0,0.0,0.0,0.0,0.0,0.0,0.0,0.0,0.0,0.0,0.0,0.0,0.0,0.0,0.0,0.0,0.0,0.0,0.0,0.0,0.0,0.0,0.0,0.0
12.0,15.0,0.0,0.0,0.0,0.0,0.0,0.0,0.0,0.0,0.0,0.0,0.0,0.0,0.0,0.0,0.0,0.0,0.0,0.0,0.0,0.0,0.0,0.0,0.0,0.0,0.0,0.0,0.0
12.0,16.0,0.0,0.0,0.0,0.0,0.0,0.0,0.0,0.0,0.0,0.0,0.0,0.0,0.0,0.0,0.0,0.0,0.0,0.0,0.0,0.0,0.0,0.0,0.0,0.0,0.0,0.0,0.0
12.0,17.0,0.0,0.0,0.0,0.0,0.0,0.0,0.0,0.0,0.0,0.0,0.0,0.0,0.0,0.0,0.0,0.0,0.0,0.0,0.0,0.0,0.0,0.0,0.0,0.0,0.0,0.0,0.0
12.0,18.0,0.0,0.0,0.0,0.0,0.0,0.0,0.0,0.0,0.0,0.0,0.0,0.0,0.0,0.0,0.0,0.0,0.0,0.0,0.0,0.0,0.0,0.0,0.0,0.0,0.0,0.0,0.0
12.0,19.0,0.0,0.0,0.0,0.0,0.0,0.0,0.0,0.0,0.0,0.0,0.0,0.0,0.0,0.0,0.0,0.0,0.0,0.0,0.0,0.0,0.0,0.0,0.0,0.0,0.0,0.0,0.0
12.0,20.0,0.0,0.0,0.0,0.0,0.0,0.0,0.0,0.0,0.0,0.0,0.0,0.0,0.0,0.0,0.0,0.0,0.0,0.0,0.0,0.0,0.0,0.0,0.0,0.0,0.0,0.0,0.0
12.0,21.0,0.0,0.0,0.0,0.0,0.0,0.0,0.0,0.0,0.0,0.0,0.0,0.0,0.0,0.0,0.0,0.0,0.0,0.0,0.0,0.0,0.0,0.0,0.0,0.0,0.0,0.0,0.0
12.0,22.0,0.0,0.0,0.0,0.0,0.0,0.0,0.0,0.0,0.0,0.0,0.0,0.0,0.0,0.0,0.0,0.0,0.0,0.0,0.0,0.0,0.0,0.0,0.0,0.0,0.0,0.0,0.0
12.0,23.0,0.0,0.0,0.0,0.0,0.0,0.0,0.0,0.0,0.0,0.0,0.0,0.0,0.0,0.0,0.0,0.0,0.0,0.0,0.0,0.0,0.0,0.0,0.0,0.0,0.0,0.0,0.0
12.0,24.0,0.0,0.0,0.0,0.0,0.0,0.0,0.0,0.0,0.0,0.0,0.0,0.0,0.0,0.0,0.0,0.0,0.0,0.0,0.0,0.0,0.0,0.0,0.0,0.0,0.0,0.0,0.0
12.0,25.0,0.0,0.0,0.0,0.0,0.0,0.0,0.0,0.0,0.0,0.0,0.0,0.0,0.0,0.0,0.0,0.0,0.0,0.0,0.0,0.0,0.0,0.0,0.0,0.0,0.0,0.0,0.0
13.0,0.0,0.0,33.32085,4.386414,1.2900024E-6,0.0,0.0,0.069668256,0.0031529327,0.0,18.519545,11.605931,0.0,4.646983,1.584427E-5,8.000414E-4,0.0,0.0,0.0,0.0,145.98674,525.69995,111.94384,272.32404,203.4493,0.41047323,0.0,0.0
13.0,1.0,0.0,4.7126555,0.0,0.0,0.0,0.0,0.0,0.0,5.879557,0.0,0.0,0.0,0.0,0.024695989,1.7194078,0.0,0.0,0.0,0.0,0.0,0.0,0.0,145.86917,151.51006,54.373943,0.0,0.0
13.0,2.0,0.0,1.7200434,0.0,0.0,0.0,0.0,1.6291566E-5,0.0,9.08662,0.0,0.0,0.0,0.0,0.0072087534,12.206197,0.0,0.0,0.0,0.0,0.0,0.0,0.0,105.647995,137.51736,217.67345,7.9594366E-7,0.0
13.0,3.0,0.0,6.3922114,0.0,0.0,0.0,0.0,0.044198994,0.0,41.777355,0.0,0.0,0.0,0.0,0.020388339,22.752787,0.0,0.0,0.0,0.0,0.0,0.0,0.0,63.88778,92.986824,293.99417,0.005115352,0.0
13.0,4.0,0.0,19.180603,0.0,0.0,0.0,0.0,1.9945992E-4,1.2181383E-4,46.424873,0.0,0.0,0.0,0.0,0.014949555,9.071748,0.0,0.0,0.0,0.0,0.0,0.0,0.0,32.957016,61.68786,402.33603,0.045535386,0.0
13.0,5.0,0.0,30.060589,0.0,0.0,0.0,0.0,3.7042555E-4,0.086617485,73.79196,0.0,0.0,0.0,0.0,0.016407792,31.374231,0.0,0.0,0.0,0.0,0.0,0.0,0.0,33.37986,59.341923,479.93234,0.14587712,0.0
13.0,6.0,0.0,26.151905,0.0,0.0,0.0,0.0,0.44001955,0.0044896444,76.879814,0.0,0.0,0.0,0.0,0.0108719235,29.401463,0.0,0.0,0.0,0.0,0.0,0.0,0.0,28.244354,59.39093,511.4949,0.2169952,0.0
13.0,7.0,0.0,48.055393,0.0,0.0,0.0,0.0,0.47508544,0.22256027,84.36507,0.0,0.0,0.0,0.0,0.018647753,14.879418,0.0,0.0,0.0,0.0,0.0,0.0,0.0,27.328358,59.235264,621.4181,0.29374102,0.0
13.0,8.0,0.0,21.118929,0.0,0.0,0.0,0.0,0.32520637,0.018871462,84.97693,0.0,0.0,0.0,0.0,0.029590769,19.056562,0.0,0.0,0.0,0.0,0.0,0.0,0.0,27.526426,62.56725,618.6055,0.51259756,0.0
13.0,9.0,0.0,36.310146,0.0,0.0,0.0,0.0,1.6235845,2.6985712,74.847206,0.0,0.0,0.0,0.0,0.018667484,17.193926,0.0,0.0,0.0,0.0,0.0,0.0,0.0,22.743538,52.452904,561.8072,0.4573017,0.0
13.0,10.0,0.0,17.399921,0.0,0.0,0.0,0.0,0.52338475,0.06476149,39.614853,0.0,0.0,0.0,0.0,0.31126723,9.430547,0.0,0.0,0.0,0.0,0.0,0.0,0.0,16.792982,40.87294,422.0311,0.44097438,0.0
13.0,11.0,0.0,0.0,0.0,0.0,0.0,0.0,0.0,0.0,0.0,0.0,0.0,0.0,0.0,0.0,0.0,0.0,0.0,0.0,0.0,0.0,0.0,0.0,0.0,0.0,0.0,0.0,0.0
13.0,12.0,0.0,0.0,0.0,0.0,0.0,0.0,0.0,0.0,0.0,0.0,0.0,0.0,0.0,0.0,0.0,0.0,0.0,0.0,0.0,0.0,0.0,0.0,0.0,0.0,0.0,0.0,0.0
13.0,13.0,0.0,0.0,0.0,0.0,0.0,0.0,0.0,0.0,0.0,0.0,0.0,0.0,0.0,0.0,0.0,0.0,0.0,0.0,0.0,0.0,0.0,0.0,0.0,0.0,0.0,0.0,0.0
13.0,14.0,0.0,0.0,0.0,0.0,0.0,0.0,0.0,0.0,0.0,0.0,0.0,0.0,0.0,0.0,0.0,0.0,0.0,0.0,0.0,0.0,0.0,0.0,0.0,0.0,0.0,0.0,0.0
13.0,15.0,0.0,0.0,0.0,0.0,0.0,0.0,0.0,0.0,0.0,0.0,0.0,0.0,0.0,0.0,0.0,0.0,0.0,0.0,0.0,0.0,0.0,0.0,0.0,0.0,0.0,0.0,0.0
13.0,16.0,0.0,0.0,0.0,0.0,0.0,0.0,0.0,0.0,0.0,0.0,0.0,0.0,0.0,0.0,0.0,0.0,0.0,0.0,0.0,0.0,0.0,0.0,0.0,0.0,0.0,0.0,0.0
13.0,17.0,0.0,0.0,0.0,0.0,0.0,0.0,0.0,0.0,0.0,0.0,0.0,0.0,0.0,0.0,0.0,0.0,0.0,0.0,0.0,0.0,0.0,0.0,0.0,0.0,0.0,0.0,0.0
13.0,18.0,0.0,0.0,0.0,0.0,0.0,0.0,0.0,0.0,0.0,0.0,0.0,0.0,0.0,0.0,0.0,0.0,0.0,0.0,0.0,0.0,0.0,0.0,0.0,0.0,0.0,0.0,0.0
13.0,19.0,0.0,0.0,0.0,0.0,0.0,0.0,0.0,0.0,0.0,0.0,0.0,0.0,0.0,0.0,0.0,0.0,0.0,0.0,0.0,0.0,0.0,0.0,0.0,0.0,0.0,0.0,0.0
13.0,20.0,0.0,0.0,0.0,0.0,0.0,0.0,0.0,0.0,0.0,0.0,0.0,0.0,0.0,0.0,0.0,0.0,0.0,0.0,0.0,0.0,0.0,0.0,0.0,0.0,0.0,0.0,0.0
13.0,21.0,0.0,0.0,0.0,0.0,0.0,0.0,0.0,0.0,0.0,0.0,0.0,0.0,0.0,0.0,0.0,0.0,0.0,0.0,0.0,0.0,0.0,0.0,0.0,0.0,0.0,0.0,0.0
13.0,22.0,0.0,0.0,0.0,0.0,0.0,0.0,0.0,0.0,0.0,0.0,0.0,0.0,0.0,0.0,0.0,0.0,0.0,0.0,0.0,0.0,0.0,0.0,0.0,0.0,0.0,0.0,0.0
13.0,23.0,0.0,0.0,0.0,0.0,0.0,0.0,0.0,0.0,0.0,0.0,0.0,0.0,0.0,0.0,0.0,0.0,0.0,0.0,0.0,0.0,0.0,0.0,0.0,0.0,0.0,0.0,0.0
13.0,24.0,0.0,0.0,0.0,0.0,0.0,0.0,0.0,0.0,0.0,0.0,0.0,0.0,0.0,0.0,0.0,0.0,0.0,0.0,0.0,0.0,0.0,0.0,0.0,0.0,0.0,0.0,0.0
13.0,25.0,0.0,0.0,0.0,0.0,0.0,0.0,0.0,0.0,0.0,0.0,0.0,0.0,0.0,0.0,0.0,0.0,0.0,0.0,0.0,0.0,0.0,0.0,0.0,0.0,0.0,0.0,0.0
14.0,0.0,0.0,19.9632,5.006224,6.169795E-7,0.0,0.0,0.05729811,0.002565594,0.020402335,37.968155,8.238492,0.0,1.151389,8.6128747E-4,0.08519371,0.0,0.0,0.0,0.0,134.05727,439.4847,65.63605,272.69406,210.8841,0.1203892,0.0,0.0
14.0,1.0,0.0,8.895418,0.0,0.0,0.0,0.0,0.0,0.0,3.6375628,0.0,0.0,0.0,0.0,1.8306707,3.0315766,0.0,0.0,0.0,0.0,0.0,0.0,0.0,139.37738,125.6508,50.857983,0.0,0.0
14.0,2.0,0.0,13.278106,0.0,0.0,0.0,0.0,0.0,0.0,10.728275,0.0,0.0,0.0,0.0,2.1020741,7.1646843,0.0,0.0,0.0,0.0,0.0,0.0,0.0,60.769505,89.17615,186.77934,1.1038225E-7,0.0
14.0,3.0,0.0,9.94646,0.0,0.0,0.0,0.0,2.6404732E-4,1.7422308E-5,25.60123,0.0,0.0,0.0,0.0,4.800402,36.603577,0.0,0.0,0.0,0.0,0.0,0.0,0.0,61.78203,98.22864,381.77393,0.01741574,0.0
14.0,4.0,0.0,31.678469,0.0,0.0,0.0,0.0,0.19476147,0.021577945,44.97865,0.0,0.0,0.0,0.0,3.1152456,26.35893,0.0,0.0,0.0,0.0,0.0,0.0,0.0,43.725716,70.35075,409.46915,0.07657298,0.0
14.0,5.0,0.0,35.571377,0.0,0.0,0.0,0.0,0.0046943785,0.052168734,72.794785,0.0,0.0,0.0,0.0,5.4868336,10.518086,0.0,0.0,0.0,0.0,0.0,0.0,0.0,29.540846,59.70265,528.38947,0.14237326,0.0
14.0,6.0,0.0,21.955492,0.0,0.0,0.0,0.0,3.222095,9.956243E-4,97.35657,0.0,0.0,0.0,0.0,0.65775245,39.48562,0.0,0.0,0.0,0.0,0.0,0.0,0.0,28.19935,59.96338,613.3539,0.20541821,0.0
14.0,7.0,0.0,22.285112,0.0,0.0,0.0,0.0,0.3599831,0.008102032,78.966,0.0,0.0,0.0,0.0,3.1111488,35.73168,0.0,0.0,0.0,0.0,0.0,0.0,0.0,25.475718,58.881298,546.8202,0.26843986,0.0
14.0,8.0,0.0,16.303312,0.0,0.0,0.0,0.0,0.10626841,0.0052460195,88.23835,0.0,0.0,0.0,0.0,4.943112,17.842117,0.0,0.0,0.0,0.0,0.0,0.0,0.0,25.49562,62.82571,658.0092,0.40000784,0.0
14.0,9.0,0.0,33.10188,0.0,0.0,0.0,0.0,0.23032145,0.389018,98.165634,0.0,0.0,0.0,0.0,5.2666774,21.352251,0.0,0.0,0.0,0.0,0.0,0.0,0.0,16.557657,52.506916,649.61633,0.63880515,0.0
14.0,10.0,0.0,27.582361,0.0,0.0,0.0,0.0,1.4045689,1.1524264,91.32919,0.0,0.0,0.0,0.0,3.8199162,28.561157,0.0,0.0,0.0,0.0,0.0,0.0,0.0,17.131641,47.443966,577.7138,0.6088843,0.0
14.0,11.0,0.0,0.0,0.0,0.0,0.0,0.0,0.0,0.0,0.0,0.0,0.0,0.0,0.0,0.0,0.0,0.0,0.0,0.0,0.0,0.0,0.0,0.0,0.0,0.0,0.0,0.0,0.0
14.0,12.0,0.0,0.0,0.0,0.0,0.0,0.0,0.0,0.0,0.0,0.0,0.0,0.0,0.0,0.0,0.0,0.0,0.0,0.0,0.0,0.0,0.0,0.0,0.0,0.0,0.0,0.0,0.0
14.0,13.0,0.0,0.0,0.0,0.0,0.0,0.0,0.0,0.0,0.0,0.0,0.0,0.0,0.0,0.0,0.0,0.0,0.0,0.0,0.0,0.0,0.0,0.0,0.0,0.0,0.0,0.0,0.0
14.0,14.0,0.0,0.0,0.0,0.0,0.0,0.0,0.0,0.0,0.0,0.0,0.0,0.0,0.0,0.0,0.0,0.0,0.0,0.0,0.0,0.0,0.0,0.0,0.0,0.0,0.0,0.0,0.0
14.0,15.0,0.0,0.0,0.0,0.0,0.0,0.0,0.0,0.0,0.0,0.0,0.0,0.0,0.0,0.0,0.0,0.0,0.0,0.0,0.0,0.0,0.0,0.0,0.0,0.0,0.0,0.0,0.0
14.0,16.0,0.0,0.0,0.0,0.0,0.0,0.0,0.0,0.0,0.0,0.0,0.0,0.0,0.0,0.0,0.0,0.0,0.0,0.0,0.0,0.0,0.0,0.0,0.0,0.0,0.0,0.0,0.0
14.0,17.0,0.0,0.0,0.0,0.0,0.0,0.0,0.0,0.0,0.0,0.0,0.0,0.0,0.0,0.0,0.0,0.0,0.0,0.0,0.0,0.0,0.0,0.0,0.0,0.0,0.0,0.0,0.0
14.0,18.0,0.0,0.0,0.0,0.0,0.0,0.0,0.0,0.0,0.0,0.0,0.0,0.0,0.0,0.0,0.0,0.0,0.0,0.0,0.0,0.0,0.0,0.0,0.0,0.0,0.0,0.0,0.0
14.0,19.0,0.0,0.0,0.0,0.0,0.0,0.0,0.0,0.0,0.0,0.0,0.0,0.0,0.0,0.0,0.0,0.0,0.0,0.0,0.0,0.0,0.0,0.0,0.0,0.0,0.0,0.0,0.0
14.0,20.0,0.0,0.0,0.0,0.0,0.0,0.0,0.0,0.0,0.0,0.0,0.0,0.0,0.0,0.0,0.0,0.0,0.0,0.0,0.0,0.0,0.0,0.0,0.0,0.0,0.0,0.0,0.0
14.0,21.0,0.0,0.0,0.0,0.0,0.0,0.0,0.0,0.0,0.0,0.0,0.0,0.0,0.0,0.0,0.0,0.0,0.0,0.0,0.0,0.0,0.0,0.0,0.0,0.0,0.0,0.0,0.0
14.0,22.0,0.0,0.0,0.0,0.0,0.0,0.0,0.0,0.0,0.0,0.0,0.0,0.0,0.0,0.0,0.0,0.0,0.0,0.0,0.0,0.0,0.0,0.0,0.0,0.0,0.0,0.0,0.0
14.0,23.0,0.0,0.0,0.0,0.0,0.0,0.0,0.0,0.0,0.0,0.0,0.0,0.0,0.0,0.0,0.0,0.0,0.0,0.0,0.0,0.0,0.0,0.0,0.0,0.0,0.0,0.0,0.0
14.0,24.0,0.0,0.0,0.0,0.0,0.0,0.0,0.0,0.0,0.0,0.0,0.0,0.0,0.0,0.0,0.0,0.0,0.0,0.0,0.0,0.0,0.0,0.0,0.0,0.0,0.0,0.0,0.0
14.0,25.0,0.0,0.0,0.0,0.0,0.0,0.0,0.0,0.0,0.0,0.0,0.0,0.0,0.0,0.0,0.0,0.0,0.0,0.0,0.0,0.0,0.0,0.0,0.0,0.0,0.0,0.0,0.0
15.0,0.0,0.0,52.871616,1.8436326,9.768056E-10,0.0,0.0,0.026987297,0.007913586,0.0,63.526264,17.328333,0.0,7.2884965,8.8902353E-4,0.038658343,0.0,0.0,0.0,0.0,184.30144,621.3878,89.97821,312.6059,220.69768,0.036325395,0.0,0.0
15.0,1.0,0.0,3.1589046,0.0,0.0,0.0,0.0,0.0,0.0,4.9125614,0.0,0.0,0.0,0.0,0.09627219,2.766192,0.0,0.0,0.0,0.0,0.0,0.0,0.0,138.21242,138.28297,38.397137,0.0,0.0
15.0,2.0,0.0,3.6837654,0.0,0.0,0.0,0.0,1.8410758E-5,0.0,8.295467,0.0,0.0,0.0,0.0,0.23473537,2.010068,0.0,0.0,0.0,0.0,0.0,0.0,0.0,61.134064,68.864685,144.27454,0.0,0.0
15.0,3.0,0.0,25.386354,0.0,0.0,0.0,0.0,4.7029655E-8,0.0036214958,37.217293,0.0,0.0,0.0,0.0,0.70611304,3.273207,0.0,0.0,0.0,0.0,0.0,0.0,0.0,39.03432,69.670006,365.57452,0.012533695,0.0
15.0,4.0,0.0,30.40437,0.0,0.0,0.0,0.0,0.21028827,0.025272345,64.67668,0.0,0.0,0.0,0.0,0.43382818,18.19564,0.0,0.0,0.0,0.0,0.0,0.0,0.0,49.841816,87.23937,566.8586,0.08191346,0.0
15.0,5.0,0.0,47.794373,0.0,0.0,0.0,0.0,0.42366138,0.05332584,91.07452,0.0,0.0,0.0,0.0,0.00863507,12.315218,0.0,0.0,0.0,0.0,0.0,0.0,0.0,36.138805,64.78057,536.2389,0.23211673,0.0
15.0,6.0,0.0,25.130604,0.0,0.0,0.0,0.0,1.7019011,0.48761746,71.324104,0.0,0.0,0.0,0.0,0.702055,19.491283,0.0,0.0,0.0,0.0,0.0,0.0,0.0,28.20919,63.603798,649.3696,0.2599438,0.0
15.0,7.0,0.0,50.91908,0.0,0.0,0.0,0.0,0.20175998,0.4541142,88.11327,0.0,0.0,0.0,0.0,1.2256097,14.55177,0.0,0.0,0.0,0.0,0.0,0.0,0.0,28.233229,60.201187,641.2249,0.35630977,0.0
15.0,8.0,0.0,30.569601,0.0,0.0,0.0,0.0,0.12794669,0.799377,73.27593,0.0,0.0,0.0,0.0,0.014032,9.189828,0.0,0.0,0.0,0.0,0.0,0.0,0.0,22.292067,55.90995,584.28436,0.4242371,0.0
15.0,9.0,0.0,28.2329,0.0,0.0,0.0,0.0,1.6323692,0.57603234,99.15853,0.0,0.0,0.0,0.0,2.32361,28.031393,0.0,0.0,0.0,0.0,0.0,0.0,0.0,23.412056,60.276573,640.7298,0.63097507,0.0
15.0,10.0,0.0,27.079762,0.0,0.0,0.0,0.0,1.4388782,0.305894,96.93812,0.0,0.0,0.0,0.0,0.7540657,19.318348,0.0,0.0,0.0,0.0,0.0,0.0,0.0,20.386976,55.106544,645.58984,0.84383446,0.0
15.0,11.0,0.0,0.0,0.0,0.0,0.0,0.0,0.0,0.0,0.0,0.0,0.0,0.0,0.0,0.0,0.0,0.0,0.0,0.0,0.0,0.0,0.0,0.0,0.0,0.0,0.0,0.0,0.0
15.0,12.0,0.0,0.0,0.0,0.0,0.0,0.0,0.0,0.0,0.0,0.0,0.0,0.0,0.0,0.0,0.0,0.0,0.0,0.0,0.0,0.0,0.0,0.0,0.0,0.0,0.0,0.0,0.0
15.0,13.0,0.0,0.0,0.0,0.0,0.0,0.0,0.0,0.0,0.0,0.0,0.0,0.0,0.0,0.0,0.0,0.0,0.0,0.0,0.0,0.0,0.0,0.0,0.0,0.0,0.0,0.0,0.0
15.0,14.0,0.0,0.0,0.0,0.0,0.0,0.0,0.0,0.0,0.0,0.0,0.0,0.0,0.0,0.0,0.0,0.0,0.0,0.0,0.0,0.0,0.0,0.0,0.0,0.0,0.0,0.0,0.0
15.0,15.0,0.0,0.0,0.0,0.0,0.0,0.0,0.0,0.0,0.0,0.0,0.0,0.0,0.0,0.0,0.0,0.0,0.0,0.0,0.0,0.0,0.0,0.0,0.0,0.0,0.0,0.0,0.0
15.0,16.0,0.0,0.0,0.0,0.0,0.0,0.0,0.0,0.0,0.0,0.0,0.0,0.0,0.0,0.0,0.0,0.0,0.0,0.0,0.0,0.0,0.0,0.0,0.0,0.0,0.0,0.0,0.0
15.0,17.0,0.0,0.0,0.0,0.0,0.0,0.0,0.0,0.0,0.0,0.0,0.0,0.0,0.0,0.0,0.0,0.0,0.0,0.0,0.0,0.0,0.0,0.0,0.0,0.0,0.0,0.0,0.0
15.0,18.0,0.0,0.0,0.0,0.0,0.0,0.0,0.0,0.0,0.0,0.0,0.0,0.0,0.0,0.0,0.0,0.0,0.0,0.0,0.0,0.0,0.0,0.0,0.0,0.0,0.0,0.0,0.0
15.0,19.0,0.0,0.0,0.0,0.0,0.0,0.0,0.0,0.0,0.0,0.0,0.0,0.0,0.0,0.0,0.0,0.0,0.0,0.0,0.0,0.0,0.0,0.0,0.0,0.0,0.0,0.0,0.0
15.0,20.0,0.0,0.0,0.0,0.0,0.0,0.0,0.0,0.0,0.0,0.0,0.0,0.0,0.0,0.0,0.0,0.0,0.0,0.0,0.0,0.0,0.0,0.0,0.0,0.0,0.0,0.0,0.0
15.0,21.0,0.0,0.0,0.0,0.0,0.0,0.0,0.0,0.0,0.0,0.0,0.0,0.0,0.0,0.0,0.0,0.0,0.0,0.0,0.0,0.0,0.0,0.0,0.0,0.0,0.0,0.0,0.0
15.0,22.0,0.0,0.0,0.0,0.0,0.0,0.0,0.0,0.0,0.0,0.0,0.0,0.0,0.0,0.0,0.0,0.0,0.0,0.0,0.0,0.0,0.0,0.0,0.0,0.0,0.0,0.0,0.0
15.0,23.0,0.0,0.0,0.0,0.0,0.0,0.0,0.0,0.0,0.0,0.0,0.0,0.0,0.0,0.0,0.0,0.0,0.0,0.0,0.0,0.0,0.0,0.0,0.0,0.0,0.0,0.0,0.0
15.0,24.0,0.0,0.0,0.0,0.0,0.0,0.0,0.0,0.0,0.0,0.0,0.0,0.0,0.0,0.0,0.0,0.0,0.0,0.0,0.0,0.0,0.0,0.0,0.0,0.0,0.0,0.0,0.0
15.0,25.0,0.0,0.0,0.0,0.0,0.0,0.0,0.0,0.0,0.0,0.0,0.0,0.0,0.0,0.0,0.0,0.0,0.0,0.0,0.0,0.0,0.0,0.0,0.0,0.0,0.0,0.0,0.0
16.0,0.0,0.0,51.465244,4.854832,1.6198105E-6,0.0,0.0,0.048093434,0.0025565994,0.019739026,70.86559,12.652514,0.0,8.81202,0.0042522606,0.4567864,0.0,0.0,0.0,0.0,192.48204,628.5915,108.246216,349.77267,266.6183,0.35331452,0.0,0.0
16.0,1.0,0.0,1.0722158,0.0,0.0,0.0,0.0,0.0,0.0,7.0443335,0.0,0.0,0.0,0.0,0.9350763,1.7899412,0.0,0.0,0.0,0.0,0.0,0.0,0.0,154.13678,165.9188,56.597515,0.0,0.0
16.0,2.0,0.0,3.161248,0.0,0.0,0.0,0.0,6.604337E-6,2.8352439E-5,10.979782,0.0,0.0,0.0,0.0,1.5877668,7.0266542,0.0,0.0,0.0,0.0,0.0,0.0,0.0,61.189926,80.95199,126.53189,6.493794E-7,0.0
16.0,3.0,0.0,6.817588,0.0,0.0,0.0,0.0,0.0,9.807189E-4,20.572691,0.0,0.0,0.0,0.0,1.5001904,12.39975,0.0,0.0,0.0,0.0,0.0,0.0,0.0,32.287502,49.517574,258.12115,0.0022830772,0.0
16.0,4.0,0.0,22.610456,0.0,0.0,0.0,0.0,0.0030847408,0.01579313,39.879524,0.0,0.0,0.0,0.0,7.8789687,8.937215,0.0,0.0,0.0,0.0,0.0,0.0,0.0,36.732147,69.2436,513.84735,0.057917196,0.0
16.0,5.0,0.0,54.467335,0.0,0.0,0.0,0.0,0.3996238,0.022387702,123.02141,0.0,0.0,0.0,0.0,2.1573653,24.579264,0.0,0.0,0.0,0.0,0.0,0.0,0.0,44.591343,82.37329,725.957,0.1656889,0.0
16.0,6.0,0.0,54.985733,0.0,0.0,0.0,0.0,0.38880372,0.012062021,126.34797,0.0,0.0,0.0,0.0,2.1945102,10.953891,0.0,0.0,0.0,0.0,0.0,0.0,0.0,28.672653,63.241905,681.394,0.30161542,0.0
16.0,7.0,0.0,66.48234,0.0,0.0,0.0,0.0,3.9691837,0.2381723,102.43287,0.0,0.0,0.0,0.0,7.3843856,3.7791169,0.0,0.0,0.0,0.0,0.0,0.0,0.0,24.06765,57.494606,695.8183,0.4485988,0.0
16.0,8.0,0.0,52.196465,0.0,0.0,0.0,0.0,2.4320607,0.15986085,59.047398,0.0,0.0,0.0,0.0,2.5720785,18.956427,0.0,0.0,0.0,0.0,0.0,0.0,0.0,21.451233,59.917053,721.8548,0.45637932,0.0
16.0,9.0,0.0,37.440826,0.0,0.0,0.0,0.0,1.591964,0.33559546,46.491405,0.0,0.0,0.0,0.0,2.381182,25.611473,0.0,0.0,0.0,0.0,0.0,0.0,0.0,20.19,53.744205,594.3861,0.5869493,0.0
16.0,10.0,0.0,33.326107,0.0,0.0,0.0,0.0,3.4285371,4.927137,120.08754,0.0,0.0,0.0,0.0,4.245252,15.672959,0.0,0.0,0.0,0.0,0.0,0.0,0.0,16.85603,50.920525,635.5972,0.71554154,0.0
16.0,11.0,0.0,0.0,0.0,0.0,0.0,0.0,0.0,0.0,0.0,0.0,0.0,0.0,0.0,0.0,0.0,0.0,0.0,0.0,0.0,0.0,0.0,0.0,0.0,0.0,0.0,0.0,0.0
16.0,12.0,0.0,0.0,0.0,0.0,0.0,0.0,0.0,0.0,0.0,0.0,0.0,0.0,0.0,0.0,0.0,0.0,0.0,0.0,0.0,0.0,0.0,0.0,0.0,0.0,0.0,0.0,0.0
16.0,13.0,0.0,0.0,0.0,0.0,0.0,0.0,0.0,0.0,0.0,0.0,0.0,0.0,0.0,0.0,0.0,0.0,0.0,0.0,0.0,0.0,0.0,0.0,0.0,0.0,0.0,0.0,0.0
16.0,14.0,0.0,0.0,0.0,0.0,0.0,0.0,0.0,0.0,0.0,0.0,0.0,0.0,0.0,0.0,0.0,0.0,0.0,0.0,0.0,0.0,0.0,0.0,0.0,0.0,0.0,0.0,0.0
16.0,15.0,0.0,0.0,0.0,0.0,0.0,0.0,0.0,0.0,0.0,0.0,0.0,0.0,0.0,0.0,0.0,0.0,0.0,0.0,0.0,0.0,0.0,0.0,0.0,0.0,0.0,0.0,0.0
16.0,16.0,0.0,0.0,0.0,0.0,0.0,0.0,0.0,0.0,0.0,0.0,0.0,0.0,0.0,0.0,0.0,0.0,0.0,0.0,0.0,0.0,0.0,0.0,0.0,0.0,0.0,0.0,0.0
16.0,17.0,0.0,0.0,0.0,0.0,0.0,0.0,0.0,0.0,0.0,0.0,0.0,0.0,0.0,0.0,0.0,0.0,0.0,0.0,0.0,0.0,0.0,0.0,0.0,0.0,0.0,0.0,0.0
16.0,18.0,0.0,0.0,0.0,0.0,0.0,0.0,0.0,0.0,0.0,0.0,0.0,0.0,0.0,0.0,0.0,0.0,0.0,0.0,0.0,0.0,0.0,0.0,0.0,0.0,0.0,0.0,0.0
16.0,19.0,0.0,0.0,0.0,0.0,0.0,0.0,0.0,0.0,0.0,0.0,0.0,0.0,0.0,0.0,0.0,0.0,0.0,0.0,0.0,0.0,0.0,0.0,0.0,0.0,0.0,0.0,0.0
16.0,20.0,0.0,0.0,0.0,0.0,0.0,0.0,0.0,0.0,0.0,0.0,0.0,0.0,0.0,0.0,0.0,0.0,0.0,0.0,0.0,0.0,0.0,0.0,0.0,0.0,0.0,0.0,0.0
16.0,21.0,0.0,0.0,0.0,0.0,0.0,0.0,0.0,0.0,0.0,0.0,0.0,0.0,0.0,0.0,0.0,0.0,0.0,0.0,0.0,0.0,0.0,0.0,0.0,0.0,0.0,0.0,0.0
16.0,22.0,0.0,0.0,0.0,0.0,0.0,0.0,0.0,0.0,0.0,0.0,0.0,0.0,0.0,0.0,0.0,0.0,0.0,0.0,0.0,0.0,0.0,0.0,0.0,0.0,0.0,0.0,0.0
16.0,23.0,0.0,0.0,0.0,0.0,0.0,0.0,0.0,0.0,0.0,0.0,0.0,0.0,0.0,0.0,0.0,0.0,0.0,0.0,0.0,0.0,0.0,0.0,0.0,0.0,0.0,0.0,0.0
16.0,24.0,0.0,0.0,0.0,0.0,0.0,0.0,0.0,0.0,0.0,0.0,0.0,0.0,0.0,0.0,0.0,0.0,0.0,0.0,0.0,0.0,0.0,0.0,0.0,0.0,0.0,0.0,0.0
16.0,25.0,0.0,0.0,0.0,0.0,0.0,0.0,0.0,0.0,0.0,0.0,0.0,0.0,0.0,0.0,0.0,0.0,0.0,0.0,0.0,0.0,0.0,0.0,0.0,0.0,0.0,0.0,0.0
17.0,0.0,0.0,33.765907,2.5217805,8.583998E-7,0.0,0.0,0.021882838,0.01639224,0.0,39.772682,10.376575,0.0,8.9592495,0.012630097,0.014103727,0.0,0.0,0.0,0.0,185.86678,624.6084,81.04269,328.36108,240.4222,0.31338993,0.0,0.0
17.0,1.0,0.0,1.240353,0.0,0.0,0.0,0.0,0.0,0.0,2.4255106,0.0,0.0,0.0,0.0,0.15762746,2.3009093,0.0,0.0,0.0,0.0,0.0,0.0,0.0,225.89792,206.14731,52.569595,0.0,0.0
17.0,2.0,0.0,4.4769635,0.0,0.0,0.0,0.0,0.0,0.0,14.877916,0.0,0.0,0.0,0.0,0.04601489,9.654683,0.0,0.0,0.0,0.0,0.0,0.0,0.0,82.45816,108.17067,178.35449,6.856765E-7,0.0
17.0,3.0,0.0,14.23358,0.0,0.0,0.0,0.0,3.859362E-4,0.0032508338,25.170385,0.0,0.0,0.0,0.0,1.3975981,8.436124,0.0,0.0,0.0,0.0,0.0,0.0,0.0,35.61424,57.952763,264.71426,0.007956139,0.0
17.0,4.0,0.0,29.102919,0.0,0.0,0.0,0.0,0.11313917,3.875844E-6,40.77421,0.0,0.0,0.0,0.0,0.7232247,17.827383,0.0,0.0,0.0,0.0,0.0,0.0,0.0,23.399544,42.545143,321.08698,0.074766174,0.0
17.0,5.0,0.0,35.483177,0.0,0.0,0.0,0.0,0.021554068,0.019820565,83.56647,0.0,0.0,0.0,0.0,0.9953076,9.896191,0.0,0.0,0.0,0.0,0.0,0.0,0.0,24.93845,57.13372,579.8881,0.24541906,0.0
17.0,6.0,0.0,55.739735,0.0,0.0,0.0,0.0,1.455077,0.012596445,98.85253,0.0,0.0,0.0,0.0,1.7001771,41.307922,0.0,0.0,0.0,0.0,0.0,0.0,0.0,34.21668,78.09368,805.1432,0.45299795,0.0
17.0,7.0,0.0,39.88232,0.0,0.0,0.0,0.0,0.7149026,2.2591286,91.48307,0.0,0.0,0.0,0.0,1.8120153,34.6154,0.0,0.0,0.0,0.0,0.0,0.0,0.0,30.931652,68.73742,743.40125,0.54050195,0.0
17.0,8.0,0.0,40.340134,0.0,0.0,0.0,0.0,1.5889715,0.84747356,93.47852,0.0,0.0,0.0,0.0,3.1951551,36.476353,0.0,0.0,0.0,0.0,0.0,0.0,0.0,20.822275,60.05188,704.7814,0.730582,0.0
17.0,9.0,0.0,69.28516,0.0,0.0,0.0,0.0,3.2270927,2.7804718,129.13933,0.0,0.0,0.0,0.0,0.013366537,20.122055,0.0,0.0,0.0,0.0,0.0,0.0,0.0,13.892909,45.953007,660.1179,0.6374495,0.0
17.0,10.0,0.0,54.53023,0.0,0.0,0.0,0.0,2.375503,0.34504297,74.98089,0.0,0.0,0.0,0.0,0.014028209,12.277941,0.0,0.0,0.0,0.0,0.0,0.0,0.0,15.957428,46.706432,567.1091,0.690401,0.0
17.0,11.0,0.0,0.0,0.0,0.0,0.0,0.0,0.0,0.0,0.0,0.0,0.0,0.0,0.0,0.0,0.0,0.0,0.0,0.0,0.0,0.0,0.0,0.0,0.0,0.0,0.0,0.0,0.0
17.0,12.0,0.0,0.0,0.0,0.0,0.0,0.0,0.0,0.0,0.0,0.0,0.0,0.0,0.0,0.0,0.0,0.0,0.0,0.0,0.0,0.0,0.0,0.0,0.0,0.0,0.0,0.0,0.0
17.0,13.0,0.0,0.0,0.0,0.0,0.0,0.0,0.0,0.0,0.0,0.0,0.0,0.0,0.0,0.0,0.0,0.0,0.0,0.0,0.0,0.0,0.0,0.0,0.0,0.0,0.0,0.0,0.0
17.0,14.0,0.0,0.0,0.0,0.0,0.0,0.0,0.0,0.0,0.0,0.0,0.0,0.0,0.0,0.0,0.0,0.0,0.0,0.0,0.0,0.0,0.0,0.0,0.0,0.0,0.0,0.0,0.0
17.0,15.0,0.0,0.0,0.0,0.0,0.0,0.0,0.0,0.0,0.0,0.0,0.0,0.0,0.0,0.0,0.0,0.0,0.0,0.0,0.0,0.0,0.0,0.0,0.0,0.0,0.0,0.0,0.0
17.0,16.0,0.0,0.0,0.0,0.0,0.0,0.0,0.0,0.0,0.0,0.0,0.0,0.0,0.0,0.0,0.0,0.0,0.0,0.0,0.0,0.0,0.0,0.0,0.0,0.0,0.0,0.0,0.0
17.0,17.0,0.0,0.0,0.0,0.0,0.0,0.0,0.0,0.0,0.0,0.0,0.0,0.0,0.0,0.0,0.0,0.0,0.0,0.0,0.0,0.0,0.0,0.0,0.0,0.0,0.0,0.0,0.0
17.0,18.0,0.0,0.0,0.0,0.0,0.0,0.0,0.0,0.0,0.0,0.0,0.0,0.0,0.0,0.0,0.0,0.0,0.0,0.0,0.0,0.0,0.0,0.0,0.0,0.0,0.0,0.0,0.0
17.0,19.0,0.0,0.0,0.0,0.0,0.0,0.0,0.0,0.0,0.0,0.0,0.0,0.0,0.0,0.0,0.0,0.0,0.0,0.0,0.0,0.0,0.0,0.0,0.0,0.0,0.0,0.0,0.0
17.0,20.0,0.0,0.0,0.0,0.0,0.0,0.0,0.0,0.0,0.0,0.0,0.0,0.0,0.0,0.0,0.0,0.0,0.0,0.0,0.0,0.0,0.0,0.0,0.0,0.0,0.0,0.0,0.0
17.0,21.0,0.0,0.0,0.0,0.0,0.0,0.0,0.0,0.0,0.0,0.0,0.0,0.0,0.0,0.0,0.0,0.0,0.0,0.0,0.0,0.0,0.0,0.0,0.0,0.0,0.0,0.0,0.0
17.0,22.0,0.0,0.0,0.0,0.0,0.0,0.0,0.0,0.0,0.0,0.0,0.0,0.0,0.0,0.0,0.0,0.0,0.0,0.0,0.0,0.0,0.0,0.0,0.0,0.0,0.0,0.0,0.0
17.0,23.0,0.0,0.0,0.0,0.0,0.0,0.0,0.0,0.0,0.0,0.0,0.0,0.0,0.0,0.0,0.0,0.0,0.0,0.0,0.0,0.0,0.0,0.0,0.0,0.0,0.0,0.0,0.0
17.0,24.0,0.0,0.0,0.0,0.0,0.0,0.0,0.0,0.0,0.0,0.0,0.0,0.0,0.0,0.0,0.0,0.0,0.0,0.0,0.0,0.0,0.0,0.0,0.0,0.0,0.0,0.0,0.0
17.0,25.0,0.0,0.0,0.0,0.0,0.0,0.0,0.0,0.0,0.0,0.0,0.0,0.0,0.0,0.0,0.0,0.0,0.0,0.0,0.0,0.0,0.0,0.0,0.0,0.0,0.0,0.0,0.0
18.0,0.0,0.0,31.14372,3.5081568,2.80166E-7,0.0,0.0,0.0649001,0.008731106,0.0,80.930756,18.322826,0.0,10.726146,0.020598564,0.039700028,0.0,0.0,0.0,0.0,180.65967,680.2998,101.69764,316.7032,225.17242,0.07183894,0.0,0.0
18.0,1.0,0.0,0.56021047,0.0,0.0,0.0,0.0,0.0,0.0,0.120077714,0.0,0.0,0.0,0.0,2.5212824,0.9475644,0.0,0.0,0.0,0.0,0.0,0.0,0.0,174.08958,154.36617,25.238167,0.0,0.0
18.0,2.0,0.0,3.6413922,0.0,0.0,0.0,0.0,0.0,0.0,19.667608,0.0,0.0,0.0,0.0,11.752582,4.0774617,0.0,0.0,0.0,0.0,0.0,0.0,0.0,85.591515,112.56705,185.76755,4.2165405E-9,0.0
18.0,3.0,0.0,18.512144,0.0,0.0,0.0,0.0,5.4206233E-5,2.8736692E-6,45.112335,0.0,0.0,0.0,0.0,13.475658,26.919106,0.0,0.0,0.0,0.0,0.0,0.0,0.0,47.566402,71.20938,333.7697,0.011883663,0.0
18.0,4.0,0.0,19.91791,0.0,0.0,0.0,0.0,0.027803468,0.008197776,39.06997,0.0,0.0,0.0,0.0,5.5203915,11.011232,0.0,0.0,0.0,0.0,0.0,0.0,0.0,32.704475,53.974895,376.83084,0.064554945,0.0
18.0,5.0,0.0,21.851969,0.0,0.0,0.0,0.0,1.161465,1.3230605E-6,37.37189,0.0,0.0,0.0,0.0,4.9220805,16.0598,0.0,0.0,0.0,0.0,0.0,0.0,0.0,20.769846,43.24236,418.0524,0.17010796,0.0
18.0,6.0,0.0,43.228912,0.0,0.0,0.0,0.0,0.07052902,2.0683117E-5,91.660484,0.0,0.0,0.0,0.0,28.488085,16.761574,0.0,0.0,0.0,0.0,0.0,0.0,0.0,24.058233,59.009476,605.0671,0.41489646,0.0
18.0,7.0,0.0,83.1974,0.0,0.0,0.0,0.0,0.9434459,0.21421832,103.19823,0.0,0.0,0.0,0.0,22.431831,28.982338,0.0,0.0,0.0,0.0,0.0,0.0,0.0,28.59252,79.48523,830.0271,0.5396122,0.0
18.0,8.0,0.0,37.241627,0.0,0.0,0.0,0.0,0.70155394,1.1540369,68.23585,0.0,0.0,0.0,0.0,4.6063976,65.92905,0.0,0.0,0.0,0.0,0.0,0.0,0.0,23.95896,68.39343,739.25653,0.8248848,0.0
18.0,9.0,0.0,54.268105,0.0,0.0,0.0,0.0,0.6173054,1.8560566,101.57874,0.0,0.0,0.0,0.0,22.513845,24.269361,0.0,0.0,0.0,0.0,0.0,0.0,0.0,16.56795,51.96297,674.6013,0.8418769,0.0
18.0,10.0,0.0,75.541664,0.0,0.0,0.0,0.0,0.38144812,1.747779,130.12445,0.0,0.0,0.0,0.0,4.808777,33.209435,0.0,0.0,0.0,0.0,0.0,0.0,0.0,13.526758,48.62805,618.06665,0.74572796,0.0
18.0,11.0,0.0,0.0,0.0,0.0,0.0,0.0,0.0,0.0,0.0,0.0,0.0,0.0,0.0,0.0,0.0,0.0,0.0,0.0,0.0,0.0,0.0,0.0,0.0,0.0,0.0,0.0,0.0
18.0,12.0,0.0,0.0,0.0,0.0,0.0,0.0,0.0,0.0,0.0,0.0,0.0,0.0,0.0,0.0,0.0,0.0,0.0,0.0,0.0,0.0,0.0,0.0,0.0,0.0,0.0,0.0,0.0
18.0,13.0,0.0,0.0,0.0,0.0,0.0,0.0,0.0,0.0,0.0,0.0,0.0,0.0,0.0,0.0,0.0,0.0,0.0,0.0,0.0,0.0,0.0,0.0,0.0,0.0,0.0,0.0,0.0
18.0,14.0,0.0,0.0,0.0,0.0,0.0,0.0,0.0,0.0,0.0,0.0,0.0,0.0,0.0,0.0,0.0,0.0,0.0,0.0,0.0,0.0,0.0,0.0,0.0,0.0,0.0,0.0,0.0
18.0,15.0,0.0,0.0,0.0,0.0,0.0,0.0,0.0,0.0,0.0,0.0,0.0,0.0,0.0,0.0,0.0,0.0,0.0,0.0,0.0,0.0,0.0,0.0,0.0,0.0,0.0,0.0,0.0
18.0,16.0,0.0,0.0,0.0,0.0,0.0,0.0,0.0,0.0,0.0,0.0,0.0,0.0,0.0,0.0,0.0,0.0,0.0,0.0,0.0,0.0,0.0,0.0,0.0,0.0,0.0,0.0,0.0
18.0,17.0,0.0,0.0,0.0,0.0,0.0,0.0,0.0,0.0,0.0,0.0,0.0,0.0,0.0,0.0,0.0,0.0,0.0,0.0,0.0,0.0,0.0,0.0,0.0,0.0,0.0,0.0,0.0
18.0,18.0,0.0,0.0,0.0,0.0,0.0,0.0,0.0,0.0,0.0,0.0,0.0,0.0,0.0,0.0,0.0,0.0,0.0,0.0,0.0,0.0,0.0,0.0,0.0,0.0,0.0,0.0,0.0
18.0,19.0,0.0,0.0,0.0,0.0,0.0,0.0,0.0,0.0,0.0,0.0,0.0,0.0,0.0,0.0,0.0,0.0,0.0,0.0,0.0,0.0,0.0,0.0,0.0,0.0,0.0,0.0,0.0
18.0,20.0,0.0,0.0,0.0,0.0,0.0,0.0,0.0,0.0,0.0,0.0,0.0,0.0,0.0,0.0,0.0,0.0,0.0,0.0,0.0,0.0,0.0,0.0,0.0,0.0,0.0,0.0,0.0
18.0,21.0,0.0,0.0,0.0,0.0,0.0,0.0,0.0,0.0,0.0,0.0,0.0,0.0,0.0,0.0,0.0,0.0,0.0,0.0,0.0,0.0,0.0,0.0,0.0,0.0,0.0,0.0,0.0
18.0,22.0,0.0,0.0,0.0,0.0,0.0,0.0,0.0,0.0,0.0,0.0,0.0,0.0,0.0,0.0,0.0,0.0,0.0,0.0,0.0,0.0,0.0,0.0,0.0,0.0,0.0,0.0,0.0
18.0,23.0,0.0,0.0,0.0,0.0,0.0,0.0,0.0,0.0,0.0,0.0,0.0,0.0,0.0,0.0,0.0,0.0,0.0,0.0,0.0,0.0,0.0,0.0,0.0,0.0,0.0,0.0,0.0
18.0,24.0,0.0,0.0,0.0,0.0,0.0,0.0,0.0,0.0,0.0,0.0,0.0,0.0,0.0,0.0,0.0,0.0,0.0,0.0,0.0,0.0,0.0,0.0,0.0,0.0,0.0,0.0,0.0
18.0,25.0,0.0,0.0,0.0,0.0,0.0,0.0,0.0,0.0,0.0,0.0,0.0,0.0,0.0,0.0,0.0,0.0,0.0,0.0,0.0,0.0,0.0,0.0,0.0,0.0,0.0,0.0,0.0
19.0,0.0,0.0,43.174194,3.9693782,1.3528086E-9,0.0,0.0,0.053503245,0.006023061,5.9893564E-4,23.238047,23.886696,0.0,3.9726067,2.6630087E-6,0.020011473,0.0,0.0,0.0,0.0,212.26978,671.8984,115.6262,368.0279,266.91,0.08159278,0.0,0.0
19.0,1.0,0.0,0.037270237,0.0,0.0,0.0,0.0,0.0,0.0,3.579412,0.0,0.0,0.0,0.0,0.010309886,1.6617504,0.0,0.0,0.0,0.0,0.0,0.0,0.0,156.67671,139.56625,20.006607,0.0,0.0
19.0,2.0,0.0,4.5751863,0.0,0.0,0.0,0.0,0.0,0.0,12.078784,0.0,0.0,0.0,0.0,0.06987067,6.4698124,0.0,0.0,0.0,0.0,0.0,0.0,0.0,59.0882,76.07241,106.354034,0.0,0.0
19.0,3.0,0.0,18.274057,0.0,0.0,0.0,0.0,0.07413709,0.016246224,28.623884,0.0,0.0,0.0,0.0,0.15242067,10.442191,0.0,0.0,0.0,0.0,0.0,0.0,0.0,56.6684,88.11904,329.63492,0.017598456,0.0
19.0,4.0,0.0,19.411415,0.0,0.0,0.0,0.0,0.18543497,1.4523213E-6,40.55365,0.0,0.0,0.0,0.0,0.13322435,13.752314,0.0,0.0,0.0,0.0,0.0,0.0,0.0,47.53191,79.91635,557.06964,0.052572265,0.0
19.0,5.0,0.0,33.716747,0.0,0.0,0.0,0.0,0.081937246,1.3661823,54.947075,0.0,0.0,0.0,0.0,0.059534885,17.78565,0.0,0.0,0.0,0.0,0.0,0.0,0.0,28.996796,54.64111,493.79663,0.16935736,0.0
19.0,6.0,0.0,31.0733,0.0,0.0,0.0,0.0,0.40847507,1.118968,46.337284,0.0,0.0,0.0,0.0,0.032349985,14.334485,0.0,0.0,0.0,0.0,0.0,0.0,0.0,20.487074,48.43731,481.80396,0.36062518,0.0
19.0,7.0,0.0,71.44528,0.0,0.0,0.0,0.0,1.7765276,0.42274565,82.84155,0.0,0.0,0.0,0.0,0.005320183,21.008636,0.0,0.0,0.0,0.0,0.0,0.0,0.0,22.136274,64.87093,656.5504,0.55708057,0.0
19.0,8.0,0.0,75.40759,0.0,0.0,0.0,0.0,2.4562387,0.20138435,116.74649,0.0,0.0,0.0,0.0,0.19846945,15.960336,0.0,0.0,0.0,0.0,0.0,0.0,0.0,34.036144,87.33214,882.8433,0.7247025,0.0
19.0,9.0,0.0,57.384502,0.0,0.0,0.0,0.0,1.8197325,1.7012589,124.3603,0.0,0.0,0.0,0.0,0.050014704,32.235123,0.0,0.0,0.0,0.0,0.0,0.0,0.0,21.07551,67.26564,782.23895,0.8432473,0.0
19.0,10.0,0.0,59.973694,0.0,0.0,0.0,0.0,0.9725768,2.0985508,108.27988,0.0,0.0,0.0,0.0,0.06641066,23.491402,0.0,0.0,0.0,0.0,0.0,0.0,0.0,16.452456,62.173683,709.1762,0.8114011,0.0
19.0,11.0,0.0,0.0,0.0,0.0,0.0,0.0,0.0,0.0,0.0,0.0,0.0,0.0,0.0,0.0,0.0,0.0,0.0,0.0,0.0,0.0,0.0,0.0,0.0,0.0,0.0,0.0,0.0
19.0,12.0,0.0,0.0,0.0,0.0,0.0,0.0,0.0,0.0,0.0,0.0,0.0,0.0,0.0,0.0,0.0,0.0,0.0,0.0,0.0,0.0,0.0,0.0,0.0,0.0,0.0,0.0,0.0
19.0,13.0,0.0,0.0,0.0,0.0,0.0,0.0,0.0,0.0,0.0,0.0,0.0,0.0,0.0,0.0,0.0,0.0,0.0,0.0,0.0,0.0,0.0,0.0,0.0,0.0,0.0,0.0,0.0
19.0,14.0,0.0,0.0,0.0,0.0,0.0,0.0,0.0,0.0,0.0,0.0,0.0,0.0,0.0,0.0,0.0,0.0,0.0,0.0,0.0,0.0,0.0,0.0,0.0,0.0,0.0,0.0,0.0
19.0,15.0,0.0,0.0,0.0,0.0,0.0,0.0,0.0,0.0,0.0,0.0,0.0,0.0,0.0,0.0,0.0,0.0,0.0,0.0,0.0,0.0,0.0,0.0,0.0,0.0,0.0,0.0,0.0
19.0,16.0,0.0,0.0,0.0,0.0,0.0,0.0,0.0,0.0,0.0,0.0,0.0,0.0,0.0,0.0,0.0,0.0,0.0,0.0,0.0,0.0,0.0,0.0,0.0,0.0,0.0,0.0,0.0
19.0,17.0,0.0,0.0,0.0,0.0,0.0,0.0,0.0,0.0,0.0,0.0,0.0,0.0,0.0,0.0,0.0,0.0,0.0,0.0,0.0,0.0,0.0,0.0,0.0,0.0,0.0,0.0,0.0
19.0,18.0,0.0,0.0,0.0,0.0,0.0,0.0,0.0,0.0,0.0,0.0,0.0,0.0,0.0,0.0,0.0,0.0,0.0,0.0,0.0,0.0,0.0,0.0,0.0,0.0,0.0,0.0,0.0
19.0,19.0,0.0,0.0,0.0,0.0,0.0,0.0,0.0,0.0,0.0,0.0,0.0,0.0,0.0,0.0,0.0,0.0,0.0,0.0,0.0,0.0,0.0,0.0,0.0,0.0,0.0,0.0,0.0
19.0,20.0,0.0,0.0,0.0,0.0,0.0,0.0,0.0,0.0,0.0,0.0,0.0,0.0,0.0,0.0,0.0,0.0,0.0,0.0,0.0,0.0,0.0,0.0,0.0,0.0,0.0,0.0,0.0
19.0,21.0,0.0,0.0,0.0,0.0,0.0,0.0,0.0,0.0,0.0,0.0,0.0,0.0,0.0,0.0,0.0,0.0,0.0,0.0,0.0,0.0,0.0,0.0,0.0,0.0,0.0,0.0,0.0
19.0,22.0,0.0,0.0,0.0,0.0,0.0,0.0,0.0,0.0,0.0,0.0,0.0,0.0,0.0,0.0,0.0,0.0,0.0,0.0,0.0,0.0,0.0,0.0,0.0,0.0,0.0,0.0,0.0
19.0,23.0,0.0,0.0,0.0,0.0,0.0,0.0,0.0,0.0,0.0,0.0,0.0,0.0,0.0,0.0,0.0,0.0,0.0,0.0,0.0,0.0,0.0,0.0,0.0,0.0,0.0,0.0,0.0
19.0,24.0,0.0,0.0,0.0,0.0,0.0,0.0,0.0,0.0,0.0,0.0,0.0,0.0,0.0,0.0,0.0,0.0,0.0,0.0,0.0,0.0,0.0,0.0,0.0,0.0,0.0,0.0,0.0
19.0,25.0,0.0,0.0,0.0,0.0,0.0,0.0,0.0,0.0,0.0,0.0,0.0,0.0,0.0,0.0,0.0,0.0,0.0,0.0,0.0,0.0,0.0,0.0,0.0,0.0,0.0,0.0,0.0
20.0,0.0,0.0,36.107376,2.4646566,2.3587157E-7,0.0,0.0,0.076508656,0.012074109,4.4403776E-5,37.47077,10.322794,0.0,3.3370793,0.33504176,0.0147943115,0.0,0.0,0.0,0.0,192.40973,644.67584,70.340485,359.4114,257.97803,1.5339491,0.0,0.0
20.0,1.0,0.0,17.914078,0.0,0.0,0.0,0.0,4.876583E-6,0.0,3.2417226,0.0,0.0,0.0,0.0,0.008050743,4.6341743,0.0,0.0,0.0,0.0,0.0,0.0,0.0,185.89423,158.34581,41.062096,0.0,0.0
20.0,2.0,0.0,5.7982984,0.0,0.0,0.0,0.0,5.260456E-5,0.0019727699,5.8707848,0.0,0.0,0.0,0.0,0.33904365,1.793757,0.0,0.0,0.0,0.0,0.0,0.0,0.0,50.097473,61.563725,75.94191,0.0,0.0
20.0,3.0,0.0,15.351509,0.0,0.0,0.0,0.0,0.014964387,0.01996897,22.454895,0.0,0.0,0.0,0.0,0.634836,2.7490978,0.0,0.0,0.0,0.0,0.0,0.0,0.0,37.295597,55.415165,202.39984,0.012343249,0.0
20.0,4.0,0.0,31.716053,0.0,0.0,0.0,0.0,0.022384113,0.021912983,61.05172,0.0,0.0,0.0,0.0,0.7755084,6.4355826,0.0,0.0,0.0,0.0,0.0,0.0,0.0,44.22336,77.46251,482.4051,0.081728145,0.0
20.0,5.0,0.0,63.94906,0.0,0.0,0.0,0.0,0.24768068,0.3643784,101.094505,0.0,0.0,0.0,0.0,1.0606616,23.860899,0.0,0.0,0.0,0.0,0.0,0.0,0.0,34.21372,66.28632,641.67377,0.18556686,0.0
20.0,6.0,0.0,66.526306,0.0,0.0,0.0,0.0,0.108592324,0.2320778,90.62903,0.0,0.0,0.0,0.0,1.6953937,10.094082,0.0,0.0,0.0,0.0,0.0,0.0,0.0,22.424976,50.344532,539.46265,0.32802635,0.0
20.0,7.0,0.0,70.872765,0.0,0.0,0.0,0.0,0.31400427,0.19660424,113.887314,0.0,0.0,0.0,0.0,0.9077527,14.767758,0.0,0.0,0.0,0.0,0.0,0.0,0.0,15.618103,43.224052,457.33948,0.47934347,0.0
20.0,8.0,0.0,43.06674,0.0,0.0,0.0,0.0,0.9868994,0.7140817,130.63309,0.0,0.0,0.0,0.0,1.2890494,15.305026,0.0,0.0,0.0,0.0,0.0,0.0,0.0,16.268288,60.77549,688.41223,0.6858727,0.0
20.0,9.0,0.0,96.93013,0.0,0.0,0.0,0.0,2.61447,2.7390544,229.79387,0.0,0.0,0.0,0.0,2.8868213,43.12441,0.0,0.0,0.0,0.0,0.0,0.0,0.0,20.207312,68.99432,814.4843,0.82478994,0.0
20.0,10.0,0.0,99.3404,0.0,0.0,0.0,0.0,0.85650647,3.1521387,131.03781,0.0,0.0,0.0,0.0,1.6391069,17.733501,0.0,0.0,0.0,0.0,0.0,0.0,0.0,18.753574,63.650753,777.203,0.79589707,0.0
20.0,11.0,0.0,0.0,0.0,0.0,0.0,0.0,0.0,0.0,0.0,0.0,0.0,0.0,0.0,0.0,0.0,0.0,0.0,0.0,0.0,0.0,0.0,0.0,0.0,0.0,0.0,0.0,0.0
20.0,12.0,0.0,0.0,0.0,0.0,0.0,0.0,0.0,0.0,0.0,0.0,0.0,0.0,0.0,0.0,0.0,0.0,0.0,0.0,0.0,0.0,0.0,0.0,0.0,0.0,0.0,0.0,0.0
20.0,13.0,0.0,0.0,0.0,0.0,0.0,0.0,0.0,0.0,0.0,0.0,0.0,0.0,0.0,0.0,0.0,0.0,0.0,0.0,0.0,0.0,0.0,0.0,0.0,0.0,0.0,0.0,0.0
20.0,14.0,0.0,0.0,0.0,0.0,0.0,0.0,0.0,0.0,0.0,0.0,0.0,0.0,0.0,0.0,0.0,0.0,0.0,0.0,0.0,0.0,0.0,0.0,0.0,0.0,0.0,0.0,0.0
20.0,15.0,0.0,0.0,0.0,0.0,0.0,0.0,0.0,0.0,0.0,0.0,0.0,0.0,0.0,0.0,0.0,0.0,0.0,0.0,0.0,0.0,0.0,0.0,0.0,0.0,0.0,0.0,0.0
20.0,16.0,0.0,0.0,0.0,0.0,0.0,0.0,0.0,0.0,0.0,0.0,0.0,0.0,0.0,0.0,0.0,0.0,0.0,0.0,0.0,0.0,0.0,0.0,0.0,0.0,0.0,0.0,0.0
20.0,17.0,0.0,0.0,0.0,0.0,0.0,0.0,0.0,0.0,0.0,0.0,0.0,0.0,0.0,0.0,0.0,0.0,0.0,0.0,0.0,0.0,0.0,0.0,0.0,0.0,0.0,0.0,0.0
20.0,18.0,0.0,0.0,0.0,0.0,0.0,0.0,0.0,0.0,0.0,0.0,0.0,0.0,0.0,0.0,0.0,0.0,0.0,0.0,0.0,0.0,0.0,0.0,0.0,0.0,0.0,0.0,0.0
20.0,19.0,0.0,0.0,0.0,0.0,0.0,0.0,0.0,0.0,0.0,0.0,0.0,0.0,0.0,0.0,0.0,0.0,0.0,0.0,0.0,0.0,0.0,0.0,0.0,0.0,0.0,0.0,0.0
20.0,20.0,0.0,0.0,0.0,0.0,0.0,0.0,0.0,0.0,0.0,0.0,0.0,0.0,0.0,0.0,0.0,0.0,0.0,0.0,0.0,0.0,0.0,0.0,0.0,0.0,0.0,0.0,0.0
20.0,21.0,0.0,0.0,0.0,0.0,0.0,0.0,0.0,0.0,0.0,0.0,0.0,0.0,0.0,0.0,0.0,0.0,0.0,0.0,0.0,0.0,0.0,0.0,0.0,0.0,0.0,0.0,0.0
20.0,22.0,0.0,0.0,0.0,0.0,0.0,0.0,0.0,0.0,0.0,0.0,0.0,0.0,0.0,0.0,0.0,0.0,0.0,0.0,0.0,0.0,0.0,0.0,0.0,0.0,0.0,0.0,0.0
20.0,23.0,0.0,0.0,0.0,0.0,0.0,0.0,0.0,0.0,0.0,0.0,0.0,0.0,0.0,0.0,0.0,0.0,0.0,0.0,0.0,0.0,0.0,0.0,0.0,0.0,0.0,0.0,0.0
20.0,24.0,0.0,0.0,0.0,0.0,0.0,0.0,0.0,0.0,0.0,0.0,0.0,0.0,0.0,0.0,0.0,0.0,0.0,0.0,0.0,0.0,0.0,0.0,0.0,0.0,0.0,0.0,0.0
20.0,25.0,0.0,0.0,0.0,0.0,0.0,0.0,0.0,0.0,0.0,0.0,0.0,0.0,0.0,0.0,0.0,0.0,0.0,0.0,0.0,0.0,0.0,0.0,0.0,0.0,0.0,0.0,0.0
