"Distribution of the biomass (tonne) of prey species (in columns) in the diet of herring by Age class (year). For class i, the preyed biomass in [i,i+1[ is reported."
"Time","Age","lesserSpottedDogfish","redMullet","pouting","whiting","poorCod","cod","dragonet","sole","plaice","horseMackerel","mackerel","herring","sardine","squids","cuttlefish","thornbackRay","diatoms","microPhytoplankton","heterotrophicFlagellates","microZooplankton","mesoZooplankton","Macrozoo","meioBenthos","depositBenthos","suspensionBenthos","largeBenthos","veryLargeBenthos"
1.0,0.0,0.0,5.077059E-10,2.5617096,1.3695433E-4,0.28144494,2.9025447,62.61487,0.06111404,111.81854,22.417318,573.04944,268.405,3133.8352,6965.8306,0.0,0.0,4.7416967E-7,30.26381,7.907312E-7,515.3529,463.1428,1045.9222,0.0,0.0,0.0,0.0,0.0
1.0,1.0,0.0,7.680227E-4,55.469776,6.244118E-4,0.10367301,7.873411,9.729717,0.006668423,63.815067,24.309149,276.63263,363.3799,830.37054,1013.9638,0.0,0.0,0.0,0.0,0.0,253.05693,156.6508,619.52875,0.0,0.0,0.0,0.0,0.0
1.0,2.0,0.0,2.7339387,67.89591,9.759688E-4,0.055163343,6.793232,0.645315,0.0068279877,59.868065,20.831587,127.86632,350.12363,76.52245,210.65485,0.0,0.0,0.0,0.0,0.0,15.767959,102.960106,377.13538,0.0,0.0,0.0,0.0,0.0
1.0,3.0,0.0,2.5543513,52.44623,5.012148E-4,0.07634798,3.1019325,1.9004542,0.010324145,56.300526,13.236488,141.12753,333.9273,46.324306,168.99583,0.0,0.0,0.0,0.0,0.0,0.0,79.25827,297.22305,0.0,0.0,0.0,0.0,0.0
1.0,4.0,0.0,2.3133419,71.52739,5.188951E-4,0.06471624,4.2002335,0.77231246,0.00888605,32.942383,12.781312,92.04279,316.9808,41.98669,139.44234,0.0,0.0,0.0,0.0,0.0,0.0,52.60423,221.6227,0.0,0.0,0.0,0.0,0.0
1.0,5.0,0.0,0.9871183,47.540066,7.422145E-5,0.034512445,1.72781,0.94329405,0.026975725,15.524155,12.282155,60.304222,205.23956,31.893967,100.11673,0.0,0.0,0.0,0.0,0.0,0.0,34.812763,140.40076,0.0,0.0,0.0,0.0,0.0
1.0,6.0,0.0,0.22355103,16.402893,0.0,0.03369194,0.36578736,0.98309827,0.0013481536,17.972605,2.2999976,22.089676,164.7175,47.17484,86.70011,0.0,0.0,0.0,0.0,0.0,0.0,31.890572,107.75479,0.0,0.0,0.0,0.0,0.0
1.0,7.0,0.0,2.2097952,16.15249,7.725599E-5,0.032072157,2.4406726,1.2318523,0.0010308863,19.888643,6.0418706,34.342876,110.51579,44.273685,67.951805,0.0,0.0,0.0,0.0,0.0,0.0,18.260271,88.648964,0.0,0.0,0.0,0.0,0.0
1.0,8.0,0.0,1.5970689,11.315062,3.4804828E-4,0.024531074,0.6533886,1.6388373,0.008341804,4.822568,1.1524538,33.951324,82.2836,26.380625,32.27164,0.0,0.0,0.0,0.0,0.0,0.0,21.042017,78.351585,0.0,0.0,0.0,0.0,0.0
1.0,9.0,0.0,0.063249536,14.121139,9.476345E-9,0.009045498,0.0097611975,1.6610293,1.5292588E-5,18.832357,4.3956895,25.062166,82.60035,20.811222,49.087917,0.0,0.0,0.0,0.0,0.0,0.0,13.923719,53.03295,0.0,0.0,0.0,0.0,0.0
1.0,10.0,0.0,0.11290366,9.484824,0.0,0.013614249,0.8140452,0.2983659,0.0013253853,2.5353963,1.5144285,21.136444,71.79106,10.983378,28.356554,0.0,0.0,0.0,0.0,0.0,0.0,11.979125,46.320595,0.0,0.0,0.0,0.0,0.0
1.0,11.0,0.0,0.0,0.0,0.0,0.0,0.0,0.0,0.0,0.0,0.0,0.0,0.0,0.0,0.0,0.0,0.0,0.0,0.0,0.0,0.0,0.0,0.0,0.0,0.0,0.0,0.0,0.0
1.0,12.0,0.0,0.0,0.0,0.0,0.0,0.0,0.0,0.0,0.0,0.0,0.0,0.0,0.0,0.0,0.0,0.0,0.0,0.0,0.0,0.0,0.0,0.0,0.0,0.0,0.0,0.0,0.0
1.0,13.0,0.0,0.0,0.0,0.0,0.0,0.0,0.0,0.0,0.0,0.0,0.0,0.0,0.0,0.0,0.0,0.0,0.0,0.0,0.0,0.0,0.0,0.0,0.0,0.0,0.0,0.0,0.0
1.0,14.0,0.0,0.0,0.0,0.0,0.0,0.0,0.0,0.0,0.0,0.0,0.0,0.0,0.0,0.0,0.0,0.0,0.0,0.0,0.0,0.0,0.0,0.0,0.0,0.0,0.0,0.0,0.0
1.0,15.0,0.0,0.0,0.0,0.0,0.0,0.0,0.0,0.0,0.0,0.0,0.0,0.0,0.0,0.0,0.0,0.0,0.0,0.0,0.0,0.0,0.0,0.0,0.0,0.0,0.0,0.0,0.0
1.0,16.0,0.0,0.0,0.0,0.0,0.0,0.0,0.0,0.0,0.0,0.0,0.0,0.0,0.0,0.0,0.0,0.0,0.0,0.0,0.0,0.0,0.0,0.0,0.0,0.0,0.0,0.0,0.0
1.0,17.0,0.0,0.0,0.0,0.0,0.0,0.0,0.0,0.0,0.0,0.0,0.0,0.0,0.0,0.0,0.0,0.0,0.0,0.0,0.0,0.0,0.0,0.0,0.0,0.0,0.0,0.0,0.0
1.0,18.0,0.0,0.0,0.0,0.0,0.0,0.0,0.0,0.0,0.0,0.0,0.0,0.0,0.0,0.0,0.0,0.0,0.0,0.0,0.0,0.0,0.0,0.0,0.0,0.0,0.0,0.0,0.0
1.0,19.0,0.0,0.0,0.0,0.0,0.0,0.0,0.0,0.0,0.0,0.0,0.0,0.0,0.0,0.0,0.0,0.0,0.0,0.0,0.0,0.0,0.0,0.0,0.0,0.0,0.0,0.0,0.0
1.0,20.0,0.0,0.0,0.0,0.0,0.0,0.0,0.0,0.0,0.0,0.0,0.0,0.0,0.0,0.0,0.0,0.0,0.0,0.0,0.0,0.0,0.0,0.0,0.0,0.0,0.0,0.0,0.0
1.0,21.0,0.0,0.0,0.0,0.0,0.0,0.0,0.0,0.0,0.0,0.0,0.0,0.0,0.0,0.0,0.0,0.0,0.0,0.0,0.0,0.0,0.0,0.0,0.0,0.0,0.0,0.0,0.0
1.0,22.0,0.0,0.0,0.0,0.0,0.0,0.0,0.0,0.0,0.0,0.0,0.0,0.0,0.0,0.0,0.0,0.0,0.0,0.0,0.0,0.0,0.0,0.0,0.0,0.0,0.0,0.0,0.0
1.0,23.0,0.0,0.0,0.0,0.0,0.0,0.0,0.0,0.0,0.0,0.0,0.0,0.0,0.0,0.0,0.0,0.0,0.0,0.0,0.0,0.0,0.0,0.0,0.0,0.0,0.0,0.0,0.0
1.0,24.0,0.0,0.0,0.0,0.0,0.0,0.0,0.0,0.0,0.0,0.0,0.0,0.0,0.0,0.0,0.0,0.0,0.0,0.0,0.0,0.0,0.0,0.0,0.0,0.0,0.0,0.0,0.0
1.0,25.0,0.0,0.0,0.0,0.0,0.0,0.0,0.0,0.0,0.0,0.0,0.0,0.0,0.0,0.0,0.0,0.0,0.0,0.0,0.0,0.0,0.0,0.0,0.0,0.0,0.0,0.0,0.0
2.0,0.0,0.0,0.0,1.6817999,0.0,0.08796924,0.98587775,1.1873566E-4,5.6567066E-4,2.268931,0.0,0.0016728145,35.983536,356.52353,182.54063,0.0,0.0,4.1899064E-8,3.1635633,4.997547E-8,58.49068,59.843987,177.06421,0.0,0.0,0.0,0.0,0.0
2.0,1.0,0.0,157.32234,169.67816,4.607444E-5,2.7024238,1.7732753,76.298485,0.18699586,39.528572,316.9382,1107.0613,153.88017,1360.871,7362.9746,0.0,0.0,0.0,0.0,0.0,467.0072,467.13278,1458.0881,0.0,0.0,0.0,0.0,0.0
2.0,2.0,0.0,0.01028972,80.25914,0.0015762185,5.1812387,1.3679479,2.7337017,0.017500484,19.127632,17.181467,214.79742,60.762436,419.88748,399.02563,0.0,0.0,0.0,0.0,0.0,69.917435,126.55208,408.23108,0.0,0.0,0.0,0.0,0.0
2.0,3.0,0.0,0.031187965,43.71456,4.998807E-4,8.095791,1.5693433,1.2500618,0.04902819,10.966773,8.047702,88.59432,31.198067,34.544117,145.42365,0.0,0.0,0.0,0.0,0.0,0.0,54.511166,133.00734,0.0,0.0,0.0,0.0,0.0
2.0,4.0,0.0,0.11812672,55.585644,8.439975E-7,7.400761,1.0677186,0.5728879,0.022782981,9.34933,15.194121,72.29105,24.008497,22.043882,84.71616,0.0,0.0,0.0,0.0,0.0,0.0,29.631971,93.202896,0.0,0.0,0.0,0.0,0.0
2.0,5.0,0.0,0.094405435,55.810787,0.0,5.8315315,0.3515413,1.1517683,0.04102978,6.45474,5.8363585,49.27457,20.847149,18.579235,49.680336,0.0,0.0,0.0,0.0,0.0,0.0,22.135088,66.76732,0.0,0.0,0.0,0.0,0.0
2.0,6.0,0.0,0.0,23.047295,0.0,1.6411227,0.0031896932,0.49345917,0.0016579729,3.8154979,4.943192,32.068462,9.381941,10.285283,40.4583,0.0,0.0,0.0,0.0,0.0,0.0,15.204635,38.351574,0.0,0.0,0.0,0.0,0.0
2.0,7.0,0.0,0.11909128,8.80847,0.0,2.0088542,0.092175215,0.12132157,0.006980932,3.5798073,2.846438,16.90346,10.3532095,8.373043,31.0165,0.0,0.0,0.0,0.0,0.0,0.0,9.218537,31.415447,0.0,0.0,0.0,0.0,0.0
2.0,8.0,0.0,0.005564817,17.270695,3.899874E-7,2.0629706,0.27295753,0.58174837,0.001197682,1.132878,3.6401503,14.976992,12.353521,4.452112,23.999557,0.0,0.0,0.0,0.0,0.0,0.0,8.250936,21.49745,0.0,0.0,0.0,0.0,0.0
2.0,9.0,0.0,2.9175138E-5,8.479966,0.0,1.4956921,0.16778438,0.16484502,0.005988208,1.0700972,1.846475,9.405495,5.5120115,5.7932906,21.196117,0.0,0.0,0.0,0.0,0.0,0.0,6.4235997,16.029572,0.0,0.0,0.0,0.0,0.0
2.0,10.0,0.0,0.0,11.808329,0.0,1.0968931,0.08165545,0.056376684,0.0052718916,1.0731604,2.275482,8.4214735,4.5021825,2.4253943,14.825631,0.0,0.0,0.0,0.0,0.0,0.0,4.545273,12.727712,0.0,0.0,0.0,0.0,0.0
2.0,11.0,0.0,0.0,0.0,0.0,0.0,0.0,0.0,0.0,0.0,0.0,0.0,0.0,0.0,0.0,0.0,0.0,0.0,0.0,0.0,0.0,0.0,0.0,0.0,0.0,0.0,0.0,0.0
2.0,12.0,0.0,0.0,0.0,0.0,0.0,0.0,0.0,0.0,0.0,0.0,0.0,0.0,0.0,0.0,0.0,0.0,0.0,0.0,0.0,0.0,0.0,0.0,0.0,0.0,0.0,0.0,0.0
2.0,13.0,0.0,0.0,0.0,0.0,0.0,0.0,0.0,0.0,0.0,0.0,0.0,0.0,0.0,0.0,0.0,0.0,0.0,0.0,0.0,0.0,0.0,0.0,0.0,0.0,0.0,0.0,0.0
2.0,14.0,0.0,0.0,0.0,0.0,0.0,0.0,0.0,0.0,0.0,0.0,0.0,0.0,0.0,0.0,0.0,0.0,0.0,0.0,0.0,0.0,0.0,0.0,0.0,0.0,0.0,0.0,0.0
2.0,15.0,0.0,0.0,0.0,0.0,0.0,0.0,0.0,0.0,0.0,0.0,0.0,0.0,0.0,0.0,0.0,0.0,0.0,0.0,0.0,0.0,0.0,0.0,0.0,0.0,0.0,0.0,0.0
2.0,16.0,0.0,0.0,0.0,0.0,0.0,0.0,0.0,0.0,0.0,0.0,0.0,0.0,0.0,0.0,0.0,0.0,0.0,0.0,0.0,0.0,0.0,0.0,0.0,0.0,0.0,0.0,0.0
2.0,17.0,0.0,0.0,0.0,0.0,0.0,0.0,0.0,0.0,0.0,0.0,0.0,0.0,0.0,0.0,0.0,0.0,0.0,0.0,0.0,0.0,0.0,0.0,0.0,0.0,0.0,0.0,0.0
2.0,18.0,0.0,0.0,0.0,0.0,0.0,0.0,0.0,0.0,0.0,0.0,0.0,0.0,0.0,0.0,0.0,0.0,0.0,0.0,0.0,0.0,0.0,0.0,0.0,0.0,0.0,0.0,0.0
2.0,19.0,0.0,0.0,0.0,0.0,0.0,0.0,0.0,0.0,0.0,0.0,0.0,0.0,0.0,0.0,0.0,0.0,0.0,0.0,0.0,0.0,0.0,0.0,0.0,0.0,0.0,0.0,0.0
2.0,20.0,0.0,0.0,0.0,0.0,0.0,0.0,0.0,0.0,0.0,0.0,0.0,0.0,0.0,0.0,0.0,0.0,0.0,0.0,0.0,0.0,0.0,0.0,0.0,0.0,0.0,0.0,0.0
2.0,21.0,0.0,0.0,0.0,0.0,0.0,0.0,0.0,0.0,0.0,0.0,0.0,0.0,0.0,0.0,0.0,0.0,0.0,0.0,0.0,0.0,0.0,0.0,0.0,0.0,0.0,0.0,0.0
2.0,22.0,0.0,0.0,0.0,0.0,0.0,0.0,0.0,0.0,0.0,0.0,0.0,0.0,0.0,0.0,0.0,0.0,0.0,0.0,0.0,0.0,0.0,0.0,0.0,0.0,0.0,0.0,0.0
2.0,23.0,0.0,0.0,0.0,0.0,0.0,0.0,0.0,0.0,0.0,0.0,0.0,0.0,0.0,0.0,0.0,0.0,0.0,0.0,0.0,0.0,0.0,0.0,0.0,0.0,0.0,0.0,0.0
2.0,24.0,0.0,0.0,0.0,0.0,0.0,0.0,0.0,0.0,0.0,0.0,0.0,0.0,0.0,0.0,0.0,0.0,0.0,0.0,0.0,0.0,0.0,0.0,0.0,0.0,0.0,0.0,0.0
2.0,25.0,0.0,0.0,0.0,0.0,0.0,0.0,0.0,0.0,0.0,0.0,0.0,0.0,0.0,0.0,0.0,0.0,0.0,0.0,0.0,0.0,0.0,0.0,0.0,0.0,0.0,0.0,0.0
3.0,0.0,0.0,0.024792338,57.02243,0.0,1.074313,0.9793155,0.3960891,0.01192565,2.0548327,0.0,103.56511,14.30408,301.39694,0.0,0.0,0.0,4.111108E-8,2.8342247,2.8446479E-8,90.08643,87.51968,217.95815,0.0,0.0,0.0,0.0,0.0
3.0,1.0,0.0,91.82168,28.517448,8.5403866E-5,0.2636277,0.063043065,0.39266524,0.011035803,50.885036,42.164375,55.057587,2.6607196,151.27725,0.0,0.0,0.0,0.0,0.0,0.0,59.251484,59.97912,238.47034,0.0,0.0,0.0,0.0,0.0
3.0,2.0,0.0,177.9141,642.97626,1.42426825E-5,55.612823,2.9624882,17.096294,0.23134723,188.98528,74.27105,628.28973,190.96916,867.62335,0.0,0.0,0.0,0.0,0.0,0.0,391.26614,495.71182,1462.5463,0.0,0.0,0.0,0.0,0.0
3.0,3.0,0.0,2.9394848,111.71045,5.6685145E-5,63.91401,2.2478106,4.3068595,0.017419197,32.40693,10.79431,154.30612,26.530643,97.221275,0.0,0.0,0.0,0.0,0.0,0.0,11.908544,86.4992,248.24039,0.0,0.0,0.0,0.0,0.0
3.0,4.0,0.0,0.74834067,21.301195,0.0012805035,16.086557,1.7678107,1.9064375,0.02301132,12.140043,2.6460304,26.126831,7.8219256,16.700106,0.0,0.0,0.0,0.0,0.0,0.0,0.0,25.733387,57.327553,0.0,0.0,0.0,0.0,0.0
3.0,5.0,0.0,0.028991146,16.066462,2.5282563E-5,9.678834,0.42792055,1.2151023,0.025477173,7.920997,1.5119727,14.2680025,8.380056,10.556777,0.0,0.0,0.0,0.0,0.0,0.0,0.0,15.429321,36.992764,0.0,0.0,0.0,0.0,0.0
3.0,6.0,0.0,0.21544637,11.22426,1.14371305E-5,6.067842,0.41763005,0.69835716,0.0026909509,3.9042664,1.5788326,10.391991,6.8777146,6.803001,0.37808254,0.0,0.0,0.0,0.0,0.0,0.0,9.449653,22.65096,0.0,0.0,0.0,0.0,0.0
3.0,7.0,0.0,0.010408992,4.4833384,0.0,3.247852,0.1960166,0.20988788,0.001958924,3.3246758,0.29745755,5.5366263,2.7071447,4.0834284,0.14301309,0.0,0.0,0.0,0.0,0.0,0.0,5.964017,14.635361,0.0,0.0,0.0,0.0,0.0
3.0,8.0,0.0,0.019270964,3.6564586,2.993068E-7,3.612179,0.065771855,0.44173187,4.3729128E-4,2.6024606,0.38130724,3.677445,1.7806015,2.804067,0.12992974,0.0,0.0,0.0,0.0,0.0,0.0,4.23976,8.405434,0.0,0.0,0.0,0.0,0.0
3.0,9.0,0.0,0.0,3.8357544,7.5475928E-6,2.073919,0.14272209,0.18550491,0.0019233294,1.5648243,0.22128306,2.3951042,2.7025182,1.8870171,0.21057226,0.0,0.0,0.0,0.0,0.0,0.0,2.6529045,7.1241503,0.0,0.0,0.0,0.0,0.0
3.0,10.0,0.0,0.085950874,2.1083138,1.5980843E-9,2.3586564,0.1328178,0.28634462,0.002872465,1.3162115,0.17233899,2.8262115,1.1367956,1.4727072,0.2126217,0.0,0.0,0.0,0.0,0.0,0.0,2.3984783,5.291015,0.0,0.0,0.0,0.0,0.0
3.0,11.0,0.0,0.0,0.0,0.0,0.0,0.0,0.0,0.0,0.0,0.0,0.0,0.0,0.0,0.0,0.0,0.0,0.0,0.0,0.0,0.0,0.0,0.0,0.0,0.0,0.0,0.0,0.0
3.0,12.0,0.0,0.0,0.0,0.0,0.0,0.0,0.0,0.0,0.0,0.0,0.0,0.0,0.0,0.0,0.0,0.0,0.0,0.0,0.0,0.0,0.0,0.0,0.0,0.0,0.0,0.0,0.0
3.0,13.0,0.0,0.0,0.0,0.0,0.0,0.0,0.0,0.0,0.0,0.0,0.0,0.0,0.0,0.0,0.0,0.0,0.0,0.0,0.0,0.0,0.0,0.0,0.0,0.0,0.0,0.0,0.0
3.0,14.0,0.0,0.0,0.0,0.0,0.0,0.0,0.0,0.0,0.0,0.0,0.0,0.0,0.0,0.0,0.0,0.0,0.0,0.0,0.0,0.0,0.0,0.0,0.0,0.0,0.0,0.0,0.0
3.0,15.0,0.0,0.0,0.0,0.0,0.0,0.0,0.0,0.0,0.0,0.0,0.0,0.0,0.0,0.0,0.0,0.0,0.0,0.0,0.0,0.0,0.0,0.0,0.0,0.0,0.0,0.0,0.0
3.0,16.0,0.0,0.0,0.0,0.0,0.0,0.0,0.0,0.0,0.0,0.0,0.0,0.0,0.0,0.0,0.0,0.0,0.0,0.0,0.0,0.0,0.0,0.0,0.0,0.0,0.0,0.0,0.0
3.0,17.0,0.0,0.0,0.0,0.0,0.0,0.0,0.0,0.0,0.0,0.0,0.0,0.0,0.0,0.0,0.0,0.0,0.0,0.0,0.0,0.0,0.0,0.0,0.0,0.0,0.0,0.0,0.0
3.0,18.0,0.0,0.0,0.0,0.0,0.0,0.0,0.0,0.0,0.0,0.0,0.0,0.0,0.0,0.0,0.0,0.0,0.0,0.0,0.0,0.0,0.0,0.0,0.0,0.0,0.0,0.0,0.0
3.0,19.0,0.0,0.0,0.0,0.0,0.0,0.0,0.0,0.0,0.0,0.0,0.0,0.0,0.0,0.0,0.0,0.0,0.0,0.0,0.0,0.0,0.0,0.0,0.0,0.0,0.0,0.0,0.0
3.0,20.0,0.0,0.0,0.0,0.0,0.0,0.0,0.0,0.0,0.0,0.0,0.0,0.0,0.0,0.0,0.0,0.0,0.0,0.0,0.0,0.0,0.0,0.0,0.0,0.0,0.0,0.0,0.0
3.0,21.0,0.0,0.0,0.0,0.0,0.0,0.0,0.0,0.0,0.0,0.0,0.0,0.0,0.0,0.0,0.0,0.0,0.0,0.0,0.0,0.0,0.0,0.0,0.0,0.0,0.0,0.0,0.0
3.0,22.0,0.0,0.0,0.0,0.0,0.0,0.0,0.0,0.0,0.0,0.0,0.0,0.0,0.0,0.0,0.0,0.0,0.0,0.0,0.0,0.0,0.0,0.0,0.0,0.0,0.0,0.0,0.0
3.0,23.0,0.0,0.0,0.0,0.0,0.0,0.0,0.0,0.0,0.0,0.0,0.0,0.0,0.0,0.0,0.0,0.0,0.0,0.0,0.0,0.0,0.0,0.0,0.0,0.0,0.0,0.0,0.0
3.0,24.0,0.0,0.0,0.0,0.0,0.0,0.0,0.0,0.0,0.0,0.0,0.0,0.0,0.0,0.0,0.0,0.0,0.0,0.0,0.0,0.0,0.0,0.0,0.0,0.0,0.0,0.0,0.0
3.0,25.0,0.0,0.0,0.0,0.0,0.0,0.0,0.0,0.0,0.0,0.0,0.0,0.0,0.0,0.0,0.0,0.0,0.0,0.0,0.0,0.0,0.0,0.0,0.0,0.0,0.0,0.0,0.0
4.0,0.0,0.0,102.67924,19.721098,0.0,0.46236527,0.25915185,24.05056,2.5421048E-6,7.93557,47.259644,0.21875536,1.7619692,55.907627,2.479601E-4,0.0,0.0,4.5839126E-8,3.7828975,2.8023145E-8,109.6165,112.09259,279.745,0.0,0.0,0.0,0.0,0.0
4.0,1.0,0.0,0.0,124.49299,0.0,43.079086,8.161299,52.87361,0.044761803,79.008415,45.58889,15.896888,2.441765,59.56815,0.0017222244,0.0,0.0,0.0,0.0,0.0,91.816086,94.66145,334.98624,0.0,0.0,0.0,0.0,0.0
4.0,2.0,0.0,47.378136,59.764442,0.0,34.40675,0.9710879,7.252688,0.013815739,24.367857,55.219833,0.3709812,5.6848726,110.574104,0.0012806472,0.0,0.0,0.0,0.0,0.0,43.97216,41.28713,171.76233,0.0,0.0,0.0,0.0,0.0
4.0,3.0,0.0,39.274532,316.55453,1.2571284E-7,229.47453,11.079209,15.0788,0.13640358,250.17519,12.490652,103.12025,141.5592,841.99835,1.5223783,0.0,0.0,0.0,0.0,0.0,264.05865,298.07928,1110.6006,0.0,0.0,0.0,0.0,0.0
4.0,4.0,0.0,0.45632285,36.394096,3.845597E-9,48.85723,1.5516464,1.2969136,0.010189135,10.934802,3.3330178,28.466349,10.619624,24.095133,0.73409593,0.0,0.0,0.0,0.0,0.0,8.917328,38.011036,119.67713,0.0,0.0,0.0,0.0,0.0
4.0,5.0,0.0,0.0863493,6.2433414,3.7559388E-5,9.369586,0.5208309,0.47916925,0.005132241,4.440718,0.33046886,7.0236273,3.1205308,5.9946437,0.20390584,0.0,0.0,0.0,0.0,0.0,0.0,5.886594,19.058462,0.0,0.0,0.0,0.0,0.0
4.0,6.0,0.0,0.06905113,2.7110476,4.0403714E-10,5.858179,0.30268165,0.34600413,0.0017832783,1.6811167,0.22661595,3.4309855,1.6941282,3.4701505,0.13646723,0.0,0.0,0.0,0.0,0.0,0.0,3.3951595,11.284655,0.0,0.0,0.0,0.0,0.0
4.0,7.0,0.0,0.04936078,1.5091494,1.7100127E-9,3.776845,0.3918604,0.13835517,3.0667917E-4,1.2110695,0.1606098,2.9193654,1.6103243,2.206098,0.07353566,0.0,0.0,0.0,0.0,0.0,0.0,2.2113059,6.7459545,0.0,0.0,0.0,0.0,0.0
4.0,8.0,0.0,0.00671825,0.88945705,7.0561174E-10,2.1159227,0.046288885,0.11391426,0.0045700856,0.93170595,0.013589193,1.8298476,0.7341394,1.0923135,0.06174389,0.0,0.0,0.0,0.0,0.0,0.0,1.0784881,3.7382846,0.0,0.0,0.0,0.0,0.0
4.0,9.0,0.0,0.0019774036,0.36528906,1.6586181E-6,1.9008113,0.06323524,0.026080664,9.5638394E-4,0.51388305,0.10930521,1.2446349,0.56326663,1.3052812,0.0366207,0.0,0.0,0.0,0.0,0.0,0.0,0.71842,2.5373948,0.0,0.0,0.0,0.0,0.0
4.0,10.0,0.0,0.019010868,0.6693837,3.4294567E-6,0.95079446,0.14813842,0.10514866,0.0010832355,0.36241898,0.04721078,0.6103749,0.6246746,0.41128847,0.048540495,0.0,0.0,0.0,0.0,0.0,0.0,0.6784289,2.1645594,0.0,0.0,0.0,0.0,0.0
4.0,11.0,0.0,0.0,0.0,0.0,0.0,0.0,0.0,0.0,0.0,0.0,0.0,0.0,0.0,0.0,0.0,0.0,0.0,0.0,0.0,0.0,0.0,0.0,0.0,0.0,0.0,0.0,0.0
4.0,12.0,0.0,0.0,0.0,0.0,0.0,0.0,0.0,0.0,0.0,0.0,0.0,0.0,0.0,0.0,0.0,0.0,0.0,0.0,0.0,0.0,0.0,0.0,0.0,0.0,0.0,0.0,0.0
4.0,13.0,0.0,0.0,0.0,0.0,0.0,0.0,0.0,0.0,0.0,0.0,0.0,0.0,0.0,0.0,0.0,0.0,0.0,0.0,0.0,0.0,0.0,0.0,0.0,0.0,0.0,0.0,0.0
4.0,14.0,0.0,0.0,0.0,0.0,0.0,0.0,0.0,0.0,0.0,0.0,0.0,0.0,0.0,0.0,0.0,0.0,0.0,0.0,0.0,0.0,0.0,0.0,0.0,0.0,0.0,0.0,0.0
4.0,15.0,0.0,0.0,0.0,0.0,0.0,0.0,0.0,0.0,0.0,0.0,0.0,0.0,0.0,0.0,0.0,0.0,0.0,0.0,0.0,0.0,0.0,0.0,0.0,0.0,0.0,0.0,0.0
4.0,16.0,0.0,0.0,0.0,0.0,0.0,0.0,0.0,0.0,0.0,0.0,0.0,0.0,0.0,0.0,0.0,0.0,0.0,0.0,0.0,0.0,0.0,0.0,0.0,0.0,0.0,0.0,0.0
4.0,17.0,0.0,0.0,0.0,0.0,0.0,0.0,0.0,0.0,0.0,0.0,0.0,0.0,0.0,0.0,0.0,0.0,0.0,0.0,0.0,0.0,0.0,0.0,0.0,0.0,0.0,0.0,0.0
4.0,18.0,0.0,0.0,0.0,0.0,0.0,0.0,0.0,0.0,0.0,0.0,0.0,0.0,0.0,0.0,0.0,0.0,0.0,0.0,0.0,0.0,0.0,0.0,0.0,0.0,0.0,0.0,0.0
4.0,19.0,0.0,0.0,0.0,0.0,0.0,0.0,0.0,0.0,0.0,0.0,0.0,0.0,0.0,0.0,0.0,0.0,0.0,0.0,0.0,0.0,0.0,0.0,0.0,0.0,0.0,0.0,0.0
4.0,20.0,0.0,0.0,0.0,0.0,0.0,0.0,0.0,0.0,0.0,0.0,0.0,0.0,0.0,0.0,0.0,0.0,0.0,0.0,0.0,0.0,0.0,0.0,0.0,0.0,0.0,0.0,0.0
4.0,21.0,0.0,0.0,0.0,0.0,0.0,0.0,0.0,0.0,0.0,0.0,0.0,0.0,0.0,0.0,0.0,0.0,0.0,0.0,0.0,0.0,0.0,0.0,0.0,0.0,0.0,0.0,0.0
4.0,22.0,0.0,0.0,0.0,0.0,0.0,0.0,0.0,0.0,0.0,0.0,0.0,0.0,0.0,0.0,0.0,0.0,0.0,0.0,0.0,0.0,0.0,0.0,0.0,0.0,0.0,0.0,0.0
4.0,23.0,0.0,0.0,0.0,0.0,0.0,0.0,0.0,0.0,0.0,0.0,0.0,0.0,0.0,0.0,0.0,0.0,0.0,0.0,0.0,0.0,0.0,0.0,0.0,0.0,0.0,0.0,0.0
4.0,24.0,0.0,0.0,0.0,0.0,0.0,0.0,0.0,0.0,0.0,0.0,0.0,0.0,0.0,0.0,0.0,0.0,0.0,0.0,0.0,0.0,0.0,0.0,0.0,0.0,0.0,0.0,0.0
4.0,25.0,0.0,0.0,0.0,0.0,0.0,0.0,0.0,0.0,0.0,0.0,0.0,0.0,0.0,0.0,0.0,0.0,0.0,0.0,0.0,0.0,0.0,0.0,0.0,0.0,0.0,0.0,0.0
5.0,0.0,0.0,9.864753E-5,53.337486,1.0694258E-8,32.977306,8.4145385E-4,0.0,1.2686303E-7,0.75849074,3.414337E-5,2.6211374E-6,1.1308911,50.23753,0.0,0.0,0.0,8.304085E-9,0.70426846,1.2437933E-8,34.498245,35.81808,115.11193,0.0,0.0,0.0,0.0,0.0
5.0,1.0,0.0,0.0,44.099422,8.3185456E-5,61.99134,13.6738825,2.2788095,0.0061549777,26.524855,0.0,20.73804,1.8056566,57.816143,0.0,0.0,0.0,0.0,0.0,0.0,116.90409,100.28006,341.74905,0.0,0.0,0.0,0.0,0.0
5.0,2.0,0.0,12.8691635,156.0608,8.111691E-5,38.092236,1.3153621,1.4042565,0.109023266,46.31544,2.207367,23.378853,13.820722,55.147667,0.0,0.0,0.0,0.0,0.0,0.0,53.20278,54.421787,221.58461,0.0,0.0,0.0,0.0,0.0
5.0,3.0,0.0,0.65911543,57.025925,0.0,24.147089,0.4373939,0.3718209,0.0028935475,6.694797,3.8890185,8.340976,3.1172981,41.361984,0.0,0.0,0.0,0.0,0.0,0.0,29.906813,26.804623,122.74036,0.0,0.0,0.0,0.0,0.0
5.0,4.0,0.0,5.2451015,96.598114,9.258027E-10,198.38876,10.379937,10.35131,0.09227947,108.368126,18.728725,31.854736,10.949546,135.3868,0.0,0.0,0.0,0.0,0.0,0.0,173.94597,163.32268,645.2236,0.0,0.0,0.0,0.0,0.0
5.0,5.0,0.0,0.4549329,12.468542,4.231135E-5,19.833332,2.296618,0.35152155,0.007957485,3.9759173,0.78483766,3.258925,2.6387186,8.434235,0.0,0.0,0.0,0.0,0.0,0.0,4.171589,11.66755,50.540863,0.0,0.0,0.0,0.0,0.0
5.0,6.0,0.0,0.025909703,1.5143354,1.4966993E-5,3.6504228,0.1365128,0.18265222,0.006499959,1.0765584,0.22783816,1.2396866,0.5459683,2.0399342,0.0,0.0,0.0,0.0,0.0,0.0,0.0,1.7987105,4.5243635,0.0,0.0,0.0,0.0,0.0
5.0,7.0,0.0,0.013651154,0.6149962,5.9607834E-7,2.2316682,0.13838306,0.1561318,0.0013973342,0.4036878,0.09194634,0.97634387,0.32192603,0.8252827,0.0,0.0,0.0,0.0,0.0,0.0,0.0,0.88252544,2.7057548,0.0,0.0,0.0,0.0,0.0
5.0,8.0,0.0,0.01259102,0.43085483,1.5616417E-5,1.0802225,0.05131817,0.07698906,0.0026691526,0.38438067,0.040914524,0.69233936,0.25117093,0.5437654,0.0,0.0,0.0,0.0,0.0,0.0,0.0,0.55079794,1.6895702,0.0,0.0,0.0,0.0,0.0
5.0,9.0,0.0,0.010706476,0.2061417,1.2482967E-5,0.6918011,0.048516043,0.015135011,0.0016037353,0.16516449,0.021613678,0.39076546,0.08607959,0.27234277,0.0,0.0,0.0,0.0,0.0,0.0,0.0,0.29963946,0.8136034,0.0,0.0,0.0,0.0,0.0
5.0,10.0,0.0,0.0,0.14649086,1.367433E-5,0.4414845,0.041963868,0.052221846,0.0012534047,0.16693123,0.04644768,0.28425378,0.06713704,0.19088045,0.0,0.0,0.0,0.0,0.0,0.0,0.0,0.18495399,0.5525098,0.0,0.0,0.0,0.0,0.0
5.0,11.0,0.0,0.0,0.0,0.0,0.0,0.0,0.0,0.0,0.0,0.0,0.0,0.0,0.0,0.0,0.0,0.0,0.0,0.0,0.0,0.0,0.0,0.0,0.0,0.0,0.0,0.0,0.0
5.0,12.0,0.0,0.0,0.0,0.0,0.0,0.0,0.0,0.0,0.0,0.0,0.0,0.0,0.0,0.0,0.0,0.0,0.0,0.0,0.0,0.0,0.0,0.0,0.0,0.0,0.0,0.0,0.0
5.0,13.0,0.0,0.0,0.0,0.0,0.0,0.0,0.0,0.0,0.0,0.0,0.0,0.0,0.0,0.0,0.0,0.0,0.0,0.0,0.0,0.0,0.0,0.0,0.0,0.0,0.0,0.0,0.0
5.0,14.0,0.0,0.0,0.0,0.0,0.0,0.0,0.0,0.0,0.0,0.0,0.0,0.0,0.0,0.0,0.0,0.0,0.0,0.0,0.0,0.0,0.0,0.0,0.0,0.0,0.0,0.0,0.0
5.0,15.0,0.0,0.0,0.0,0.0,0.0,0.0,0.0,0.0,0.0,0.0,0.0,0.0,0.0,0.0,0.0,0.0,0.0,0.0,0.0,0.0,0.0,0.0,0.0,0.0,0.0,0.0,0.0
5.0,16.0,0.0,0.0,0.0,0.0,0.0,0.0,0.0,0.0,0.0,0.0,0.0,0.0,0.0,0.0,0.0,0.0,0.0,0.0,0.0,0.0,0.0,0.0,0.0,0.0,0.0,0.0,0.0
5.0,17.0,0.0,0.0,0.0,0.0,0.0,0.0,0.0,0.0,0.0,0.0,0.0,0.0,0.0,0.0,0.0,0.0,0.0,0.0,0.0,0.0,0.0,0.0,0.0,0.0,0.0,0.0,0.0
5.0,18.0,0.0,0.0,0.0,0.0,0.0,0.0,0.0,0.0,0.0,0.0,0.0,0.0,0.0,0.0,0.0,0.0,0.0,0.0,0.0,0.0,0.0,0.0,0.0,0.0,0.0,0.0,0.0
5.0,19.0,0.0,0.0,0.0,0.0,0.0,0.0,0.0,0.0,0.0,0.0,0.0,0.0,0.0,0.0,0.0,0.0,0.0,0.0,0.0,0.0,0.0,0.0,0.0,0.0,0.0,0.0,0.0
5.0,20.0,0.0,0.0,0.0,0.0,0.0,0.0,0.0,0.0,0.0,0.0,0.0,0.0,0.0,0.0,0.0,0.0,0.0,0.0,0.0,0.0,0.0,0.0,0.0,0.0,0.0,0.0,0.0
5.0,21.0,0.0,0.0,0.0,0.0,0.0,0.0,0.0,0.0,0.0,0.0,0.0,0.0,0.0,0.0,0.0,0.0,0.0,0.0,0.0,0.0,0.0,0.0,0.0,0.0,0.0,0.0,0.0
5.0,22.0,0.0,0.0,0.0,0.0,0.0,0.0,0.0,0.0,0.0,0.0,0.0,0.0,0.0,0.0,0.0,0.0,0.0,0.0,0.0,0.0,0.0,0.0,0.0,0.0,0.0,0.0,0.0
5.0,23.0,0.0,0.0,0.0,0.0,0.0,0.0,0.0,0.0,0.0,0.0,0.0,0.0,0.0,0.0,0.0,0.0,0.0,0.0,0.0,0.0,0.0,0.0,0.0,0.0,0.0,0.0,0.0
5.0,24.0,0.0,0.0,0.0,0.0,0.0,0.0,0.0,0.0,0.0,0.0,0.0,0.0,0.0,0.0,0.0,0.0,0.0,0.0,0.0,0.0,0.0,0.0,0.0,0.0,0.0,0.0,0.0
5.0,25.0,0.0,0.0,0.0,0.0,0.0,0.0,0.0,0.0,0.0,0.0,0.0,0.0,0.0,0.0,0.0,0.0,0.0,0.0,0.0,0.0,0.0,0.0,0.0,0.0,0.0,0.0,0.0
6.0,0.0,0.0,5.307561,86.42108,2.9019338E-6,0.11939746,13.754719,7.848411E-5,3.4332953E-11,2.6070051,1.4226904E-6,0.020826334,0.9097186,67.58256,0.14988583,0.0,0.0,1.67997E-9,0.13134515,9.649353E-9,30.03268,25.571623,82.94957,0.0,0.0,0.0,0.0,0.0
6.0,1.0,0.0,5.941509,88.18732,4.5662175E-5,98.2261,0.30970722,0.11469372,0.029562319,13.959475,1.9702982E-6,12.58427,1.0119913,34.206425,29.803282,0.0,0.0,0.0,0.0,0.0,34.270454,37.059147,140.72574,0.0,0.0,0.0,0.0,0.0
6.0,2.0,0.0,0.027915671,41.095974,1.7631943E-5,31.54615,5.529048,0.45400193,0.06471203,106.045456,2.6684564E-5,3.751876,4.4115405,131.56535,48.153442,0.0,0.0,0.0,0.0,0.0,58.505867,78.243484,256.7971,0.0,0.0,0.0,0.0,0.0
6.0,3.0,0.0,0.0,22.691668,0.0,25.564838,11.03306,0.18604213,0.051145032,19.708338,0.6538138,7.762643,1.5538975,33.377533,13.852868,0.0,0.0,0.0,0.0,0.0,28.76602,42.10227,155.19464,0.0,0.0,0.0,0.0,0.0
6.0,4.0,0.0,0.0,1.3567231,1.2678984E-8,15.268553,2.042978,0.05581647,6.0151E-4,10.180556,3.52643,0.73852366,0.43473405,7.9801497,3.3277996,0.0,0.0,0.0,0.0,0.0,12.697553,22.234238,75.29411,0.0,0.0,0.0,0.0,0.0
6.0,5.0,0.0,6.754207,50.355995,5.250826E-5,67.511154,10.726394,0.79072213,0.028036019,58.04698,1.2564543,18.196262,6.7749076,86.32477,42.8833,0.0,0.0,0.0,0.0,0.0,110.82083,100.511955,345.39343,0.0,0.0,0.0,0.0,0.0
6.0,6.0,0.0,0.0336462,6.0879765,9.647724E-6,9.264192,3.4802463,0.0068488875,4.5329708E-4,0.97794783,0.2679031,1.9803212,0.4037089,12.612403,0.5894867,0.0,0.0,0.0,0.0,0.0,3.3480036,5.596506,18.636572,0.0,0.0,0.0,0.0,0.0
6.0,7.0,0.0,0.0022813468,0.5681457,2.0835172E-5,0.944047,0.13041879,0.024451064,3.9426723E-4,0.42951527,0.04673275,0.21865916,0.13022104,0.42381656,0.19677243,0.0,0.0,0.0,0.0,0.0,0.0,0.7134455,1.66369,0.0,0.0,0.0,0.0,0.0
6.0,8.0,0.0,0.0015362357,0.18690312,4.49569E-8,0.50309724,0.076130375,0.007653326,6.822822E-4,0.1460346,0.013550057,0.19613358,0.044874303,0.2657775,0.19507618,0.0,0.0,0.0,0.0,0.0,0.0,0.37038028,0.8697867,0.0,0.0,0.0,0.0,0.0
6.0,9.0,0.0,0.0017435637,0.15918198,1.916436E-7,0.3138757,0.036798898,0.0032380682,8.271161E-5,0.17503124,2.1661341E-10,0.08434701,0.03868068,0.16157371,0.083200656,0.0,0.0,0.0,0.0,0.0,0.0,0.18808039,0.55576426,0.0,0.0,0.0,0.0,0.0
6.0,10.0,0.0,4.218837E-6,0.06697305,1.2395297E-10,0.1458252,0.020437716,0.002720483,2.8887714E-4,0.08619405,0.0042285514,0.049522463,0.016382514,0.08752065,0.029555926,0.0,0.0,0.0,0.0,0.0,0.0,0.11081736,0.2858669,0.0,0.0,0.0,0.0,0.0
6.0,11.0,0.0,0.0,0.0,0.0,0.0,0.0,0.0,0.0,0.0,0.0,0.0,0.0,0.0,0.0,0.0,0.0,0.0,0.0,0.0,0.0,0.0,0.0,0.0,0.0,0.0,0.0,0.0
6.0,12.0,0.0,0.0,0.0,0.0,0.0,0.0,0.0,0.0,0.0,0.0,0.0,0.0,0.0,0.0,0.0,0.0,0.0,0.0,0.0,0.0,0.0,0.0,0.0,0.0,0.0,0.0,0.0
6.0,13.0,0.0,0.0,0.0,0.0,0.0,0.0,0.0,0.0,0.0,0.0,0.0,0.0,0.0,0.0,0.0,0.0,0.0,0.0,0.0,0.0,0.0,0.0,0.0,0.0,0.0,0.0,0.0
6.0,14.0,0.0,0.0,0.0,0.0,0.0,0.0,0.0,0.0,0.0,0.0,0.0,0.0,0.0,0.0,0.0,0.0,0.0,0.0,0.0,0.0,0.0,0.0,0.0,0.0,0.0,0.0,0.0
6.0,15.0,0.0,0.0,0.0,0.0,0.0,0.0,0.0,0.0,0.0,0.0,0.0,0.0,0.0,0.0,0.0,0.0,0.0,0.0,0.0,0.0,0.0,0.0,0.0,0.0,0.0,0.0,0.0
6.0,16.0,0.0,0.0,0.0,0.0,0.0,0.0,0.0,0.0,0.0,0.0,0.0,0.0,0.0,0.0,0.0,0.0,0.0,0.0,0.0,0.0,0.0,0.0,0.0,0.0,0.0,0.0,0.0
6.0,17.0,0.0,0.0,0.0,0.0,0.0,0.0,0.0,0.0,0.0,0.0,0.0,0.0,0.0,0.0,0.0,0.0,0.0,0.0,0.0,0.0,0.0,0.0,0.0,0.0,0.0,0.0,0.0
6.0,18.0,0.0,0.0,0.0,0.0,0.0,0.0,0.0,0.0,0.0,0.0,0.0,0.0,0.0,0.0,0.0,0.0,0.0,0.0,0.0,0.0,0.0,0.0,0.0,0.0,0.0,0.0,0.0
6.0,19.0,0.0,0.0,0.0,0.0,0.0,0.0,0.0,0.0,0.0,0.0,0.0,0.0,0.0,0.0,0.0,0.0,0.0,0.0,0.0,0.0,0.0,0.0,0.0,0.0,0.0,0.0,0.0
6.0,20.0,0.0,0.0,0.0,0.0,0.0,0.0,0.0,0.0,0.0,0.0,0.0,0.0,0.0,0.0,0.0,0.0,0.0,0.0,0.0,0.0,0.0,0.0,0.0,0.0,0.0,0.0,0.0
6.0,21.0,0.0,0.0,0.0,0.0,0.0,0.0,0.0,0.0,0.0,0.0,0.0,0.0,0.0,0.0,0.0,0.0,0.0,0.0,0.0,0.0,0.0,0.0,0.0,0.0,0.0,0.0,0.0
6.0,22.0,0.0,0.0,0.0,0.0,0.0,0.0,0.0,0.0,0.0,0.0,0.0,0.0,0.0,0.0,0.0,0.0,0.0,0.0,0.0,0.0,0.0,0.0,0.0,0.0,0.0,0.0,0.0
6.0,23.0,0.0,0.0,0.0,0.0,0.0,0.0,0.0,0.0,0.0,0.0,0.0,0.0,0.0,0.0,0.0,0.0,0.0,0.0,0.0,0.0,0.0,0.0,0.0,0.0,0.0,0.0,0.0
6.0,24.0,0.0,0.0,0.0,0.0,0.0,0.0,0.0,0.0,0.0,0.0,0.0,0.0,0.0,0.0,0.0,0.0,0.0,0.0,0.0,0.0,0.0,0.0,0.0,0.0,0.0,0.0,0.0
6.0,25.0,0.0,0.0,0.0,0.0,0.0,0.0,0.0,0.0,0.0,0.0,0.0,0.0,0.0,0.0,0.0,0.0,0.0,0.0,0.0,0.0,0.0,0.0,0.0,0.0,0.0,0.0,0.0
7.0,0.0,0.0,0.0031564895,19.60479,3.6810377E-6,0.6355791,14.345956,0.008734356,0.0010952705,2.9330492,29.476534,1.7202107,0.5409914,9.780894,0.0,0.0,0.0,4.782688E-9,0.41724393,6.7688575E-9,33.963116,25.152008,69.00334,0.0,0.0,0.0,0.0,0.0
7.0,1.0,0.0,0.0,1.8701624,1.2322503E-8,28.954042,15.432107,8.672629E-4,0.0,9.503843,3.4590958E-5,0.046933524,0.54978806,62.892128,0.0,0.0,0.0,0.0,0.0,0.0,38.742443,43.01511,136.99881,0.0,0.0,0.0,0.0,0.0
7.0,2.0,0.0,0.14696057,23.895975,0.0,41.353382,28.695255,1.0018057,1.3610741E-5,7.862813,4.4372196,0.45903316,0.82385767,26.159374,0.0,0.0,0.0,0.0,0.0,0.0,17.724512,33.21553,109.79076,0.0,0.0,0.0,0.0,0.0
7.0,3.0,0.0,0.2048146,72.78683,1.5868367E-5,39.631783,7.3259726,7.516892E-4,5.9487535E-5,26.272106,18.136702,2.1001852,1.4646094,41.550232,0.0,0.0,0.0,0.0,0.0,0.0,31.4687,53.014866,161.31795,0.0,0.0,0.0,0.0,0.0
7.0,4.0,0.0,3.4766636,17.005287,1.9529298E-5,11.658249,2.053502,0.0022593418,0.050299264,15.292248,1.3377308,3.667184,1.4621875,14.4735,0.0,0.0,0.0,0.0,0.0,0.0,7.425347,26.94537,82.028946,0.0,0.0,0.0,0.0,0.0
7.0,5.0,0.0,0.0,3.4056175,2.5307033E-8,9.206423,1.4081445,0.0065709413,8.419138E-8,2.8421566,0.3149828,0.124658726,0.47753254,10.51336,0.0,0.0,0.0,0.0,0.0,0.0,3.3157675,10.350049,36.190323,0.0,0.0,0.0,0.0,0.0
7.0,6.0,0.0,2.5688703,25.420887,2.0345196E-5,21.09853,8.841799,0.112702444,0.024384396,19.565224,0.06989671,5.271273,2.2894113,39.992935,0.0,0.0,0.0,0.0,0.0,0.0,59.776283,67.978004,190.01231,0.0,0.0,0.0,0.0,0.0
7.0,7.0,0.0,0.010073127,1.8236264,2.688531E-5,2.433819,0.121946976,0.011527246,9.736599E-4,1.4292762,0.12679692,0.24906999,0.22144048,1.1699525,0.0,0.0,0.0,0.0,0.0,0.0,3.244956,3.906864,12.236802,0.0,0.0,0.0,0.0,0.0
7.0,8.0,0.0,0.002985254,0.19847867,1.1508581E-6,0.30361584,0.03986647,0.0021956316,5.4781546E-4,0.11169832,0.01918692,0.0753014,0.06263333,0.16684292,0.0,0.0,0.0,0.0,0.0,0.0,0.0,0.31025216,0.67491454,0.0,0.0,0.0,0.0,0.0
7.0,9.0,0.0,0.002461066,0.10797353,4.9499313E-6,0.15380915,0.018906934,0.0022219007,0.0011248919,0.03460274,0.003966054,0.07232617,0.024046397,0.07609337,0.0,0.0,0.0,0.0,0.0,0.0,0.0,0.17274669,0.32748038,0.0,0.0,0.0,0.0,0.0
7.0,10.0,0.0,0.0011073016,0.0568626,4.0953485E-9,0.09924827,0.023665408,8.9185656E-4,2.1921865E-4,0.04675336,0.0039303596,0.037433367,0.019072905,0.059668805,0.0,0.0,0.0,0.0,0.0,0.0,0.0,0.08101895,0.17660654,0.0,0.0,0.0,0.0,0.0
7.0,11.0,0.0,0.0,0.0,0.0,0.0,0.0,0.0,0.0,0.0,0.0,0.0,0.0,0.0,0.0,0.0,0.0,0.0,0.0,0.0,0.0,0.0,0.0,0.0,0.0,0.0,0.0,0.0
7.0,12.0,0.0,0.0,0.0,0.0,0.0,0.0,0.0,0.0,0.0,0.0,0.0,0.0,0.0,0.0,0.0,0.0,0.0,0.0,0.0,0.0,0.0,0.0,0.0,0.0,0.0,0.0,0.0
7.0,13.0,0.0,0.0,0.0,0.0,0.0,0.0,0.0,0.0,0.0,0.0,0.0,0.0,0.0,0.0,0.0,0.0,0.0,0.0,0.0,0.0,0.0,0.0,0.0,0.0,0.0,0.0,0.0
7.0,14.0,0.0,0.0,0.0,0.0,0.0,0.0,0.0,0.0,0.0,0.0,0.0,0.0,0.0,0.0,0.0,0.0,0.0,0.0,0.0,0.0,0.0,0.0,0.0,0.0,0.0,0.0,0.0
7.0,15.0,0.0,0.0,0.0,0.0,0.0,0.0,0.0,0.0,0.0,0.0,0.0,0.0,0.0,0.0,0.0,0.0,0.0,0.0,0.0,0.0,0.0,0.0,0.0,0.0,0.0,0.0,0.0
7.0,16.0,0.0,0.0,0.0,0.0,0.0,0.0,0.0,0.0,0.0,0.0,0.0,0.0,0.0,0.0,0.0,0.0,0.0,0.0,0.0,0.0,0.0,0.0,0.0,0.0,0.0,0.0,0.0
7.0,17.0,0.0,0.0,0.0,0.0,0.0,0.0,0.0,0.0,0.0,0.0,0.0,0.0,0.0,0.0,0.0,0.0,0.0,0.0,0.0,0.0,0.0,0.0,0.0,0.0,0.0,0.0,0.0
7.0,18.0,0.0,0.0,0.0,0.0,0.0,0.0,0.0,0.0,0.0,0.0,0.0,0.0,0.0,0.0,0.0,0.0,0.0,0.0,0.0,0.0,0.0,0.0,0.0,0.0,0.0,0.0,0.0
7.0,19.0,0.0,0.0,0.0,0.0,0.0,0.0,0.0,0.0,0.0,0.0,0.0,0.0,0.0,0.0,0.0,0.0,0.0,0.0,0.0,0.0,0.0,0.0,0.0,0.0,0.0,0.0,0.0
7.0,20.0,0.0,0.0,0.0,0.0,0.0,0.0,0.0,0.0,0.0,0.0,0.0,0.0,0.0,0.0,0.0,0.0,0.0,0.0,0.0,0.0,0.0,0.0,0.0,0.0,0.0,0.0,0.0
7.0,21.0,0.0,0.0,0.0,0.0,0.0,0.0,0.0,0.0,0.0,0.0,0.0,0.0,0.0,0.0,0.0,0.0,0.0,0.0,0.0,0.0,0.0,0.0,0.0,0.0,0.0,0.0,0.0
7.0,22.0,0.0,0.0,0.0,0.0,0.0,0.0,0.0,0.0,0.0,0.0,0.0,0.0,0.0,0.0,0.0,0.0,0.0,0.0,0.0,0.0,0.0,0.0,0.0,0.0,0.0,0.0,0.0
7.0,23.0,0.0,0.0,0.0,0.0,0.0,0.0,0.0,0.0,0.0,0.0,0.0,0.0,0.0,0.0,0.0,0.0,0.0,0.0,0.0,0.0,0.0,0.0,0.0,0.0,0.0,0.0,0.0
7.0,24.0,0.0,0.0,0.0,0.0,0.0,0.0,0.0,0.0,0.0,0.0,0.0,0.0,0.0,0.0,0.0,0.0,0.0,0.0,0.0,0.0,0.0,0.0,0.0,0.0,0.0,0.0,0.0
7.0,25.0,0.0,0.0,0.0,0.0,0.0,0.0,0.0,0.0,0.0,0.0,0.0,0.0,0.0,0.0,0.0,0.0,0.0,0.0,0.0,0.0,0.0,0.0,0.0,0.0,0.0,0.0,0.0
8.0,0.0,0.0,3.9614222,60.648514,8.4381305E-8,6.5502024,0.92461956,0.0017890926,1.0151646E-5,21.845016,7.198142,0.061293855,0.9837202,179.93417,6.7661233,0.0,0.0,2.0326658E-8,1.313435,1.4171282E-8,101.7697,108.48395,282.77682,0.0,0.0,0.0,0.0,0.0
8.0,1.0,0.0,0.0949174,85.85698,0.0,32.2579,9.073915,0.025845718,0.016794043,18.82795,0.2755553,0.9737217,0.931464,65.60526,13.663632,0.0,0.0,0.0,0.0,0.0,27.187174,31.690874,117.446594,0.0,0.0,0.0,0.0,0.0
8.0,2.0,0.0,0.0030464437,49.55325,1.4326599E-5,24.894707,1.0685589,0.0016812935,1.9546233E-4,14.736819,0.002625448,11.961034,9.568014,11.696608,7.339751,0.0,0.0,0.0,0.0,0.0,14.062509,24.620043,82.06691,0.0,0.0,0.0,0.0,0.0
8.0,3.0,0.0,4.181908E-9,7.3037896,0.0,22.51524,0.58881676,1.03165425E-4,0.004911727,19.362932,0.0,0.52634364,2.6006947,24.260693,11.710022,0.0,0.0,0.0,0.0,0.0,2.8568125,17.894331,50.254326,0.0,0.0,0.0,0.0,0.0
8.0,4.0,0.0,0.5534393,37.646965,8.138424E-8,21.390919,6.075601,0.020524867,0.0040032878,16.48965,2.6215346,5.1140265,1.149081,42.200073,7.5449986,0.0,0.0,0.0,0.0,0.0,9.811763,25.51668,77.06642,0.0,0.0,0.0,0.0,0.0
8.0,5.0,0.0,0.22378753,7.737594,4.242325E-6,10.260868,3.49252,0.0112955775,0.007197542,5.080759,0.14909458,0.44028002,1.0899327,4.268816,6.3535333,0.0,0.0,0.0,0.0,0.0,0.9976488,16.136215,39.766857,0.0,0.0,0.0,0.0,0.0
8.0,6.0,0.0,0.1541237,0.64618427,1.131969E-6,6.5462956,0.5239351,0.012427099,0.0,3.4397848,0.05014851,0.56761575,0.41015378,3.9641778,3.417486,0.0,0.0,0.0,0.0,0.0,0.68781173,4.2536654,15.331043,0.0,0.0,0.0,0.0,0.0
8.0,7.0,0.0,0.643702,16.430922,3.2943935E-5,9.017204,4.028883,0.34997806,0.006663917,14.292309,0.5960018,2.079318,2.0165675,18.227135,6.5896916,0.0,0.0,0.0,0.0,0.0,24.8314,23.030424,60.83427,0.0,0.0,0.0,0.0,0.0
8.0,8.0,0.0,0.017320342,0.81047213,0.0,0.55155224,0.043314643,0.0043090205,8.3112164E-4,0.25484106,0.02376739,0.20085476,0.23733877,1.123939,0.11937959,0.0,0.0,0.0,0.0,0.0,1.1768537,1.4465169,3.5573986,0.0,0.0,0.0,0.0,0.0
8.0,9.0,0.0,0.002294448,0.0939844,3.6229414E-7,0.10560562,0.01506329,0.0012357124,8.3046465E-4,0.05436991,0.009409164,0.047104128,0.02193692,0.060648493,0.05036141,0.0,0.0,0.0,0.0,0.0,0.0,0.084708795,0.19053599,0.0,0.0,0.0,0.0,0.0
8.0,10.0,0.0,0.0014993133,0.027906187,4.261401E-9,0.04493503,0.010412109,0.0013967523,2.349631E-4,0.03719302,0.0027797832,0.02015059,0.008488,0.025277125,0.030764334,0.0,0.0,0.0,0.0,0.0,0.0,0.046377007,0.09985467,0.0,0.0,0.0,0.0,0.0
8.0,11.0,0.0,0.0,0.0,0.0,0.0,0.0,0.0,0.0,0.0,0.0,0.0,0.0,0.0,0.0,0.0,0.0,0.0,0.0,0.0,0.0,0.0,0.0,0.0,0.0,0.0,0.0,0.0
8.0,12.0,0.0,0.0,0.0,0.0,0.0,0.0,0.0,0.0,0.0,0.0,0.0,0.0,0.0,0.0,0.0,0.0,0.0,0.0,0.0,0.0,0.0,0.0,0.0,0.0,0.0,0.0,0.0
8.0,13.0,0.0,0.0,0.0,0.0,0.0,0.0,0.0,0.0,0.0,0.0,0.0,0.0,0.0,0.0,0.0,0.0,0.0,0.0,0.0,0.0,0.0,0.0,0.0,0.0,0.0,0.0,0.0
8.0,14.0,0.0,0.0,0.0,0.0,0.0,0.0,0.0,0.0,0.0,0.0,0.0,0.0,0.0,0.0,0.0,0.0,0.0,0.0,0.0,0.0,0.0,0.0,0.0,0.0,0.0,0.0,0.0
8.0,15.0,0.0,0.0,0.0,0.0,0.0,0.0,0.0,0.0,0.0,0.0,0.0,0.0,0.0,0.0,0.0,0.0,0.0,0.0,0.0,0.0,0.0,0.0,0.0,0.0,0.0,0.0,0.0
8.0,16.0,0.0,0.0,0.0,0.0,0.0,0.0,0.0,0.0,0.0,0.0,0.0,0.0,0.0,0.0,0.0,0.0,0.0,0.0,0.0,0.0,0.0,0.0,0.0,0.0,0.0,0.0,0.0
8.0,17.0,0.0,0.0,0.0,0.0,0.0,0.0,0.0,0.0,0.0,0.0,0.0,0.0,0.0,0.0,0.0,0.0,0.0,0.0,0.0,0.0,0.0,0.0,0.0,0.0,0.0,0.0,0.0
8.0,18.0,0.0,0.0,0.0,0.0,0.0,0.0,0.0,0.0,0.0,0.0,0.0,0.0,0.0,0.0,0.0,0.0,0.0,0.0,0.0,0.0,0.0,0.0,0.0,0.0,0.0,0.0,0.0
8.0,19.0,0.0,0.0,0.0,0.0,0.0,0.0,0.0,0.0,0.0,0.0,0.0,0.0,0.0,0.0,0.0,0.0,0.0,0.0,0.0,0.0,0.0,0.0,0.0,0.0,0.0,0.0,0.0
8.0,20.0,0.0,0.0,0.0,0.0,0.0,0.0,0.0,0.0,0.0,0.0,0.0,0.0,0.0,0.0,0.0,0.0,0.0,0.0,0.0,0.0,0.0,0.0,0.0,0.0,0.0,0.0,0.0
8.0,21.0,0.0,0.0,0.0,0.0,0.0,0.0,0.0,0.0,0.0,0.0,0.0,0.0,0.0,0.0,0.0,0.0,0.0,0.0,0.0,0.0,0.0,0.0,0.0,0.0,0.0,0.0,0.0
8.0,22.0,0.0,0.0,0.0,0.0,0.0,0.0,0.0,0.0,0.0,0.0,0.0,0.0,0.0,0.0,0.0,0.0,0.0,0.0,0.0,0.0,0.0,0.0,0.0,0.0,0.0,0.0,0.0
8.0,23.0,0.0,0.0,0.0,0.0,0.0,0.0,0.0,0.0,0.0,0.0,0.0,0.0,0.0,0.0,0.0,0.0,0.0,0.0,0.0,0.0,0.0,0.0,0.0,0.0,0.0,0.0,0.0
8.0,24.0,0.0,0.0,0.0,0.0,0.0,0.0,0.0,0.0,0.0,0.0,0.0,0.0,0.0,0.0,0.0,0.0,0.0,0.0,0.0,0.0,0.0,0.0,0.0,0.0,0.0,0.0,0.0
8.0,25.0,0.0,0.0,0.0,0.0,0.0,0.0,0.0,0.0,0.0,0.0,0.0,0.0,0.0,0.0,0.0,0.0,0.0,0.0,0.0,0.0,0.0,0.0,0.0,0.0,0.0,0.0,0.0
9.0,0.0,0.0,0.0,76.887314,4.6344946E-9,43.478336,22.799988,2.1004243E-4,3.881902E-4,23.02367,68.16905,6.1694922,1.3225591,95.61201,0.0,0.0,0.0,1.2149035E-8,0.80318725,1.737297E-8,75.47195,80.53748,261.88794,0.0,0.0,0.0,0.0,0.0
9.0,1.0,0.0,0.0,85.3954,2.8093044E-13,32.694946,43.957157,2.1462188,0.0704768,39.042057,2.4027572,38.704613,1.775299,82.136,0.0,0.0,0.0,0.0,0.0,0.0,129.30305,123.79377,357.90466,0.0,0.0,0.0,0.0,0.0
9.0,2.0,0.0,0.39834392,22.139584,8.277158E-6,25.774416,1.1408632,0.018920984,5.092082E-5,18.420177,3.7037401,6.3506775,4.9396744,39.404255,0.0,0.0,0.0,0.0,0.0,0.0,11.208946,25.119305,94.70208,0.0,0.0,0.0,0.0,0.0
9.0,3.0,0.0,0.68850183,20.863935,0.0,7.375453,3.0312238,0.0028426414,5.181068E-5,23.450905,0.008663575,8.463865,0.516913,8.473183,0.0,0.0,0.0,0.0,0.0,0.0,0.08325258,19.27234,52.131573,0.0,0.0,0.0,0.0,0.0
9.0,4.0,0.0,0.0,3.5425591,2.1366232E-6,7.3859916,2.3109403,2.485807E-4,0.0028734654,4.989809,1.2949607,6.544365,0.39562562,3.918891,8.47659E-4,0.0,0.0,0.0,0.0,0.0,0.019292898,9.904569,20.194927,0.0,0.0,0.0,0.0,0.0
9.0,5.0,0.0,0.14843245,4.1861463,4.048342E-6,7.4223843,6.2222147,0.020216744,0.0012757633,9.37106,1.5830463,2.9872,0.6060739,7.573089,0.0,0.0,0.0,0.0,0.0,0.0,1.8152223,16.500278,36.79134,0.0,0.0,0.0,0.0,0.0
9.0,6.0,0.0,2.983001E-4,2.4388678,0.0,4.7688103,2.538547,0.004944067,0.0032845747,5.3671083,0.37884894,1.2999064,0.377779,1.820755,0.0,0.0,0.0,0.0,0.0,0.0,2.687566E-4,6.02873,15.735896,0.0,0.0,0.0,0.0,0.0
9.0,7.0,0.0,0.0,0.61168313,3.2977152E-11,0.9832508,0.03350922,3.1699212E-5,0.0,1.9814157,0.0,0.5026301,0.44453725,0.18818374,1.5997952E-5,0.0,0.0,0.0,0.0,0.0,0.30709764,2.0819755,6.7315617,0.0,0.0,0.0,0.0,0.0
9.0,8.0,0.0,0.0575985,3.8774045,6.2561608E-6,2.0553508,1.4803538,0.033687066,0.009899502,6.4662867,0.7796627,2.8344164,1.0490876,3.5665107,0.0,0.0,0.0,0.0,0.0,0.0,9.345586,9.201069,22.547478,0.0,0.0,0.0,0.0,0.0
9.0,9.0,0.0,5.3821766E-4,0.21676172,1.3445404E-7,0.21779145,0.030802747,0.0018098021,1.820732E-4,0.16635145,0.0153404325,0.33193445,0.104560256,0.19822766,0.0018500687,0.0,0.0,0.0,0.0,0.0,0.084982224,0.5337876,1.2515707,0.0,0.0,0.0,0.0,0.0
9.0,10.0,0.0,2.0670304E-4,0.022367893,2.7615235E-8,0.02846826,0.00778017,8.178156E-4,2.9195865E-4,0.021847991,0.0026260053,0.021262094,0.0075551285,0.015596378,0.0,0.0,0.0,0.0,0.0,0.0,0.0,0.037700754,0.07726485,0.0,0.0,0.0,0.0,0.0
9.0,11.0,0.0,0.0,0.0,0.0,0.0,0.0,0.0,0.0,0.0,0.0,0.0,0.0,0.0,0.0,0.0,0.0,0.0,0.0,0.0,0.0,0.0,0.0,0.0,0.0,0.0,0.0,0.0
9.0,12.0,0.0,0.0,0.0,0.0,0.0,0.0,0.0,0.0,0.0,0.0,0.0,0.0,0.0,0.0,0.0,0.0,0.0,0.0,0.0,0.0,0.0,0.0,0.0,0.0,0.0,0.0,0.0
9.0,13.0,0.0,0.0,0.0,0.0,0.0,0.0,0.0,0.0,0.0,0.0,0.0,0.0,0.0,0.0,0.0,0.0,0.0,0.0,0.0,0.0,0.0,0.0,0.0,0.0,0.0,0.0,0.0
9.0,14.0,0.0,0.0,0.0,0.0,0.0,0.0,0.0,0.0,0.0,0.0,0.0,0.0,0.0,0.0,0.0,0.0,0.0,0.0,0.0,0.0,0.0,0.0,0.0,0.0,0.0,0.0,0.0
9.0,15.0,0.0,0.0,0.0,0.0,0.0,0.0,0.0,0.0,0.0,0.0,0.0,0.0,0.0,0.0,0.0,0.0,0.0,0.0,0.0,0.0,0.0,0.0,0.0,0.0,0.0,0.0,0.0
9.0,16.0,0.0,0.0,0.0,0.0,0.0,0.0,0.0,0.0,0.0,0.0,0.0,0.0,0.0,0.0,0.0,0.0,0.0,0.0,0.0,0.0,0.0,0.0,0.0,0.0,0.0,0.0,0.0
9.0,17.0,0.0,0.0,0.0,0.0,0.0,0.0,0.0,0.0,0.0,0.0,0.0,0.0,0.0,0.0,0.0,0.0,0.0,0.0,0.0,0.0,0.0,0.0,0.0,0.0,0.0,0.0,0.0
9.0,18.0,0.0,0.0,0.0,0.0,0.0,0.0,0.0,0.0,0.0,0.0,0.0,0.0,0.0,0.0,0.0,0.0,0.0,0.0,0.0,0.0,0.0,0.0,0.0,0.0,0.0,0.0,0.0
9.0,19.0,0.0,0.0,0.0,0.0,0.0,0.0,0.0,0.0,0.0,0.0,0.0,0.0,0.0,0.0,0.0,0.0,0.0,0.0,0.0,0.0,0.0,0.0,0.0,0.0,0.0,0.0,0.0
9.0,20.0,0.0,0.0,0.0,0.0,0.0,0.0,0.0,0.0,0.0,0.0,0.0,0.0,0.0,0.0,0.0,0.0,0.0,0.0,0.0,0.0,0.0,0.0,0.0,0.0,0.0,0.0,0.0
9.0,21.0,0.0,0.0,0.0,0.0,0.0,0.0,0.0,0.0,0.0,0.0,0.0,0.0,0.0,0.0,0.0,0.0,0.0,0.0,0.0,0.0,0.0,0.0,0.0,0.0,0.0,0.0,0.0
9.0,22.0,0.0,0.0,0.0,0.0,0.0,0.0,0.0,0.0,0.0,0.0,0.0,0.0,0.0,0.0,0.0,0.0,0.0,0.0,0.0,0.0,0.0,0.0,0.0,0.0,0.0,0.0,0.0
9.0,23.0,0.0,0.0,0.0,0.0,0.0,0.0,0.0,0.0,0.0,0.0,0.0,0.0,0.0,0.0,0.0,0.0,0.0,0.0,0.0,0.0,0.0,0.0,0.0,0.0,0.0,0.0,0.0
9.0,24.0,0.0,0.0,0.0,0.0,0.0,0.0,0.0,0.0,0.0,0.0,0.0,0.0,0.0,0.0,0.0,0.0,0.0,0.0,0.0,0.0,0.0,0.0,0.0,0.0,0.0,0.0,0.0
9.0,25.0,0.0,0.0,0.0,0.0,0.0,0.0,0.0,0.0,0.0,0.0,0.0,0.0,0.0,0.0,0.0,0.0,0.0,0.0,0.0,0.0,0.0,0.0,0.0,0.0,0.0,0.0,0.0
10.0,0.0,0.0,0.0,13.100796,1.2284299E-7,0.28003433,2.3636198,0.06078006,1.28016E-5,13.99956,0.23583466,10.810447,1.165389,53.054413,8.424439,0.0,0.0,5.82136E-9,0.5447008,7.3993585E-9,55.717705,64.83164,180.04463,0.0,0.0,0.0,0.0,0.0
10.0,1.0,0.0,0.30672392,84.32875,1.2323479E-5,43.714165,46.95686,0.27567998,0.009279008,65.77397,7.0209255,15.214881,3.6049805,67.39244,14.8818,0.0,0.0,0.0,0.0,0.0,75.175995,93.874146,313.83566,0.0,0.0,0.0,0.0,0.0
10.0,2.0,0.0,9.551657,25.600548,2.822303E-9,58.434803,16.352146,0.17905596,0.009808059,58.306137,10.609729,41.313095,3.278185,119.52475,11.539022,0.0,0.0,0.0,0.0,0.0,43.247417,75.23558,255.9535,0.0,0.0,0.0,0.0,0.0
10.0,3.0,0.0,0.03864954,17.821507,2.5636803E-6,10.817672,1.0633419,7.587743E-4,5.2310905E-4,19.61876,5.3521857,1.6601614,0.61856365,14.233847,0.6408967,0.0,0.0,0.0,0.0,0.0,0.98027986,16.080536,48.40283,0.0,0.0,0.0,0.0,0.0
10.0,4.0,0.0,1.0380281,2.2860377,7.4798336E-6,8.62573,1.5322931,0.055995896,6.819739E-7,3.4033232,0.9333129,6.8596325,0.67594033,5.1064005,2.683106,0.0,0.0,0.0,0.0,0.0,0.0,10.092183,25.270555,0.0,0.0,0.0,0.0,0.0
10.0,5.0,0.0,0.0,1.0131342,4.7243702E-9,3.8960414,1.3444047,0.004345621,0.0022320675,6.841736,0.0,2.8645735,0.27133852,3.2206466,2.0895162,0.0,0.0,0.0,0.0,0.0,0.0,2.6044116,9.861023,0.0,0.0,0.0,0.0,0.0
10.0,6.0,0.0,0.27800566,3.347136,3.8267295E-5,4.764332,3.5664053,4.2543592E-4,0.0024448258,2.5009298,0.12578979,3.3743536,0.3482206,3.624804,0.563912,0.0,0.0,0.0,0.0,0.0,0.0,7.424982,17.78347,0.0,0.0,0.0,0.0,0.0
10.0,7.0,0.0,0.061059702,0.8520725,0.0,1.485884,1.4654303,0.0072488375,0.0044685667,1.1627795,0.059025116,1.186188,0.22690615,1.0708157,0.9050178,0.0,0.0,0.0,0.0,0.0,0.0,2.4533198,6.0380335,0.0,0.0,0.0,0.0,0.0
10.0,8.0,0.0,7.205975E-4,0.04399285,0.0,0.66952443,0.11721674,6.861985E-4,0.0013302647,0.2984962,0.14508876,0.1438752,0.030298498,0.61597914,0.3917127,0.0,0.0,0.0,0.0,0.0,0.0015879933,0.8466768,1.9950526,0.0,0.0,0.0,0.0,0.0
10.0,9.0,0.0,0.0038963624,0.864262,1.9661502E-6,1.0444636,0.7666878,0.001459614,0.0031300357,1.5915586,0.032833844,0.5079812,0.30191094,1.0210152,0.50161576,0.0,0.0,0.0,0.0,0.0,2.032507,2.519997,6.3285995,0.0,0.0,0.0,0.0,0.0
10.0,10.0,0.0,9.082535E-4,0.088343024,5.377906E-6,0.14967665,0.02443812,2.4007428E-4,2.492008E-4,0.03311696,0.0012548584,0.018420361,0.013111702,0.121690944,0.0068182223,0.0,0.0,0.0,0.0,0.0,0.116803184,0.114025265,0.33706656,0.0,0.0,0.0,0.0,0.0
10.0,11.0,0.0,0.0,0.0,0.0,0.0,0.0,0.0,0.0,0.0,0.0,0.0,0.0,0.0,0.0,0.0,0.0,0.0,0.0,0.0,0.0,0.0,0.0,0.0,0.0,0.0,0.0,0.0
10.0,12.0,0.0,0.0,0.0,0.0,0.0,0.0,0.0,0.0,0.0,0.0,0.0,0.0,0.0,0.0,0.0,0.0,0.0,0.0,0.0,0.0,0.0,0.0,0.0,0.0,0.0,0.0,0.0
10.0,13.0,0.0,0.0,0.0,0.0,0.0,0.0,0.0,0.0,0.0,0.0,0.0,0.0,0.0,0.0,0.0,0.0,0.0,0.0,0.0,0.0,0.0,0.0,0.0,0.0,0.0,0.0,0.0
10.0,14.0,0.0,0.0,0.0,0.0,0.0,0.0,0.0,0.0,0.0,0.0,0.0,0.0,0.0,0.0,0.0,0.0,0.0,0.0,0.0,0.0,0.0,0.0,0.0,0.0,0.0,0.0,0.0
10.0,15.0,0.0,0.0,0.0,0.0,0.0,0.0,0.0,0.0,0.0,0.0,0.0,0.0,0.0,0.0,0.0,0.0,0.0,0.0,0.0,0.0,0.0,0.0,0.0,0.0,0.0,0.0,0.0
10.0,16.0,0.0,0.0,0.0,0.0,0.0,0.0,0.0,0.0,0.0,0.0,0.0,0.0,0.0,0.0,0.0,0.0,0.0,0.0,0.0,0.0,0.0,0.0,0.0,0.0,0.0,0.0,0.0
10.0,17.0,0.0,0.0,0.0,0.0,0.0,0.0,0.0,0.0,0.0,0.0,0.0,0.0,0.0,0.0,0.0,0.0,0.0,0.0,0.0,0.0,0.0,0.0,0.0,0.0,0.0,0.0,0.0
10.0,18.0,0.0,0.0,0.0,0.0,0.0,0.0,0.0,0.0,0.0,0.0,0.0,0.0,0.0,0.0,0.0,0.0,0.0,0.0,0.0,0.0,0.0,0.0,0.0,0.0,0.0,0.0,0.0
10.0,19.0,0.0,0.0,0.0,0.0,0.0,0.0,0.0,0.0,0.0,0.0,0.0,0.0,0.0,0.0,0.0,0.0,0.0,0.0,0.0,0.0,0.0,0.0,0.0,0.0,0.0,0.0,0.0
10.0,20.0,0.0,0.0,0.0,0.0,0.0,0.0,0.0,0.0,0.0,0.0,0.0,0.0,0.0,0.0,0.0,0.0,0.0,0.0,0.0,0.0,0.0,0.0,0.0,0.0,0.0,0.0,0.0
10.0,21.0,0.0,0.0,0.0,0.0,0.0,0.0,0.0,0.0,0.0,0.0,0.0,0.0,0.0,0.0,0.0,0.0,0.0,0.0,0.0,0.0,0.0,0.0,0.0,0.0,0.0,0.0,0.0
10.0,22.0,0.0,0.0,0.0,0.0,0.0,0.0,0.0,0.0,0.0,0.0,0.0,0.0,0.0,0.0,0.0,0.0,0.0,0.0,0.0,0.0,0.0,0.0,0.0,0.0,0.0,0.0,0.0
10.0,23.0,0.0,0.0,0.0,0.0,0.0,0.0,0.0,0.0,0.0,0.0,0.0,0.0,0.0,0.0,0.0,0.0,0.0,0.0,0.0,0.0,0.0,0.0,0.0,0.0,0.0,0.0,0.0
10.0,24.0,0.0,0.0,0.0,0.0,0.0,0.0,0.0,0.0,0.0,0.0,0.0,0.0,0.0,0.0,0.0,0.0,0.0,0.0,0.0,0.0,0.0,0.0,0.0,0.0,0.0,0.0,0.0
10.0,25.0,0.0,0.0,0.0,0.0,0.0,0.0,0.0,0.0,0.0,0.0,0.0,0.0,0.0,0.0,0.0,0.0,0.0,0.0,0.0,0.0,0.0,0.0,0.0,0.0,0.0,0.0,0.0
11.0,0.0,0.0,9.774489,167.62595,1.100321E-5,0.4802765,2.0397623,0.054096963,0.0011513054,5.879479,47.08925,64.64426,3.0017753,56.776676,0.0,0.0,0.0,1.0374277E-8,0.8700435,1.552489E-8,95.03442,96.80467,287.08008,0.0,0.0,0.0,0.0,0.0
11.0,1.0,0.0,7.2512784,117.13255,3.3699645E-5,41.81318,5.91917,0.5363075,0.005553812,66.25268,6.343659,17.33887,3.7547088,110.93998,0.0,0.0,0.0,0.0,0.0,0.0,56.98865,68.7302,212.14862,0.0,0.0,0.0,0.0,0.0
11.0,2.0,0.0,0.45880133,22.911163,0.0,36.666874,19.244799,0.023932142,0.05863329,23.419577,9.009589,54.950886,11.075602,43.962315,0.0,0.0,0.0,0.0,0.0,0.0,24.33357,71.642624,198.93904,0.0,0.0,0.0,0.0,0.0
11.0,3.0,0.0,0.0076075676,38.213028,1.5803737E-6,30.594196,22.50718,0.15062031,0.030513013,50.15375,12.535447,35.129726,2.306837,25.540295,0.0,0.0,0.0,0.0,0.0,0.0,7.6350436,55.634056,149.30353,0.0,0.0,0.0,0.0,0.0
11.0,4.0,0.0,4.549857E-4,6.6776557,0.0,3.2428565,3.833064,0.030635549,7.2580785E-4,7.8586683,1.588589,11.534838,1.5574049,7.073066,0.0,0.0,0.0,0.0,0.0,0.0,0.0,7.0716696,25.806412,0.0,0.0,0.0,0.0,0.0
11.0,5.0,0.0,2.6928235E-9,0.6679715,3.5765076E-8,3.8410504,1.4197534,0.12797244,0.00737584,2.903906,0.011685263,3.549891,0.55432314,0.5216885,0.0,0.0,0.0,0.0,0.0,0.0,0.0,5.1397524,10.008935,0.0,0.0,0.0,0.0,0.0
11.0,6.0,0.0,0.0,0.31240925,0.0,1.2064233,0.2596732,4.4727285E-4,9.431491E-4,0.83587164,0.2139382,0.36318967,0.35913837,1.1746409,0.0,0.0,0.0,0.0,0.0,0.0,0.0,2.1435087,4.1560173,0.0,0.0,0.0,0.0,0.0
11.0,7.0,0.0,1.1585085E-4,2.0622156,4.7545853E-14,1.4539298,0.6037123,0.02466538,0.0016596752,2.1735244,0.45975173,1.2095251,0.7669982,0.7285734,0.0,0.0,0.0,0.0,0.0,0.0,0.0,3.1236787,5.7305856,0.0,0.0,0.0,0.0,0.0
11.0,8.0,0.0,1.3269321E-4,0.34743553,0.0,0.7537097,0.12909223,0.010015801,5.2497146E-4,0.74117,2.6204498E-4,0.2622935,0.3244734,0.1503183,0.0,0.0,0.0,0.0,0.0,0.0,0.0,0.99757266,2.2602403,0.0,0.0,0.0,0.0,0.0
11.0,9.0,0.0,0.0,0.12984051,3.766037E-7,0.10177378,0.031797327,1.983638E-4,4.9398768E-5,0.31585088,0.0,0.050437752,0.04734778,0.030003551,0.0,0.0,0.0,0.0,0.0,0.0,0.0,0.37056905,0.6909049,0.0,0.0,0.0,0.0,0.0
11.0,10.0,0.0,0.0045736157,0.4969414,9.555018E-7,0.36004996,0.11768743,0.0054595997,0.009053746,0.5671113,0.003715188,0.23315671,0.15761115,0.2563487,0.0,0.0,0.0,0.0,0.0,0.0,0.5177463,0.9542928,2.1815472,0.0,0.0,0.0,0.0,0.0
11.0,11.0,0.0,0.0,0.0,0.0,0.0,0.0,0.0,0.0,0.0,0.0,0.0,0.0,0.0,0.0,0.0,0.0,0.0,0.0,0.0,0.0,0.0,0.0,0.0,0.0,0.0,0.0,0.0
11.0,12.0,0.0,0.0,0.0,0.0,0.0,0.0,0.0,0.0,0.0,0.0,0.0,0.0,0.0,0.0,0.0,0.0,0.0,0.0,0.0,0.0,0.0,0.0,0.0,0.0,0.0,0.0,0.0
11.0,13.0,0.0,0.0,0.0,0.0,0.0,0.0,0.0,0.0,0.0,0.0,0.0,0.0,0.0,0.0,0.0,0.0,0.0,0.0,0.0,0.0,0.0,0.0,0.0,0.0,0.0,0.0,0.0
11.0,14.0,0.0,0.0,0.0,0.0,0.0,0.0,0.0,0.0,0.0,0.0,0.0,0.0,0.0,0.0,0.0,0.0,0.0,0.0,0.0,0.0,0.0,0.0,0.0,0.0,0.0,0.0,0.0
11.0,15.0,0.0,0.0,0.0,0.0,0.0,0.0,0.0,0.0,0.0,0.0,0.0,0.0,0.0,0.0,0.0,0.0,0.0,0.0,0.0,0.0,0.0,0.0,0.0,0.0,0.0,0.0,0.0
11.0,16.0,0.0,0.0,0.0,0.0,0.0,0.0,0.0,0.0,0.0,0.0,0.0,0.0,0.0,0.0,0.0,0.0,0.0,0.0,0.0,0.0,0.0,0.0,0.0,0.0,0.0,0.0,0.0
11.0,17.0,0.0,0.0,0.0,0.0,0.0,0.0,0.0,0.0,0.0,0.0,0.0,0.0,0.0,0.0,0.0,0.0,0.0,0.0,0.0,0.0,0.0,0.0,0.0,0.0,0.0,0.0,0.0
11.0,18.0,0.0,0.0,0.0,0.0,0.0,0.0,0.0,0.0,0.0,0.0,0.0,0.0,0.0,0.0,0.0,0.0,0.0,0.0,0.0,0.0,0.0,0.0,0.0,0.0,0.0,0.0,0.0
11.0,19.0,0.0,0.0,0.0,0.0,0.0,0.0,0.0,0.0,0.0,0.0,0.0,0.0,0.0,0.0,0.0,0.0,0.0,0.0,0.0,0.0,0.0,0.0,0.0,0.0,0.0,0.0,0.0
11.0,20.0,0.0,0.0,0.0,0.0,0.0,0.0,0.0,0.0,0.0,0.0,0.0,0.0,0.0,0.0,0.0,0.0,0.0,0.0,0.0,0.0,0.0,0.0,0.0,0.0,0.0,0.0,0.0
11.0,21.0,0.0,0.0,0.0,0.0,0.0,0.0,0.0,0.0,0.0,0.0,0.0,0.0,0.0,0.0,0.0,0.0,0.0,0.0,0.0,0.0,0.0,0.0,0.0,0.0,0.0,0.0,0.0
11.0,22.0,0.0,0.0,0.0,0.0,0.0,0.0,0.0,0.0,0.0,0.0,0.0,0.0,0.0,0.0,0.0,0.0,0.0,0.0,0.0,0.0,0.0,0.0,0.0,0.0,0.0,0.0,0.0
11.0,23.0,0.0,0.0,0.0,0.0,0.0,0.0,0.0,0.0,0.0,0.0,0.0,0.0,0.0,0.0,0.0,0.0,0.0,0.0,0.0,0.0,0.0,0.0,0.0,0.0,0.0,0.0,0.0
11.0,24.0,0.0,0.0,0.0,0.0,0.0,0.0,0.0,0.0,0.0,0.0,0.0,0.0,0.0,0.0,0.0,0.0,0.0,0.0,0.0,0.0,0.0,0.0,0.0,0.0,0.0,0.0,0.0
11.0,25.0,0.0,0.0,0.0,0.0,0.0,0.0,0.0,0.0,0.0,0.0,0.0,0.0,0.0,0.0,0.0,0.0,0.0,0.0,0.0,0.0,0.0,0.0,0.0,0.0,0.0,0.0,0.0
12.0,0.0,0.0,19.517294,251.18686,3.6096353E-8,7.0390286,11.823752,2.7517188,7.6041826E-5,15.327948,67.03028,281.56534,3.7775452,157.6046,1.0989576E-7,0.0,0.0,3.56679E-8,2.1524937,3.2118347E-8,146.97366,172.08528,423.30478,0.0,0.0,0.0,0.0,0.0
12.0,1.0,0.0,0.13941287,249.13123,3.6119975E-8,20.288708,26.166346,1.2239689,0.017063964,116.16242,4.0985155,46.92715,11.2952385,67.59214,94.37759,0.0,0.0,0.0,0.0,0.0,113.13617,135.22049,375.30023,0.0,0.0,0.0,0.0,0.0
12.0,2.0,0.0,0.0014949933,68.326324,3.2766314E-13,48.95091,12.774759,0.067948535,0.0012668151,53.961487,6.8062315,23.672083,6.205698,65.78153,14.30706,0.0,0.0,0.0,0.0,0.0,14.909455,51.527184,123.713844,0.0,0.0,0.0,0.0,0.0
12.0,3.0,0.0,0.8634188,19.389252,1.4421463E-5,19.387903,7.2160687,0.1847219,0.0033554933,20.512808,4.9295835,9.034631,16.1719,27.819561,23.58247,0.0,0.0,0.0,0.0,0.0,0.81894803,49.469475,109.31219,0.0,0.0,0.0,0.0,0.0
12.0,4.0,0.0,0.05886141,30.93628,5.994013E-6,16.96143,6.1534657,0.009522501,0.004385497,14.21473,5.659167,13.280083,3.7552629,18.711128,15.972476,0.0,0.0,0.0,0.0,0.0,0.0,35.08702,68.64686,0.0,0.0,0.0,0.0,0.0
12.0,5.0,0.0,0.031949658,5.423478,3.0423E-7,5.923282,0.7176842,0.028945524,9.90755E-6,1.0942485,0.7332124,0.94318724,0.46264687,1.2366761,1.9568669,0.0,0.0,0.0,0.0,0.0,0.0,3.8189092,9.788321,0.0,0.0,0.0,0.0,0.0
12.0,6.0,0.0,0.010430888,0.33559197,2.1005427E-8,1.2494187,0.009527327,4.8288966E-6,0.0016796229,1.9205939,0.4853248,0.34109136,0.109316945,1.5134394,0.81932527,0.0,0.0,0.0,0.0,0.0,0.0,2.6320271,4.719951,0.0,0.0,0.0,0.0,0.0
12.0,7.0,0.0,8.116252E-5,0.31596842,0.0,0.53672653,0.33142588,9.277699E-4,6.2512083E-7,0.15011662,0.25775322,0.6310963,0.38189754,0.24237576,0.67773354,0.0,0.0,0.0,0.0,0.0,0.0,0.7409419,1.1745881,0.0,0.0,0.0,0.0,0.0
12.0,8.0,0.0,0.0026935523,1.2436997,9.594487E-9,0.8413785,0.45844582,0.0027049987,8.722288E-6,0.5023103,0.0,0.6661947,0.16719013,0.1905586,0.5542978,0.0,0.0,0.0,0.0,0.0,0.0,1.354739,2.4527106,0.0,0.0,0.0,0.0,0.0
12.0,9.0,0.0,0.0,0.23461157,0.0,0.16852976,0.13704371,0.0021373683,1.9618785E-8,0.16722624,0.021950437,0.15566976,0.06996769,0.079392366,0.12198834,0.0,0.0,0.0,0.0,0.0,0.0,0.45267618,0.96206254,0.0,0.0,0.0,0.0,0.0
12.0,10.0,0.0,2.2549779E-4,0.0713041,2.9871934E-8,0.04639515,0.011685258,3.6421618E-5,0.0,0.059656374,0.009623944,0.021163987,0.01897091,0.03243262,0.029383523,0.0,0.0,0.0,0.0,0.0,0.0,0.14111112,0.22718956,0.0,0.0,0.0,0.0,0.0
12.0,11.0,0.0,0.0,0.0,0.0,0.0,0.0,0.0,0.0,0.0,0.0,0.0,0.0,0.0,0.0,0.0,0.0,0.0,0.0,0.0,0.0,0.0,0.0,0.0,0.0,0.0,0.0,0.0
12.0,12.0,0.0,0.0,0.0,0.0,0.0,0.0,0.0,0.0,0.0,0.0,0.0,0.0,0.0,0.0,0.0,0.0,0.0,0.0,0.0,0.0,0.0,0.0,0.0,0.0,0.0,0.0,0.0
12.0,13.0,0.0,0.0,0.0,0.0,0.0,0.0,0.0,0.0,0.0,0.0,0.0,0.0,0.0,0.0,0.0,0.0,0.0,0.0,0.0,0.0,0.0,0.0,0.0,0.0,0.0,0.0,0.0
12.0,14.0,0.0,0.0,0.0,0.0,0.0,0.0,0.0,0.0,0.0,0.0,0.0,0.0,0.0,0.0,0.0,0.0,0.0,0.0,0.0,0.0,0.0,0.0,0.0,0.0,0.0,0.0,0.0
12.0,15.0,0.0,0.0,0.0,0.0,0.0,0.0,0.0,0.0,0.0,0.0,0.0,0.0,0.0,0.0,0.0,0.0,0.0,0.0,0.0,0.0,0.0,0.0,0.0,0.0,0.0,0.0,0.0
12.0,16.0,0.0,0.0,0.0,0.0,0.0,0.0,0.0,0.0,0.0,0.0,0.0,0.0,0.0,0.0,0.0,0.0,0.0,0.0,0.0,0.0,0.0,0.0,0.0,0.0,0.0,0.0,0.0
12.0,17.0,0.0,0.0,0.0,0.0,0.0,0.0,0.0,0.0,0.0,0.0,0.0,0.0,0.0,0.0,0.0,0.0,0.0,0.0,0.0,0.0,0.0,0.0,0.0,0.0,0.0,0.0,0.0
12.0,18.0,0.0,0.0,0.0,0.0,0.0,0.0,0.0,0.0,0.0,0.0,0.0,0.0,0.0,0.0,0.0,0.0,0.0,0.0,0.0,0.0,0.0,0.0,0.0,0.0,0.0,0.0,0.0
12.0,19.0,0.0,0.0,0.0,0.0,0.0,0.0,0.0,0.0,0.0,0.0,0.0,0.0,0.0,0.0,0.0,0.0,0.0,0.0,0.0,0.0,0.0,0.0,0.0,0.0,0.0,0.0,0.0
12.0,20.0,0.0,0.0,0.0,0.0,0.0,0.0,0.0,0.0,0.0,0.0,0.0,0.0,0.0,0.0,0.0,0.0,0.0,0.0,0.0,0.0,0.0,0.0,0.0,0.0,0.0,0.0,0.0
12.0,21.0,0.0,0.0,0.0,0.0,0.0,0.0,0.0,0.0,0.0,0.0,0.0,0.0,0.0,0.0,0.0,0.0,0.0,0.0,0.0,0.0,0.0,0.0,0.0,0.0,0.0,0.0,0.0
12.0,22.0,0.0,0.0,0.0,0.0,0.0,0.0,0.0,0.0,0.0,0.0,0.0,0.0,0.0,0.0,0.0,0.0,0.0,0.0,0.0,0.0,0.0,0.0,0.0,0.0,0.0,0.0,0.0
12.0,23.0,0.0,0.0,0.0,0.0,0.0,0.0,0.0,0.0,0.0,0.0,0.0,0.0,0.0,0.0,0.0,0.0,0.0,0.0,0.0,0.0,0.0,0.0,0.0,0.0,0.0,0.0,0.0
12.0,24.0,0.0,0.0,0.0,0.0,0.0,0.0,0.0,0.0,0.0,0.0,0.0,0.0,0.0,0.0,0.0,0.0,0.0,0.0,0.0,0.0,0.0,0.0,0.0,0.0,0.0,0.0,0.0
12.0,25.0,0.0,0.0,0.0,0.0,0.0,0.0,0.0,0.0,0.0,0.0,0.0,0.0,0.0,0.0,0.0,0.0,0.0,0.0,0.0,0.0,0.0,0.0,0.0,0.0,0.0,0.0,0.0
13.0,0.0,0.0,0.0,133.35037,6.933476E-9,2.6075933,8.229306,0.0012173585,0.0015266241,23.097328,10.238964,151.08667,4.2078547,321.77356,0.0,0.0,0.0,1.7920067E-8,1.1805414,2.531347E-8,58.257607,63.24527,217.61879,0.0,0.0,0.0,0.0,0.0
13.0,1.0,0.0,0.0,170.90686,2.2955437E-6,73.6815,102.424644,4.090849,0.05153816,84.14216,1.1605992,188.02531,13.480549,195.81598,0.0,0.0,0.0,0.0,0.0,0.0,149.70364,164.84409,536.2744,0.0,0.0,0.0,0.0,0.0
13.0,2.0,0.0,1.3849284E-6,129.4112,0.0,35.89239,67.35772,0.20376688,0.08094272,65.314,18.571121,50.28942,11.694314,33.785606,0.0,0.0,0.0,0.0,0.0,0.0,30.47788,72.319664,217.27275,0.0,0.0,0.0,0.0,0.0
13.0,3.0,0.0,0.008798001,36.036743,0.0,7.466493,13.422248,0.14236873,0.002543587,13.218151,0.045154892,26.19446,2.0568538,10.7353945,0.023346895,0.0,0.0,0.0,0.0,0.0,0.07974226,33.319656,66.25782,0.0,0.0,0.0,0.0,0.0
13.0,4.0,0.0,6.469637E-8,21.973686,5.558379E-6,8.993839,8.536506,0.44232333,0.0043596337,6.996608,0.81177455,13.096619,2.6554852,2.4143546,0.12381144,0.0,0.0,0.0,0.0,0.0,0.0,22.097305,44.091965,0.0,0.0,0.0,0.0,0.0
13.0,5.0,0.0,6.116676E-5,12.18954,4.772848E-6,7.034613,3.2409208,0.023395855,0.0033331346,8.534375,1.4364592,6.1780353,1.6329724,4.2185946,0.044299148,0.0,0.0,0.0,0.0,0.0,0.0,13.627345,27.9251,0.0,0.0,0.0,0.0,0.0
13.0,6.0,0.0,0.0,1.0530689,0.0,0.6933708,0.1930966,0.073622346,1.8792844E-4,0.6768977,4.3165987E-6,0.65243006,0.32038218,0.38581857,0.0,0.0,0.0,0.0,0.0,0.0,0.0,2.297855,4.486214,0.0,0.0,0.0,0.0,0.0
13.0,7.0,0.0,0.0,0.31661704,1.4582976E-10,0.28990868,0.13942274,0.0028754873,0.0027053545,0.799464,3.1163287E-4,0.5560862,0.034518164,0.41899306,0.0,0.0,0.0,0.0,0.0,0.0,0.0,0.9629771,2.0392675,0.0,0.0,0.0,0.0,0.0
13.0,8.0,0.0,0.0,0.25962138,0.0,0.094696924,0.0020110086,6.769461E-4,2.1205302E-5,0.20951992,2.0194803E-4,0.15293714,0.17099436,0.0053545777,0.0022343094,0.0,0.0,0.0,0.0,0.0,0.0,0.49490717,0.5858393,0.0,0.0,0.0,0.0,0.0
13.0,9.0,0.0,3.7095326E-4,0.5466569,1.8561519E-7,0.22674,0.09250271,0.009863542,7.984481E-4,0.25308844,0.01455413,0.09185765,0.051983062,0.12875438,0.015244238,0.0,0.0,0.0,0.0,0.0,0.0,0.65549034,0.86777526,0.0,0.0,0.0,0.0,0.0
13.0,10.0,0.0,2.6859395E-6,0.09017538,3.2283804E-11,0.08952633,0.07099749,8.4527704E-4,1.2489644E-4,0.06654077,0.0027162973,0.04962912,0.033575926,0.051507622,0.0,0.0,0.0,0.0,0.0,0.0,0.0,0.14085619,0.31786254,0.0,0.0,0.0,0.0,0.0
13.0,11.0,0.0,0.0,0.0,0.0,0.0,0.0,0.0,0.0,0.0,0.0,0.0,0.0,0.0,0.0,0.0,0.0,0.0,0.0,0.0,0.0,0.0,0.0,0.0,0.0,0.0,0.0,0.0
13.0,12.0,0.0,0.0,0.0,0.0,0.0,0.0,0.0,0.0,0.0,0.0,0.0,0.0,0.0,0.0,0.0,0.0,0.0,0.0,0.0,0.0,0.0,0.0,0.0,0.0,0.0,0.0,0.0
13.0,13.0,0.0,0.0,0.0,0.0,0.0,0.0,0.0,0.0,0.0,0.0,0.0,0.0,0.0,0.0,0.0,0.0,0.0,0.0,0.0,0.0,0.0,0.0,0.0,0.0,0.0,0.0,0.0
13.0,14.0,0.0,0.0,0.0,0.0,0.0,0.0,0.0,0.0,0.0,0.0,0.0,0.0,0.0,0.0,0.0,0.0,0.0,0.0,0.0,0.0,0.0,0.0,0.0,0.0,0.0,0.0,0.0
13.0,15.0,0.0,0.0,0.0,0.0,0.0,0.0,0.0,0.0,0.0,0.0,0.0,0.0,0.0,0.0,0.0,0.0,0.0,0.0,0.0,0.0,0.0,0.0,0.0,0.0,0.0,0.0,0.0
13.0,16.0,0.0,0.0,0.0,0.0,0.0,0.0,0.0,0.0,0.0,0.0,0.0,0.0,0.0,0.0,0.0,0.0,0.0,0.0,0.0,0.0,0.0,0.0,0.0,0.0,0.0,0.0,0.0
13.0,17.0,0.0,0.0,0.0,0.0,0.0,0.0,0.0,0.0,0.0,0.0,0.0,0.0,0.0,0.0,0.0,0.0,0.0,0.0,0.0,0.0,0.0,0.0,0.0,0.0,0.0,0.0,0.0
13.0,18.0,0.0,0.0,0.0,0.0,0.0,0.0,0.0,0.0,0.0,0.0,0.0,0.0,0.0,0.0,0.0,0.0,0.0,0.0,0.0,0.0,0.0,0.0,0.0,0.0,0.0,0.0,0.0
13.0,19.0,0.0,0.0,0.0,0.0,0.0,0.0,0.0,0.0,0.0,0.0,0.0,0.0,0.0,0.0,0.0,0.0,0.0,0.0,0.0,0.0,0.0,0.0,0.0,0.0,0.0,0.0,0.0
13.0,20.0,0.0,0.0,0.0,0.0,0.0,0.0,0.0,0.0,0.0,0.0,0.0,0.0,0.0,0.0,0.0,0.0,0.0,0.0,0.0,0.0,0.0,0.0,0.0,0.0,0.0,0.0,0.0
13.0,21.0,0.0,0.0,0.0,0.0,0.0,0.0,0.0,0.0,0.0,0.0,0.0,0.0,0.0,0.0,0.0,0.0,0.0,0.0,0.0,0.0,0.0,0.0,0.0,0.0,0.0,0.0,0.0
13.0,22.0,0.0,0.0,0.0,0.0,0.0,0.0,0.0,0.0,0.0,0.0,0.0,0.0,0.0,0.0,0.0,0.0,0.0,0.0,0.0,0.0,0.0,0.0,0.0,0.0,0.0,0.0,0.0
13.0,23.0,0.0,0.0,0.0,0.0,0.0,0.0,0.0,0.0,0.0,0.0,0.0,0.0,0.0,0.0,0.0,0.0,0.0,0.0,0.0,0.0,0.0,0.0,0.0,0.0,0.0,0.0,0.0
13.0,24.0,0.0,0.0,0.0,0.0,0.0,0.0,0.0,0.0,0.0,0.0,0.0,0.0,0.0,0.0,0.0,0.0,0.0,0.0,0.0,0.0,0.0,0.0,0.0,0.0,0.0,0.0,0.0
13.0,25.0,0.0,0.0,0.0,0.0,0.0,0.0,0.0,0.0,0.0,0.0,0.0,0.0,0.0,0.0,0.0,0.0,0.0,0.0,0.0,0.0,0.0,0.0,0.0,0.0,0.0,0.0,0.0
14.0,0.0,0.0,0.040210735,83.7387,1.9742877E-12,2.2328846,21.257269,0.0032378354,5.3988793E-4,9.331151,67.51069,62.604263,1.8860446,42.198475,0.0,0.0,0.0,3.2772114E-8,1.5168364,3.332537E-8,103.559166,109.45317,287.97058,0.0,0.0,0.0,0.0,0.0
14.0,1.0,0.0,69.10627,74.20743,0.0,5.794737,53.049286,0.3372942,2.3343824E-4,114.17169,0.9077351,0.88086295,14.555579,65.871826,8.696495,0.0,0.0,0.0,0.0,0.0,66.14195,75.618904,314.6687,0.0,0.0,0.0,0.0,0.0
14.0,2.0,0.0,0.030100796,201.5364,1.7338094E-8,44.749516,58.931362,0.40400255,0.09263041,104.15172,0.007073576,27.550102,34.37537,86.14461,42.591003,0.0,0.0,0.0,0.0,0.0,55.514454,112.27722,414.42554,0.0,0.0,0.0,0.0,0.0
14.0,3.0,0.0,0.08092437,65.6806,1.744851E-5,36.99352,40.85476,0.15719071,0.001383128,25.787086,14.355534,49.556965,5.748159,21.948133,26.593985,0.0,0.0,0.0,0.0,0.0,4.872599,42.846188,139.41927,0.0,0.0,0.0,0.0,0.0
14.0,4.0,0.0,1.4660463E-5,22.025723,6.435422E-9,14.567792,7.5691347,0.19490604,0.001592568,7.9656053,0.22588159,7.1262136,6.8874617,2.8396022,3.7044415,0.0,0.0,0.0,0.0,0.0,0.0,15.087603,36.65514,0.0,0.0,0.0,0.0,0.0
14.0,5.0,0.0,6.444734E-4,10.326921,6.0042944E-6,7.297738,6.7409625,0.015226366,0.0031088043,2.0870595,4.0467952E-5,4.594459,2.3597739,2.6337714,2.32999,0.0,0.0,0.0,0.0,0.0,0.0,7.6611724,22.215317,0.0,0.0,0.0,0.0,0.0
14.0,6.0,0.0,2.4005069E-5,4.172628,1.9662099E-5,3.8615806,1.8255045,0.022735655,0.0010408142,2.5127273,0.026946831,3.6776264,1.0048559,1.9655986,1.8777744,0.0,0.0,0.0,0.0,0.0,0.0,5.501771,13.276372,0.0,0.0,0.0,0.0,0.0
14.0,7.0,0.0,1.2645162E-4,0.45991293,0.0,0.39854535,0.1608696,0.0010448147,2.9937017E-5,0.60663897,0.002682035,0.5762971,0.05027292,0.30182567,0.15745212,0.0,0.0,0.0,0.0,0.0,0.0,0.9051227,2.0041142,0.0,0.0,0.0,0.0,0.0
14.0,8.0,0.0,0.0,0.05520924,1.192623E-9,0.31691512,0.07063412,0.0077547007,0.002204225,0.15445149,2.4513248E-4,0.13355343,0.024210995,0.2041587,0.025153523,0.0,0.0,0.0,0.0,0.0,0.0,0.30976334,0.9395403,0.0,0.0,0.0,0.0,0.0
14.0,9.0,0.0,0.0,0.0952838,0.0,0.06681434,0.041631382,0.0024375415,6.519688E-8,0.04511566,0.01461127,0.101051554,0.054102145,0.05272257,0.022618793,0.0,0.0,0.0,0.0,0.0,0.0,0.12475832,0.2837625,0.0,0.0,0.0,0.0,0.0
14.0,10.0,0.0,1.2563927E-5,0.111912906,0.0,0.07964215,0.028426256,0.0019281862,1.5841868E-5,0.116006576,0.009290782,0.13094388,0.042738914,0.07325812,0.026614673,0.0,0.0,0.0,0.0,0.0,0.0,0.16262911,0.36889124,0.0,0.0,0.0,0.0,0.0
14.0,11.0,0.0,0.0,0.0,0.0,0.0,0.0,0.0,0.0,0.0,0.0,0.0,0.0,0.0,0.0,0.0,0.0,0.0,0.0,0.0,0.0,0.0,0.0,0.0,0.0,0.0,0.0,0.0
14.0,12.0,0.0,0.0,0.0,0.0,0.0,0.0,0.0,0.0,0.0,0.0,0.0,0.0,0.0,0.0,0.0,0.0,0.0,0.0,0.0,0.0,0.0,0.0,0.0,0.0,0.0,0.0,0.0
14.0,13.0,0.0,0.0,0.0,0.0,0.0,0.0,0.0,0.0,0.0,0.0,0.0,0.0,0.0,0.0,0.0,0.0,0.0,0.0,0.0,0.0,0.0,0.0,0.0,0.0,0.0,0.0,0.0
14.0,14.0,0.0,0.0,0.0,0.0,0.0,0.0,0.0,0.0,0.0,0.0,0.0,0.0,0.0,0.0,0.0,0.0,0.0,0.0,0.0,0.0,0.0,0.0,0.0,0.0,0.0,0.0,0.0
14.0,15.0,0.0,0.0,0.0,0.0,0.0,0.0,0.0,0.0,0.0,0.0,0.0,0.0,0.0,0.0,0.0,0.0,0.0,0.0,0.0,0.0,0.0,0.0,0.0,0.0,0.0,0.0,0.0
14.0,16.0,0.0,0.0,0.0,0.0,0.0,0.0,0.0,0.0,0.0,0.0,0.0,0.0,0.0,0.0,0.0,0.0,0.0,0.0,0.0,0.0,0.0,0.0,0.0,0.0,0.0,0.0,0.0
14.0,17.0,0.0,0.0,0.0,0.0,0.0,0.0,0.0,0.0,0.0,0.0,0.0,0.0,0.0,0.0,0.0,0.0,0.0,0.0,0.0,0.0,0.0,0.0,0.0,0.0,0.0,0.0,0.0
14.0,18.0,0.0,0.0,0.0,0.0,0.0,0.0,0.0,0.0,0.0,0.0,0.0,0.0,0.0,0.0,0.0,0.0,0.0,0.0,0.0,0.0,0.0,0.0,0.0,0.0,0.0,0.0,0.0
14.0,19.0,0.0,0.0,0.0,0.0,0.0,0.0,0.0,0.0,0.0,0.0,0.0,0.0,0.0,0.0,0.0,0.0,0.0,0.0,0.0,0.0,0.0,0.0,0.0,0.0,0.0,0.0,0.0
14.0,20.0,0.0,0.0,0.0,0.0,0.0,0.0,0.0,0.0,0.0,0.0,0.0,0.0,0.0,0.0,0.0,0.0,0.0,0.0,0.0,0.0,0.0,0.0,0.0,0.0,0.0,0.0,0.0
14.0,21.0,0.0,0.0,0.0,0.0,0.0,0.0,0.0,0.0,0.0,0.0,0.0,0.0,0.0,0.0,0.0,0.0,0.0,0.0,0.0,0.0,0.0,0.0,0.0,0.0,0.0,0.0,0.0
14.0,22.0,0.0,0.0,0.0,0.0,0.0,0.0,0.0,0.0,0.0,0.0,0.0,0.0,0.0,0.0,0.0,0.0,0.0,0.0,0.0,0.0,0.0,0.0,0.0,0.0,0.0,0.0,0.0
14.0,23.0,0.0,0.0,0.0,0.0,0.0,0.0,0.0,0.0,0.0,0.0,0.0,0.0,0.0,0.0,0.0,0.0,0.0,0.0,0.0,0.0,0.0,0.0,0.0,0.0,0.0,0.0,0.0
14.0,24.0,0.0,0.0,0.0,0.0,0.0,0.0,0.0,0.0,0.0,0.0,0.0,0.0,0.0,0.0,0.0,0.0,0.0,0.0,0.0,0.0,0.0,0.0,0.0,0.0,0.0,0.0,0.0
14.0,25.0,0.0,0.0,0.0,0.0,0.0,0.0,0.0,0.0,0.0,0.0,0.0,0.0,0.0,0.0,0.0,0.0,0.0,0.0,0.0,0.0,0.0,0.0,0.0,0.0,0.0,0.0,0.0
15.0,0.0,0.0,0.1780561,131.52563,2.1338002E-8,3.9343011,157.62105,2.8421555,0.009822404,22.43841,1.315983,75.672585,9.020438,316.09293,0.0,0.0,0.0,6.28047E-8,4.427418,5.9017736E-8,173.26927,193.0497,509.78998,0.0,0.0,0.0,0.0,0.0
15.0,1.0,0.0,22.261112,64.23168,6.830279E-7,21.863087,81.476105,0.069074534,0.009829708,76.77574,6.9736996,132.1792,17.163422,115.33394,0.0,0.0,0.0,0.0,0.0,0.0,105.656425,115.35665,385.41074,0.0,0.0,0.0,0.0,0.0
15.0,2.0,0.0,20.209402,27.108429,1.5103448E-9,64.45649,38.33226,0.01332426,0.004930817,47.615658,18.96761,53.591545,9.6176815,66.0763,0.0,0.0,0.0,0.0,0.0,0.0,27.179235,49.65298,193.1267,0.0,0.0,0.0,0.0,0.0
15.0,3.0,0.0,0.15621397,89.23921,1.5110905E-6,54.29502,43.631084,0.048906855,0.006019499,50.0233,25.306025,51.737247,37.483757,79.553665,0.0,0.0,0.0,0.0,0.0,0.0,7.661185,72.86196,205.63403,0.0,0.0,0.0,0.0,0.0
15.0,4.0,0.0,0.028190218,25.688356,6.7119686E-7,25.818829,15.934507,0.087370984,0.012939055,27.694904,0.57132727,30.38408,5.18208,20.929562,0.0,0.0,0.0,0.0,0.0,0.0,0.24711905,31.088808,71.77342,0.0,0.0,0.0,0.0,0.0
15.0,5.0,0.0,3.37974E-13,5.431135,5.9751613E-7,6.2948904,0.914683,0.009070583,0.002602366,4.362557,0.13470905,3.720035,1.3293996,3.790939,0.0,0.0,0.0,0.0,0.0,0.0,0.0,6.962521,17.444313,0.0,0.0,0.0,0.0,0.0
15.0,6.0,0.0,0.10095176,2.041143,0.0,4.052059,1.3337642,0.016370378,1.2474874E-4,3.5166516,0.12371649,3.2026012,1.8267927,1.4717311,0.0,0.0,0.0,0.0,0.0,0.0,0.0,3.2892365,8.502107,0.0,0.0,0.0,0.0,0.0
15.0,7.0,0.0,0.06804377,1.3924973,3.024264E-8,1.9044588,0.23328802,0.029264748,3.9408592E-4,1.4926723,0.68114716,1.2662696,1.021094,0.77440256,0.0,0.0,0.0,0.0,0.0,0.0,0.0,2.0425596,4.2840953,0.0,0.0,0.0,0.0,0.0
15.0,8.0,0.0,2.9527778E-9,0.075300515,0.0,0.3999363,0.079718634,9.500521E-6,3.108061E-4,0.15692492,1.14225295E-5,0.23817931,0.029991694,0.384285,0.0,0.0,0.0,0.0,0.0,0.0,0.0,0.1960252,0.6811416,0.0,0.0,0.0,0.0,0.0
15.0,9.0,0.0,6.6739717E-6,0.056459345,5.63459E-13,0.09468863,0.032493155,1.0569191E-4,1.4600307E-6,0.07066808,0.00188491,0.083552755,0.021569302,0.09519356,0.0,0.0,0.0,0.0,0.0,0.0,0.0,0.12624836,0.3295977,0.0,0.0,0.0,0.0,0.0
15.0,10.0,0.0,9.897128E-6,0.05001873,6.535271E-16,0.03618617,0.029402357,1.1073999E-4,1.0217862E-7,0.029122025,0.0,0.031088902,0.031394143,0.03734966,0.0,0.0,0.0,0.0,0.0,0.0,0.0,0.042064335,0.10511455,0.0,0.0,0.0,0.0,0.0
15.0,11.0,0.0,0.0,0.0,0.0,0.0,0.0,0.0,0.0,0.0,0.0,0.0,0.0,0.0,0.0,0.0,0.0,0.0,0.0,0.0,0.0,0.0,0.0,0.0,0.0,0.0,0.0,0.0
15.0,12.0,0.0,0.0,0.0,0.0,0.0,0.0,0.0,0.0,0.0,0.0,0.0,0.0,0.0,0.0,0.0,0.0,0.0,0.0,0.0,0.0,0.0,0.0,0.0,0.0,0.0,0.0,0.0
15.0,13.0,0.0,0.0,0.0,0.0,0.0,0.0,0.0,0.0,0.0,0.0,0.0,0.0,0.0,0.0,0.0,0.0,0.0,0.0,0.0,0.0,0.0,0.0,0.0,0.0,0.0,0.0,0.0
15.0,14.0,0.0,0.0,0.0,0.0,0.0,0.0,0.0,0.0,0.0,0.0,0.0,0.0,0.0,0.0,0.0,0.0,0.0,0.0,0.0,0.0,0.0,0.0,0.0,0.0,0.0,0.0,0.0
15.0,15.0,0.0,0.0,0.0,0.0,0.0,0.0,0.0,0.0,0.0,0.0,0.0,0.0,0.0,0.0,0.0,0.0,0.0,0.0,0.0,0.0,0.0,0.0,0.0,0.0,0.0,0.0,0.0
15.0,16.0,0.0,0.0,0.0,0.0,0.0,0.0,0.0,0.0,0.0,0.0,0.0,0.0,0.0,0.0,0.0,0.0,0.0,0.0,0.0,0.0,0.0,0.0,0.0,0.0,0.0,0.0,0.0
15.0,17.0,0.0,0.0,0.0,0.0,0.0,0.0,0.0,0.0,0.0,0.0,0.0,0.0,0.0,0.0,0.0,0.0,0.0,0.0,0.0,0.0,0.0,0.0,0.0,0.0,0.0,0.0,0.0
15.0,18.0,0.0,0.0,0.0,0.0,0.0,0.0,0.0,0.0,0.0,0.0,0.0,0.0,0.0,0.0,0.0,0.0,0.0,0.0,0.0,0.0,0.0,0.0,0.0,0.0,0.0,0.0,0.0
15.0,19.0,0.0,0.0,0.0,0.0,0.0,0.0,0.0,0.0,0.0,0.0,0.0,0.0,0.0,0.0,0.0,0.0,0.0,0.0,0.0,0.0,0.0,0.0,0.0,0.0,0.0,0.0,0.0
15.0,20.0,0.0,0.0,0.0,0.0,0.0,0.0,0.0,0.0,0.0,0.0,0.0,0.0,0.0,0.0,0.0,0.0,0.0,0.0,0.0,0.0,0.0,0.0,0.0,0.0,0.0,0.0,0.0
15.0,21.0,0.0,0.0,0.0,0.0,0.0,0.0,0.0,0.0,0.0,0.0,0.0,0.0,0.0,0.0,0.0,0.0,0.0,0.0,0.0,0.0,0.0,0.0,0.0,0.0,0.0,0.0,0.0
15.0,22.0,0.0,0.0,0.0,0.0,0.0,0.0,0.0,0.0,0.0,0.0,0.0,0.0,0.0,0.0,0.0,0.0,0.0,0.0,0.0,0.0,0.0,0.0,0.0,0.0,0.0,0.0,0.0
15.0,23.0,0.0,0.0,0.0,0.0,0.0,0.0,0.0,0.0,0.0,0.0,0.0,0.0,0.0,0.0,0.0,0.0,0.0,0.0,0.0,0.0,0.0,0.0,0.0,0.0,0.0,0.0,0.0
15.0,24.0,0.0,0.0,0.0,0.0,0.0,0.0,0.0,0.0,0.0,0.0,0.0,0.0,0.0,0.0,0.0,0.0,0.0,0.0,0.0,0.0,0.0,0.0,0.0,0.0,0.0,0.0,0.0
15.0,25.0,0.0,0.0,0.0,0.0,0.0,0.0,0.0,0.0,0.0,0.0,0.0,0.0,0.0,0.0,0.0,0.0,0.0,0.0,0.0,0.0,0.0,0.0,0.0,0.0,0.0,0.0,0.0
16.0,0.0,0.0,1.7155312E-6,36.26191,0.0,0.26556122,42.487476,0.18660288,7.074654E-4,6.0525846,23.339088,39.799335,7.526981,123.77867,37.909283,0.0,0.0,5.1075673E-8,2.6801987,2.9689412E-8,127.56756,132.67068,421.85846,0.0,0.0,0.0,0.0,0.0
16.0,1.0,0.0,19.16414,267.89896,1.8033883E-5,35.19927,43.542877,1.2706002,0.008928586,213.63477,99.994934,102.13078,29.04457,176.46587,215.58084,0.0,0.0,0.0,0.0,0.0,172.24979,179.68263,663.59247,0.0,0.0,0.0,0.0,0.0
16.0,2.0,0.0,0.8785298,58.14484,6.745647E-10,21.350746,19.60602,0.2873946,0.0025590789,28.998999,11.916962,61.796345,15.715128,32.20729,68.906975,0.0,0.0,0.0,0.0,0.0,38.61107,58.786797,244.67897,0.0,0.0,0.0,0.0,0.0
16.0,3.0,0.0,0.0,19.515575,1.6497414E-7,17.413614,13.3046665,0.04019606,1.1573375E-4,21.064617,5.284015,18.7287,7.278761,18.359821,40.646427,0.0,0.0,0.0,0.0,0.0,5.6129084,23.857975,101.033165,0.0,0.0,0.0,0.0,0.0
16.0,4.0,0.0,0.84607434,43.325455,1.9082212E-7,29.375208,13.717586,0.09046712,0.0711557,27.837566,2.6901646,22.571672,7.6252,29.930214,13.545646,0.0,0.0,0.0,0.0,0.0,0.0581323,32.777225,100.43471,0.0,0.0,0.0,0.0,0.0
16.0,5.0,0.0,3.2975708E-4,5.7545924,0.0,6.8489537,1.9930749,0.026360167,4.3701602E-4,5.982872,0.5477901,8.24643,5.910595,4.8333554,11.982493,0.0,0.0,0.0,0.0,0.0,0.0,12.611828,30.811502,0.0,0.0,0.0,0.0,0.0
16.0,6.0,0.0,0.00906731,1.7024698,1.9794338E-11,1.2176982,0.32104707,0.0063097593,0.0058645657,0.6155086,0.304263,1.8626783,0.81361675,0.95062965,2.5060687,0.0,0.0,0.0,0.0,0.0,0.0,2.2890122,5.0008893,0.0,0.0,0.0,0.0,0.0
16.0,7.0,0.0,0.0,1.356551,2.7187758E-8,0.90874076,0.55036616,0.017888008,0.0013827872,0.6075879,0.1682262,1.5896995,0.7008173,0.5678628,1.5513406,0.0,0.0,0.0,0.0,0.0,0.0,0.84212947,2.2923882,0.0,0.0,0.0,0.0,0.0
16.0,8.0,0.0,0.0020098952,0.4094792,3.6306371E-9,0.36485082,0.13886534,0.0031366379,1.5685894E-6,0.36257365,0.15471755,0.27143374,0.27481136,0.6571228,0.37960196,0.0,0.0,0.0,0.0,0.0,0.0,0.64083374,1.6110892,0.0,0.0,0.0,0.0,0.0
16.0,9.0,0.0,0.0031967785,0.06993021,0.0,0.092588656,0.014947429,5.2001054E-4,1.9218667E-6,0.013507967,0.024126112,0.06846164,0.04216971,0.10554641,0.053040445,0.0,0.0,0.0,0.0,0.0,0.0,0.05844302,0.19177806,0.0,0.0,0.0,0.0,0.0
16.0,10.0,0.0,0.004967801,0.025385281,1.9790667E-11,0.031768393,0.029327372,0.0021457048,2.7046806E-11,0.014513514,0.017591514,0.023842977,0.0064274212,0.028659754,0.022182701,0.0,0.0,0.0,0.0,0.0,0.0,0.03799864,0.07443179,0.0,0.0,0.0,0.0,0.0
16.0,11.0,0.0,0.0,0.0,0.0,0.0,0.0,0.0,0.0,0.0,0.0,0.0,0.0,0.0,0.0,0.0,0.0,0.0,0.0,0.0,0.0,0.0,0.0,0.0,0.0,0.0,0.0,0.0
16.0,12.0,0.0,0.0,0.0,0.0,0.0,0.0,0.0,0.0,0.0,0.0,0.0,0.0,0.0,0.0,0.0,0.0,0.0,0.0,0.0,0.0,0.0,0.0,0.0,0.0,0.0,0.0,0.0
16.0,13.0,0.0,0.0,0.0,0.0,0.0,0.0,0.0,0.0,0.0,0.0,0.0,0.0,0.0,0.0,0.0,0.0,0.0,0.0,0.0,0.0,0.0,0.0,0.0,0.0,0.0,0.0,0.0
16.0,14.0,0.0,0.0,0.0,0.0,0.0,0.0,0.0,0.0,0.0,0.0,0.0,0.0,0.0,0.0,0.0,0.0,0.0,0.0,0.0,0.0,0.0,0.0,0.0,0.0,0.0,0.0,0.0
16.0,15.0,0.0,0.0,0.0,0.0,0.0,0.0,0.0,0.0,0.0,0.0,0.0,0.0,0.0,0.0,0.0,0.0,0.0,0.0,0.0,0.0,0.0,0.0,0.0,0.0,0.0,0.0,0.0
16.0,16.0,0.0,0.0,0.0,0.0,0.0,0.0,0.0,0.0,0.0,0.0,0.0,0.0,0.0,0.0,0.0,0.0,0.0,0.0,0.0,0.0,0.0,0.0,0.0,0.0,0.0,0.0,0.0
16.0,17.0,0.0,0.0,0.0,0.0,0.0,0.0,0.0,0.0,0.0,0.0,0.0,0.0,0.0,0.0,0.0,0.0,0.0,0.0,0.0,0.0,0.0,0.0,0.0,0.0,0.0,0.0,0.0
16.0,18.0,0.0,0.0,0.0,0.0,0.0,0.0,0.0,0.0,0.0,0.0,0.0,0.0,0.0,0.0,0.0,0.0,0.0,0.0,0.0,0.0,0.0,0.0,0.0,0.0,0.0,0.0,0.0
16.0,19.0,0.0,0.0,0.0,0.0,0.0,0.0,0.0,0.0,0.0,0.0,0.0,0.0,0.0,0.0,0.0,0.0,0.0,0.0,0.0,0.0,0.0,0.0,0.0,0.0,0.0,0.0,0.0
16.0,20.0,0.0,0.0,0.0,0.0,0.0,0.0,0.0,0.0,0.0,0.0,0.0,0.0,0.0,0.0,0.0,0.0,0.0,0.0,0.0,0.0,0.0,0.0,0.0,0.0,0.0,0.0,0.0
16.0,21.0,0.0,0.0,0.0,0.0,0.0,0.0,0.0,0.0,0.0,0.0,0.0,0.0,0.0,0.0,0.0,0.0,0.0,0.0,0.0,0.0,0.0,0.0,0.0,0.0,0.0,0.0,0.0
16.0,22.0,0.0,0.0,0.0,0.0,0.0,0.0,0.0,0.0,0.0,0.0,0.0,0.0,0.0,0.0,0.0,0.0,0.0,0.0,0.0,0.0,0.0,0.0,0.0,0.0,0.0,0.0,0.0
16.0,23.0,0.0,0.0,0.0,0.0,0.0,0.0,0.0,0.0,0.0,0.0,0.0,0.0,0.0,0.0,0.0,0.0,0.0,0.0,0.0,0.0,0.0,0.0,0.0,0.0,0.0,0.0,0.0
16.0,24.0,0.0,0.0,0.0,0.0,0.0,0.0,0.0,0.0,0.0,0.0,0.0,0.0,0.0,0.0,0.0,0.0,0.0,0.0,0.0,0.0,0.0,0.0,0.0,0.0,0.0,0.0,0.0
16.0,25.0,0.0,0.0,0.0,0.0,0.0,0.0,0.0,0.0,0.0,0.0,0.0,0.0,0.0,0.0,0.0,0.0,0.0,0.0,0.0,0.0,0.0,0.0,0.0,0.0,0.0,0.0,0.0
17.0,0.0,0.0,0.0,38.53615,0.0,0.6892565,14.914546,0.0042459583,5.592508E-11,13.610189,106.299484,68.9783,2.8230941,53.152016,0.0,0.0,0.0,2.4967955E-8,1.6030544,1.666607E-8,78.713295,73.57191,264.48236,0.0,0.0,0.0,0.0,0.0
17.0,1.0,0.0,1.8440416,185.16016,1.242557E-13,4.2104816,74.37501,0.016966837,0.09622385,26.709562,2.8951757E-7,121.57342,13.065072,251.32361,0.023064896,0.0,0.0,0.0,0.0,0.0,162.20135,155.41986,555.8387,0.0,0.0,0.0,0.0,0.0
17.0,2.0,0.0,0.0,150.08395,7.163333E-8,95.92345,82.16169,0.07724888,0.08537107,38.01283,0.36848527,113.961105,16.70829,202.35333,0.0,0.0,0.0,0.0,0.0,0.0,108.50007,146.06177,465.44437,0.0,0.0,0.0,0.0,0.0
17.0,3.0,0.0,1.1134987,28.570469,3.248238E-9,19.913954,30.932106,0.07547278,0.007979283,11.12682,12.254673,25.387224,29.209187,28.96192,1.1292983,0.0,0.0,0.0,0.0,0.0,7.6256766,38.12836,115.10987,0.0,0.0,0.0,0.0,0.0
17.0,4.0,0.0,0.0,10.496644,4.2912927E-8,11.255754,4.928117,0.005747537,9.555885E-4,3.6242554,1.9058766,15.780123,3.2960927,7.2895026,0.14227533,0.0,0.0,0.0,0.0,0.0,0.56092566,20.102894,47.27469,0.0,0.0,0.0,0.0,0.0
17.0,5.0,0.0,0.091733836,7.560957,1.1295537E-7,11.139225,7.003354,0.013104843,0.008071578,7.977137,0.28364745,8.167285,7.975621,5.387118,0.14276323,0.0,0.0,0.0,0.0,0.0,0.0,18.474703,45.060326,0.0,0.0,0.0,0.0,0.0
17.0,6.0,0.0,0.485039,2.679622,4.8026155E-10,3.6187084,0.91470534,0.02586908,0.0013865517,2.313562,0.50091773,5.5268726,2.1543262,2.9584758,0.0013906381,0.0,0.0,0.0,0.0,0.0,0.0,4.7293477,11.108283,0.0,0.0,0.0,0.0,0.0
17.0,7.0,0.0,5.969403E-9,0.5935296,1.1887155E-9,0.8449266,0.28965414,2.01313E-4,0.0018188342,0.20073006,0.12211636,0.77013946,0.32729253,0.36199874,0.011604254,0.0,0.0,0.0,0.0,0.0,0.0,0.64932555,1.6682163,0.0,0.0,0.0,0.0,0.0
17.0,8.0,0.0,0.017765699,0.63538945,1.642648E-10,0.3537054,0.10278261,0.0064948583,0.0017953074,0.24812552,0.022943951,0.33485433,0.14909708,0.16489753,2.3662127E-5,0.0,0.0,0.0,0.0,0.0,0.0,0.6037672,1.1966512,0.0,0.0,0.0,0.0,0.0
17.0,9.0,0.0,0.004036491,0.07958024,2.0980832E-11,0.16549823,0.08510647,4.2927588E-4,1.49251655E-5,0.21859191,0.017313013,0.16376008,0.077415004,0.15616119,0.007951855,0.0,0.0,0.0,0.0,0.0,0.0,0.32376572,0.5704753,0.0,0.0,0.0,0.0,0.0
17.0,10.0,0.0,0.0,0.021144187,6.893738E-9,0.036348734,0.018833714,4.230922E-4,0.001503524,0.0061092176,0.0,0.057698105,0.0077344947,0.015093705,0.0,0.0,0.0,0.0,0.0,0.0,0.0,0.03754609,0.06956565,0.0,0.0,0.0,0.0,0.0
17.0,11.0,0.0,0.0,0.0,0.0,0.0,0.0,0.0,0.0,0.0,0.0,0.0,0.0,0.0,0.0,0.0,0.0,0.0,0.0,0.0,0.0,0.0,0.0,0.0,0.0,0.0,0.0,0.0
17.0,12.0,0.0,0.0,0.0,0.0,0.0,0.0,0.0,0.0,0.0,0.0,0.0,0.0,0.0,0.0,0.0,0.0,0.0,0.0,0.0,0.0,0.0,0.0,0.0,0.0,0.0,0.0,0.0
17.0,13.0,0.0,0.0,0.0,0.0,0.0,0.0,0.0,0.0,0.0,0.0,0.0,0.0,0.0,0.0,0.0,0.0,0.0,0.0,0.0,0.0,0.0,0.0,0.0,0.0,0.0,0.0,0.0
17.0,14.0,0.0,0.0,0.0,0.0,0.0,0.0,0.0,0.0,0.0,0.0,0.0,0.0,0.0,0.0,0.0,0.0,0.0,0.0,0.0,0.0,0.0,0.0,0.0,0.0,0.0,0.0,0.0
17.0,15.0,0.0,0.0,0.0,0.0,0.0,0.0,0.0,0.0,0.0,0.0,0.0,0.0,0.0,0.0,0.0,0.0,0.0,0.0,0.0,0.0,0.0,0.0,0.0,0.0,0.0,0.0,0.0
17.0,16.0,0.0,0.0,0.0,0.0,0.0,0.0,0.0,0.0,0.0,0.0,0.0,0.0,0.0,0.0,0.0,0.0,0.0,0.0,0.0,0.0,0.0,0.0,0.0,0.0,0.0,0.0,0.0
17.0,17.0,0.0,0.0,0.0,0.0,0.0,0.0,0.0,0.0,0.0,0.0,0.0,0.0,0.0,0.0,0.0,0.0,0.0,0.0,0.0,0.0,0.0,0.0,0.0,0.0,0.0,0.0,0.0
17.0,18.0,0.0,0.0,0.0,0.0,0.0,0.0,0.0,0.0,0.0,0.0,0.0,0.0,0.0,0.0,0.0,0.0,0.0,0.0,0.0,0.0,0.0,0.0,0.0,0.0,0.0,0.0,0.0
17.0,19.0,0.0,0.0,0.0,0.0,0.0,0.0,0.0,0.0,0.0,0.0,0.0,0.0,0.0,0.0,0.0,0.0,0.0,0.0,0.0,0.0,0.0,0.0,0.0,0.0,0.0,0.0,0.0
17.0,20.0,0.0,0.0,0.0,0.0,0.0,0.0,0.0,0.0,0.0,0.0,0.0,0.0,0.0,0.0,0.0,0.0,0.0,0.0,0.0,0.0,0.0,0.0,0.0,0.0,0.0,0.0,0.0
17.0,21.0,0.0,0.0,0.0,0.0,0.0,0.0,0.0,0.0,0.0,0.0,0.0,0.0,0.0,0.0,0.0,0.0,0.0,0.0,0.0,0.0,0.0,0.0,0.0,0.0,0.0,0.0,0.0
17.0,22.0,0.0,0.0,0.0,0.0,0.0,0.0,0.0,0.0,0.0,0.0,0.0,0.0,0.0,0.0,0.0,0.0,0.0,0.0,0.0,0.0,0.0,0.0,0.0,0.0,0.0,0.0,0.0
17.0,23.0,0.0,0.0,0.0,0.0,0.0,0.0,0.0,0.0,0.0,0.0,0.0,0.0,0.0,0.0,0.0,0.0,0.0,0.0,0.0,0.0,0.0,0.0,0.0,0.0,0.0,0.0,0.0
17.0,24.0,0.0,0.0,0.0,0.0,0.0,0.0,0.0,0.0,0.0,0.0,0.0,0.0,0.0,0.0,0.0,0.0,0.0,0.0,0.0,0.0,0.0,0.0,0.0,0.0,0.0,0.0,0.0
17.0,25.0,0.0,0.0,0.0,0.0,0.0,0.0,0.0,0.0,0.0,0.0,0.0,0.0,0.0,0.0,0.0,0.0,0.0,0.0,0.0,0.0,0.0,0.0,0.0,0.0,0.0,0.0,0.0
18.0,0.0,0.0,0.68559694,46.162876,2.2682298E-7,32.498558,10.570995,0.0051851096,0.004060886,16.729912,0.02331742,47.449413,3.625438,233.324,0.0,0.0,0.0,4.26E-8,2.7982116,4.485005E-8,149.71397,153.17474,409.2279,0.0,0.0,0.0,0.0,0.0
18.0,1.0,0.0,38.30782,199.97833,2.9723125E-7,30.64146,4.5057354,0.09120416,0.016292233,41.494816,11.314299,72.87392,3.0141315,28.206844,33.31499,0.0,0.0,0.0,0.0,0.0,87.89456,97.60659,349.68073,0.0,0.0,0.0,0.0,0.0
18.0,2.0,0.0,0.0012678675,78.011154,6.6205983E-9,65.883736,56.213375,0.11330864,0.045385607,95.687004,0.022281887,55.06172,12.373411,84.45688,28.890606,0.0,0.0,0.0,0.0,0.0,81.30315,111.07119,371.27277,0.0,0.0,0.0,0.0,0.0
18.0,3.0,0.0,1.9845868,84.40273,2.5322603E-7,80.0757,58.059723,0.1579832,0.020226695,58.71273,1.2181562,28.483553,13.818073,61.297512,49.707825,0.0,0.0,0.0,0.0,0.0,29.11255,101.312454,290.12027,0.0,0.0,0.0,0.0,0.0
18.0,4.0,0.0,0.087359585,12.017679,5.265113E-10,20.165577,5.922643,0.66329527,0.012938203,15.007838,2.0403297,12.735794,3.5133119,18.48796,12.379293,0.0,0.0,0.0,0.0,0.0,1.746914,20.601273,55.435192,0.0,0.0,0.0,0.0,0.0
18.0,5.0,0.0,0.0,1.8000984,9.424769E-10,6.993639,3.2146668,0.0035292106,1.1122824E-4,2.8966866,0.9093348,3.9656487,3.3993778,2.1839845,2.3838403,0.0,0.0,0.0,0.0,0.0,0.23734745,9.636809,20.1641,0.0,0.0,0.0,0.0,0.0
18.0,6.0,0.0,2.2991292E-6,5.09961,1.85817E-8,6.5266633,1.8213714,0.31936327,0.0024351762,4.0583143,1.5758106,5.154979,1.5821327,3.7618206,2.2020178,0.0,0.0,0.0,0.0,0.0,0.0,6.7404594,15.914053,0.0,0.0,0.0,0.0,0.0
18.0,7.0,0.0,3.3976958E-5,1.2616351,3.9137888E-7,1.8080391,0.84238476,0.006186072,2.5012152E-4,1.1753675,0.18563844,2.2753437,0.56932074,0.4329479,0.30153406,0.0,0.0,0.0,0.0,0.0,0.0,1.960873,3.7809446,0.0,0.0,0.0,0.0,0.0
18.0,8.0,0.0,5.28903E-10,0.4131893,3.0499245E-7,0.32620156,0.13152505,6.6967714E-6,1.0777187E-4,0.18009639,0.0061239125,0.28022912,0.054372877,0.17464171,0.14273615,0.0,0.0,0.0,0.0,0.0,0.0,0.3538328,0.66527367,0.0,0.0,0.0,0.0,0.0
18.0,9.0,0.0,1.2409441E-4,0.25923023,0.0,0.21335045,0.071355574,0.001678661,1.1686276E-4,0.12800083,0.0063556028,0.17690673,0.07470094,0.12818673,0.03804874,0.0,0.0,0.0,0.0,0.0,0.0,0.19668171,0.39744872,0.0,0.0,0.0,0.0,0.0
18.0,10.0,0.0,0.0019212343,0.053614378,4.5666102E-8,0.098526694,0.05334812,7.6110837E-6,3.004853E-7,0.06394082,0.011409528,0.09117869,0.0235188,0.039442986,0.03931495,0.0,0.0,0.0,0.0,0.0,0.0,0.09412849,0.19700383,0.0,0.0,0.0,0.0,0.0
18.0,11.0,0.0,0.0,0.0,0.0,0.0,0.0,0.0,0.0,0.0,0.0,0.0,0.0,0.0,0.0,0.0,0.0,0.0,0.0,0.0,0.0,0.0,0.0,0.0,0.0,0.0,0.0,0.0
18.0,12.0,0.0,0.0,0.0,0.0,0.0,0.0,0.0,0.0,0.0,0.0,0.0,0.0,0.0,0.0,0.0,0.0,0.0,0.0,0.0,0.0,0.0,0.0,0.0,0.0,0.0,0.0,0.0
18.0,13.0,0.0,0.0,0.0,0.0,0.0,0.0,0.0,0.0,0.0,0.0,0.0,0.0,0.0,0.0,0.0,0.0,0.0,0.0,0.0,0.0,0.0,0.0,0.0,0.0,0.0,0.0,0.0
18.0,14.0,0.0,0.0,0.0,0.0,0.0,0.0,0.0,0.0,0.0,0.0,0.0,0.0,0.0,0.0,0.0,0.0,0.0,0.0,0.0,0.0,0.0,0.0,0.0,0.0,0.0,0.0,0.0
18.0,15.0,0.0,0.0,0.0,0.0,0.0,0.0,0.0,0.0,0.0,0.0,0.0,0.0,0.0,0.0,0.0,0.0,0.0,0.0,0.0,0.0,0.0,0.0,0.0,0.0,0.0,0.0,0.0
18.0,16.0,0.0,0.0,0.0,0.0,0.0,0.0,0.0,0.0,0.0,0.0,0.0,0.0,0.0,0.0,0.0,0.0,0.0,0.0,0.0,0.0,0.0,0.0,0.0,0.0,0.0,0.0,0.0
18.0,17.0,0.0,0.0,0.0,0.0,0.0,0.0,0.0,0.0,0.0,0.0,0.0,0.0,0.0,0.0,0.0,0.0,0.0,0.0,0.0,0.0,0.0,0.0,0.0,0.0,0.0,0.0,0.0
18.0,18.0,0.0,0.0,0.0,0.0,0.0,0.0,0.0,0.0,0.0,0.0,0.0,0.0,0.0,0.0,0.0,0.0,0.0,0.0,0.0,0.0,0.0,0.0,0.0,0.0,0.0,0.0,0.0
18.0,19.0,0.0,0.0,0.0,0.0,0.0,0.0,0.0,0.0,0.0,0.0,0.0,0.0,0.0,0.0,0.0,0.0,0.0,0.0,0.0,0.0,0.0,0.0,0.0,0.0,0.0,0.0,0.0
18.0,20.0,0.0,0.0,0.0,0.0,0.0,0.0,0.0,0.0,0.0,0.0,0.0,0.0,0.0,0.0,0.0,0.0,0.0,0.0,0.0,0.0,0.0,0.0,0.0,0.0,0.0,0.0,0.0
18.0,21.0,0.0,0.0,0.0,0.0,0.0,0.0,0.0,0.0,0.0,0.0,0.0,0.0,0.0,0.0,0.0,0.0,0.0,0.0,0.0,0.0,0.0,0.0,0.0,0.0,0.0,0.0,0.0
18.0,22.0,0.0,0.0,0.0,0.0,0.0,0.0,0.0,0.0,0.0,0.0,0.0,0.0,0.0,0.0,0.0,0.0,0.0,0.0,0.0,0.0,0.0,0.0,0.0,0.0,0.0,0.0,0.0
18.0,23.0,0.0,0.0,0.0,0.0,0.0,0.0,0.0,0.0,0.0,0.0,0.0,0.0,0.0,0.0,0.0,0.0,0.0,0.0,0.0,0.0,0.0,0.0,0.0,0.0,0.0,0.0,0.0
18.0,24.0,0.0,0.0,0.0,0.0,0.0,0.0,0.0,0.0,0.0,0.0,0.0,0.0,0.0,0.0,0.0,0.0,0.0,0.0,0.0,0.0,0.0,0.0,0.0,0.0,0.0,0.0,0.0
18.0,25.0,0.0,0.0,0.0,0.0,0.0,0.0,0.0,0.0,0.0,0.0,0.0,0.0,0.0,0.0,0.0,0.0,0.0,0.0,0.0,0.0,0.0,0.0,0.0,0.0,0.0,0.0,0.0
19.0,0.0,0.0,0.0,83.18985,1.7061461E-7,0.60046196,1.6021702,0.33066148,0.004483588,6.060346,57.33981,79.30825,3.7575572,36.86812,0.0,0.0,0.0,2.1476074E-8,1.3626075,1.2518411E-8,94.98753,98.247955,327.95877,0.0,0.0,0.0,0.0,0.0
19.0,1.0,0.0,0.63889927,530.26636,1.2578619E-5,21.810387,155.72556,1.2417018,0.056051396,179.07613,53.15139,53.631924,18.95458,236.82942,0.0,0.0,0.0,0.0,0.0,0.0,137.51343,142.66226,513.6244,0.0,0.0,0.0,0.0,0.0
19.0,2.0,0.0,6.2801123,100.75397,2.4415148E-10,5.3470283,12.671925,1.5058374,0.0124467295,40.90642,9.183976,48.14357,4.1694355,39.717594,0.0,0.0,0.0,0.0,0.0,0.0,56.23893,68.90412,235.30246,0.0,0.0,0.0,0.0,0.0
19.0,3.0,0.0,0.3286046,40.812805,3.1278034E-7,24.401436,18.73675,0.011698738,0.0387174,23.211338,7.6858273,35.28454,3.1577497,52.226288,0.0,0.0,0.0,0.0,0.0,0.0,21.147526,81.62905,227.47855,0.0,0.0,0.0,0.0,0.0
19.0,4.0,0.0,0.7461006,41.005535,2.927601E-10,24.201345,10.558888,0.13548964,0.0014432009,29.01271,4.9285393,29.91311,2.9919982,19.891588,0.0,0.0,0.0,0.0,0.0,0.0,3.9886363,56.039577,142.8911,0.0,0.0,0.0,0.0,0.0
19.0,5.0,0.0,0.047762986,8.251308,4.003657E-13,4.7713947,2.43537,0.025269654,2.4444747E-4,6.8781333,1.6804726,5.139334,1.0552917,3.3179817,0.0,0.0,0.0,0.0,0.0,0.0,0.19748977,10.1343155,22.555885,0.0,0.0,0.0,0.0,0.0
19.0,6.0,0.0,0.0,1.1210929,0.0,3.2811291,0.57899016,0.0065476415,0.0014077922,0.9149088,0.09649533,1.0525905,0.07737847,1.1439599,0.0,0.0,0.0,0.0,0.0,0.0,0.0,2.6287117,6.3169613,0.0,0.0,0.0,0.0,0.0
19.0,7.0,0.0,0.0109165525,1.8509398,1.4763724E-9,2.8031383,0.80143595,0.03283706,4.234014E-4,1.9635947,0.044938695,1.8859798,0.48423147,1.7352114,0.0,0.0,0.0,0.0,0.0,0.0,0.0,2.9628336,5.2772794,0.0,0.0,0.0,0.0,0.0
19.0,8.0,0.0,6.304815E-7,0.41100553,2.410244E-10,0.7940333,0.24273655,3.254138E-5,5.166449E-4,0.3820091,0.14100097,0.4135187,0.18355192,0.39491636,0.0,0.0,0.0,0.0,0.0,0.0,0.0,1.0028888,1.3861147,0.0,0.0,0.0,0.0,0.0
19.0,9.0,0.0,3.2652088E-6,0.044228137,3.819417E-8,0.12218624,0.04838699,1.6469282E-6,3.5866146E-4,0.053872243,1.8330082E-5,0.09348328,0.028739553,0.07861793,0.0,0.0,0.0,0.0,0.0,0.0,0.0,0.19364688,0.25950548,0.0,0.0,0.0,0.0,0.0
19.0,10.0,0.0,2.0326077E-6,0.10646799,1.3647916E-12,0.0792546,0.020931473,2.4370935E-4,2.90938E-5,0.06011481,0.009903429,0.048650444,0.006825298,0.019018736,0.0,0.0,0.0,0.0,0.0,0.0,0.0,0.07634533,0.17373163,0.0,0.0,0.0,0.0,0.0
19.0,11.0,0.0,0.0,0.0,0.0,0.0,0.0,0.0,0.0,0.0,0.0,0.0,0.0,0.0,0.0,0.0,0.0,0.0,0.0,0.0,0.0,0.0,0.0,0.0,0.0,0.0,0.0,0.0
19.0,12.0,0.0,0.0,0.0,0.0,0.0,0.0,0.0,0.0,0.0,0.0,0.0,0.0,0.0,0.0,0.0,0.0,0.0,0.0,0.0,0.0,0.0,0.0,0.0,0.0,0.0,0.0,0.0
19.0,13.0,0.0,0.0,0.0,0.0,0.0,0.0,0.0,0.0,0.0,0.0,0.0,0.0,0.0,0.0,0.0,0.0,0.0,0.0,0.0,0.0,0.0,0.0,0.0,0.0,0.0,0.0,0.0
19.0,14.0,0.0,0.0,0.0,0.0,0.0,0.0,0.0,0.0,0.0,0.0,0.0,0.0,0.0,0.0,0.0,0.0,0.0,0.0,0.0,0.0,0.0,0.0,0.0,0.0,0.0,0.0,0.0
19.0,15.0,0.0,0.0,0.0,0.0,0.0,0.0,0.0,0.0,0.0,0.0,0.0,0.0,0.0,0.0,0.0,0.0,0.0,0.0,0.0,0.0,0.0,0.0,0.0,0.0,0.0,0.0,0.0
19.0,16.0,0.0,0.0,0.0,0.0,0.0,0.0,0.0,0.0,0.0,0.0,0.0,0.0,0.0,0.0,0.0,0.0,0.0,0.0,0.0,0.0,0.0,0.0,0.0,0.0,0.0,0.0,0.0
19.0,17.0,0.0,0.0,0.0,0.0,0.0,0.0,0.0,0.0,0.0,0.0,0.0,0.0,0.0,0.0,0.0,0.0,0.0,0.0,0.0,0.0,0.0,0.0,0.0,0.0,0.0,0.0,0.0
19.0,18.0,0.0,0.0,0.0,0.0,0.0,0.0,0.0,0.0,0.0,0.0,0.0,0.0,0.0,0.0,0.0,0.0,0.0,0.0,0.0,0.0,0.0,0.0,0.0,0.0,0.0,0.0,0.0
19.0,19.0,0.0,0.0,0.0,0.0,0.0,0.0,0.0,0.0,0.0,0.0,0.0,0.0,0.0,0.0,0.0,0.0,0.0,0.0,0.0,0.0,0.0,0.0,0.0,0.0,0.0,0.0,0.0
19.0,20.0,0.0,0.0,0.0,0.0,0.0,0.0,0.0,0.0,0.0,0.0,0.0,0.0,0.0,0.0,0.0,0.0,0.0,0.0,0.0,0.0,0.0,0.0,0.0,0.0,0.0,0.0,0.0
19.0,21.0,0.0,0.0,0.0,0.0,0.0,0.0,0.0,0.0,0.0,0.0,0.0,0.0,0.0,0.0,0.0,0.0,0.0,0.0,0.0,0.0,0.0,0.0,0.0,0.0,0.0,0.0,0.0
19.0,22.0,0.0,0.0,0.0,0.0,0.0,0.0,0.0,0.0,0.0,0.0,0.0,0.0,0.0,0.0,0.0,0.0,0.0,0.0,0.0,0.0,0.0,0.0,0.0,0.0,0.0,0.0,0.0
19.0,23.0,0.0,0.0,0.0,0.0,0.0,0.0,0.0,0.0,0.0,0.0,0.0,0.0,0.0,0.0,0.0,0.0,0.0,0.0,0.0,0.0,0.0,0.0,0.0,0.0,0.0,0.0,0.0
19.0,24.0,0.0,0.0,0.0,0.0,0.0,0.0,0.0,0.0,0.0,0.0,0.0,0.0,0.0,0.0,0.0,0.0,0.0,0.0,0.0,0.0,0.0,0.0,0.0,0.0,0.0,0.0,0.0
19.0,25.0,0.0,0.0,0.0,0.0,0.0,0.0,0.0,0.0,0.0,0.0,0.0,0.0,0.0,0.0,0.0,0.0,0.0,0.0,0.0,0.0,0.0,0.0,0.0,0.0,0.0,0.0,0.0
20.0,0.0,0.0,0.7793398,137.98492,4.032297E-12,1.3359131,4.6477227,4.7557676E-4,0.003015016,9.9895,14.958828,52.000847,1.0999231,214.76929,0.103625886,0.0,0.0,3.033064E-8,2.8446982,3.0211577E-8,142.59657,155.9975,391.5246,0.0,0.0,0.0,0.0,0.0
20.0,1.0,0.0,0.0,88.91891,3.9592715E-7,6.6730075,31.074823,0.2754217,0.0188038,98.05,0.0023514798,181.08385,19.680145,128.26524,31.119253,0.0,0.0,0.0,0.0,0.0,102.96661,115.646164,374.78094,0.0,0.0,0.0,0.0,0.0
20.0,2.0,0.0,0.5151801,134.94432,1.5101407E-6,31.593138,63.999252,0.16839415,0.042947937,85.72577,29.606173,128.93425,21.607393,94.469765,23.933643,0.0,0.0,0.0,0.0,0.0,77.45289,120.71526,337.632,0.0,0.0,0.0,0.0,0.0
20.0,3.0,0.0,1.1809681E-5,52.5946,0.0,11.941946,12.588334,0.017958479,0.0079486985,21.991623,0.47577047,31.850477,4.452609,22.956718,5.2982793,0.0,0.0,0.0,0.0,0.0,17.726614,37.238743,130.97247,0.0,0.0,0.0,0.0,0.0
20.0,4.0,0.0,0.03216511,13.092044,3.2526046E-10,15.620432,12.535461,0.005879059,0.008306693,21.814339,0.0374707,12.967479,7.9694724,32.58684,8.915884,0.0,0.0,0.0,0.0,0.0,2.7245665,39.18847,88.47022,0.0,0.0,0.0,0.0,0.0
20.0,5.0,0.0,0.003938125,17.151707,1.1333045E-6,10.988842,5.242555,0.01141417,0.0076553165,10.510081,1.1129402,14.661838,5.540744,8.241563,2.6319554,0.0,0.0,0.0,0.0,0.0,0.033125736,22.12181,50.36436,0.0,0.0,0.0,0.0,0.0
20.0,6.0,0.0,0.013088473,1.7593329,3.891097E-11,2.162483,1.4943725,0.011102712,8.7718037E-4,1.0369756,0.11445479,2.1202893,0.89906025,1.8045763,0.17382953,0.0,0.0,0.0,0.0,0.0,0.0,3.5188403,7.4608746,0.0,0.0,0.0,0.0,0.0
20.0,7.0,0.0,0.0,0.3510893,2.252864E-7,0.79761523,0.20495933,3.0847215E-5,3.5044965E-7,0.41624355,0.1359124,1.1191899,0.20575246,0.3140911,0.11333484,0.0,0.0,0.0,0.0,0.0,0.0,0.9835299,2.2663283,0.0,0.0,0.0,0.0,0.0
20.0,8.0,0.0,0.0064205285,0.25316358,2.353735E-9,1.1074253,0.12128721,0.0016374934,6.40267E-5,0.78736603,0.0034820326,0.3750777,0.4333177,0.53296405,0.19439308,0.0,0.0,0.0,0.0,0.0,0.0,0.9501388,2.2439394,0.0,0.0,0.0,0.0,0.0
20.0,9.0,0.0,0.0,0.13785946,6.577671E-10,0.17119947,0.02728901,0.0010119952,7.912191E-5,0.2553348,0.0012304283,0.14735492,0.12407068,0.18790068,0.07015671,0.0,0.0,0.0,0.0,0.0,0.0,0.26019338,0.52927667,0.0,0.0,0.0,0.0,0.0
20.0,10.0,0.0,0.0013496951,0.0319443,3.3094495E-12,0.04775323,0.015179279,3.0018337E-4,1.6044254E-6,0.028344002,0.015457045,0.020357333,0.012667312,0.04075884,0.010292557,0.0,0.0,0.0,0.0,0.0,0.0,0.048072144,0.098427705,0.0,0.0,0.0,0.0,0.0
20.0,11.0,0.0,0.0,0.0,0.0,0.0,0.0,0.0,0.0,0.0,0.0,0.0,0.0,0.0,0.0,0.0,0.0,0.0,0.0,0.0,0.0,0.0,0.0,0.0,0.0,0.0,0.0,0.0
20.0,12.0,0.0,0.0,0.0,0.0,0.0,0.0,0.0,0.0,0.0,0.0,0.0,0.0,0.0,0.0,0.0,0.0,0.0,0.0,0.0,0.0,0.0,0.0,0.0,0.0,0.0,0.0,0.0
20.0,13.0,0.0,0.0,0.0,0.0,0.0,0.0,0.0,0.0,0.0,0.0,0.0,0.0,0.0,0.0,0.0,0.0,0.0,0.0,0.0,0.0,0.0,0.0,0.0,0.0,0.0,0.0,0.0
20.0,14.0,0.0,0.0,0.0,0.0,0.0,0.0,0.0,0.0,0.0,0.0,0.0,0.0,0.0,0.0,0.0,0.0,0.0,0.0,0.0,0.0,0.0,0.0,0.0,0.0,0.0,0.0,0.0
20.0,15.0,0.0,0.0,0.0,0.0,0.0,0.0,0.0,0.0,0.0,0.0,0.0,0.0,0.0,0.0,0.0,0.0,0.0,0.0,0.0,0.0,0.0,0.0,0.0,0.0,0.0,0.0,0.0
20.0,16.0,0.0,0.0,0.0,0.0,0.0,0.0,0.0,0.0,0.0,0.0,0.0,0.0,0.0,0.0,0.0,0.0,0.0,0.0,0.0,0.0,0.0,0.0,0.0,0.0,0.0,0.0,0.0
20.0,17.0,0.0,0.0,0.0,0.0,0.0,0.0,0.0,0.0,0.0,0.0,0.0,0.0,0.0,0.0,0.0,0.0,0.0,0.0,0.0,0.0,0.0,0.0,0.0,0.0,0.0,0.0,0.0
20.0,18.0,0.0,0.0,0.0,0.0,0.0,0.0,0.0,0.0,0.0,0.0,0.0,0.0,0.0,0.0,0.0,0.0,0.0,0.0,0.0,0.0,0.0,0.0,0.0,0.0,0.0,0.0,0.0
20.0,19.0,0.0,0.0,0.0,0.0,0.0,0.0,0.0,0.0,0.0,0.0,0.0,0.0,0.0,0.0,0.0,0.0,0.0,0.0,0.0,0.0,0.0,0.0,0.0,0.0,0.0,0.0,0.0
20.0,20.0,0.0,0.0,0.0,0.0,0.0,0.0,0.0,0.0,0.0,0.0,0.0,0.0,0.0,0.0,0.0,0.0,0.0,0.0,0.0,0.0,0.0,0.0,0.0,0.0,0.0,0.0,0.0
20.0,21.0,0.0,0.0,0.0,0.0,0.0,0.0,0.0,0.0,0.0,0.0,0.0,0.0,0.0,0.0,0.0,0.0,0.0,0.0,0.0,0.0,0.0,0.0,0.0,0.0,0.0,0.0,0.0
20.0,22.0,0.0,0.0,0.0,0.0,0.0,0.0,0.0,0.0,0.0,0.0,0.0,0.0,0.0,0.0,0.0,0.0,0.0,0.0,0.0,0.0,0.0,0.0,0.0,0.0,0.0,0.0,0.0
20.0,23.0,0.0,0.0,0.0,0.0,0.0,0.0,0.0,0.0,0.0,0.0,0.0,0.0,0.0,0.0,0.0,0.0,0.0,0.0,0.0,0.0,0.0,0.0,0.0,0.0,0.0,0.0,0.0
20.0,24.0,0.0,0.0,0.0,0.0,0.0,0.0,0.0,0.0,0.0,0.0,0.0,0.0,0.0,0.0,0.0,0.0,0.0,0.0,0.0,0.0,0.0,0.0,0.0,0.0,0.0,0.0,0.0
20.0,25.0,0.0,0.0,0.0,0.0,0.0,0.0,0.0,0.0,0.0,0.0,0.0,0.0,0.0,0.0,0.0,0.0,0.0,0.0,0.0,0.0,0.0,0.0,0.0,0.0,0.0,0.0,0.0
