"Distribution of the biomass (tonne) of prey species (in columns) in the diet of plaice by Age class (year). For class i, the preyed biomass in [i,i+1[ is reported."
"Time","Age","lesserSpottedDogfish","redMullet","pouting","whiting","poorCod","cod","dragonet","sole","plaice","horseMackerel","mackerel","herring","sardine","squids","cuttlefish","thornbackRay","diatoms","microPhytoplankton","heterotrophicFlagellates","microZooplankton","mesoZooplankton","Macrozoo","meioBenthos","depositBenthos","suspensionBenthos","largeBenthos","veryLargeBenthos"
1.0,0.0,0.0,1.2161385,9.880847E-4,0.014094164,0.01971651,4.7115478E-7,0.58558655,5.1438867E-5,32.29157,0.012344629,0.0,18.648367,0.0,2.690005,0.015792536,0.0,0.0,0.0,0.0,0.9905919,2.3999813,134.14894,400.57346,0.23559804,57.337482,0.0,0.0
1.0,1.0,0.0,2.762385,0.0,0.0,0.0,0.0,3.6282325,0.0,46.352833,0.0,0.0,0.0,0.0,8.492621,14.446896,0.0,0.0,0.0,0.0,0.0,0.0,0.0,65.92704,0.07570332,1212.7435,0.0,0.0
1.0,2.0,0.0,4.4612093,0.0,0.0,0.0,0.0,2.4203248,0.0,25.630613,0.0,0.0,0.0,0.0,7.3442936,17.12984,0.0,0.0,0.0,0.0,0.0,0.0,0.0,20.587156,0.025075369,960.8125,0.0,0.0
1.0,3.0,0.0,1.5114381,0.0,0.0,0.0,0.0,1.9500089,0.0,17.917484,0.0,0.0,0.0,0.0,5.547267,16.171219,0.0,0.0,0.0,0.0,0.0,0.0,0.0,12.781785,0.016067078,707.8783,7.90492E-4,0.0
1.0,4.0,0.0,1.8615124,0.0,0.0,0.0,0.0,1.5146194,0.0,7.839814,0.0,0.0,0.0,0.0,3.2817557,9.379544,0.0,0.0,0.0,0.0,0.0,0.0,0.0,5.9892125,0.008149615,386.46136,0.0024962244,0.0
1.0,5.0,0.0,0.33432427,0.0,0.0,0.0,0.0,1.6998676,3.165742E-4,8.797262,0.0,0.0,0.0,0.0,2.4297798,4.65274,0.0,0.0,0.0,0.0,0.0,0.0,0.0,2.8856752,0.0042952886,207.83514,0.0026970594,0.0
1.0,6.0,0.0,0.21330702,0.0,0.0,0.0,0.0,0.6928997,2.9266806E-4,2.6234944,0.0,0.0,0.0,0.0,0.8788566,4.195264,0.0,0.0,0.0,0.0,0.0,0.0,0.0,1.361836,0.0024204957,121.80992,0.0020724938,0.0
1.0,7.0,0.0,0.3173111,0.0,0.0,0.0,0.0,0.34058362,1.0265037E-5,2.710893,0.0,0.0,0.0,0.0,0.9637611,1.080192,0.0,0.0,0.0,0.0,0.0,0.0,0.0,0.8947016,0.0016750301,77.609726,0.0017031772,0.0
1.0,8.0,0.0,0.10520974,0.0,0.0,0.0,0.0,0.3674194,6.4675034E-5,0.97502464,0.0,0.0,0.0,0.0,0.31495765,0.73320854,0.0,0.0,0.0,0.0,0.0,0.0,0.0,0.94171524,0.0013999017,60.028927,0.0018651168,0.0
1.0,9.0,0.0,0.15029825,0.0,0.0,0.0,0.0,0.17790312,9.023431E-5,2.2325723,0.0,0.0,0.0,0.0,0.92347366,0.85216796,0.0,0.0,0.0,0.0,0.0,0.0,0.0,0.48449576,0.0010537775,48.35864,0.0014122332,0.0
1.0,10.0,0.0,0.16593555,0.0,0.0,0.0,0.0,0.19458748,1.1359913E-5,1.0392382,0.0,0.0,0.0,0.0,0.3023616,1.8806517,0.0,0.0,0.0,0.0,0.0,0.0,0.0,0.3882891,8.842414E-4,41.68858,0.0013995859,0.0
1.0,11.0,0.0,0.03915819,0.0,0.0,0.0,0.0,0.07948516,5.168277E-4,1.095555,0.0,0.0,0.0,0.0,0.17377105,1.4493836,0.0,0.0,0.0,0.0,0.0,0.0,0.0,0.36660618,7.291023E-4,36.464962,0.0011593571,0.0
1.0,12.0,0.0,0.09510169,0.0,0.0,0.0,0.0,0.052324984,3.9005994E-5,0.7987818,0.0,0.0,0.0,0.0,0.19030836,1.3141464,0.0,0.0,0.0,0.0,0.0,0.0,0.0,0.3036864,6.83644E-4,31.87393,0.0012117217,0.0
1.0,13.0,0.0,0.080739275,0.0,0.0,0.0,0.0,0.1150151,1.09940585E-4,1.0935367,0.0,0.0,0.0,0.0,0.31098926,1.1763264,0.0,0.0,0.0,0.0,0.0,0.0,0.0,0.20774603,5.186825E-4,27.277248,9.956376E-4,0.0
1.0,14.0,0.0,0.13855706,0.0,0.0,0.0,0.0,0.052083157,4.9194245E-5,0.78331184,0.0,0.0,0.0,0.0,0.10465587,0.764395,0.0,0.0,0.0,0.0,0.0,0.0,0.0,0.18793401,4.942206E-4,24.400227,9.075293E-4,0.0
1.0,15.0,0.0,0.0,0.0,0.0,0.0,0.0,0.0,0.0,0.0,0.0,0.0,0.0,0.0,0.0,0.0,0.0,0.0,0.0,0.0,0.0,0.0,0.0,0.0,0.0,0.0,0.0,0.0
1.0,16.0,0.0,0.0,0.0,0.0,0.0,0.0,0.0,0.0,0.0,0.0,0.0,0.0,0.0,0.0,0.0,0.0,0.0,0.0,0.0,0.0,0.0,0.0,0.0,0.0,0.0,0.0,0.0
1.0,17.0,0.0,0.0,0.0,0.0,0.0,0.0,0.0,0.0,0.0,0.0,0.0,0.0,0.0,0.0,0.0,0.0,0.0,0.0,0.0,0.0,0.0,0.0,0.0,0.0,0.0,0.0,0.0
1.0,18.0,0.0,0.0,0.0,0.0,0.0,0.0,0.0,0.0,0.0,0.0,0.0,0.0,0.0,0.0,0.0,0.0,0.0,0.0,0.0,0.0,0.0,0.0,0.0,0.0,0.0,0.0,0.0
1.0,19.0,0.0,0.0,0.0,0.0,0.0,0.0,0.0,0.0,0.0,0.0,0.0,0.0,0.0,0.0,0.0,0.0,0.0,0.0,0.0,0.0,0.0,0.0,0.0,0.0,0.0,0.0,0.0
1.0,20.0,0.0,0.0,0.0,0.0,0.0,0.0,0.0,0.0,0.0,0.0,0.0,0.0,0.0,0.0,0.0,0.0,0.0,0.0,0.0,0.0,0.0,0.0,0.0,0.0,0.0,0.0,0.0
1.0,21.0,0.0,0.0,0.0,0.0,0.0,0.0,0.0,0.0,0.0,0.0,0.0,0.0,0.0,0.0,0.0,0.0,0.0,0.0,0.0,0.0,0.0,0.0,0.0,0.0,0.0,0.0,0.0
1.0,22.0,0.0,0.0,0.0,0.0,0.0,0.0,0.0,0.0,0.0,0.0,0.0,0.0,0.0,0.0,0.0,0.0,0.0,0.0,0.0,0.0,0.0,0.0,0.0,0.0,0.0,0.0,0.0
1.0,23.0,0.0,0.0,0.0,0.0,0.0,0.0,0.0,0.0,0.0,0.0,0.0,0.0,0.0,0.0,0.0,0.0,0.0,0.0,0.0,0.0,0.0,0.0,0.0,0.0,0.0,0.0,0.0
1.0,24.0,0.0,0.0,0.0,0.0,0.0,0.0,0.0,0.0,0.0,0.0,0.0,0.0,0.0,0.0,0.0,0.0,0.0,0.0,0.0,0.0,0.0,0.0,0.0,0.0,0.0,0.0,0.0
1.0,25.0,0.0,0.0,0.0,0.0,0.0,0.0,0.0,0.0,0.0,0.0,0.0,0.0,0.0,0.0,0.0,0.0,0.0,0.0,0.0,0.0,0.0,0.0,0.0,0.0,0.0,0.0,0.0
2.0,0.0,0.0,6.57233,0.006607655,0.06292174,0.18478705,1.6265062E-7,8.024647,8.601984E-4,8.455799,0.06826588,0.004654276,1.2665251,0.0053289863,0.010599852,0.8130125,0.0,0.0,0.0,0.0,1.2353231,5.250476,138.67874,420.8254,0.265127,9.857268,0.0,0.0
2.0,1.0,0.0,2.3038154,0.0,0.0,0.0,0.0,1.2256814,0.0,2.466044,0.0,0.0,0.0,0.0,2.0793538,10.217318,0.0,0.0,0.0,0.0,0.0,0.0,0.0,242.10587,0.2137386,179.2169,0.0,0.0
2.0,2.0,0.0,23.728245,0.0,0.0,0.0,0.0,9.715039,0.0,41.462524,0.0,0.0,0.0,0.0,2.6090655,75.751396,0.0,0.0,0.0,0.0,0.0,0.0,0.0,37.321796,0.04806138,1674.0251,2.3433877E-10,0.0
2.0,3.0,0.0,9.731772,0.0,0.0,0.0,0.0,7.6911497,0.0,32.995052,0.0,0.0,0.0,0.0,4.1972313,62.923496,0.0,0.0,0.0,0.0,0.0,0.0,0.0,21.800222,0.027548997,1193.144,0.0030305882,0.0
2.0,4.0,0.0,9.467276,0.0,0.0,0.0,0.0,7.210851,1.5548974E-9,22.78515,0.0,0.0,0.0,0.0,2.1779876,58.352734,0.0,0.0,0.0,0.0,0.0,0.0,0.0,12.553301,0.016931444,769.7581,0.0077186627,0.0
2.0,5.0,0.0,5.5200405,0.0,0.0,0.0,0.0,4.377532,7.005275E-5,14.587239,0.0,0.0,0.0,0.0,1.0200807,17.639267,0.0,0.0,0.0,0.0,0.0,0.0,0.0,6.2850018,0.008635493,394.04465,0.006292679,0.0
2.0,6.0,0.0,2.3852625,0.0,0.0,0.0,0.0,1.9639424,4.7766487E-4,7.2037587,0.0,0.0,0.0,0.0,0.6438875,12.357107,0.0,0.0,0.0,0.0,0.0,0.0,0.0,3.2224202,0.0044163875,201.49898,0.003866347,0.0
2.0,7.0,0.0,1.2558035,0.0,0.0,0.0,0.0,0.62002546,7.702307E-4,5.4046845,0.0,0.0,0.0,0.0,0.58048654,5.085785,0.0,0.0,0.0,0.0,0.0,0.0,0.0,1.454092,0.002509014,113.3418,0.002914338,0.0
2.0,8.0,0.0,1.0707536,0.0,0.0,0.0,0.0,0.6456144,5.2180552E-5,4.017081,0.0,0.0,0.0,0.0,0.19272304,3.9849436,0.0,0.0,0.0,0.0,0.0,0.0,0.0,0.9911619,0.0015319837,68.53047,0.0024844522,0.0
2.0,9.0,0.0,0.9428944,0.0,0.0,0.0,0.0,0.80629104,2.0631803E-4,2.8473966,0.0,0.0,0.0,0.0,0.17785417,3.746231,0.0,0.0,0.0,0.0,0.0,0.0,0.0,0.47576147,0.0010492397,50.47665,0.0016000107,0.0
2.0,10.0,0.0,0.65643585,0.0,0.0,0.0,0.0,0.3920286,5.9434446E-4,1.7016191,0.0,0.0,0.0,0.0,0.09611104,3.3063269,0.0,0.0,0.0,0.0,0.0,0.0,0.0,0.6041431,8.9961203E-4,42.313053,0.0015819386,0.0
2.0,11.0,0.0,0.50261104,0.0,0.0,0.0,0.0,0.34721342,6.0152754E-5,1.356597,0.0,0.0,0.0,0.0,0.18847121,2.377055,0.0,0.0,0.0,0.0,0.0,0.0,0.0,0.52642304,7.6167384E-4,36.32431,0.0014727863,0.0
2.0,12.0,0.0,0.30963466,0.0,0.0,0.0,0.0,0.28041428,9.952376E-4,0.9838456,0.0,0.0,0.0,0.0,0.09356591,1.6767422,0.0,0.0,0.0,0.0,0.0,0.0,0.0,0.34399182,6.823315E-4,31.994644,0.0013600813,0.0
2.0,13.0,0.0,0.5083884,0.0,0.0,0.0,0.0,0.25986382,6.913941E-4,1.0756625,0.0,0.0,0.0,0.0,0.093530364,2.4934466,0.0,0.0,0.0,0.0,0.0,0.0,0.0,0.28603607,5.698825E-4,26.016214,0.0017581604,0.0
2.0,14.0,0.0,0.4757323,0.0,0.0,0.0,0.0,0.26536426,5.27856E-4,1.0066956,0.0,0.0,0.0,0.0,0.03175002,0.93346566,0.0,0.0,0.0,0.0,0.0,0.0,0.0,0.28937358,4.7606882E-4,23.631514,9.868589E-4,0.0
2.0,15.0,0.0,0.0,0.0,0.0,0.0,0.0,0.0,0.0,0.0,0.0,0.0,0.0,0.0,0.0,0.0,0.0,0.0,0.0,0.0,0.0,0.0,0.0,0.0,0.0,0.0,0.0,0.0
2.0,16.0,0.0,0.0,0.0,0.0,0.0,0.0,0.0,0.0,0.0,0.0,0.0,0.0,0.0,0.0,0.0,0.0,0.0,0.0,0.0,0.0,0.0,0.0,0.0,0.0,0.0,0.0,0.0
2.0,17.0,0.0,0.0,0.0,0.0,0.0,0.0,0.0,0.0,0.0,0.0,0.0,0.0,0.0,0.0,0.0,0.0,0.0,0.0,0.0,0.0,0.0,0.0,0.0,0.0,0.0,0.0,0.0
2.0,18.0,0.0,0.0,0.0,0.0,0.0,0.0,0.0,0.0,0.0,0.0,0.0,0.0,0.0,0.0,0.0,0.0,0.0,0.0,0.0,0.0,0.0,0.0,0.0,0.0,0.0,0.0,0.0
2.0,19.0,0.0,0.0,0.0,0.0,0.0,0.0,0.0,0.0,0.0,0.0,0.0,0.0,0.0,0.0,0.0,0.0,0.0,0.0,0.0,0.0,0.0,0.0,0.0,0.0,0.0,0.0,0.0
2.0,20.0,0.0,0.0,0.0,0.0,0.0,0.0,0.0,0.0,0.0,0.0,0.0,0.0,0.0,0.0,0.0,0.0,0.0,0.0,0.0,0.0,0.0,0.0,0.0,0.0,0.0,0.0,0.0
2.0,21.0,0.0,0.0,0.0,0.0,0.0,0.0,0.0,0.0,0.0,0.0,0.0,0.0,0.0,0.0,0.0,0.0,0.0,0.0,0.0,0.0,0.0,0.0,0.0,0.0,0.0,0.0,0.0
2.0,22.0,0.0,0.0,0.0,0.0,0.0,0.0,0.0,0.0,0.0,0.0,0.0,0.0,0.0,0.0,0.0,0.0,0.0,0.0,0.0,0.0,0.0,0.0,0.0,0.0,0.0,0.0,0.0
2.0,23.0,0.0,0.0,0.0,0.0,0.0,0.0,0.0,0.0,0.0,0.0,0.0,0.0,0.0,0.0,0.0,0.0,0.0,0.0,0.0,0.0,0.0,0.0,0.0,0.0,0.0,0.0,0.0
2.0,24.0,0.0,0.0,0.0,0.0,0.0,0.0,0.0,0.0,0.0,0.0,0.0,0.0,0.0,0.0,0.0,0.0,0.0,0.0,0.0,0.0,0.0,0.0,0.0,0.0,0.0,0.0,0.0
2.0,25.0,0.0,0.0,0.0,0.0,0.0,0.0,0.0,0.0,0.0,0.0,0.0,0.0,0.0,0.0,0.0,0.0,0.0,0.0,0.0,0.0,0.0,0.0,0.0,0.0,0.0,0.0,0.0
3.0,0.0,0.0,8.040645,0.012378195,0.079648815,1.8543332,1.0892758E-5,3.284862,9.5158955E-4,11.402547,0.11778222,0.0016436432,0.376293,0.009125305,2.2187257E-4,1.3980994,0.0,0.0,0.0,0.0,1.8461431,10.386023,171.61885,552.0375,0.31464016,29.329298,0.0,0.0
3.0,1.0,0.0,0.44027108,0.0,0.0,0.0,0.0,0.2703205,0.0,1.6805406,0.0,0.0,0.0,0.0,0.0022141496,5.373043,0.0,0.0,0.0,0.0,0.0,0.0,0.0,146.93355,0.13040847,89.4646,0.0,0.0
3.0,2.0,0.0,4.88649,0.0,0.0,0.0,0.0,2.20405,0.0,6.8766603,0.0,0.0,0.0,0.0,0.012833113,6.785789,0.0,0.0,0.0,0.0,0.0,0.0,0.0,111.24966,0.12022006,402.7066,1.6448199E-4,0.0
3.0,3.0,0.0,8.706073,0.0,0.0,0.0,0.0,9.571842,0.0,65.702736,0.0,0.0,0.0,0.0,0.05069064,74.40125,0.0,0.0,0.0,0.0,0.0,0.0,0.0,41.45353,0.048007622,2038.9357,0.018692076,0.0
3.0,4.0,0.0,6.8804584,0.0,0.0,0.0,0.0,8.988056,0.0,55.110054,0.0,0.0,0.0,0.0,0.06150668,26.66155,0.0,0.0,0.0,0.0,0.0,0.0,0.0,26.397972,0.030512927,1290.707,0.033669222,0.0
3.0,5.0,0.0,8.576491,0.0,0.0,0.0,0.0,8.547792,2.7280536E-10,33.926693,0.0,0.0,0.0,0.0,0.05083984,25.25915,0.0,0.0,0.0,0.0,0.0,0.0,0.0,16.20631,0.017146152,770.84814,0.031992227,0.0
3.0,6.0,0.0,3.4913886,0.0,0.0,0.0,0.0,4.0587535,4.764866E-5,22.401104,0.0,0.0,0.0,0.0,0.016497096,11.859697,0.0,0.0,0.0,0.0,0.0,0.0,0.0,7.38512,0.008128437,367.05438,0.020139843,0.0
3.0,7.0,0.0,2.7621357,0.0,0.0,0.0,0.0,1.420343,0.0,9.536734,0.0,0.0,0.0,0.0,0.0047835093,13.553712,0.0,0.0,0.0,0.0,0.0,0.0,0.0,3.352588,0.0039041506,179.60458,0.008832232,0.0
3.0,8.0,0.0,1.5529583,0.0,0.0,0.0,0.0,1.0533547,0.0011394568,5.5108852,0.0,0.0,0.0,0.0,0.0029929182,4.335821,0.0,0.0,0.0,0.0,0.0,0.0,0.0,2.012159,0.0022865515,99.51305,0.008575108,0.0
3.0,9.0,0.0,1.2503686,0.0,0.0,0.0,0.0,0.54005235,7.2358025E-4,2.8815055,0.0,0.0,0.0,0.0,0.0026678254,3.0218587,0.0,0.0,0.0,0.0,0.0,0.0,0.0,1.0375723,0.0013891781,61.604446,0.0059710117,0.0
3.0,10.0,0.0,0.8235868,0.0,0.0,0.0,0.0,0.4622491,0.0033837531,2.6939404,0.0,0.0,0.0,0.0,0.0023261055,3.1052406,0.0,0.0,0.0,0.0,0.0,0.0,0.0,0.7877937,8.9384936E-4,43.896824,0.0053738095,0.0
3.0,11.0,0.0,0.8554801,0.0,0.0,0.0,0.0,0.27829212,0.0022408853,2.2814798,0.0,0.0,0.0,0.0,4.5683671E-4,1.0613114,0.0,0.0,0.0,0.0,0.0,0.0,0.0,0.5759343,8.339629E-4,37.198643,0.00299135,0.0
3.0,12.0,0.0,0.40419605,0.0,0.0,0.0,0.0,0.27880228,0.0039777793,1.8988389,0.0,0.0,0.0,0.0,0.0018756265,1.1741717,0.0,0.0,0.0,0.0,0.0,0.0,0.0,0.47891268,7.1676675E-4,31.26798,0.0026121053,0.0
3.0,13.0,0.0,0.45502964,0.0,0.0,0.0,0.0,0.3607829,6.55321E-4,1.3395766,0.0,0.0,0.0,0.0,0.001061173,1.5950876,0.0,0.0,0.0,0.0,0.0,0.0,0.0,0.3907866,5.749945E-4,25.912693,0.0023717019,0.0
3.0,14.0,0.0,0.3115729,0.0,0.0,0.0,0.0,0.38377142,5.021491E-4,0.8269941,0.0,0.0,0.0,0.0,0.003455882,2.0825598,0.0,0.0,0.0,0.0,0.0,0.0,0.0,0.22675478,4.8745336E-4,21.925446,0.0037416448,0.0
3.0,15.0,0.0,0.0,0.0,0.0,0.0,0.0,0.0,0.0,0.0,0.0,0.0,0.0,0.0,0.0,0.0,0.0,0.0,0.0,0.0,0.0,0.0,0.0,0.0,0.0,0.0,0.0,0.0
3.0,16.0,0.0,0.0,0.0,0.0,0.0,0.0,0.0,0.0,0.0,0.0,0.0,0.0,0.0,0.0,0.0,0.0,0.0,0.0,0.0,0.0,0.0,0.0,0.0,0.0,0.0,0.0,0.0
3.0,17.0,0.0,0.0,0.0,0.0,0.0,0.0,0.0,0.0,0.0,0.0,0.0,0.0,0.0,0.0,0.0,0.0,0.0,0.0,0.0,0.0,0.0,0.0,0.0,0.0,0.0,0.0,0.0
3.0,18.0,0.0,0.0,0.0,0.0,0.0,0.0,0.0,0.0,0.0,0.0,0.0,0.0,0.0,0.0,0.0,0.0,0.0,0.0,0.0,0.0,0.0,0.0,0.0,0.0,0.0,0.0,0.0
3.0,19.0,0.0,0.0,0.0,0.0,0.0,0.0,0.0,0.0,0.0,0.0,0.0,0.0,0.0,0.0,0.0,0.0,0.0,0.0,0.0,0.0,0.0,0.0,0.0,0.0,0.0,0.0,0.0
3.0,20.0,0.0,0.0,0.0,0.0,0.0,0.0,0.0,0.0,0.0,0.0,0.0,0.0,0.0,0.0,0.0,0.0,0.0,0.0,0.0,0.0,0.0,0.0,0.0,0.0,0.0,0.0,0.0
3.0,21.0,0.0,0.0,0.0,0.0,0.0,0.0,0.0,0.0,0.0,0.0,0.0,0.0,0.0,0.0,0.0,0.0,0.0,0.0,0.0,0.0,0.0,0.0,0.0,0.0,0.0,0.0,0.0
3.0,22.0,0.0,0.0,0.0,0.0,0.0,0.0,0.0,0.0,0.0,0.0,0.0,0.0,0.0,0.0,0.0,0.0,0.0,0.0,0.0,0.0,0.0,0.0,0.0,0.0,0.0,0.0,0.0
3.0,23.0,0.0,0.0,0.0,0.0,0.0,0.0,0.0,0.0,0.0,0.0,0.0,0.0,0.0,0.0,0.0,0.0,0.0,0.0,0.0,0.0,0.0,0.0,0.0,0.0,0.0,0.0,0.0
3.0,24.0,0.0,0.0,0.0,0.0,0.0,0.0,0.0,0.0,0.0,0.0,0.0,0.0,0.0,0.0,0.0,0.0,0.0,0.0,0.0,0.0,0.0,0.0,0.0,0.0,0.0,0.0,0.0
3.0,25.0,0.0,0.0,0.0,0.0,0.0,0.0,0.0,0.0,0.0,0.0,0.0,0.0,0.0,0.0,0.0,0.0,0.0,0.0,0.0,0.0,0.0,0.0,0.0,0.0,0.0,0.0,0.0
4.0,0.0,0.0,7.0493445,0.0068705124,0.05032412,7.741117,2.8117329E-5,4.7639675,7.4844755E-4,32.865475,0.103383355,0.0017963456,0.57527477,0.0030813857,0.0080100205,0.33317286,0.0,0.0,0.0,0.0,2.3844988,10.410178,302.7013,465.8902,0.25140935,43.54944,0.0,0.0
4.0,1.0,0.0,0.04272518,0.0,0.0,0.0,0.0,0.0301901,0.0,0.692471,0.0,0.0,0.0,0.0,0.3072857,21.698217,0.0,0.0,0.0,0.0,0.0,0.0,0.0,141.19325,0.11831853,209.7895,0.0,0.0
4.0,2.0,0.0,1.4709574,0.0,0.0,0.0,0.0,0.3101748,0.0,4.113465,0.0,0.0,0.0,0.0,0.16161093,16.23669,0.0,0.0,0.0,0.0,0.0,0.0,0.0,47.31771,0.045655448,259.04184,1.296006E-4,0.0
4.0,3.0,0.0,1.8915931,0.0,0.0,0.0,0.0,1.0650713,0.0,18.145233,0.0,0.0,0.0,0.0,0.29222882,12.573283,0.0,0.0,0.0,0.0,0.0,0.0,0.0,56.53447,0.053994503,574.2975,0.005842312,0.0
4.0,4.0,0.0,3.830212,0.0,0.0,0.0,0.0,3.493028,6.889756E-4,56.91534,0.0,0.0,0.0,0.0,1.3614222,59.18118,0.0,0.0,0.0,0.0,0.0,0.0,0.0,42.18091,0.045666844,2109.7732,0.066589706,0.0
4.0,5.0,0.0,2.316977,0.0,0.0,0.0,0.0,4.819,7.642401E-9,43.292744,0.0,0.0,0.0,0.0,0.6854611,27.288633,0.0,0.0,0.0,0.0,0.0,0.0,0.0,27.287716,0.026983306,1234.8876,0.07085819,0.0
4.0,6.0,0.0,1.4161075,0.0,0.0,0.0,0.0,4.890292,7.4714294E-4,23.8207,0.0,0.0,0.0,0.0,0.85995877,17.780594,0.0,0.0,0.0,0.0,0.0,0.0,0.0,16.700842,0.01565821,731.12726,0.056558035,0.0
4.0,7.0,0.0,1.439072,0.0,0.0,0.0,0.0,1.0246853,0.0014701128,14.494674,0.0,0.0,0.0,0.0,0.7445907,3.9691792,0.0,0.0,0.0,0.0,0.0,0.0,0.0,7.081462,0.0069610565,343.16724,0.037143897,0.0
4.0,8.0,0.0,0.60137314,0.0,0.0,0.0,0.0,0.343706,8.1471796E-4,6.8525887,0.0,0.0,0.0,0.0,0.056797784,3.6551635,0.0,0.0,0.0,0.0,0.0,0.0,0.0,3.5411222,0.003621355,169.19246,0.018878639,0.0
4.0,9.0,0.0,0.51719266,0.0,0.0,0.0,0.0,0.4969934,7.513011E-4,3.7580492,0.0,0.0,0.0,0.0,0.042220894,2.5044084,0.0,0.0,0.0,0.0,0.0,0.0,0.0,1.9434633,0.0018793164,90.63239,0.014759018,0.0
4.0,10.0,0.0,0.19348048,0.0,0.0,0.0,0.0,0.20430692,0.0017510564,2.454905,0.0,0.0,0.0,0.0,0.06446013,1.3951972,0.0,0.0,0.0,0.0,0.0,0.0,0.0,0.83827585,0.0010875687,55.361893,0.012287174,0.0
4.0,11.0,0.0,0.178671,0.0,0.0,0.0,0.0,0.31116432,0.0020950963,1.7885401,0.0,0.0,0.0,0.0,0.03283774,1.1711409,0.0,0.0,0.0,0.0,0.0,0.0,0.0,0.81889606,8.178475E-4,39.60784,0.011564639,0.0
4.0,12.0,0.0,0.23584864,0.0,0.0,0.0,0.0,0.24672234,4.2356702E-4,1.3848552,0.0,0.0,0.0,0.0,0.016449375,0.86125946,0.0,0.0,0.0,0.0,0.0,0.0,0.0,0.653335,6.61038E-4,32.280346,0.009143443,0.0
4.0,13.0,0.0,0.109308764,0.0,0.0,0.0,0.0,0.14107074,8.1360666E-4,1.2565788,0.0,0.0,0.0,0.0,0.03550016,0.5339471,0.0,0.0,0.0,0.0,0.0,0.0,0.0,0.5201446,5.084799E-4,26.580408,0.009560557,0.0
4.0,14.0,0.0,0.100031495,0.0,0.0,0.0,0.0,0.13183288,3.7518912E-4,1.1417428,0.0,0.0,0.0,0.0,0.005762725,0.6181405,0.0,0.0,0.0,0.0,0.0,0.0,0.0,0.34967276,4.5388265E-4,22.540585,0.008293321,0.0
4.0,15.0,0.0,0.0,0.0,0.0,0.0,0.0,0.0,0.0,0.0,0.0,0.0,0.0,0.0,0.0,0.0,0.0,0.0,0.0,0.0,0.0,0.0,0.0,0.0,0.0,0.0,0.0,0.0
4.0,16.0,0.0,0.0,0.0,0.0,0.0,0.0,0.0,0.0,0.0,0.0,0.0,0.0,0.0,0.0,0.0,0.0,0.0,0.0,0.0,0.0,0.0,0.0,0.0,0.0,0.0,0.0,0.0
4.0,17.0,0.0,0.0,0.0,0.0,0.0,0.0,0.0,0.0,0.0,0.0,0.0,0.0,0.0,0.0,0.0,0.0,0.0,0.0,0.0,0.0,0.0,0.0,0.0,0.0,0.0,0.0,0.0
4.0,18.0,0.0,0.0,0.0,0.0,0.0,0.0,0.0,0.0,0.0,0.0,0.0,0.0,0.0,0.0,0.0,0.0,0.0,0.0,0.0,0.0,0.0,0.0,0.0,0.0,0.0,0.0,0.0
4.0,19.0,0.0,0.0,0.0,0.0,0.0,0.0,0.0,0.0,0.0,0.0,0.0,0.0,0.0,0.0,0.0,0.0,0.0,0.0,0.0,0.0,0.0,0.0,0.0,0.0,0.0,0.0,0.0
4.0,20.0,0.0,0.0,0.0,0.0,0.0,0.0,0.0,0.0,0.0,0.0,0.0,0.0,0.0,0.0,0.0,0.0,0.0,0.0,0.0,0.0,0.0,0.0,0.0,0.0,0.0,0.0,0.0
4.0,21.0,0.0,0.0,0.0,0.0,0.0,0.0,0.0,0.0,0.0,0.0,0.0,0.0,0.0,0.0,0.0,0.0,0.0,0.0,0.0,0.0,0.0,0.0,0.0,0.0,0.0,0.0,0.0
4.0,22.0,0.0,0.0,0.0,0.0,0.0,0.0,0.0,0.0,0.0,0.0,0.0,0.0,0.0,0.0,0.0,0.0,0.0,0.0,0.0,0.0,0.0,0.0,0.0,0.0,0.0,0.0,0.0
4.0,23.0,0.0,0.0,0.0,0.0,0.0,0.0,0.0,0.0,0.0,0.0,0.0,0.0,0.0,0.0,0.0,0.0,0.0,0.0,0.0,0.0,0.0,0.0,0.0,0.0,0.0,0.0,0.0
4.0,24.0,0.0,0.0,0.0,0.0,0.0,0.0,0.0,0.0,0.0,0.0,0.0,0.0,0.0,0.0,0.0,0.0,0.0,0.0,0.0,0.0,0.0,0.0,0.0,0.0,0.0,0.0,0.0
4.0,25.0,0.0,0.0,0.0,0.0,0.0,0.0,0.0,0.0,0.0,0.0,0.0,0.0,0.0,0.0,0.0,0.0,0.0,0.0,0.0,0.0,0.0,0.0,0.0,0.0,0.0,0.0,0.0
5.0,0.0,0.0,7.7326427,0.015585157,0.048715044,8.788394,2.0561327E-5,1.9535992,6.041753E-4,12.895537,0.058859058,2.661823E-4,0.13776295,0.003196364,0.12646344,0.032401644,0.0,0.0,0.0,0.0,2.2536945,8.952963,151.5965,307.27255,0.17218629,15.09987,0.0,0.0
5.0,1.0,0.0,0.7125077,0.0,0.0,0.0,0.0,0.3071969,0.0,0.26133856,0.0,0.0,0.0,0.0,0.02268625,10.892272,0.0,0.0,0.0,0.0,0.0,0.0,0.0,77.79564,0.066585384,296.50772,0.0,0.0
5.0,2.0,0.0,0.57890564,0.0,0.0,0.0,0.0,0.1317321,0.0,8.8844385,0.0,0.0,0.0,0.0,0.5604552,14.57937,0.0,0.0,0.0,0.0,0.0,0.0,0.0,45.52778,0.040010918,488.57117,3.0583866E-5,0.0
5.0,3.0,0.0,0.8033718,0.0,0.0,0.0,0.0,0.13199551,0.0,4.098308,0.0,0.0,0.0,0.0,0.2184864,9.090822,0.0,0.0,0.0,0.0,0.0,0.0,0.0,22.6302,0.016765798,431.8053,0.0028358041,0.0
5.0,4.0,0.0,1.0950187,0.0,0.0,0.0,0.0,0.11664705,1.2320357E-8,5.1152225,0.0,0.0,0.0,0.0,1.7946225,20.633938,0.0,0.0,0.0,0.0,0.0,0.0,0.0,33.840706,0.02581722,709.42725,0.014338845,0.0
5.0,5.0,0.0,3.527696,0.0,0.0,0.0,0.0,3.5531962,0.00792452,51.157467,0.0,0.0,0.0,0.0,1.4294422,38.889267,0.0,0.0,0.0,0.0,0.0,0.0,0.0,49.25833,0.04364938,2055.2788,0.10816378,0.0
5.0,6.0,0.0,2.6936545,0.0,0.0,0.0,0.0,2.7595537,0.0026393891,37.41704,0.0,0.0,0.0,0.0,1.9462953,24.895723,0.0,0.0,0.0,0.0,0.0,0.0,0.0,27.9901,0.025750512,1205.9213,0.08272735,0.0
5.0,7.0,0.0,1.5023263,0.0,0.0,0.0,0.0,0.97502875,0.0039696577,23.174978,0.0,0.0,0.0,0.0,0.90651876,13.366223,0.0,0.0,0.0,0.0,0.0,0.0,0.0,17.049236,0.015055871,691.2542,0.06677042,0.0
5.0,8.0,0.0,1.3594968,0.0,0.0,0.0,0.0,0.3433598,0.0029371465,10.7420225,0.0,0.0,0.0,0.0,0.72340274,3.1595266,0.0,0.0,0.0,0.0,0.0,0.0,0.0,8.958036,0.0067470456,324.75555,0.03962435,0.0
5.0,9.0,0.0,0.52868325,0.0,0.0,0.0,0.0,0.6647114,0.0061050844,4.559339,0.0,0.0,0.0,0.0,0.46329957,2.1926427,0.0,0.0,0.0,0.0,0.0,0.0,0.0,5.1081724,0.0035570688,154.66418,0.026723031,0.0
5.0,10.0,0.0,0.22529753,0.0,0.0,0.0,0.0,0.15535145,0.0027099787,2.7081501,0.0,0.0,0.0,0.0,0.3275503,1.6361151,0.0,0.0,0.0,0.0,0.0,0.0,0.0,3.407177,0.0017684876,80.55703,0.01906587,0.0
5.0,11.0,0.0,0.031905912,0.0,0.0,0.0,0.0,0.1834105,0.008792655,1.5439557,0.0,0.0,0.0,0.0,0.121043526,1.0352042,0.0,0.0,0.0,0.0,0.0,0.0,0.0,1.4524579,0.0010615262,50.154285,0.01395825,0.0
5.0,12.0,0.0,0.077715985,0.0,0.0,0.0,0.0,0.14684436,0.03279631,1.3264647,0.0,0.0,0.0,0.0,0.11837929,0.53553903,0.0,0.0,0.0,0.0,0.0,0.0,0.0,1.0778463,7.50172E-4,35.15406,0.011973646,0.0
5.0,13.0,0.0,0.08863309,0.0,0.0,0.0,0.0,0.25201613,0.001032191,1.0900848,0.0,0.0,0.0,0.0,0.18330634,0.7254878,0.0,0.0,0.0,0.0,0.0,0.0,0.0,0.64867055,4.8460235E-4,26.881874,0.015388988,0.0
5.0,14.0,0.0,0.09739614,0.0,0.0,0.0,0.0,0.0707337,0.002703398,0.509815,0.0,0.0,0.0,0.0,0.079079166,0.45175403,0.0,0.0,0.0,0.0,0.0,0.0,0.0,1.0153116,5.3829834E-4,23.354086,0.0076618874,0.0
5.0,15.0,0.0,0.0,0.0,0.0,0.0,0.0,0.0,0.0,0.0,0.0,0.0,0.0,0.0,0.0,0.0,0.0,0.0,0.0,0.0,0.0,0.0,0.0,0.0,0.0,0.0,0.0,0.0
5.0,16.0,0.0,0.0,0.0,0.0,0.0,0.0,0.0,0.0,0.0,0.0,0.0,0.0,0.0,0.0,0.0,0.0,0.0,0.0,0.0,0.0,0.0,0.0,0.0,0.0,0.0,0.0,0.0
5.0,17.0,0.0,0.0,0.0,0.0,0.0,0.0,0.0,0.0,0.0,0.0,0.0,0.0,0.0,0.0,0.0,0.0,0.0,0.0,0.0,0.0,0.0,0.0,0.0,0.0,0.0,0.0,0.0
5.0,18.0,0.0,0.0,0.0,0.0,0.0,0.0,0.0,0.0,0.0,0.0,0.0,0.0,0.0,0.0,0.0,0.0,0.0,0.0,0.0,0.0,0.0,0.0,0.0,0.0,0.0,0.0,0.0
5.0,19.0,0.0,0.0,0.0,0.0,0.0,0.0,0.0,0.0,0.0,0.0,0.0,0.0,0.0,0.0,0.0,0.0,0.0,0.0,0.0,0.0,0.0,0.0,0.0,0.0,0.0,0.0,0.0
5.0,20.0,0.0,0.0,0.0,0.0,0.0,0.0,0.0,0.0,0.0,0.0,0.0,0.0,0.0,0.0,0.0,0.0,0.0,0.0,0.0,0.0,0.0,0.0,0.0,0.0,0.0,0.0,0.0
5.0,21.0,0.0,0.0,0.0,0.0,0.0,0.0,0.0,0.0,0.0,0.0,0.0,0.0,0.0,0.0,0.0,0.0,0.0,0.0,0.0,0.0,0.0,0.0,0.0,0.0,0.0,0.0,0.0
5.0,22.0,0.0,0.0,0.0,0.0,0.0,0.0,0.0,0.0,0.0,0.0,0.0,0.0,0.0,0.0,0.0,0.0,0.0,0.0,0.0,0.0,0.0,0.0,0.0,0.0,0.0,0.0,0.0
5.0,23.0,0.0,0.0,0.0,0.0,0.0,0.0,0.0,0.0,0.0,0.0,0.0,0.0,0.0,0.0,0.0,0.0,0.0,0.0,0.0,0.0,0.0,0.0,0.0,0.0,0.0,0.0,0.0
5.0,24.0,0.0,0.0,0.0,0.0,0.0,0.0,0.0,0.0,0.0,0.0,0.0,0.0,0.0,0.0,0.0,0.0,0.0,0.0,0.0,0.0,0.0,0.0,0.0,0.0,0.0,0.0,0.0
5.0,25.0,0.0,0.0,0.0,0.0,0.0,0.0,0.0,0.0,0.0,0.0,0.0,0.0,0.0,0.0,0.0,0.0,0.0,0.0,0.0,0.0,0.0,0.0,0.0,0.0,0.0,0.0,0.0
6.0,0.0,0.0,5.981466,0.02185833,0.05462939,12.859237,1.1454725E-4,0.90707195,8.497376E-4,26.743668,0.046430986,0.0019545474,0.02607423,0.0033591639,0.2595746,0.4009953,0.0,0.0,0.0,0.0,2.3136382,9.598264,213.19608,342.1975,0.15814549,6.807881,0.0,0.0
6.0,1.0,0.0,2.0480378,0.0,0.0,0.0,0.0,0.04273721,0.0,1.4552845,0.0,0.0,0.0,0.0,0.51705515,4.195357,0.0,0.0,0.0,0.0,0.0,0.0,0.0,33.923725,0.03112564,103.05668,0.0,0.0
6.0,2.0,0.0,1.539567,0.0,0.0,0.0,0.0,0.6566114,0.0,10.523369,0.0,0.0,0.0,0.0,1.892707,4.742342,0.0,0.0,0.0,0.0,0.0,0.0,0.0,34.88842,0.026814427,609.61786,9.877727E-5,0.0
6.0,3.0,0.0,0.24128729,0.0,0.0,0.0,0.0,1.0237086,4.804426E-7,6.423719,0.0,0.0,0.0,0.0,1.0377676,14.0232115,0.0,0.0,0.0,0.0,0.0,0.0,0.0,37.76478,0.02502226,672.94,0.0013597077,0.0
6.0,4.0,0.0,0.54768145,0.0,0.0,0.0,0.0,1.8382012,9.753701E-7,13.907329,0.0,0.0,0.0,0.0,1.6875554,7.6863003,0.0,0.0,0.0,0.0,0.0,0.0,0.0,22.495033,0.015000168,521.3763,0.0068883426,0.0
6.0,5.0,0.0,2.3761156,0.0,0.0,0.0,0.0,1.6323603,3.1613695E-6,23.511833,0.0,0.0,0.0,0.0,2.67333,22.831287,0.0,0.0,0.0,0.0,0.0,0.0,0.0,26.488916,0.021503076,776.6798,0.017609503,0.0
6.0,6.0,0.0,5.13531,0.0,0.0,0.0,0.0,8.634025,0.011215174,44.813812,0.0,0.0,0.0,0.0,4.6772804,52.56382,0.0,0.0,0.0,0.0,0.0,0.0,0.0,44.19685,0.044325262,2088.8262,0.12809764,0.0
6.0,7.0,0.0,2.629961,0.0,0.0,0.0,0.0,3.9126167,0.006783426,36.736282,0.0,0.0,0.0,0.0,5.417636,22.527164,0.0,0.0,0.0,0.0,0.0,0.0,0.0,31.124624,0.025475156,1191.8363,0.10136832,0.0
6.0,8.0,0.0,3.1329627,0.0,0.0,0.0,0.0,2.805961,0.017241942,19.665775,0.0,0.0,0.0,0.0,1.8169377,9.800083,0.0,0.0,0.0,0.0,0.0,0.0,0.0,20.153933,0.015406298,678.6871,0.06440582,0.0
6.0,9.0,0.0,1.1260972,0.0,0.0,0.0,0.0,0.99365735,0.015607671,7.2285895,0.0,0.0,0.0,0.0,0.9024291,11.632769,0.0,0.0,0.0,0.0,0.0,0.0,0.0,7.582543,0.006690848,315.58038,0.034087192,0.0
6.0,10.0,0.0,0.5413484,0.0,0.0,0.0,0.0,0.62652075,0.0066587236,4.721962,0.0,0.0,0.0,0.0,0.6482808,1.2228078,0.0,0.0,0.0,0.0,0.0,0.0,0.0,4.3995614,0.0030992809,150.15556,0.026884332,0.0
6.0,11.0,0.0,0.44541186,0.0,0.0,0.0,0.0,0.3136843,0.011077997,1.8883828,0.0,0.0,0.0,0.0,0.29391977,0.92766505,0.0,0.0,0.0,0.0,0.0,0.0,0.0,2.6367269,0.0017259809,76.92145,0.017895266,0.0
6.0,12.0,0.0,0.18232171,0.0,0.0,0.0,0.0,0.18757753,0.001988743,2.1799905,0.0,0.0,0.0,0.0,0.31948915,0.64492923,0.0,0.0,0.0,0.0,0.0,0.0,0.0,1.6550164,0.0011073987,46.70446,0.009513443,0.0
6.0,13.0,0.0,0.27235144,0.0,0.0,0.0,0.0,0.09662366,2.949519E-4,1.6424228,0.0,0.0,0.0,0.0,0.2516488,0.20833592,0.0,0.0,0.0,0.0,0.0,0.0,0.0,0.9190462,6.2683196E-4,32.665966,0.011861058,0.0
6.0,14.0,0.0,0.030790463,0.0,0.0,0.0,0.0,0.08088643,0.008038496,0.973949,0.0,0.0,0.0,0.0,0.20552278,0.25706312,0.0,0.0,0.0,0.0,0.0,0.0,0.0,0.89165074,5.674273E-4,25.594282,0.0092265,0.0
6.0,15.0,0.0,0.0,0.0,0.0,0.0,0.0,0.0,0.0,0.0,0.0,0.0,0.0,0.0,0.0,0.0,0.0,0.0,0.0,0.0,0.0,0.0,0.0,0.0,0.0,0.0,0.0,0.0
6.0,16.0,0.0,0.0,0.0,0.0,0.0,0.0,0.0,0.0,0.0,0.0,0.0,0.0,0.0,0.0,0.0,0.0,0.0,0.0,0.0,0.0,0.0,0.0,0.0,0.0,0.0,0.0,0.0
6.0,17.0,0.0,0.0,0.0,0.0,0.0,0.0,0.0,0.0,0.0,0.0,0.0,0.0,0.0,0.0,0.0,0.0,0.0,0.0,0.0,0.0,0.0,0.0,0.0,0.0,0.0,0.0,0.0
6.0,18.0,0.0,0.0,0.0,0.0,0.0,0.0,0.0,0.0,0.0,0.0,0.0,0.0,0.0,0.0,0.0,0.0,0.0,0.0,0.0,0.0,0.0,0.0,0.0,0.0,0.0,0.0,0.0
6.0,19.0,0.0,0.0,0.0,0.0,0.0,0.0,0.0,0.0,0.0,0.0,0.0,0.0,0.0,0.0,0.0,0.0,0.0,0.0,0.0,0.0,0.0,0.0,0.0,0.0,0.0,0.0,0.0
6.0,20.0,0.0,0.0,0.0,0.0,0.0,0.0,0.0,0.0,0.0,0.0,0.0,0.0,0.0,0.0,0.0,0.0,0.0,0.0,0.0,0.0,0.0,0.0,0.0,0.0,0.0,0.0,0.0
6.0,21.0,0.0,0.0,0.0,0.0,0.0,0.0,0.0,0.0,0.0,0.0,0.0,0.0,0.0,0.0,0.0,0.0,0.0,0.0,0.0,0.0,0.0,0.0,0.0,0.0,0.0,0.0,0.0
6.0,22.0,0.0,0.0,0.0,0.0,0.0,0.0,0.0,0.0,0.0,0.0,0.0,0.0,0.0,0.0,0.0,0.0,0.0,0.0,0.0,0.0,0.0,0.0,0.0,0.0,0.0,0.0,0.0
6.0,23.0,0.0,0.0,0.0,0.0,0.0,0.0,0.0,0.0,0.0,0.0,0.0,0.0,0.0,0.0,0.0,0.0,0.0,0.0,0.0,0.0,0.0,0.0,0.0,0.0,0.0,0.0,0.0
6.0,24.0,0.0,0.0,0.0,0.0,0.0,0.0,0.0,0.0,0.0,0.0,0.0,0.0,0.0,0.0,0.0,0.0,0.0,0.0,0.0,0.0,0.0,0.0,0.0,0.0,0.0,0.0,0.0
6.0,25.0,0.0,0.0,0.0,0.0,0.0,0.0,0.0,0.0,0.0,0.0,0.0,0.0,0.0,0.0,0.0,0.0,0.0,0.0,0.0,0.0,0.0,0.0,0.0,0.0,0.0,0.0,0.0
7.0,0.0,0.0,9.325151,0.024120329,0.05931037,12.918587,2.7814804E-4,0.2825207,0.0011761512,31.645664,0.0636605,0.0013066423,0.011756787,0.0028084188,0.0019105157,0.081444636,0.0,0.0,0.0,0.0,2.5135436,9.13364,204.13857,310.45117,0.16358916,54.472885,0.0,0.0
7.0,1.0,0.0,0.42050976,0.0,0.0,0.0,0.0,2.6013466E-4,0.0,0.42453122,0.0,0.0,0.0,0.0,0.020954357,4.758785,0.0,0.0,0.0,0.0,0.0,0.0,0.0,19.864172,0.017171238,82.14695,0.0,0.0
7.0,2.0,0.0,1.1470616,0.0,0.0,0.0,0.0,0.010290719,0.0,5.1004295,0.0,0.0,0.0,0.0,0.03547241,5.574589,0.0,0.0,0.0,0.0,0.0,0.0,0.0,15.651268,0.012563702,249.56432,1.3490817E-5,0.0
7.0,3.0,0.0,2.45152,0.0,0.0,0.0,0.0,0.017675867,0.0,15.618009,0.0,0.0,0.0,0.0,1.405026,14.566974,0.0,0.0,0.0,0.0,0.0,0.0,0.0,33.55525,0.023374723,797.3407,0.0032951932,0.0
7.0,4.0,0.0,2.135863,0.0,0.0,0.0,0.0,0.051018726,0.0,7.141806,0.0,0.0,0.0,0.0,2.8800988,5.6891136,0.0,0.0,0.0,0.0,0.0,0.0,0.0,35.687553,0.023006765,767.6755,0.007631025,0.0
7.0,5.0,0.0,0.54635507,0.0,0.0,0.0,0.0,0.06731946,2.8852183E-9,7.2361245,0.0,0.0,0.0,0.0,1.2239087,7.5101366,0.0,0.0,0.0,0.0,0.0,0.0,0.0,22.442171,0.015776651,571.897,0.009055515,0.0
7.0,6.0,0.0,0.37447536,0.0,0.0,0.0,0.0,0.28258836,1.4299865E-5,8.622411,0.0,0.0,0.0,0.0,2.7027633,14.699536,0.0,0.0,0.0,0.0,0.0,0.0,0.0,31.878063,0.022342501,763.7261,0.027763195,0.0
7.0,7.0,0.0,7.952377,0.0,0.0,0.0,0.0,3.6804981,0.011170245,57.196934,0.0,0.0,0.0,0.0,5.235402,33.6487,0.0,0.0,0.0,0.0,0.0,0.0,0.0,49.593636,0.046881214,2009.6125,0.15167913,0.0
7.0,8.0,0.0,2.9282594,0.0,0.0,0.0,0.0,2.0644147,0.08346907,26.058264,0.0,0.0,0.0,0.0,2.050176,21.55379,0.0,0.0,0.0,0.0,0.0,0.0,0.0,29.682753,0.026327508,1137.3574,0.11546697,0.0
7.0,9.0,0.0,3.5437763,0.0,0.0,0.0,0.0,1.2892613,0.03479067,15.327261,0.0,0.0,0.0,0.0,2.3863027,6.0015073,0.0,0.0,0.0,0.0,0.0,0.0,0.0,18.337801,0.015253431,660.9571,0.07412758,0.0
7.0,10.0,0.0,0.7987965,0.0,0.0,0.0,0.0,0.43156826,0.026007488,8.861006,0.0,0.0,0.0,0.0,0.2830361,8.9574,0.0,0.0,0.0,0.0,0.0,0.0,0.0,7.951935,0.0063611977,296.64554,0.039059002,0.0
7.0,11.0,0.0,1.1421585,0.0,0.0,0.0,0.0,0.22106104,0.0035455776,4.7571664,0.0,0.0,0.0,0.0,0.78439254,2.1718895,0.0,0.0,0.0,0.0,0.0,0.0,0.0,3.6703267,0.0031350912,140.93036,0.021694053,0.0
7.0,12.0,0.0,0.13737378,0.0,0.0,0.0,0.0,0.1828983,1.5497574E-4,1.4519867,0.0,0.0,0.0,0.0,0.1975082,2.5827832,0.0,0.0,0.0,0.0,0.0,0.0,0.0,2.0720787,0.0015152501,70.382164,0.018922143,0.0
7.0,13.0,0.0,0.45580542,0.0,0.0,0.0,0.0,0.23021321,2.2053451E-4,1.1549907,0.0,0.0,0.0,0.0,0.22780691,0.44386742,0.0,0.0,0.0,0.0,0.0,0.0,0.0,1.6573243,9.7064016E-4,42.095287,0.014545781,0.0
7.0,14.0,0.0,0.088757254,0.0,0.0,0.0,0.0,0.11000083,3.602935E-4,0.6054881,0.0,0.0,0.0,0.0,0.0692679,0.27107137,0.0,0.0,0.0,0.0,0.0,0.0,0.0,1.3187085,6.578516E-4,29.11779,0.016728336,0.0
7.0,15.0,0.0,0.0,0.0,0.0,0.0,0.0,0.0,0.0,0.0,0.0,0.0,0.0,0.0,0.0,0.0,0.0,0.0,0.0,0.0,0.0,0.0,0.0,0.0,0.0,0.0,0.0,0.0
7.0,16.0,0.0,0.0,0.0,0.0,0.0,0.0,0.0,0.0,0.0,0.0,0.0,0.0,0.0,0.0,0.0,0.0,0.0,0.0,0.0,0.0,0.0,0.0,0.0,0.0,0.0,0.0,0.0
7.0,17.0,0.0,0.0,0.0,0.0,0.0,0.0,0.0,0.0,0.0,0.0,0.0,0.0,0.0,0.0,0.0,0.0,0.0,0.0,0.0,0.0,0.0,0.0,0.0,0.0,0.0,0.0,0.0
7.0,18.0,0.0,0.0,0.0,0.0,0.0,0.0,0.0,0.0,0.0,0.0,0.0,0.0,0.0,0.0,0.0,0.0,0.0,0.0,0.0,0.0,0.0,0.0,0.0,0.0,0.0,0.0,0.0
7.0,19.0,0.0,0.0,0.0,0.0,0.0,0.0,0.0,0.0,0.0,0.0,0.0,0.0,0.0,0.0,0.0,0.0,0.0,0.0,0.0,0.0,0.0,0.0,0.0,0.0,0.0,0.0,0.0
7.0,20.0,0.0,0.0,0.0,0.0,0.0,0.0,0.0,0.0,0.0,0.0,0.0,0.0,0.0,0.0,0.0,0.0,0.0,0.0,0.0,0.0,0.0,0.0,0.0,0.0,0.0,0.0,0.0
7.0,21.0,0.0,0.0,0.0,0.0,0.0,0.0,0.0,0.0,0.0,0.0,0.0,0.0,0.0,0.0,0.0,0.0,0.0,0.0,0.0,0.0,0.0,0.0,0.0,0.0,0.0,0.0,0.0
7.0,22.0,0.0,0.0,0.0,0.0,0.0,0.0,0.0,0.0,0.0,0.0,0.0,0.0,0.0,0.0,0.0,0.0,0.0,0.0,0.0,0.0,0.0,0.0,0.0,0.0,0.0,0.0,0.0
7.0,23.0,0.0,0.0,0.0,0.0,0.0,0.0,0.0,0.0,0.0,0.0,0.0,0.0,0.0,0.0,0.0,0.0,0.0,0.0,0.0,0.0,0.0,0.0,0.0,0.0,0.0,0.0,0.0
7.0,24.0,0.0,0.0,0.0,0.0,0.0,0.0,0.0,0.0,0.0,0.0,0.0,0.0,0.0,0.0,0.0,0.0,0.0,0.0,0.0,0.0,0.0,0.0,0.0,0.0,0.0,0.0,0.0
7.0,25.0,0.0,0.0,0.0,0.0,0.0,0.0,0.0,0.0,0.0,0.0,0.0,0.0,0.0,0.0,0.0,0.0,0.0,0.0,0.0,0.0,0.0,0.0,0.0,0.0,0.0,0.0,0.0
8.0,0.0,0.0,7.5770745,0.025754098,0.055266637,14.558341,1.2035769E-4,0.5082633,0.0011131035,30.418608,0.11208678,0.0011395611,0.080137745,0.0022651448,0.19773796,0.4225223,0.0,0.0,0.0,0.0,3.2681608,12.131468,198.97447,436.25742,0.21722734,37.12925,0.0,0.0
8.0,1.0,0.0,1.1824945,0.0,0.0,0.0,0.0,0.029169833,0.0,8.885399,0.0,0.0,0.0,0.0,0.06165957,4.0482693,0.0,0.0,0.0,0.0,0.0,0.0,0.0,41.22984,0.037393335,261.68118,0.0,0.0
8.0,2.0,0.0,0.2493772,0.0,0.0,0.0,0.0,0.02951619,0.0,1.6460689,0.0,0.0,0.0,0.0,0.011648251,2.766635,0.0,0.0,0.0,0.0,0.0,0.0,0.0,5.924686,0.005710435,137.2856,3.6483023E-5,0.0
8.0,3.0,0.0,0.34264806,0.0,0.0,0.0,0.0,0.20385881,0.0,3.2752445,0.0,0.0,0.0,0.0,0.6218719,13.414498,0.0,0.0,0.0,0.0,0.0,0.0,0.0,12.973784,0.0102080265,345.2906,0.001731011,0.0
8.0,4.0,0.0,1.5033171,0.0,0.0,0.0,0.0,0.3260437,1.2721025E-4,31.725697,0.0,0.0,0.0,0.0,0.5508072,7.183287,0.0,0.0,0.0,0.0,0.0,0.0,0.0,23.698456,0.020952715,939.6497,0.012197083,0.0
8.0,5.0,0.0,1.4501019,0.0,0.0,0.0,0.0,0.5932689,0.0,23.901815,0.0,0.0,0.0,0.0,0.7885729,9.019119,0.0,0.0,0.0,0.0,0.0,0.0,0.0,22.66431,0.021440033,840.75476,0.0136994235,0.0
8.0,6.0,0.0,1.1739825,0.0,0.0,0.0,0.0,0.49155736,5.4338516E-6,22.45619,0.0,0.0,0.0,0.0,1.1709687,3.029044,0.0,0.0,0.0,0.0,0.0,0.0,0.0,17.937113,0.014517708,580.09436,0.014097632,0.0
8.0,7.0,0.0,1.2505349,0.0,0.0,0.0,0.0,0.36226448,0.005129027,27.871151,0.0,0.0,0.0,0.0,1.3527905,7.3821335,0.0,0.0,0.0,0.0,0.0,0.0,0.0,21.671429,0.01898175,753.27136,0.026262246,0.0
8.0,8.0,0.0,6.2548685,0.0,0.0,0.0,0.0,6.381653,0.14965962,74.642426,0.0,0.0,0.0,0.0,2.9676132,25.456465,0.0,0.0,0.0,0.0,0.0,0.0,0.0,33.954967,0.042319566,1910.3533,0.13208705,0.0
8.0,9.0,0.0,5.629341,0.0,0.0,0.0,0.0,6.4656725,0.07412039,33.730255,0.0,0.0,0.0,0.0,2.1901035,16.037268,0.0,0.0,0.0,0.0,0.0,0.0,0.0,21.25397,0.024382737,1062.3658,0.10553674,0.0
8.0,10.0,0.0,4.443589,0.0,0.0,0.0,0.0,3.4006367,0.047113717,21.593708,0.0,0.0,0.0,0.0,1.2758622,9.399564,0.0,0.0,0.0,0.0,0.0,0.0,0.0,12.106026,0.013239637,607.08295,0.06612665,0.0
8.0,11.0,0.0,2.1766865,0.0,0.0,0.0,0.0,1.661238,0.014542976,9.842589,0.0,0.0,0.0,0.0,0.8632753,3.3099067,0.0,0.0,0.0,0.0,0.0,0.0,0.0,5.5522857,0.0060123643,276.39276,0.03643697,0.0
8.0,12.0,0.0,0.8349179,0.0,0.0,0.0,0.0,0.25045323,0.1758735,3.99109,0.0,0.0,0.0,0.0,0.7375146,4.7927017,0.0,0.0,0.0,0.0,0.0,0.0,0.0,3.3022466,0.002763812,125.90033,0.022737995,0.0
8.0,13.0,0.0,0.6019758,0.0,0.0,0.0,0.0,0.2261669,0.0028471395,3.9273307,0.0,0.0,0.0,0.0,0.2876695,1.3783193,0.0,0.0,0.0,0.0,0.0,0.0,0.0,1.5373118,0.0013582865,62.943356,0.012498984,0.0
8.0,14.0,0.0,0.31524613,0.0,0.0,0.0,0.0,0.16895816,0.002810424,1.5604506,0.0,0.0,0.0,0.0,0.1480762,1.0034856,0.0,0.0,0.0,0.0,0.0,0.0,0.0,1.0972222,8.5798936E-4,37.432755,0.012676324,0.0
8.0,15.0,0.0,0.0,0.0,0.0,0.0,0.0,0.0,0.0,0.0,0.0,0.0,0.0,0.0,0.0,0.0,0.0,0.0,0.0,0.0,0.0,0.0,0.0,0.0,0.0,0.0,0.0,0.0
8.0,16.0,0.0,0.0,0.0,0.0,0.0,0.0,0.0,0.0,0.0,0.0,0.0,0.0,0.0,0.0,0.0,0.0,0.0,0.0,0.0,0.0,0.0,0.0,0.0,0.0,0.0,0.0,0.0
8.0,17.0,0.0,0.0,0.0,0.0,0.0,0.0,0.0,0.0,0.0,0.0,0.0,0.0,0.0,0.0,0.0,0.0,0.0,0.0,0.0,0.0,0.0,0.0,0.0,0.0,0.0,0.0,0.0
8.0,18.0,0.0,0.0,0.0,0.0,0.0,0.0,0.0,0.0,0.0,0.0,0.0,0.0,0.0,0.0,0.0,0.0,0.0,0.0,0.0,0.0,0.0,0.0,0.0,0.0,0.0,0.0,0.0
8.0,19.0,0.0,0.0,0.0,0.0,0.0,0.0,0.0,0.0,0.0,0.0,0.0,0.0,0.0,0.0,0.0,0.0,0.0,0.0,0.0,0.0,0.0,0.0,0.0,0.0,0.0,0.0,0.0
8.0,20.0,0.0,0.0,0.0,0.0,0.0,0.0,0.0,0.0,0.0,0.0,0.0,0.0,0.0,0.0,0.0,0.0,0.0,0.0,0.0,0.0,0.0,0.0,0.0,0.0,0.0,0.0,0.0
8.0,21.0,0.0,0.0,0.0,0.0,0.0,0.0,0.0,0.0,0.0,0.0,0.0,0.0,0.0,0.0,0.0,0.0,0.0,0.0,0.0,0.0,0.0,0.0,0.0,0.0,0.0,0.0,0.0
8.0,22.0,0.0,0.0,0.0,0.0,0.0,0.0,0.0,0.0,0.0,0.0,0.0,0.0,0.0,0.0,0.0,0.0,0.0,0.0,0.0,0.0,0.0,0.0,0.0,0.0,0.0,0.0,0.0
8.0,23.0,0.0,0.0,0.0,0.0,0.0,0.0,0.0,0.0,0.0,0.0,0.0,0.0,0.0,0.0,0.0,0.0,0.0,0.0,0.0,0.0,0.0,0.0,0.0,0.0,0.0,0.0,0.0
8.0,24.0,0.0,0.0,0.0,0.0,0.0,0.0,0.0,0.0,0.0,0.0,0.0,0.0,0.0,0.0,0.0,0.0,0.0,0.0,0.0,0.0,0.0,0.0,0.0,0.0,0.0,0.0,0.0
8.0,25.0,0.0,0.0,0.0,0.0,0.0,0.0,0.0,0.0,0.0,0.0,0.0,0.0,0.0,0.0,0.0,0.0,0.0,0.0,0.0,0.0,0.0,0.0,0.0,0.0,0.0,0.0,0.0
9.0,0.0,0.0,3.8767734,0.018735515,0.052523468,13.411587,1.4881123E-4,0.21670058,0.0013151247,42.697426,0.06929485,8.669383E-4,0.11919562,0.0043169865,0.007846621,0.05542869,0.0,0.0,0.0,0.0,2.733492,11.034432,268.89526,453.2888,0.23137152,12.219044,0.0,0.0
9.0,1.0,0.0,1.2011814,0.0,0.0,0.0,0.0,0.024109425,0.0,10.850769,0.0,0.0,0.0,0.0,0.26277953,4.6845245,0.0,0.0,0.0,0.0,0.0,0.0,0.0,58.470486,0.049963728,272.59964,0.0,0.0
9.0,2.0,0.0,0.53082174,0.0,0.0,0.0,0.0,4.4067882E-4,0.0,13.708308,0.0,0.0,0.0,0.0,0.06273328,15.754226,0.0,0.0,0.0,0.0,0.0,0.0,0.0,21.140965,0.019116852,538.1767,1.8666757E-6,0.0
9.0,3.0,0.0,0.028162563,0.0,0.0,0.0,0.0,0.007082775,0.0,2.8301313,0.0,0.0,0.0,0.0,0.34365475,2.4263937,0.0,0.0,0.0,0.0,0.0,0.0,0.0,6.8590713,0.0051499675,184.64908,0.0014016008,0.0
9.0,4.0,0.0,0.33062208,0.0,0.0,0.0,0.0,0.11111592,0.0,5.263619,0.0,0.0,0.0,0.0,1.8912746,9.626954,0.0,0.0,0.0,0.0,0.0,0.0,0.0,11.844225,0.009425536,379.75616,0.006722993,0.0
9.0,5.0,0.0,0.2806616,0.0,0.0,0.0,0.0,0.005430462,0.006276873,29.655018,0.0,0.0,0.0,0.0,2.0019798,17.87965,0.0,0.0,0.0,0.0,0.0,0.0,0.0,19.901283,0.020091496,954.88007,0.02567916,0.0
9.0,6.0,0.0,0.17601334,0.0,0.0,0.0,0.0,0.11765183,4.5957007E-9,20.212362,0.0,0.0,0.0,0.0,0.8660701,13.198615,0.0,0.0,0.0,0.0,0.0,0.0,0.0,21.59572,0.018823456,875.6962,0.028064994,0.0
9.0,7.0,0.0,0.36344442,0.0,0.0,0.0,0.0,0.077317305,2.3019762E-4,21.955498,0.0,0.0,0.0,0.0,0.98409855,12.817803,0.0,0.0,0.0,0.0,0.0,0.0,0.0,16.128803,0.01267746,569.21204,0.02246637,0.0
9.0,8.0,1.6641061E-5,0.41804817,0.0,0.0,0.0,0.0,0.24242127,0.0030101514,12.341223,0.0,0.0,0.0,0.0,2.3001947,21.041447,0.0,0.0,0.0,0.0,0.0,0.0,0.0,17.490276,0.016714778,721.4287,0.037645265,0.0
9.0,9.0,1.2328418E-9,4.2926526,0.0,0.0,0.0,0.0,2.4185886,0.08530057,71.969284,0.0,0.0,0.0,0.0,4.484717,45.26748,0.0,0.0,0.0,0.0,0.0,0.0,0.0,28.68794,0.03839831,1778.0056,0.15359503,0.0
9.0,10.0,0.0,2.1501305,0.0,0.0,0.0,0.0,0.6439014,0.026794227,37.003227,0.0,0.0,0.0,0.0,1.7644111,25.325119,0.0,0.0,0.0,0.0,0.0,0.0,0.0,17.81704,0.021129861,987.28503,0.10720963,0.0
9.0,11.0,0.0,0.75817436,0.0,0.0,0.0,0.0,1.5319451,0.070353925,22.017754,0.0,0.0,0.0,0.0,1.5311601,13.698294,0.0,0.0,0.0,0.0,0.0,0.0,0.0,9.636129,0.011411264,548.0053,0.06483395,0.0
9.0,12.0,0.0,0.3791825,0.0,0.0,0.0,0.0,1.478108,0.04684898,9.382501,0.0,0.0,0.0,0.0,0.7074798,2.6653392,0.0,0.0,0.0,0.0,0.0,0.0,0.0,5.146582,0.005233692,248.60738,0.036740333,0.0
9.0,13.0,0.0,0.037378207,0.0,0.0,0.0,0.0,0.10381004,0.016280467,5.4448805,0.0,0.0,0.0,0.0,0.30326912,2.451738,0.0,0.0,0.0,0.0,0.0,0.0,0.0,2.7686584,0.0024367515,111.69947,0.02427105,0.0
9.0,14.0,0.0,0.16363777,0.0,0.0,0.0,0.0,0.062698245,0.0012760655,2.196632,0.0,0.0,0.0,0.0,0.03562173,0.47373208,0.0,0.0,0.0,0.0,0.0,0.0,0.0,1.1238655,0.0011399512,58.110413,0.014562683,0.0
9.0,15.0,0.0,0.0,0.0,0.0,0.0,0.0,0.0,0.0,0.0,0.0,0.0,0.0,0.0,0.0,0.0,0.0,0.0,0.0,0.0,0.0,0.0,0.0,0.0,0.0,0.0,0.0,0.0
9.0,16.0,0.0,0.0,0.0,0.0,0.0,0.0,0.0,0.0,0.0,0.0,0.0,0.0,0.0,0.0,0.0,0.0,0.0,0.0,0.0,0.0,0.0,0.0,0.0,0.0,0.0,0.0,0.0
9.0,17.0,0.0,0.0,0.0,0.0,0.0,0.0,0.0,0.0,0.0,0.0,0.0,0.0,0.0,0.0,0.0,0.0,0.0,0.0,0.0,0.0,0.0,0.0,0.0,0.0,0.0,0.0,0.0
9.0,18.0,0.0,0.0,0.0,0.0,0.0,0.0,0.0,0.0,0.0,0.0,0.0,0.0,0.0,0.0,0.0,0.0,0.0,0.0,0.0,0.0,0.0,0.0,0.0,0.0,0.0,0.0,0.0
9.0,19.0,0.0,0.0,0.0,0.0,0.0,0.0,0.0,0.0,0.0,0.0,0.0,0.0,0.0,0.0,0.0,0.0,0.0,0.0,0.0,0.0,0.0,0.0,0.0,0.0,0.0,0.0,0.0
9.0,20.0,0.0,0.0,0.0,0.0,0.0,0.0,0.0,0.0,0.0,0.0,0.0,0.0,0.0,0.0,0.0,0.0,0.0,0.0,0.0,0.0,0.0,0.0,0.0,0.0,0.0,0.0,0.0
9.0,21.0,0.0,0.0,0.0,0.0,0.0,0.0,0.0,0.0,0.0,0.0,0.0,0.0,0.0,0.0,0.0,0.0,0.0,0.0,0.0,0.0,0.0,0.0,0.0,0.0,0.0,0.0,0.0
9.0,22.0,0.0,0.0,0.0,0.0,0.0,0.0,0.0,0.0,0.0,0.0,0.0,0.0,0.0,0.0,0.0,0.0,0.0,0.0,0.0,0.0,0.0,0.0,0.0,0.0,0.0,0.0,0.0
9.0,23.0,0.0,0.0,0.0,0.0,0.0,0.0,0.0,0.0,0.0,0.0,0.0,0.0,0.0,0.0,0.0,0.0,0.0,0.0,0.0,0.0,0.0,0.0,0.0,0.0,0.0,0.0,0.0
9.0,24.0,0.0,0.0,0.0,0.0,0.0,0.0,0.0,0.0,0.0,0.0,0.0,0.0,0.0,0.0,0.0,0.0,0.0,0.0,0.0,0.0,0.0,0.0,0.0,0.0,0.0,0.0,0.0
9.0,25.0,0.0,0.0,0.0,0.0,0.0,0.0,0.0,0.0,0.0,0.0,0.0,0.0,0.0,0.0,0.0,0.0,0.0,0.0,0.0,0.0,0.0,0.0,0.0,0.0,0.0,0.0,0.0
10.0,0.0,0.0,4.4833345,0.02146417,0.055256926,14.22652,2.0905725E-4,0.7783567,9.3346904E-4,39.35451,0.10247038,0.002669143,0.17210071,0.0030318815,0.2658327,0.031839572,0.0,0.0,0.0,0.0,2.6099792,11.127334,222.58617,371.2241,0.19461669,18.00529,0.0,0.0
10.0,1.0,0.0,1.889806,0.0,0.0,0.0,0.0,0.012719118,0.0,1.5689963,0.0,0.0,0.0,0.0,0.8177698,5.4404964,0.0,0.0,0.0,0.0,0.0,0.0,0.0,71.31826,0.06585343,176.35596,0.0,0.0
10.0,2.0,0.0,2.1707711,0.0,0.0,0.0,0.0,0.29583946,0.0,8.004928,0.0,0.0,0.0,0.0,0.109012544,8.790168,0.0,0.0,0.0,0.0,0.0,0.0,0.0,29.36016,0.021595882,602.48364,8.864886E-6,0.0
10.0,3.0,0.0,0.7739284,0.0,0.0,0.0,0.0,0.0045173983,0.0,27.97952,0.0,0.0,0.0,0.0,0.9740109,10.062844,0.0,0.0,0.0,0.0,0.0,0.0,0.0,21.29206,0.017594393,751.03467,0.0038472144,0.0
10.0,4.0,0.0,0.0075384704,0.0,0.0,0.0,0.0,0.074885726,0.0,3.7998178,0.0,0.0,0.0,0.0,1.3053495,0.888963,0.0,0.0,0.0,0.0,0.0,0.0,0.0,6.7725997,0.0058264732,229.78857,0.0066291075,0.0
10.0,5.0,0.0,0.2815776,0.0,0.0,0.0,0.0,0.18469004,0.0,3.6847124,0.0,0.0,0.0,0.0,2.0807939,4.8473544,0.0,0.0,0.0,0.0,0.0,0.0,0.0,11.121526,0.009755304,432.86853,0.016638724,0.0
10.0,6.0,0.0,2.8645272,0.0,0.0,0.0,0.0,0.6117172,4.0830873E-6,22.388533,0.0,0.0,0.0,0.0,1.2702528,21.234499,0.0,0.0,0.0,0.0,0.0,0.0,0.0,21.507397,0.020105958,1011.65,0.042321175,0.0
10.0,7.0,0.0,2.2957225,0.0,0.0,0.0,0.0,0.057138048,5.975353E-4,22.343876,0.0,0.0,0.0,0.0,1.1014816,11.961032,0.0,0.0,0.0,0.0,0.0,0.0,0.0,20.49339,0.017732421,823.5545,0.038681734,0.0
10.0,8.0,0.0,1.5284814,0.0,0.0,0.0,0.0,0.4705898,1.1400749E-5,6.2362695,0.0,0.0,0.0,0.0,3.9150426,5.094185,0.0,0.0,0.0,0.0,0.0,0.0,0.0,15.168018,0.012419976,530.19025,0.036238212,0.0
10.0,9.0,8.988083E-6,1.9338038,0.0,0.0,0.0,0.0,0.9955494,0.0013411726,12.424113,0.0,0.0,0.0,0.0,6.1702676,5.407854,0.0,0.0,0.0,0.0,0.0,0.0,0.0,19.298073,0.015635205,672.3477,0.046103206,1.3511847E-5
10.0,10.0,6.486477E-6,5.3221517,0.0,0.0,0.0,0.0,2.261734,0.2047086,43.634144,0.0,0.0,0.0,0.0,4.557195,21.716541,0.0,0.0,0.0,0.0,0.0,0.0,0.0,28.042442,0.035838377,1695.6254,0.16335511,1.3327414E-4
10.0,11.0,0.0,3.5285044,0.0,0.0,0.0,0.0,0.8621293,0.26166803,26.88434,0.0,0.0,0.0,0.0,3.3569493,15.130992,0.0,0.0,0.0,0.0,0.0,0.0,0.0,15.072878,0.018927645,924.26697,0.1121183,0.0
10.0,12.0,0.0,2.3121226,0.0,0.0,0.0,0.0,0.27354982,0.0074248402,17.498398,0.0,0.0,0.0,0.0,1.8058654,6.3966475,0.0,0.0,0.0,0.0,0.0,0.0,0.0,8.863958,0.010341259,500.63904,0.075903475,0.0
10.0,13.0,0.0,1.3347063,0.0,0.0,0.0,0.0,0.72010523,0.0094836205,7.6792245,0.0,0.0,0.0,0.0,0.5919209,3.3989067,0.0,0.0,0.0,0.0,0.0,0.0,0.0,4.653203,0.004540345,225.36314,0.04914177,0.0
10.0,14.0,0.0,0.23247375,0.0,0.0,0.0,0.0,0.12793092,0.07333263,3.7314029,0.0,0.0,0.0,0.0,0.4568342,1.8528285,0.0,0.0,0.0,0.0,0.0,0.0,0.0,2.0033228,0.0020647114,104.84357,0.02054789,0.0
10.0,15.0,0.0,0.0,0.0,0.0,0.0,0.0,0.0,0.0,0.0,0.0,0.0,0.0,0.0,0.0,0.0,0.0,0.0,0.0,0.0,0.0,0.0,0.0,0.0,0.0,0.0,0.0,0.0
10.0,16.0,0.0,0.0,0.0,0.0,0.0,0.0,0.0,0.0,0.0,0.0,0.0,0.0,0.0,0.0,0.0,0.0,0.0,0.0,0.0,0.0,0.0,0.0,0.0,0.0,0.0,0.0,0.0
10.0,17.0,0.0,0.0,0.0,0.0,0.0,0.0,0.0,0.0,0.0,0.0,0.0,0.0,0.0,0.0,0.0,0.0,0.0,0.0,0.0,0.0,0.0,0.0,0.0,0.0,0.0,0.0,0.0
10.0,18.0,0.0,0.0,0.0,0.0,0.0,0.0,0.0,0.0,0.0,0.0,0.0,0.0,0.0,0.0,0.0,0.0,0.0,0.0,0.0,0.0,0.0,0.0,0.0,0.0,0.0,0.0,0.0
10.0,19.0,0.0,0.0,0.0,0.0,0.0,0.0,0.0,0.0,0.0,0.0,0.0,0.0,0.0,0.0,0.0,0.0,0.0,0.0,0.0,0.0,0.0,0.0,0.0,0.0,0.0,0.0,0.0
10.0,20.0,0.0,0.0,0.0,0.0,0.0,0.0,0.0,0.0,0.0,0.0,0.0,0.0,0.0,0.0,0.0,0.0,0.0,0.0,0.0,0.0,0.0,0.0,0.0,0.0,0.0,0.0,0.0
10.0,21.0,0.0,0.0,0.0,0.0,0.0,0.0,0.0,0.0,0.0,0.0,0.0,0.0,0.0,0.0,0.0,0.0,0.0,0.0,0.0,0.0,0.0,0.0,0.0,0.0,0.0,0.0,0.0
10.0,22.0,0.0,0.0,0.0,0.0,0.0,0.0,0.0,0.0,0.0,0.0,0.0,0.0,0.0,0.0,0.0,0.0,0.0,0.0,0.0,0.0,0.0,0.0,0.0,0.0,0.0,0.0,0.0
10.0,23.0,0.0,0.0,0.0,0.0,0.0,0.0,0.0,0.0,0.0,0.0,0.0,0.0,0.0,0.0,0.0,0.0,0.0,0.0,0.0,0.0,0.0,0.0,0.0,0.0,0.0,0.0,0.0
10.0,24.0,0.0,0.0,0.0,0.0,0.0,0.0,0.0,0.0,0.0,0.0,0.0,0.0,0.0,0.0,0.0,0.0,0.0,0.0,0.0,0.0,0.0,0.0,0.0,0.0,0.0,0.0,0.0
10.0,25.0,0.0,0.0,0.0,0.0,0.0,0.0,0.0,0.0,0.0,0.0,0.0,0.0,0.0,0.0,0.0,0.0,0.0,0.0,0.0,0.0,0.0,0.0,0.0,0.0,0.0,0.0,0.0
11.0,0.0,0.0,11.452424,0.02259098,0.07768452,17.621746,3.0219808E-4,1.1348685,0.0013402787,33.177334,0.06992247,0.0011115766,0.27264106,0.0032075583,0.1825988,2.9336036E-7,0.0,0.0,0.0,0.0,2.799835,11.520595,229.00378,332.83185,0.15940797,7.63295,0.0,0.0
11.0,1.0,0.0,0.21178824,0.0,0.0,0.0,0.0,0.0,0.0,0.98603594,0.0,0.0,0.0,0.0,0.29474434,1.0971909,0.0,0.0,0.0,0.0,0.0,0.0,0.0,53.930874,0.048213176,169.90422,0.0,0.0
11.0,2.0,0.0,0.32994255,0.0,0.0,0.0,0.0,0.0064526307,0.0,6.1986113,0.0,0.0,0.0,0.0,0.5795912,5.1498194,0.0,0.0,0.0,0.0,0.0,0.0,0.0,34.734818,0.025441201,452.24753,1.6431915E-5,0.0
11.0,3.0,0.0,0.26172736,0.0,0.0,0.0,0.0,0.28762475,0.0,19.648417,0.0,0.0,0.0,0.0,1.3951157,17.01264,0.0,0.0,0.0,0.0,0.0,0.0,0.0,31.979256,0.02375325,905.07666,0.0047199037,0.0
11.0,4.0,0.0,0.40459183,0.0,0.0,0.0,0.0,0.78946054,0.0,10.945788,0.0,0.0,0.0,0.0,2.092015,20.96414,0.0,0.0,0.0,0.0,0.0,0.0,0.0,22.601377,0.019890986,902.488,0.014768531,0.0
11.0,5.0,0.0,0.051274605,0.0,0.0,0.0,0.0,0.020081328,2.8410057E-6,1.3830554,0.0,0.0,0.0,0.0,0.99397963,3.3877032,0.0,0.0,0.0,0.0,0.0,0.0,0.0,8.17614,0.006384324,252.44739,0.012965226,0.0
11.0,6.0,0.0,0.9944589,0.0,0.0,0.0,0.0,0.433271,4.76028E-8,8.441051,0.0,0.0,0.0,0.0,0.98772454,5.691613,0.0,0.0,0.0,0.0,0.0,0.0,0.0,12.953221,0.011051101,439.3813,0.027114855,0.0
11.0,7.0,0.0,1.1466975,0.0,0.0,0.0,0.0,4.2143,0.014181672,31.535679,0.0,0.0,0.0,0.0,0.9409714,15.010244,0.0,0.0,0.0,0.0,0.0,0.0,0.0,22.342087,0.022372492,1005.1851,0.055829912,0.0
11.0,8.0,0.0,0.6919018,0.0,0.0,0.0,0.0,0.83753,0.041630644,21.10793,0.0,0.0,0.0,0.0,2.569467,9.651404,0.0,0.0,0.0,0.0,0.0,0.0,0.0,21.893764,0.019764021,813.0363,0.05532968,0.0
11.0,9.0,0.0,0.62226593,0.0,0.0,0.0,0.0,0.6996331,0.02998161,10.458769,0.0,0.0,0.0,0.0,1.0190828,5.9546757,0.0,0.0,0.0,0.0,0.0,0.0,0.0,13.893274,0.011340549,504.7595,0.035474736,0.0
11.0,10.0,7.2151866E-5,1.5313804,0.0,0.0,0.0,0.0,0.4430533,0.007861341,20.12129,0.0,0.0,0.0,0.0,1.5370475,7.6698213,0.0,0.0,0.0,0.0,0.0,0.0,0.0,16.23057,0.014065017,623.88696,0.049992833,4.3154007E-4
11.0,11.0,1.807586E-6,4.5186768,0.0,0.0,0.0,0.0,0.89283663,0.08477983,65.977745,0.0,0.0,0.0,0.0,4.655741,33.209946,0.0,0.0,0.0,0.0,0.0,0.0,0.0,25.49014,0.033142917,1566.369,0.16758323,2.0663455E-4
11.0,12.0,1.6613465E-10,0.6707744,0.0,0.0,0.0,0.0,0.7934807,0.01781372,23.677443,0.0,0.0,0.0,0.0,3.2934434,16.967075,0.0,0.0,0.0,0.0,0.0,0.0,0.0,16.626543,0.019874645,874.4832,0.11814703,0.0
11.0,13.0,3.2318883E-6,0.58986974,0.0,0.0,0.0,0.0,0.27813545,0.13158928,17.24002,0.0,0.0,0.0,0.0,1.8302561,8.400889,0.0,0.0,0.0,0.0,0.0,0.0,0.0,9.776043,0.010358087,472.5004,0.078961894,0.0
11.0,14.0,0.0,0.7025683,0.0,0.0,0.0,0.0,0.08022179,0.005207235,7.053724,0.0,0.0,0.0,0.0,0.56696886,5.305784,0.0,0.0,0.0,0.0,0.0,0.0,0.0,3.9804327,0.0045145764,212.62111,0.03706137,0.0
11.0,15.0,0.0,0.0,0.0,0.0,0.0,0.0,0.0,0.0,0.0,0.0,0.0,0.0,0.0,0.0,0.0,0.0,0.0,0.0,0.0,0.0,0.0,0.0,0.0,0.0,0.0,0.0,0.0
11.0,16.0,0.0,0.0,0.0,0.0,0.0,0.0,0.0,0.0,0.0,0.0,0.0,0.0,0.0,0.0,0.0,0.0,0.0,0.0,0.0,0.0,0.0,0.0,0.0,0.0,0.0,0.0,0.0
11.0,17.0,0.0,0.0,0.0,0.0,0.0,0.0,0.0,0.0,0.0,0.0,0.0,0.0,0.0,0.0,0.0,0.0,0.0,0.0,0.0,0.0,0.0,0.0,0.0,0.0,0.0,0.0,0.0
11.0,18.0,0.0,0.0,0.0,0.0,0.0,0.0,0.0,0.0,0.0,0.0,0.0,0.0,0.0,0.0,0.0,0.0,0.0,0.0,0.0,0.0,0.0,0.0,0.0,0.0,0.0,0.0,0.0
11.0,19.0,0.0,0.0,0.0,0.0,0.0,0.0,0.0,0.0,0.0,0.0,0.0,0.0,0.0,0.0,0.0,0.0,0.0,0.0,0.0,0.0,0.0,0.0,0.0,0.0,0.0,0.0,0.0
11.0,20.0,0.0,0.0,0.0,0.0,0.0,0.0,0.0,0.0,0.0,0.0,0.0,0.0,0.0,0.0,0.0,0.0,0.0,0.0,0.0,0.0,0.0,0.0,0.0,0.0,0.0,0.0,0.0
11.0,21.0,0.0,0.0,0.0,0.0,0.0,0.0,0.0,0.0,0.0,0.0,0.0,0.0,0.0,0.0,0.0,0.0,0.0,0.0,0.0,0.0,0.0,0.0,0.0,0.0,0.0,0.0,0.0
11.0,22.0,0.0,0.0,0.0,0.0,0.0,0.0,0.0,0.0,0.0,0.0,0.0,0.0,0.0,0.0,0.0,0.0,0.0,0.0,0.0,0.0,0.0,0.0,0.0,0.0,0.0,0.0,0.0
11.0,23.0,0.0,0.0,0.0,0.0,0.0,0.0,0.0,0.0,0.0,0.0,0.0,0.0,0.0,0.0,0.0,0.0,0.0,0.0,0.0,0.0,0.0,0.0,0.0,0.0,0.0,0.0,0.0
11.0,24.0,0.0,0.0,0.0,0.0,0.0,0.0,0.0,0.0,0.0,0.0,0.0,0.0,0.0,0.0,0.0,0.0,0.0,0.0,0.0,0.0,0.0,0.0,0.0,0.0,0.0,0.0,0.0
11.0,25.0,0.0,0.0,0.0,0.0,0.0,0.0,0.0,0.0,0.0,0.0,0.0,0.0,0.0,0.0,0.0,0.0,0.0,0.0,0.0,0.0,0.0,0.0,0.0,0.0,0.0,0.0,0.0
12.0,0.0,0.0,6.177658,0.016113365,0.06206789,14.206733,5.337373E-4,0.57011884,0.0015874819,45.81156,0.072372414,0.0020436635,0.7923494,0.0063430485,0.004886841,9.6280826E-4,0.0,0.0,0.0,0.0,3.3898845,12.32973,207.39459,344.14465,0.18242759,36.99901,0.0,0.0
12.0,1.0,0.0,0.1778454,0.0,0.0,0.0,0.0,0.0024546937,0.0,0.7800901,0.0,0.0,0.0,0.0,0.09197926,0.39858556,0.0,0.0,0.0,0.0,0.0,0.0,0.0,24.54195,0.023271974,78.99866,0.0,0.0
12.0,2.0,0.0,0.57067674,0.0,0.0,0.0,0.0,0.011668622,0.0,4.130416,0.0,0.0,0.0,0.0,0.0064411163,4.1032095,0.0,0.0,0.0,0.0,0.0,0.0,0.0,29.731964,0.023531208,383.6858,7.8351775E-5,0.0
12.0,3.0,0.0,0.83011425,0.0,0.0,0.0,0.0,0.67473894,0.0,12.355995,0.0,0.0,0.0,0.0,0.3199322,5.7548237,0.0,0.0,0.0,0.0,0.0,0.0,0.0,31.401909,0.023505252,673.8652,0.0028512094,0.0
12.0,4.0,0.0,1.8295066,0.0,0.0,0.0,0.0,0.24410012,8.040716E-9,11.288489,0.0,0.0,0.0,0.0,0.50760967,25.077133,0.0,0.0,0.0,0.0,0.0,0.0,0.0,37.389202,0.026208276,1025.1904,0.015975215,0.0
12.0,5.0,0.0,0.3980227,0.0,0.0,0.0,0.0,1.0788,0.005708477,37.087513,0.0,0.0,0.0,0.0,0.19507359,7.5743103,0.0,0.0,0.0,0.0,0.0,0.0,0.0,24.545115,0.02201097,951.3392,0.025757328,0.0
12.0,6.0,0.0,0.2677467,0.0,0.0,0.0,0.0,0.04148641,1.5299129E-6,2.6774044,0.0,0.0,0.0,0.0,0.2801874,1.9003129,0.0,0.0,0.0,0.0,0.0,0.0,0.0,7.3765535,0.0064094146,252.15485,0.02034413,0.0
12.0,7.0,0.0,1.5226835,0.0,0.0,0.0,0.0,0.39330938,1.3619619E-4,7.301685,0.0,0.0,0.0,0.0,0.5647729,10.937226,0.0,0.0,0.0,0.0,0.0,0.0,0.0,9.775118,0.009723968,438.86597,0.031933263,0.0
12.0,8.0,0.0,0.9477705,0.0,0.0,0.0,0.0,0.81161094,2.538649E-4,11.134558,0.0,0.0,0.0,0.0,0.48331502,6.9928465,0.0,0.0,0.0,0.0,0.0,0.0,0.0,23.918964,0.023360403,983.82697,0.06395723,0.0
12.0,9.0,0.0,0.7089195,0.0,0.0,0.0,0.0,0.4266341,2.6728894E-5,15.337994,0.0,0.0,0.0,0.0,0.79480445,23.03705,0.0,0.0,0.0,0.0,0.0,0.0,0.0,18.170202,0.017105892,736.30994,0.056015324,0.0
12.0,10.0,3.758143E-4,2.1756392,0.0,0.0,0.0,0.0,0.43590185,0.0029831284,12.008294,0.0,0.0,0.0,0.0,0.521049,10.100536,0.0,0.0,0.0,0.0,0.0,0.0,0.0,13.824658,0.011204559,450.1985,0.03888943,0.0
12.0,11.0,2.0191784E-8,0.75826925,0.0,0.0,0.0,0.0,0.5022989,0.0070069684,18.339773,0.0,0.0,0.0,0.0,0.3860327,5.5238304,0.0,0.0,0.0,0.0,0.0,0.0,0.0,14.766639,0.014553282,586.2323,0.050350457,8.2222413E-4
12.0,12.0,6.448968E-6,6.724587,0.0,0.0,0.0,0.0,3.2763712,0.33254892,51.06724,0.0,0.0,0.0,0.0,0.9826062,33.68381,0.0,0.0,0.0,0.0,0.0,0.0,0.0,25.215633,0.031920582,1462.9126,0.16791798,4.3085753E-4
12.0,13.0,2.4950345E-5,3.8795643,0.0,0.0,0.0,0.0,4.6420197,0.055593215,26.451616,0.0,0.0,0.0,0.0,1.2130203,18.645023,0.0,0.0,0.0,0.0,0.0,0.0,0.0,12.408184,0.017038334,807.8171,0.10763193,0.0
12.0,14.0,0.0040573278,1.2019634,0.0,0.0,0.0,0.0,0.63036615,0.028970439,13.717762,0.0,0.0,0.0,0.0,0.19079459,4.227299,0.0,0.0,0.0,0.0,0.0,0.0,0.0,8.144611,0.009979146,443.941,0.07837073,0.0
12.0,15.0,0.0,0.0,0.0,0.0,0.0,0.0,0.0,0.0,0.0,0.0,0.0,0.0,0.0,0.0,0.0,0.0,0.0,0.0,0.0,0.0,0.0,0.0,0.0,0.0,0.0,0.0,0.0
12.0,16.0,0.0,0.0,0.0,0.0,0.0,0.0,0.0,0.0,0.0,0.0,0.0,0.0,0.0,0.0,0.0,0.0,0.0,0.0,0.0,0.0,0.0,0.0,0.0,0.0,0.0,0.0,0.0
12.0,17.0,0.0,0.0,0.0,0.0,0.0,0.0,0.0,0.0,0.0,0.0,0.0,0.0,0.0,0.0,0.0,0.0,0.0,0.0,0.0,0.0,0.0,0.0,0.0,0.0,0.0,0.0,0.0
12.0,18.0,0.0,0.0,0.0,0.0,0.0,0.0,0.0,0.0,0.0,0.0,0.0,0.0,0.0,0.0,0.0,0.0,0.0,0.0,0.0,0.0,0.0,0.0,0.0,0.0,0.0,0.0,0.0
12.0,19.0,0.0,0.0,0.0,0.0,0.0,0.0,0.0,0.0,0.0,0.0,0.0,0.0,0.0,0.0,0.0,0.0,0.0,0.0,0.0,0.0,0.0,0.0,0.0,0.0,0.0,0.0,0.0
12.0,20.0,0.0,0.0,0.0,0.0,0.0,0.0,0.0,0.0,0.0,0.0,0.0,0.0,0.0,0.0,0.0,0.0,0.0,0.0,0.0,0.0,0.0,0.0,0.0,0.0,0.0,0.0,0.0
12.0,21.0,0.0,0.0,0.0,0.0,0.0,0.0,0.0,0.0,0.0,0.0,0.0,0.0,0.0,0.0,0.0,0.0,0.0,0.0,0.0,0.0,0.0,0.0,0.0,0.0,0.0,0.0,0.0
12.0,22.0,0.0,0.0,0.0,0.0,0.0,0.0,0.0,0.0,0.0,0.0,0.0,0.0,0.0,0.0,0.0,0.0,0.0,0.0,0.0,0.0,0.0,0.0,0.0,0.0,0.0,0.0,0.0
12.0,23.0,0.0,0.0,0.0,0.0,0.0,0.0,0.0,0.0,0.0,0.0,0.0,0.0,0.0,0.0,0.0,0.0,0.0,0.0,0.0,0.0,0.0,0.0,0.0,0.0,0.0,0.0,0.0
12.0,24.0,0.0,0.0,0.0,0.0,0.0,0.0,0.0,0.0,0.0,0.0,0.0,0.0,0.0,0.0,0.0,0.0,0.0,0.0,0.0,0.0,0.0,0.0,0.0,0.0,0.0,0.0,0.0
12.0,25.0,0.0,0.0,0.0,0.0,0.0,0.0,0.0,0.0,0.0,0.0,0.0,0.0,0.0,0.0,0.0,0.0,0.0,0.0,0.0,0.0,0.0,0.0,0.0,0.0,0.0,0.0,0.0
13.0,0.0,0.0,7.344398,0.012028404,0.0466971,14.171605,4.0586974E-4,0.84933805,0.0013593733,45.714092,0.085357256,2.9907943E-4,0.39275542,0.0083925715,0.060656093,0.25009266,0.0,0.0,0.0,0.0,2.8911915,11.877995,239.20406,413.89056,0.20874569,32.341034,0.0,0.0
13.0,1.0,0.0,0.2896903,0.0,0.0,0.0,0.0,0.006653601,0.0,13.278235,0.0,0.0,0.0,0.0,0.4141379,6.880665,0.0,0.0,0.0,0.0,0.0,0.0,0.0,53.483196,0.04874539,232.11832,0.0,0.0
13.0,2.0,0.0,0.23680867,0.0,0.0,0.0,0.0,0.015617896,0.0,2.3829505,0.0,0.0,0.0,0.0,0.08086077,3.0466645,0.0,0.0,0.0,0.0,0.0,0.0,0.0,10.559865,0.008188686,180.86363,3.6989102E-5,0.0
13.0,3.0,0.0,0.48120114,0.0,0.0,0.0,0.0,0.123196654,0.0,19.484795,0.0,0.0,0.0,0.0,1.6514144,6.1825476,0.0,0.0,0.0,0.0,0.0,0.0,0.0,18.746546,0.017004104,523.43243,0.0025947348,0.0
13.0,4.0,0.0,2.5754092,0.0,0.0,0.0,0.0,0.25686896,6.817544E-7,27.293413,0.0,0.0,0.0,0.0,1.7630733,10.899021,0.0,0.0,0.0,0.0,0.0,0.0,0.0,25.957056,0.020387636,782.4167,0.009228222,0.0
13.0,5.0,0.0,0.7402071,0.0,0.0,0.0,0.0,0.5528964,0.0030823364,43.394585,0.0,0.0,0.0,0.0,1.3341419,19.26694,0.0,0.0,0.0,0.0,0.0,0.0,0.0,26.072632,0.024258671,1048.148,0.030593649,0.0
13.0,6.0,0.0,2.2116218,0.0,0.0,0.0,0.0,2.1663153,3.6017987E-4,24.808014,0.0,0.0,0.0,0.0,0.21728642,1.7222129,0.0,0.0,0.0,0.0,0.0,0.0,0.0,22.967073,0.022657026,908.9642,0.04665177,0.0
13.0,7.0,0.0,0.63081026,0.0,0.0,0.0,0.0,0.17896503,0.0011191914,7.4537854,0.0,0.0,0.0,0.0,0.576221,5.1720533,0.0,0.0,0.0,0.0,0.0,0.0,0.0,5.3685017,0.0054060677,237.96756,0.019609408,0.0
13.0,8.0,0.0,0.124210045,0.0,0.0,0.0,0.0,0.3134932,0.0023654974,15.347838,0.0,0.0,0.0,0.0,2.0995963,2.348543,0.0,0.0,0.0,0.0,0.0,0.0,0.0,10.163676,0.009847472,409.7434,0.042197425,0.0
13.0,9.0,0.0,4.7253313,0.0,0.0,0.0,0.0,2.0211504,0.009062492,18.54044,0.0,0.0,0.0,0.0,1.081814,34.810844,0.0,0.0,0.0,0.0,0.0,0.0,0.0,21.583368,0.0214999,865.7319,0.06349125,0.0
13.0,10.0,0.0,1.7041055,0.0,0.0,0.0,0.0,0.8392234,0.023851251,23.369453,0.0,0.0,0.0,0.0,0.4131215,14.823132,0.0,0.0,0.0,0.0,0.0,0.0,0.0,15.703534,0.014983532,665.6634,0.05166022,0.0
13.0,11.0,2.11886E-6,1.8902097,0.0,0.0,0.0,0.0,1.1801267,0.01609473,19.714672,0.0,0.0,0.0,0.0,1.3333749,8.240502,0.0,0.0,0.0,0.0,0.0,0.0,0.0,9.131178,0.008602071,410.54074,0.038326565,0.011082813
13.0,12.0,5.5907813E-6,0.9443412,0.0,0.0,0.0,0.0,4.5067334,0.0018853049,10.5408,0.0,0.0,0.0,0.0,1.9196821,7.961355,0.0,0.0,0.0,0.0,0.0,0.0,0.0,13.407456,0.012447373,523.2137,0.049942378,0.0030028753
13.0,13.0,0.003043365,5.270963,0.0,0.0,0.0,0.0,7.2094083,0.15513286,38.51658,0.0,0.0,0.0,0.0,1.7576586,42.982006,0.0,0.0,0.0,0.0,0.0,0.0,0.0,17.79832,0.028217738,1329.6212,0.15638416,4.2193572E-4
13.0,14.0,0.0011547778,3.8720233,0.0,0.0,0.0,0.0,4.3191805,0.40250286,35.332367,0.0,0.0,0.0,0.0,1.2053267,19.095652,0.0,0.0,0.0,0.0,0.0,0.0,0.0,11.55118,0.015410207,729.52295,0.1089885,0.0
13.0,15.0,0.0,0.0,0.0,0.0,0.0,0.0,0.0,0.0,0.0,0.0,0.0,0.0,0.0,0.0,0.0,0.0,0.0,0.0,0.0,0.0,0.0,0.0,0.0,0.0,0.0,0.0,0.0
13.0,16.0,0.0,0.0,0.0,0.0,0.0,0.0,0.0,0.0,0.0,0.0,0.0,0.0,0.0,0.0,0.0,0.0,0.0,0.0,0.0,0.0,0.0,0.0,0.0,0.0,0.0,0.0,0.0
13.0,17.0,0.0,0.0,0.0,0.0,0.0,0.0,0.0,0.0,0.0,0.0,0.0,0.0,0.0,0.0,0.0,0.0,0.0,0.0,0.0,0.0,0.0,0.0,0.0,0.0,0.0,0.0,0.0
13.0,18.0,0.0,0.0,0.0,0.0,0.0,0.0,0.0,0.0,0.0,0.0,0.0,0.0,0.0,0.0,0.0,0.0,0.0,0.0,0.0,0.0,0.0,0.0,0.0,0.0,0.0,0.0,0.0
13.0,19.0,0.0,0.0,0.0,0.0,0.0,0.0,0.0,0.0,0.0,0.0,0.0,0.0,0.0,0.0,0.0,0.0,0.0,0.0,0.0,0.0,0.0,0.0,0.0,0.0,0.0,0.0,0.0
13.0,20.0,0.0,0.0,0.0,0.0,0.0,0.0,0.0,0.0,0.0,0.0,0.0,0.0,0.0,0.0,0.0,0.0,0.0,0.0,0.0,0.0,0.0,0.0,0.0,0.0,0.0,0.0,0.0
13.0,21.0,0.0,0.0,0.0,0.0,0.0,0.0,0.0,0.0,0.0,0.0,0.0,0.0,0.0,0.0,0.0,0.0,0.0,0.0,0.0,0.0,0.0,0.0,0.0,0.0,0.0,0.0,0.0
13.0,22.0,0.0,0.0,0.0,0.0,0.0,0.0,0.0,0.0,0.0,0.0,0.0,0.0,0.0,0.0,0.0,0.0,0.0,0.0,0.0,0.0,0.0,0.0,0.0,0.0,0.0,0.0,0.0
13.0,23.0,0.0,0.0,0.0,0.0,0.0,0.0,0.0,0.0,0.0,0.0,0.0,0.0,0.0,0.0,0.0,0.0,0.0,0.0,0.0,0.0,0.0,0.0,0.0,0.0,0.0,0.0,0.0
13.0,24.0,0.0,0.0,0.0,0.0,0.0,0.0,0.0,0.0,0.0,0.0,0.0,0.0,0.0,0.0,0.0,0.0,0.0,0.0,0.0,0.0,0.0,0.0,0.0,0.0,0.0,0.0,0.0
13.0,25.0,0.0,0.0,0.0,0.0,0.0,0.0,0.0,0.0,0.0,0.0,0.0,0.0,0.0,0.0,0.0,0.0,0.0,0.0,0.0,0.0,0.0,0.0,0.0,0.0,0.0,0.0,0.0
14.0,0.0,0.0,11.726848,0.014152001,0.049095165,15.525601,5.0157646E-4,0.6459578,0.0011550381,33.718857,0.09376159,0.0013456404,1.0791137,0.005002595,0.215066,7.794017E-6,0.0,0.0,0.0,0.0,2.848811,11.950546,207.426,437.56927,0.22415239,43.72259,0.0,0.0
14.0,1.0,0.0,0.2319723,0.0,0.0,0.0,0.0,0.05984477,0.0,1.4116783,0.0,0.0,0.0,0.0,0.841121,1.8371619,0.0,0.0,0.0,0.0,0.0,0.0,0.0,45.385166,0.039343756,205.48395,0.0,0.0
14.0,2.0,0.0,0.56490254,0.0,0.0,0.0,0.0,0.3238441,0.0,12.421325,0.0,0.0,0.0,0.0,0.49046263,8.463069,0.0,0.0,0.0,0.0,0.0,0.0,0.0,26.322342,0.023150485,557.3733,1.3580006E-4,0.0
14.0,3.0,0.0,0.41796902,0.0,0.0,0.0,0.0,0.027189974,0.0,6.230325,0.0,0.0,0.0,0.0,0.3150763,2.2739284,0.0,0.0,0.0,0.0,0.0,0.0,0.0,8.529185,0.0065660235,263.32864,0.0015994306,0.0
14.0,4.0,0.0,1.6713977,0.0,0.0,0.0,0.0,0.24281555,0.0,12.373218,0.0,0.0,0.0,0.0,2.923183,5.679884,0.0,0.0,0.0,0.0,0.0,0.0,0.0,16.706354,0.01572655,661.99,0.008096766,0.0
14.0,5.0,0.0,1.199475,0.0,0.0,0.0,0.0,0.45473692,0.0019089285,29.186533,0.0,0.0,0.0,0.0,4.290194,25.857944,0.0,0.0,0.0,0.0,0.0,0.0,0.0,20.936956,0.018783279,869.34424,0.021370566,0.0
14.0,6.0,0.0,2.5262785,0.0,0.0,0.0,0.0,5.639218,1.5916888E-7,30.6135,0.0,0.0,0.0,0.0,2.5047226,23.498789,0.0,0.0,0.0,0.0,0.0,0.0,0.0,24.47818,0.022824781,1038.9777,0.04413456,0.0
14.0,7.0,0.0,0.427712,0.0,0.0,0.0,0.0,1.5116662,0.010424539,50.246365,0.0,0.0,0.0,0.0,0.9876078,7.17339,0.0,0.0,0.0,0.0,0.0,0.0,0.0,17.424026,0.017935824,837.7013,0.04595268,0.0
14.0,8.0,0.0,0.12293855,0.0,0.0,0.0,0.0,0.28495055,0.0011722167,5.32381,0.0,0.0,0.0,0.0,0.89268255,1.0910662,0.0,0.0,0.0,0.0,0.0,0.0,0.0,5.9276066,0.0061943824,245.05096,0.020967608,0.0
14.0,9.0,0.0,0.86903876,0.0,0.0,0.0,0.0,0.6985394,0.002491248,13.908727,0.0,0.0,0.0,0.0,1.9188238,3.118009,0.0,0.0,0.0,0.0,0.0,0.0,0.0,8.363096,0.010208678,413.38437,0.03343951,0.0
14.0,10.0,0.0,2.6874151,0.0,0.0,0.0,0.0,2.8988233,0.009420819,23.473362,0.0,0.0,0.0,0.0,3.0018392,5.311202,0.0,0.0,0.0,0.0,0.0,0.0,0.0,15.886502,0.018265702,902.6638,0.07108101,0.0
14.0,11.0,7.0001174E-6,2.1667097,0.0,0.0,0.0,0.0,1.4176438,0.009776078,15.435186,0.0,0.0,0.0,0.0,4.9273458,12.57597,0.0,0.0,0.0,0.0,0.0,0.0,0.0,12.314311,0.0132810725,632.66486,0.0547155,0.0064982953
14.0,12.0,3.528727E-8,1.0150492,0.0,0.0,0.0,0.0,1.8036839,0.0064823604,14.711411,0.0,0.0,0.0,0.0,1.5883971,5.314522,0.0,0.0,0.0,0.0,0.0,0.0,0.0,8.836729,0.007931737,378.67368,0.039821964,0.009889432
14.0,13.0,0.0010759096,1.6817334,0.0,0.0,0.0,0.0,1.003795,0.001402892,21.16565,0.0,0.0,0.0,0.0,1.8042574,4.2482743,0.0,0.0,0.0,0.0,0.0,0.0,0.0,9.138511,0.010573007,481.1928,0.045844905,0.18158558
14.0,14.0,0.01874352,4.973093,0.0,0.0,0.0,0.0,6.0159674,0.17926203,60.28035,0.0,0.0,0.0,0.0,2.4366987,24.08896,0.0,0.0,0.0,0.0,0.0,0.0,0.0,15.329371,0.025473617,1241.8417,0.14802122,0.4405004
14.0,15.0,0.0,0.0,0.0,0.0,0.0,0.0,0.0,0.0,0.0,0.0,0.0,0.0,0.0,0.0,0.0,0.0,0.0,0.0,0.0,0.0,0.0,0.0,0.0,0.0,0.0,0.0,0.0
14.0,16.0,0.0,0.0,0.0,0.0,0.0,0.0,0.0,0.0,0.0,0.0,0.0,0.0,0.0,0.0,0.0,0.0,0.0,0.0,0.0,0.0,0.0,0.0,0.0,0.0,0.0,0.0,0.0
14.0,17.0,0.0,0.0,0.0,0.0,0.0,0.0,0.0,0.0,0.0,0.0,0.0,0.0,0.0,0.0,0.0,0.0,0.0,0.0,0.0,0.0,0.0,0.0,0.0,0.0,0.0,0.0,0.0
14.0,18.0,0.0,0.0,0.0,0.0,0.0,0.0,0.0,0.0,0.0,0.0,0.0,0.0,0.0,0.0,0.0,0.0,0.0,0.0,0.0,0.0,0.0,0.0,0.0,0.0,0.0,0.0,0.0
14.0,19.0,0.0,0.0,0.0,0.0,0.0,0.0,0.0,0.0,0.0,0.0,0.0,0.0,0.0,0.0,0.0,0.0,0.0,0.0,0.0,0.0,0.0,0.0,0.0,0.0,0.0,0.0,0.0
14.0,20.0,0.0,0.0,0.0,0.0,0.0,0.0,0.0,0.0,0.0,0.0,0.0,0.0,0.0,0.0,0.0,0.0,0.0,0.0,0.0,0.0,0.0,0.0,0.0,0.0,0.0,0.0,0.0
14.0,21.0,0.0,0.0,0.0,0.0,0.0,0.0,0.0,0.0,0.0,0.0,0.0,0.0,0.0,0.0,0.0,0.0,0.0,0.0,0.0,0.0,0.0,0.0,0.0,0.0,0.0,0.0,0.0
14.0,22.0,0.0,0.0,0.0,0.0,0.0,0.0,0.0,0.0,0.0,0.0,0.0,0.0,0.0,0.0,0.0,0.0,0.0,0.0,0.0,0.0,0.0,0.0,0.0,0.0,0.0,0.0,0.0
14.0,23.0,0.0,0.0,0.0,0.0,0.0,0.0,0.0,0.0,0.0,0.0,0.0,0.0,0.0,0.0,0.0,0.0,0.0,0.0,0.0,0.0,0.0,0.0,0.0,0.0,0.0,0.0,0.0
14.0,24.0,0.0,0.0,0.0,0.0,0.0,0.0,0.0,0.0,0.0,0.0,0.0,0.0,0.0,0.0,0.0,0.0,0.0,0.0,0.0,0.0,0.0,0.0,0.0,0.0,0.0,0.0,0.0
14.0,25.0,0.0,0.0,0.0,0.0,0.0,0.0,0.0,0.0,0.0,0.0,0.0,0.0,0.0,0.0,0.0,0.0,0.0,0.0,0.0,0.0,0.0,0.0,0.0,0.0,0.0,0.0,0.0
15.0,0.0,0.0,6.9350066,0.01948345,0.06857569,12.923798,3.7469895E-4,0.561125,0.0019176633,42.568577,0.08198253,0.004388155,2.128838,0.0020621256,0.38950014,0.015328229,0.0,0.0,0.0,0.0,2.9137018,11.369834,277.606,435.70312,0.22322683,20.976805,0.0,0.0
15.0,1.0,0.0,0.27224493,0.0,0.0,0.0,0.0,3.3176093E-8,0.0,3.4806058,0.0,0.0,0.0,0.0,0.39559302,6.7008286,0.0,0.0,0.0,0.0,0.0,0.0,0.0,51.600807,0.047631685,323.9506,0.0,0.0
15.0,2.0,0.0,0.076909535,0.0,0.0,0.0,0.0,0.012168235,0.0,2.7202046,0.0,0.0,0.0,0.0,2.0507138,23.866617,0.0,0.0,0.0,0.0,0.0,0.0,0.0,18.592052,0.015599096,417.90402,3.0085897E-5,0.0
15.0,3.0,0.0,0.15185724,0.0,0.0,0.0,0.0,0.6932915,0.0,10.896578,0.0,0.0,0.0,0.0,1.1576953,17.23703,0.0,0.0,0.0,0.0,0.0,0.0,0.0,27.029886,0.020494286,803.19574,0.004236279,0.0
15.0,4.0,0.0,0.044374116,0.0,0.0,0.0,0.0,0.06699469,0.0,23.764183,0.0,0.0,0.0,0.0,0.16321401,2.1542866,0.0,0.0,0.0,0.0,0.0,0.0,0.0,7.091817,0.006973282,338.24475,0.005145222,0.0
15.0,5.0,0.0,1.4354695,0.0,0.0,0.0,0.0,0.044937205,0.0050329235,33.223667,0.0,0.0,0.0,0.0,1.2822398,5.8021016,0.0,0.0,0.0,0.0,0.0,0.0,0.0,19.51405,0.017296918,760.411,0.019712774,0.0
15.0,6.0,0.0,0.81542194,0.0,0.0,0.0,0.0,0.21634035,0.0027927475,25.897879,0.0,0.0,0.0,0.0,0.81668067,19.788021,0.0,0.0,0.0,0.0,0.0,0.0,0.0,22.30499,0.02101035,958.92523,0.038398754,0.0
15.0,7.0,0.0,0.36505944,0.0,0.0,0.0,0.0,3.361466,0.0066746552,30.923233,0.0,0.0,0.0,0.0,0.39524937,11.802863,0.0,0.0,0.0,0.0,0.0,0.0,0.0,22.868973,0.022871502,1084.9832,0.05927881,0.0
15.0,8.0,0.0,3.182336,0.0,0.0,0.0,0.0,2.0718212,0.061491128,59.0831,0.0,0.0,0.0,0.0,1.035958,10.568007,0.0,0.0,0.0,0.0,0.0,0.0,0.0,16.815445,0.018785425,871.4196,0.04941346,0.0
15.0,9.0,0.0,2.0145319,0.0,0.0,0.0,0.0,0.94659793,9.909414E-4,9.216915,0.0,0.0,0.0,0.0,0.38920316,7.40752,0.0,0.0,0.0,0.0,0.0,0.0,0.0,5.038608,0.0052022226,237.04716,0.02684444,0.0
15.0,10.0,3.174508E-6,2.3756287,0.0,0.0,0.0,0.0,1.0481403,0.021671144,18.821848,0.0,0.0,0.0,0.0,1.3911053,19.400108,0.0,0.0,0.0,0.0,0.0,0.0,0.0,7.098726,0.008223931,376.3532,0.038536962,0.0
15.0,11.0,0.0,0.55455834,0.0,0.0,0.0,0.0,0.20571908,0.085674256,23.720177,0.0,0.0,0.0,0.0,0.6493147,17.188465,0.0,0.0,0.0,0.0,0.0,0.0,0.0,15.631008,0.018387582,864.3819,0.07040779,2.4229801E-5
15.0,12.0,1.2060886E-5,1.2001035,0.0,0.0,0.0,0.0,1.6193935,0.012923125,22.682085,0.0,0.0,0.0,0.0,0.8114526,6.1236825,0.0,0.0,0.0,0.0,0.0,0.0,0.0,10.80939,0.01228879,608.20886,0.05246369,0.004766233
15.0,13.0,0.003455185,1.2887726,0.0,0.0,0.0,0.0,0.6183089,0.01541626,15.602853,0.0,0.0,0.0,0.0,0.11305314,12.373368,0.0,0.0,0.0,0.0,0.0,0.0,0.0,8.346208,0.007638346,348.73712,0.040181447,0.05161927
15.0,14.0,2.257936E-4,0.6723569,0.0,0.0,0.0,0.0,1.6265054,0.00794025,17.91958,0.0,0.0,0.0,0.0,0.7712594,7.2465196,0.0,0.0,0.0,0.0,0.0,0.0,0.0,8.645882,0.009381981,443.42017,0.047898993,3.2147906
15.0,15.0,0.0,0.0,0.0,0.0,0.0,0.0,0.0,0.0,0.0,0.0,0.0,0.0,0.0,0.0,0.0,0.0,0.0,0.0,0.0,0.0,0.0,0.0,0.0,0.0,0.0,0.0,0.0
15.0,16.0,0.0,0.0,0.0,0.0,0.0,0.0,0.0,0.0,0.0,0.0,0.0,0.0,0.0,0.0,0.0,0.0,0.0,0.0,0.0,0.0,0.0,0.0,0.0,0.0,0.0,0.0,0.0
15.0,17.0,0.0,0.0,0.0,0.0,0.0,0.0,0.0,0.0,0.0,0.0,0.0,0.0,0.0,0.0,0.0,0.0,0.0,0.0,0.0,0.0,0.0,0.0,0.0,0.0,0.0,0.0,0.0
15.0,18.0,0.0,0.0,0.0,0.0,0.0,0.0,0.0,0.0,0.0,0.0,0.0,0.0,0.0,0.0,0.0,0.0,0.0,0.0,0.0,0.0,0.0,0.0,0.0,0.0,0.0,0.0,0.0
15.0,19.0,0.0,0.0,0.0,0.0,0.0,0.0,0.0,0.0,0.0,0.0,0.0,0.0,0.0,0.0,0.0,0.0,0.0,0.0,0.0,0.0,0.0,0.0,0.0,0.0,0.0,0.0,0.0
15.0,20.0,0.0,0.0,0.0,0.0,0.0,0.0,0.0,0.0,0.0,0.0,0.0,0.0,0.0,0.0,0.0,0.0,0.0,0.0,0.0,0.0,0.0,0.0,0.0,0.0,0.0,0.0,0.0
15.0,21.0,0.0,0.0,0.0,0.0,0.0,0.0,0.0,0.0,0.0,0.0,0.0,0.0,0.0,0.0,0.0,0.0,0.0,0.0,0.0,0.0,0.0,0.0,0.0,0.0,0.0,0.0,0.0
15.0,22.0,0.0,0.0,0.0,0.0,0.0,0.0,0.0,0.0,0.0,0.0,0.0,0.0,0.0,0.0,0.0,0.0,0.0,0.0,0.0,0.0,0.0,0.0,0.0,0.0,0.0,0.0,0.0
15.0,23.0,0.0,0.0,0.0,0.0,0.0,0.0,0.0,0.0,0.0,0.0,0.0,0.0,0.0,0.0,0.0,0.0,0.0,0.0,0.0,0.0,0.0,0.0,0.0,0.0,0.0,0.0,0.0
15.0,24.0,0.0,0.0,0.0,0.0,0.0,0.0,0.0,0.0,0.0,0.0,0.0,0.0,0.0,0.0,0.0,0.0,0.0,0.0,0.0,0.0,0.0,0.0,0.0,0.0,0.0,0.0,0.0
15.0,25.0,0.0,0.0,0.0,0.0,0.0,0.0,0.0,0.0,0.0,0.0,0.0,0.0,0.0,0.0,0.0,0.0,0.0,0.0,0.0,0.0,0.0,0.0,0.0,0.0,0.0,0.0,0.0
16.0,0.0,0.0,4.0998383,0.019435402,0.067673706,17.29694,2.362051E-4,1.1043429,0.0023598953,32.19713,0.10318192,0.0030466309,0.58393055,0.0018724975,0.053837065,1.0278718,0.0,0.0,0.0,0.0,2.6813247,12.194651,232.11963,403.1047,0.20852564,60.626556,0.0,0.0
16.0,1.0,0.0,0.008264582,0.0,0.0,0.0,0.0,0.03229326,0.0,4.508155,0.0,0.0,0.0,0.0,0.33508128,2.6662095,0.0,0.0,0.0,0.0,0.0,0.0,0.0,76.14634,0.06572551,183.93323,0.0,0.0
16.0,2.0,0.0,0.16188255,0.0,0.0,0.0,0.0,0.029330002,0.0,9.643597,0.0,0.0,0.0,0.0,0.15705648,14.112224,0.0,0.0,0.0,0.0,0.0,0.0,0.0,26.050861,0.022623802,675.57544,1.4964047E-4,0.0
16.0,3.0,0.0,0.4368956,0.0,0.0,0.0,0.0,0.18515658,0.0,3.165589,0.0,0.0,0.0,0.0,1.466971,8.014232,0.0,0.0,0.0,0.0,0.0,0.0,0.0,17.014242,0.0154488385,613.6661,0.0048751715,0.0
16.0,4.0,0.0,0.39054966,0.0,0.0,0.0,0.0,0.2012796,0.0,17.253288,0.0,0.0,0.0,0.0,0.9765289,27.630108,0.0,0.0,0.0,0.0,0.0,0.0,0.0,25.08405,0.020900566,949.0143,0.018997911,0.0
16.0,5.0,0.0,1.2451277,0.0,0.0,0.0,0.0,0.010276346,0.0,3.008597,0.0,0.0,0.0,0.0,0.37126556,7.9758162,0.0,0.0,0.0,0.0,0.0,0.0,0.0,9.90615,0.008958217,375.8275,0.013883501,0.0
16.0,6.0,0.0,0.21857476,0.0,0.0,0.0,0.0,0.09167982,1.3308927E-4,16.96652,0.0,0.0,0.0,0.0,1.0662504,18.776098,0.0,0.0,0.0,0.0,0.0,0.0,0.0,17.292831,0.01709073,809.1835,0.034681186,0.0
16.0,7.0,0.0,0.9918896,0.0,0.0,0.0,0.0,1.0137433,0.0011062536,19.340946,0.0,0.0,0.0,0.0,1.0287118,25.41903,0.0,0.0,0.0,0.0,0.0,0.0,0.0,18.472755,0.01984446,973.2079,0.047994204,0.0
16.0,8.0,0.0,1.7624016,0.0,0.0,0.0,0.0,0.5208739,0.010721795,30.127869,0.0,0.0,0.0,0.0,0.4417635,11.3013115,0.0,0.0,0.0,0.0,0.0,0.0,0.0,25.581562,0.02360955,1044.4332,0.07742679,0.0
16.0,9.0,0.0,4.067521,0.0,0.0,0.0,0.0,0.039706502,0.07664996,50.45576,0.0,0.0,0.0,0.0,0.43462077,5.916799,0.0,0.0,0.0,0.0,0.0,0.0,0.0,16.005072,0.017606642,845.62256,0.061865937,0.0
16.0,10.0,4.3325686E-6,0.19575241,0.0,0.0,0.0,0.0,0.044482365,0.013834219,7.662515,0.0,0.0,0.0,0.0,0.36897746,5.08307,0.0,0.0,0.0,0.0,0.0,0.0,0.0,4.458164,0.005669019,236.3839,0.026229626,0.0
16.0,11.0,0.0028902795,0.66729283,0.0,0.0,0.0,0.0,1.1104424,0.026094047,10.082118,0.0,0.0,0.0,0.0,0.6552195,7.7033267,0.0,0.0,0.0,0.0,0.0,0.0,0.0,7.8117323,0.008525129,387.12445,0.048955914,1.3196505E-10
16.0,12.0,0.00206778,4.495689,0.0,0.0,0.0,0.0,0.8149513,0.01286617,25.491741,0.0,0.0,0.0,0.0,1.0324713,15.070108,0.0,0.0,0.0,0.0,0.0,0.0,0.0,14.446951,0.016172728,811.0801,0.08294949,0.002073901
16.0,13.0,3.0495585E-7,2.8238447,0.0,0.0,0.0,0.0,0.44910127,0.03785273,25.210228,0.0,0.0,0.0,0.0,0.6306894,8.431496,0.0,0.0,0.0,0.0,0.0,0.0,0.0,11.39564,0.011947215,562.6806,0.051459935,0.030138036
16.0,14.0,0.0011519307,1.0546659,0.0,0.0,0.0,0.0,0.13824408,0.028232351,12.975735,0.0,0.0,0.0,0.0,0.4657646,7.0898104,0.0,0.0,0.0,0.0,0.0,0.0,0.0,7.368485,0.006891558,324.90964,0.04427674,0.17327298
16.0,15.0,0.0,0.0,0.0,0.0,0.0,0.0,0.0,0.0,0.0,0.0,0.0,0.0,0.0,0.0,0.0,0.0,0.0,0.0,0.0,0.0,0.0,0.0,0.0,0.0,0.0,0.0,0.0
16.0,16.0,0.0,0.0,0.0,0.0,0.0,0.0,0.0,0.0,0.0,0.0,0.0,0.0,0.0,0.0,0.0,0.0,0.0,0.0,0.0,0.0,0.0,0.0,0.0,0.0,0.0,0.0,0.0
16.0,17.0,0.0,0.0,0.0,0.0,0.0,0.0,0.0,0.0,0.0,0.0,0.0,0.0,0.0,0.0,0.0,0.0,0.0,0.0,0.0,0.0,0.0,0.0,0.0,0.0,0.0,0.0,0.0
16.0,18.0,0.0,0.0,0.0,0.0,0.0,0.0,0.0,0.0,0.0,0.0,0.0,0.0,0.0,0.0,0.0,0.0,0.0,0.0,0.0,0.0,0.0,0.0,0.0,0.0,0.0,0.0,0.0
16.0,19.0,0.0,0.0,0.0,0.0,0.0,0.0,0.0,0.0,0.0,0.0,0.0,0.0,0.0,0.0,0.0,0.0,0.0,0.0,0.0,0.0,0.0,0.0,0.0,0.0,0.0,0.0,0.0
16.0,20.0,0.0,0.0,0.0,0.0,0.0,0.0,0.0,0.0,0.0,0.0,0.0,0.0,0.0,0.0,0.0,0.0,0.0,0.0,0.0,0.0,0.0,0.0,0.0,0.0,0.0,0.0,0.0
16.0,21.0,0.0,0.0,0.0,0.0,0.0,0.0,0.0,0.0,0.0,0.0,0.0,0.0,0.0,0.0,0.0,0.0,0.0,0.0,0.0,0.0,0.0,0.0,0.0,0.0,0.0,0.0,0.0
16.0,22.0,0.0,0.0,0.0,0.0,0.0,0.0,0.0,0.0,0.0,0.0,0.0,0.0,0.0,0.0,0.0,0.0,0.0,0.0,0.0,0.0,0.0,0.0,0.0,0.0,0.0,0.0,0.0
16.0,23.0,0.0,0.0,0.0,0.0,0.0,0.0,0.0,0.0,0.0,0.0,0.0,0.0,0.0,0.0,0.0,0.0,0.0,0.0,0.0,0.0,0.0,0.0,0.0,0.0,0.0,0.0,0.0
16.0,24.0,0.0,0.0,0.0,0.0,0.0,0.0,0.0,0.0,0.0,0.0,0.0,0.0,0.0,0.0,0.0,0.0,0.0,0.0,0.0,0.0,0.0,0.0,0.0,0.0,0.0,0.0,0.0
16.0,25.0,0.0,0.0,0.0,0.0,0.0,0.0,0.0,0.0,0.0,0.0,0.0,0.0,0.0,0.0,0.0,0.0,0.0,0.0,0.0,0.0,0.0,0.0,0.0,0.0,0.0,0.0,0.0
17.0,0.0,0.0,5.6736526,0.0204644,0.05377867,14.853163,3.3188766E-4,0.48789287,0.0017354047,37.516415,0.09431107,0.0011142102,0.65477777,0.0055127353,0.036600504,0.21990137,0.0,0.0,0.0,0.0,2.933372,11.530859,227.98497,393.8954,0.19887942,49.794426,0.0,0.0
17.0,1.0,0.0,0.83575094,0.0,0.0,0.0,0.0,0.04960678,0.0,6.0141816,0.0,0.0,0.0,0.0,0.035651114,1.3006581,0.0,0.0,0.0,0.0,0.0,0.0,0.0,61.368618,0.04901191,309.97772,0.0,0.0
17.0,2.0,0.0,0.9360758,0.0,0.0,0.0,0.0,0.24875566,0.0,14.377875,0.0,0.0,0.0,0.0,0.103374615,10.466603,0.0,0.0,0.0,0.0,0.0,0.0,0.0,27.659138,0.023497699,440.60474,4.3138414E-5,0.0
17.0,3.0,0.0,0.8219399,0.0,0.0,0.0,0.0,0.06710593,0.0,13.452819,0.0,0.0,0.0,0.0,0.21613051,6.1725616,0.0,0.0,0.0,0.0,0.0,0.0,0.0,29.750687,0.024753697,930.87964,0.0048334748,0.0
17.0,4.0,0.0,1.8025414,0.0,0.0,0.0,0.0,1.5408704,1.4419993E-4,13.328031,0.0,0.0,0.0,0.0,0.19703381,10.884208,0.0,0.0,0.0,0.0,0.0,0.0,0.0,19.955034,0.016245749,722.0147,0.016899731,0.0
17.0,5.0,0.0,3.1439605,0.0,0.0,0.0,0.0,2.5439067,1.9307225E-7,29.153109,0.0,0.0,0.0,0.0,0.403928,12.026913,0.0,0.0,0.0,0.0,0.0,0.0,0.0,24.359434,0.022245817,1029.315,0.040695082,0.0
17.0,6.0,0.0,0.041268528,0.0,0.0,0.0,0.0,0.24988568,6.20654E-5,11.618716,0.0,0.0,0.0,0.0,0.21087171,7.165893,0.0,0.0,0.0,0.0,0.0,0.0,0.0,9.272385,0.008149085,351.8855,0.020216085,0.0
17.0,7.0,0.0,1.3841159,0.0,0.0,0.0,0.0,2.106375,0.0030688671,17.554087,0.0,0.0,0.0,0.0,0.4053739,14.697021,0.0,0.0,0.0,0.0,0.0,0.0,0.0,19.454222,0.019856121,828.3208,0.044408474,0.0
17.0,8.0,0.0,0.6399268,0.0,0.0,0.0,0.0,1.7005186,0.00969608,39.70625,0.0,0.0,0.0,0.0,0.57697135,7.123964,0.0,0.0,0.0,0.0,0.0,0.0,0.0,17.640125,0.018684858,921.4488,0.06627178,0.0
17.0,9.0,0.0,1.2268553,0.0,0.0,0.0,0.0,2.0275881,0.044994693,25.577974,0.0,0.0,0.0,0.0,0.29968804,19.771671,0.0,0.0,0.0,0.0,0.0,0.0,0.0,18.90725,0.021359993,1000.75336,0.07813603,0.0
17.0,10.0,0.0,1.7694153,0.0,0.0,0.0,0.0,0.73173654,0.03569547,41.794243,0.0,0.0,0.0,0.0,0.39255574,17.789667,0.0,0.0,0.0,0.0,0.0,0.0,0.0,14.8644705,0.0160832,739.32153,0.067045316,0.0
17.0,11.0,9.831429E-7,0.8614564,0.0,0.0,0.0,0.0,0.1034328,0.024496177,9.491224,0.0,0.0,0.0,0.0,0.67692107,2.4119341,0.0,0.0,0.0,0.0,0.0,0.0,0.0,3.6647372,0.004599386,217.12105,0.029610053,0.0
17.0,12.0,1.4417817E-5,1.0511519,0.0,0.0,0.0,0.0,0.7504588,0.0032125087,9.579031,0.0,0.0,0.0,0.0,0.25749633,4.771225,0.0,0.0,0.0,0.0,0.0,0.0,0.0,5.329034,0.008004974,369.2827,0.04752655,0.08169776
17.0,13.0,2.2542283E-4,3.393896,0.0,0.0,0.0,0.0,2.126961,0.28038943,30.099394,0.0,0.0,0.0,0.0,0.43617934,6.391009,0.0,0.0,0.0,0.0,0.0,0.0,0.0,13.282714,0.015479172,733.7417,0.07872513,0.092065185
17.0,14.0,8.386172E-4,1.5630864,0.0,0.0,0.0,0.0,0.49473953,0.0045684814,16.816576,0.0,0.0,0.0,0.0,0.47660622,10.489029,0.0,0.0,0.0,0.0,0.0,0.0,0.0,9.54617,0.011170253,516.2894,0.05254191,0.10878493
17.0,15.0,0.0,0.0,0.0,0.0,0.0,0.0,0.0,0.0,0.0,0.0,0.0,0.0,0.0,0.0,0.0,0.0,0.0,0.0,0.0,0.0,0.0,0.0,0.0,0.0,0.0,0.0,0.0
17.0,16.0,0.0,0.0,0.0,0.0,0.0,0.0,0.0,0.0,0.0,0.0,0.0,0.0,0.0,0.0,0.0,0.0,0.0,0.0,0.0,0.0,0.0,0.0,0.0,0.0,0.0,0.0,0.0
17.0,17.0,0.0,0.0,0.0,0.0,0.0,0.0,0.0,0.0,0.0,0.0,0.0,0.0,0.0,0.0,0.0,0.0,0.0,0.0,0.0,0.0,0.0,0.0,0.0,0.0,0.0,0.0,0.0
17.0,18.0,0.0,0.0,0.0,0.0,0.0,0.0,0.0,0.0,0.0,0.0,0.0,0.0,0.0,0.0,0.0,0.0,0.0,0.0,0.0,0.0,0.0,0.0,0.0,0.0,0.0,0.0,0.0
17.0,19.0,0.0,0.0,0.0,0.0,0.0,0.0,0.0,0.0,0.0,0.0,0.0,0.0,0.0,0.0,0.0,0.0,0.0,0.0,0.0,0.0,0.0,0.0,0.0,0.0,0.0,0.0,0.0
17.0,20.0,0.0,0.0,0.0,0.0,0.0,0.0,0.0,0.0,0.0,0.0,0.0,0.0,0.0,0.0,0.0,0.0,0.0,0.0,0.0,0.0,0.0,0.0,0.0,0.0,0.0,0.0,0.0
17.0,21.0,0.0,0.0,0.0,0.0,0.0,0.0,0.0,0.0,0.0,0.0,0.0,0.0,0.0,0.0,0.0,0.0,0.0,0.0,0.0,0.0,0.0,0.0,0.0,0.0,0.0,0.0,0.0
17.0,22.0,0.0,0.0,0.0,0.0,0.0,0.0,0.0,0.0,0.0,0.0,0.0,0.0,0.0,0.0,0.0,0.0,0.0,0.0,0.0,0.0,0.0,0.0,0.0,0.0,0.0,0.0,0.0
17.0,23.0,0.0,0.0,0.0,0.0,0.0,0.0,0.0,0.0,0.0,0.0,0.0,0.0,0.0,0.0,0.0,0.0,0.0,0.0,0.0,0.0,0.0,0.0,0.0,0.0,0.0,0.0,0.0
17.0,24.0,0.0,0.0,0.0,0.0,0.0,0.0,0.0,0.0,0.0,0.0,0.0,0.0,0.0,0.0,0.0,0.0,0.0,0.0,0.0,0.0,0.0,0.0,0.0,0.0,0.0,0.0,0.0
17.0,25.0,0.0,0.0,0.0,0.0,0.0,0.0,0.0,0.0,0.0,0.0,0.0,0.0,0.0,0.0,0.0,0.0,0.0,0.0,0.0,0.0,0.0,0.0,0.0,0.0,0.0,0.0,0.0
18.0,0.0,0.0,8.3209715,0.0179761,0.058247898,13.471267,1.4527008E-4,1.0027618,0.0024076633,35.656372,0.100097455,0.0022796565,1.3117033,0.005412542,0.035245467,3.390824E-4,0.0,0.0,0.0,0.0,2.6072662,11.632992,196.69383,402.26633,0.2076081,11.944441,0.0,0.0
18.0,1.0,0.0,0.32169104,0.0,0.0,0.0,0.0,0.10563548,0.0,1.7865113,0.0,0.0,0.0,0.0,0.57538587,4.593752,0.0,0.0,0.0,0.0,0.0,0.0,0.0,75.366005,0.06150871,271.08862,0.0,0.0
18.0,2.0,0.0,2.0962257,0.0,0.0,0.0,0.0,0.17416108,0.0,17.851597,0.0,0.0,0.0,0.0,0.16080983,4.8706527,0.0,0.0,0.0,0.0,0.0,0.0,0.0,23.708393,0.019688118,584.57214,8.311326E-5,0.0
18.0,3.0,0.0,1.1523908,0.0,0.0,0.0,0.0,0.11508488,0.0,12.33666,0.0,0.0,0.0,0.0,0.9561359,15.797199,0.0,0.0,0.0,0.0,0.0,0.0,0.0,24.296144,0.018865844,630.27844,0.0028277005,0.0
18.0,4.0,0.0,2.990229,0.0,0.0,0.0,0.0,1.2258248,2.7800745E-8,34.663776,0.0,0.0,0.0,0.0,3.8946502,22.258158,0.0,0.0,0.0,0.0,0.0,0.0,0.0,28.126429,0.024405768,1077.5608,0.021866892,0.0
18.0,5.0,0.0,3.0328267,0.0,0.0,0.0,0.0,0.31812125,0.0,16.209385,0.0,0.0,0.0,0.0,3.872711,6.4895983,0.0,0.0,0.0,0.0,0.0,0.0,0.0,20.98833,0.01738025,752.53424,0.03499831,0.0
18.0,6.0,0.0,1.7377542,0.0,0.0,0.0,0.0,1.3914546,0.0012112008,26.317856,0.0,0.0,0.0,0.0,2.6678247,19.03502,0.0,0.0,0.0,0.0,0.0,0.0,0.0,25.426434,0.022349253,1054.1179,0.05237727,0.0
18.0,7.0,0.0,1.1554464,0.0,0.0,0.0,0.0,0.6633105,1.2949332E-7,15.148614,0.0,0.0,0.0,0.0,0.92240834,5.8003383,0.0,0.0,0.0,0.0,0.0,0.0,0.0,8.9820385,0.008034611,352.1177,0.03004205,0.0
18.0,8.0,0.0,1.7648678,0.0,0.0,0.0,0.0,2.3649285,0.002333027,8.832591,0.0,0.0,0.0,0.0,3.340147,18.597754,0.0,0.0,0.0,0.0,0.0,0.0,0.0,14.447078,0.01830528,853.21643,0.053350646,0.0
18.0,9.0,0.0,4.4055014,0.0,0.0,0.0,0.0,1.1036338,0.009508494,23.123457,0.0,0.0,0.0,0.0,3.8571997,41.785206,0.0,0.0,0.0,0.0,0.0,0.0,0.0,18.889349,0.018995017,879.02136,0.07288668,0.0
18.0,10.0,0.0,5.5400887,0.0,0.0,0.0,0.0,4.479121,0.019323824,48.43549,0.0,0.0,0.0,0.0,2.2285812,8.487755,0.0,0.0,0.0,0.0,0.0,0.0,0.0,16.30794,0.019363748,960.0698,0.08253913,0.0
18.0,11.0,8.324218E-6,3.3838987,0.0,0.0,0.0,0.0,3.4481075,0.019584106,28.58016,0.0,0.0,0.0,0.0,2.256946,4.2636933,0.0,0.0,0.0,0.0,0.0,0.0,0.0,13.268304,0.015979039,710.72986,0.06668183,0.0
18.0,12.0,1.7611336E-4,1.4505384,0.0,0.0,0.0,0.0,0.26779217,0.017926661,6.655051,0.0,0.0,0.0,0.0,0.58761406,4.6077952,0.0,0.0,0.0,0.0,0.0,0.0,0.0,4.390234,0.0045436975,205.74817,0.034240194,0.0035009393
18.0,13.0,0.002403509,1.2691925,0.0,0.0,0.0,0.0,1.5204979,0.0712942,5.06992,0.0,0.0,0.0,0.0,4.317005,8.60899,0.0,0.0,0.0,0.0,0.0,0.0,0.0,5.662906,0.007296946,348.85876,0.04944216,0.76293206
18.0,14.0,0.0020121022,4.640573,0.0,0.0,0.0,0.0,3.134425,0.18060222,18.88801,0.0,0.0,0.0,0.0,2.4462528,24.15022,0.0,0.0,0.0,0.0,0.0,0.0,0.0,11.104285,0.013983047,694.0049,0.080900595,0.15535238
18.0,15.0,0.0,0.0,0.0,0.0,0.0,0.0,0.0,0.0,0.0,0.0,0.0,0.0,0.0,0.0,0.0,0.0,0.0,0.0,0.0,0.0,0.0,0.0,0.0,0.0,0.0,0.0,0.0
18.0,16.0,0.0,0.0,0.0,0.0,0.0,0.0,0.0,0.0,0.0,0.0,0.0,0.0,0.0,0.0,0.0,0.0,0.0,0.0,0.0,0.0,0.0,0.0,0.0,0.0,0.0,0.0,0.0
18.0,17.0,0.0,0.0,0.0,0.0,0.0,0.0,0.0,0.0,0.0,0.0,0.0,0.0,0.0,0.0,0.0,0.0,0.0,0.0,0.0,0.0,0.0,0.0,0.0,0.0,0.0,0.0,0.0
18.0,18.0,0.0,0.0,0.0,0.0,0.0,0.0,0.0,0.0,0.0,0.0,0.0,0.0,0.0,0.0,0.0,0.0,0.0,0.0,0.0,0.0,0.0,0.0,0.0,0.0,0.0,0.0,0.0
18.0,19.0,0.0,0.0,0.0,0.0,0.0,0.0,0.0,0.0,0.0,0.0,0.0,0.0,0.0,0.0,0.0,0.0,0.0,0.0,0.0,0.0,0.0,0.0,0.0,0.0,0.0,0.0,0.0
18.0,20.0,0.0,0.0,0.0,0.0,0.0,0.0,0.0,0.0,0.0,0.0,0.0,0.0,0.0,0.0,0.0,0.0,0.0,0.0,0.0,0.0,0.0,0.0,0.0,0.0,0.0,0.0,0.0
18.0,21.0,0.0,0.0,0.0,0.0,0.0,0.0,0.0,0.0,0.0,0.0,0.0,0.0,0.0,0.0,0.0,0.0,0.0,0.0,0.0,0.0,0.0,0.0,0.0,0.0,0.0,0.0,0.0
18.0,22.0,0.0,0.0,0.0,0.0,0.0,0.0,0.0,0.0,0.0,0.0,0.0,0.0,0.0,0.0,0.0,0.0,0.0,0.0,0.0,0.0,0.0,0.0,0.0,0.0,0.0,0.0,0.0
18.0,23.0,0.0,0.0,0.0,0.0,0.0,0.0,0.0,0.0,0.0,0.0,0.0,0.0,0.0,0.0,0.0,0.0,0.0,0.0,0.0,0.0,0.0,0.0,0.0,0.0,0.0,0.0,0.0
18.0,24.0,0.0,0.0,0.0,0.0,0.0,0.0,0.0,0.0,0.0,0.0,0.0,0.0,0.0,0.0,0.0,0.0,0.0,0.0,0.0,0.0,0.0,0.0,0.0,0.0,0.0,0.0,0.0
18.0,25.0,0.0,0.0,0.0,0.0,0.0,0.0,0.0,0.0,0.0,0.0,0.0,0.0,0.0,0.0,0.0,0.0,0.0,0.0,0.0,0.0,0.0,0.0,0.0,0.0,0.0,0.0,0.0
19.0,0.0,0.0,5.747519,0.03183162,0.041770402,15.364072,2.2042212E-4,0.6506922,0.0022817492,37.74417,0.0725099,0.0024885319,0.7151922,0.0032820464,0.004268178,0.053512797,0.0,0.0,0.0,0.0,3.1383753,11.731435,193.39008,382.03485,0.18824327,18.175436,0.0,0.0
19.0,1.0,0.0,0.76016766,0.0,0.0,0.0,0.0,7.164286E-5,0.0,1.9412217,0.0,0.0,0.0,0.0,0.6730378,0.91492647,0.0,0.0,0.0,0.0,0.0,0.0,0.0,54.12222,0.047935463,136.70367,0.0,0.0
19.0,2.0,0.0,0.7026671,0.0,0.0,0.0,0.0,0.01356974,0.0,22.958654,0.0,0.0,0.0,0.0,0.3567456,3.8808508,0.0,0.0,0.0,0.0,0.0,0.0,0.0,29.228159,0.024632284,643.6985,1.5222884E-4,0.0
19.0,3.0,0.0,1.2070439,0.0,0.0,0.0,0.0,0.033626538,0.0,13.860535,0.0,0.0,0.0,0.0,1.6967405,9.779203,0.0,0.0,0.0,0.0,0.0,0.0,0.0,25.543217,0.022412306,857.8258,0.0043913876,0.0
19.0,4.0,0.0,0.8393755,0.0,0.0,0.0,0.0,0.19520381,4.887598E-5,13.992327,0.0,0.0,0.0,0.0,1.6322316,6.835205,0.0,0.0,0.0,0.0,0.0,0.0,0.0,20.400724,0.017797241,777.72815,0.011649069,0.0
19.0,5.0,0.0,1.1518284,0.0,0.0,0.0,0.0,0.9469739,0.0,23.878204,0.0,0.0,0.0,0.0,1.5850402,10.42603,0.0,0.0,0.0,0.0,0.0,0.0,0.0,26.398878,0.025172269,1134.5121,0.04657735,0.0
19.0,6.0,0.0,0.8140223,0.0,0.0,0.0,0.0,0.2589384,0.0,20.846949,0.0,0.0,0.0,0.0,1.6806409,6.363155,0.0,0.0,0.0,0.0,0.0,0.0,0.0,18.01353,0.019289646,854.9556,0.049514588,0.0
19.0,7.0,0.0,1.7248256,0.0,0.0,0.0,0.0,0.59500605,0.0123565085,32.616802,0.0,0.0,0.0,0.0,0.9104445,15.749327,0.0,0.0,0.0,0.0,0.0,0.0,0.0,20.90367,0.022492731,1138.2521,0.07257031,0.0
19.0,8.0,0.0,1.2988036,0.0,0.0,0.0,0.0,1.5926934,0.032130882,3.9552405,0.0,0.0,0.0,0.0,1.0439026,4.337174,0.0,0.0,0.0,0.0,0.0,0.0,0.0,9.386563,0.008481982,357.67657,0.03286308,0.0
19.0,9.0,0.0,0.7071915,0.0,0.0,0.0,0.0,1.9503713,0.008846915,30.393692,0.0,0.0,0.0,0.0,3.001179,7.9656987,0.0,0.0,0.0,0.0,0.0,0.0,0.0,14.667977,0.017327417,846.9589,0.067866944,0.0
19.0,10.0,0.0,2.9658732,0.0,0.0,0.0,0.0,0.94110245,0.027650328,31.634335,0.0,0.0,0.0,0.0,1.0422736,3.0139236,0.0,0.0,0.0,0.0,0.0,0.0,0.0,18.961786,0.018696984,902.5432,0.08491567,0.0
19.0,11.0,2.1498578E-5,1.9855098,0.0,0.0,0.0,0.0,1.3036362,0.08254985,26.076338,0.0,0.0,0.0,0.0,0.8732582,4.3767915,0.0,0.0,0.0,0.0,0.0,0.0,0.0,16.758366,0.0201897,997.67926,0.0932386,0.0
19.0,12.0,3.683299E-4,3.85437,0.0,0.0,0.0,0.0,3.3469772,0.0060370932,11.71868,0.0,0.0,0.0,0.0,0.40474135,16.208038,0.0,0.0,0.0,0.0,0.0,0.0,0.0,9.576755,0.014016529,728.89905,0.06930867,3.8257544E-4
19.0,13.0,3.6518882E-6,0.18708771,0.0,0.0,0.0,0.0,0.55047715,0.004795469,5.1576557,0.0,0.0,0.0,0.0,1.1928433,2.543782,0.0,0.0,0.0,0.0,0.0,0.0,0.0,4.176487,0.004109817,187.79149,0.03726582,0.41317078
19.0,14.0,0.0010690744,1.5459707,0.0,0.0,0.0,0.0,0.6998468,0.031701915,10.383088,0.0,0.0,0.0,0.0,0.91911423,4.772024,0.0,0.0,0.0,0.0,0.0,0.0,0.0,5.1377625,0.006941064,329.22537,0.04700583,1.2600144
19.0,15.0,0.0,0.0,0.0,0.0,0.0,0.0,0.0,0.0,0.0,0.0,0.0,0.0,0.0,0.0,0.0,0.0,0.0,0.0,0.0,0.0,0.0,0.0,0.0,0.0,0.0,0.0,0.0
19.0,16.0,0.0,0.0,0.0,0.0,0.0,0.0,0.0,0.0,0.0,0.0,0.0,0.0,0.0,0.0,0.0,0.0,0.0,0.0,0.0,0.0,0.0,0.0,0.0,0.0,0.0,0.0,0.0
19.0,17.0,0.0,0.0,0.0,0.0,0.0,0.0,0.0,0.0,0.0,0.0,0.0,0.0,0.0,0.0,0.0,0.0,0.0,0.0,0.0,0.0,0.0,0.0,0.0,0.0,0.0,0.0,0.0
19.0,18.0,0.0,0.0,0.0,0.0,0.0,0.0,0.0,0.0,0.0,0.0,0.0,0.0,0.0,0.0,0.0,0.0,0.0,0.0,0.0,0.0,0.0,0.0,0.0,0.0,0.0,0.0,0.0
19.0,19.0,0.0,0.0,0.0,0.0,0.0,0.0,0.0,0.0,0.0,0.0,0.0,0.0,0.0,0.0,0.0,0.0,0.0,0.0,0.0,0.0,0.0,0.0,0.0,0.0,0.0,0.0,0.0
19.0,20.0,0.0,0.0,0.0,0.0,0.0,0.0,0.0,0.0,0.0,0.0,0.0,0.0,0.0,0.0,0.0,0.0,0.0,0.0,0.0,0.0,0.0,0.0,0.0,0.0,0.0,0.0,0.0
19.0,21.0,0.0,0.0,0.0,0.0,0.0,0.0,0.0,0.0,0.0,0.0,0.0,0.0,0.0,0.0,0.0,0.0,0.0,0.0,0.0,0.0,0.0,0.0,0.0,0.0,0.0,0.0,0.0
19.0,22.0,0.0,0.0,0.0,0.0,0.0,0.0,0.0,0.0,0.0,0.0,0.0,0.0,0.0,0.0,0.0,0.0,0.0,0.0,0.0,0.0,0.0,0.0,0.0,0.0,0.0,0.0,0.0
19.0,23.0,0.0,0.0,0.0,0.0,0.0,0.0,0.0,0.0,0.0,0.0,0.0,0.0,0.0,0.0,0.0,0.0,0.0,0.0,0.0,0.0,0.0,0.0,0.0,0.0,0.0,0.0,0.0
19.0,24.0,0.0,0.0,0.0,0.0,0.0,0.0,0.0,0.0,0.0,0.0,0.0,0.0,0.0,0.0,0.0,0.0,0.0,0.0,0.0,0.0,0.0,0.0,0.0,0.0,0.0,0.0,0.0
19.0,25.0,0.0,0.0,0.0,0.0,0.0,0.0,0.0,0.0,0.0,0.0,0.0,0.0,0.0,0.0,0.0,0.0,0.0,0.0,0.0,0.0,0.0,0.0,0.0,0.0,0.0,0.0,0.0
20.0,0.0,0.0,5.445662,0.021863017,0.06304905,14.633457,3.1278213E-4,1.0309209,0.0034824114,54.706615,0.10460299,0.006333103,0.34482697,0.004262431,0.008549389,0.016600963,0.0,0.0,0.0,0.0,3.4507782,12.484733,227.85863,380.73666,0.17572843,19.567074,0.0,0.0
20.0,1.0,0.0,0.27505726,0.0,0.0,0.0,0.0,0.017016742,0.0,7.1564164,0.0,0.0,0.0,0.0,0.33887145,4.992255,0.0,0.0,0.0,0.0,0.0,0.0,0.0,56.502926,0.051269077,165.21721,0.0,0.0
20.0,2.0,0.0,0.52303135,0.0,0.0,0.0,0.0,0.0011019044,0.0,6.2882133,0.0,0.0,0.0,0.0,0.31579658,4.133927,0.0,0.0,0.0,0.0,0.0,0.0,0.0,22.194735,0.015876038,349.34402,4.5394794E-5,0.0
20.0,3.0,0.0,1.2320424,0.0,0.0,0.0,0.0,0.38554677,0.0,23.412127,0.0,0.0,0.0,0.0,0.8866017,19.087847,0.0,0.0,0.0,0.0,0.0,0.0,0.0,31.911865,0.025042217,931.7434,0.0044043944,0.0
20.0,4.0,0.0,1.6020005,0.0,0.0,0.0,0.0,2.1288402,0.0,31.185621,0.0,0.0,0.0,0.0,0.55231196,8.200552,0.0,0.0,0.0,0.0,0.0,0.0,0.0,24.782923,0.021950481,1017.04443,0.015842581,0.0
20.0,5.0,0.0,1.2166663,0.0,0.0,0.0,0.0,0.2480424,0.0,17.837708,0.0,0.0,0.0,0.0,2.5085664,16.79455,0.0,0.0,0.0,0.0,0.0,0.0,0.0,22.603676,0.018813802,864.73254,0.031708356,0.0
20.0,6.0,0.0,3.0290086,0.0,0.0,0.0,0.0,4.7728276,0.012198923,48.000725,0.0,0.0,0.0,0.0,1.9386463,8.383067,0.0,0.0,0.0,0.0,0.0,0.0,0.0,28.17699,0.026893537,1135.0067,0.05839025,0.0
20.0,7.0,0.0,2.0760465,0.0,0.0,0.0,0.0,1.8774022,0.013466571,26.059292,0.0,0.0,0.0,0.0,3.1915212,3.8342826,0.0,0.0,0.0,0.0,0.0,0.0,0.0,20.715034,0.018789252,836.10297,0.06925658,0.0
20.0,8.0,0.0,5.32485,0.0,0.0,0.0,0.0,2.193328,0.0037061418,34.049294,0.0,0.0,0.0,0.0,1.4618665,11.152123,0.0,0.0,0.0,0.0,0.0,0.0,0.0,21.643301,0.024168134,1156.3251,0.08614298,0.0
20.0,9.0,0.0,3.8475087,0.0,0.0,0.0,0.0,0.3540837,0.0017165771,10.210354,0.0,0.0,0.0,0.0,2.0941966,5.092256,0.0,0.0,0.0,0.0,0.0,0.0,0.0,8.038322,0.008475064,352.3853,0.03485378,0.0
20.0,10.0,0.0,2.8607354,0.0,0.0,0.0,0.0,2.0354044,0.04628319,25.408298,0.0,0.0,0.0,0.0,2.2624283,15.923603,0.0,0.0,0.0,0.0,0.0,0.0,0.0,15.156532,0.018020038,796.34607,0.06808007,0.0
20.0,11.0,2.393204E-9,3.182155,0.0,0.0,0.0,0.0,3.404562,0.03840992,18.75707,0.0,0.0,0.0,0.0,2.203237,13.599868,0.0,0.0,0.0,0.0,0.0,0.0,0.0,15.77607,0.018203463,856.77423,0.0897666,1.6668004E-4
20.0,12.0,0.0014379254,2.5729032,0.0,0.0,0.0,0.0,3.4553602,0.06154884,34.37719,0.0,0.0,0.0,0.0,1.4042585,17.048264,0.0,0.0,0.0,0.0,0.0,0.0,0.0,17.279013,0.020789314,917.0045,0.09740951,1.6487087E-4
20.0,13.0,1.6305875E-4,1.0497667,0.0,0.0,0.0,0.0,1.1474855,0.034539033,23.708195,0.0,0.0,0.0,0.0,0.3748327,8.4162445,0.0,0.0,0.0,0.0,0.0,0.0,0.0,11.845787,0.013582357,638.38446,0.07084789,0.0018911891
20.0,14.0,3.0421004E-6,1.4340845,0.0,0.0,0.0,0.0,1.2102501,0.010230158,5.4860168,0.0,0.0,0.0,0.0,0.5189577,7.918073,0.0,0.0,0.0,0.0,0.0,0.0,0.0,2.9984975,0.003823744,190.92542,0.034404665,0.7620319
20.0,15.0,0.0,0.0,0.0,0.0,0.0,0.0,0.0,0.0,0.0,0.0,0.0,0.0,0.0,0.0,0.0,0.0,0.0,0.0,0.0,0.0,0.0,0.0,0.0,0.0,0.0,0.0,0.0
20.0,16.0,0.0,0.0,0.0,0.0,0.0,0.0,0.0,0.0,0.0,0.0,0.0,0.0,0.0,0.0,0.0,0.0,0.0,0.0,0.0,0.0,0.0,0.0,0.0,0.0,0.0,0.0,0.0
20.0,17.0,0.0,0.0,0.0,0.0,0.0,0.0,0.0,0.0,0.0,0.0,0.0,0.0,0.0,0.0,0.0,0.0,0.0,0.0,0.0,0.0,0.0,0.0,0.0,0.0,0.0,0.0,0.0
20.0,18.0,0.0,0.0,0.0,0.0,0.0,0.0,0.0,0.0,0.0,0.0,0.0,0.0,0.0,0.0,0.0,0.0,0.0,0.0,0.0,0.0,0.0,0.0,0.0,0.0,0.0,0.0,0.0
20.0,19.0,0.0,0.0,0.0,0.0,0.0,0.0,0.0,0.0,0.0,0.0,0.0,0.0,0.0,0.0,0.0,0.0,0.0,0.0,0.0,0.0,0.0,0.0,0.0,0.0,0.0,0.0,0.0
20.0,20.0,0.0,0.0,0.0,0.0,0.0,0.0,0.0,0.0,0.0,0.0,0.0,0.0,0.0,0.0,0.0,0.0,0.0,0.0,0.0,0.0,0.0,0.0,0.0,0.0,0.0,0.0,0.0
20.0,21.0,0.0,0.0,0.0,0.0,0.0,0.0,0.0,0.0,0.0,0.0,0.0,0.0,0.0,0.0,0.0,0.0,0.0,0.0,0.0,0.0,0.0,0.0,0.0,0.0,0.0,0.0,0.0
20.0,22.0,0.0,0.0,0.0,0.0,0.0,0.0,0.0,0.0,0.0,0.0,0.0,0.0,0.0,0.0,0.0,0.0,0.0,0.0,0.0,0.0,0.0,0.0,0.0,0.0,0.0,0.0,0.0
20.0,23.0,0.0,0.0,0.0,0.0,0.0,0.0,0.0,0.0,0.0,0.0,0.0,0.0,0.0,0.0,0.0,0.0,0.0,0.0,0.0,0.0,0.0,0.0,0.0,0.0,0.0,0.0,0.0
20.0,24.0,0.0,0.0,0.0,0.0,0.0,0.0,0.0,0.0,0.0,0.0,0.0,0.0,0.0,0.0,0.0,0.0,0.0,0.0,0.0,0.0,0.0,0.0,0.0,0.0,0.0,0.0,0.0
20.0,25.0,0.0,0.0,0.0,0.0,0.0,0.0,0.0,0.0,0.0,0.0,0.0,0.0,0.0,0.0,0.0,0.0,0.0,0.0,0.0,0.0,0.0,0.0,0.0,0.0,0.0,0.0,0.0
