"Mean size of fish (centimeter) by Age class (year). Class i designates interval [i,i+1[."
"Time","Age","lesserSpottedDogfish","redMullet","pouting","whiting","poorCod","cod","dragonet","sole","plaice","horseMackerel","mackerel","herring","sardine","squids","cuttlefish","thornbackRay"
1.0,0.0,16.247139,3.6633124,13.519601,1.8610429,5.412404,16.745852,1.9292644,3.8291228,1.3199422,1.518101,11.210994,4.57592,7.8677244,1.922733,3.7257476,17.062471
1.0,1.0,23.06745,22.11917,24.322876,7.6207623,14.342838,22.556295,16.36871,25.590784,5.6279716,18.400497,27.445494,8.920362,14.384981,2.6220415,24.861069,27.37323
1.0,2.0,30.298326,25.057764,29.348593,31.992395,17.007545,36.361782,21.044466,29.053284,21.323952,20.360209,27.3772,20.625515,20.48954,NaN,NaN,39.097668
1.0,3.0,36.750225,30.048462,32.414413,35.931313,18.753706,47.797092,23.852732,31.499619,25.263256,23.581608,30.744488,23.908846,22.794104,NaN,NaN,48.251686
1.0,4.0,42.367374,33.89077,NaN,37.94793,19.911787,57.40667,25.519592,33.207066,28.669695,26.102667,33.399868,26.127943,23.804579,NaN,NaN,56.044975
1.0,5.0,47.399796,37.129387,NaN,39.034256,NaN,65.60298,26.545742,34.41308,31.51832,28.26828,35.304718,27.652256,24.2402,NaN,NaN,62.901573
1.0,6.0,51.829563,39.834904,NaN,39.599693,NaN,72.35122,NaN,35.253796,33.951347,30.086515,36.808014,28.677454,24.437496,NaN,NaN,68.79598
1.0,7.0,55.757538,42.050316,NaN,39.89872,NaN,77.94055,NaN,35.848083,36.05359,31.636831,37.913033,29.418653,24.526707,NaN,NaN,73.9237
1.0,8.0,59.28767,43.904423,NaN,40.05814,NaN,82.46257,NaN,36.261597,37.819305,32.921684,38.775627,29.905245,24.567255,NaN,NaN,78.37788
1.0,9.0,62.444935,45.454124,NaN,40.14367,NaN,86.20736,NaN,36.554012,39.330215,33.943127,39.4834,30.247122,24.585526,NaN,NaN,82.25357
1.0,10.0,NaN,46.74218,NaN,40.18889,NaN,89.21788,NaN,36.760574,40.611973,34.80568,40.018044,30.477451,24.593174,NaN,NaN,85.6352
1.0,11.0,NaN,NaN,NaN,40.21269,NaN,91.814026,NaN,36.903717,41.706642,35.5454,40.44096,NaN,24.596891,NaN,NaN,88.5644
1.0,12.0,NaN,NaN,NaN,40.225605,NaN,93.92785,NaN,37.006733,42.637737,36.146908,40.773643,NaN,24.598776,NaN,NaN,91.100975
1.0,13.0,NaN,NaN,NaN,40.232197,NaN,95.19394,NaN,37.07849,43.431572,36.647015,41.040623,NaN,24.599329,NaN,NaN,93.31053
1.0,14.0,NaN,NaN,NaN,40.235817,NaN,NaN,NaN,37.129322,44.10662,37.071743,41.245834,NaN,24.599966,NaN,NaN,95.23127
1.0,15.0,NaN,NaN,NaN,40.23767,NaN,NaN,NaN,37.16458,NaN,NaN,41.407047,NaN,NaN,NaN,NaN,96.89836
1.0,16.0,NaN,NaN,NaN,40.23882,NaN,NaN,NaN,37.190014,NaN,NaN,41.53419,NaN,NaN,NaN,NaN,98.34918
1.0,17.0,NaN,NaN,NaN,40.239296,NaN,NaN,NaN,37.207954,NaN,NaN,NaN,NaN,NaN,NaN,NaN,99.610985
1.0,18.0,NaN,NaN,NaN,40.240044,NaN,NaN,NaN,37.22031,NaN,NaN,NaN,NaN,NaN,NaN,NaN,100.70794
1.0,19.0,NaN,NaN,NaN,40.240047,NaN,NaN,NaN,37.229042,NaN,NaN,NaN,NaN,NaN,NaN,NaN,101.659676
1.0,20.0,NaN,NaN,NaN,NaN,NaN,NaN,NaN,NaN,NaN,NaN,NaN,NaN,NaN,NaN,NaN,NaN
1.0,21.0,NaN,NaN,NaN,NaN,NaN,NaN,NaN,NaN,NaN,NaN,NaN,NaN,NaN,NaN,NaN,NaN
1.0,22.0,NaN,NaN,NaN,NaN,NaN,NaN,NaN,NaN,NaN,NaN,NaN,NaN,NaN,NaN,NaN,NaN
1.0,23.0,NaN,NaN,NaN,NaN,NaN,NaN,NaN,NaN,NaN,NaN,NaN,NaN,NaN,NaN,NaN,NaN
1.0,24.0,NaN,NaN,NaN,NaN,NaN,NaN,NaN,NaN,NaN,NaN,NaN,NaN,NaN,NaN,NaN,NaN
1.0,25.0,NaN,NaN,NaN,NaN,NaN,NaN,NaN,NaN,NaN,NaN,NaN,NaN,NaN,NaN,NaN,NaN
2.0,0.0,14.378639,3.2051535,9.033386,1.6812946,1.9829538,1.5013571,1.7277163,2.820855,2.174205,1.4691851,2.6436343,5.8207836,1.6209377,4.4562883,2.3299744,17.603073
2.0,1.0,24.945284,15.000588,27.180912,6.9698186,15.351792,25.42168,6.367668,6.220932,4.3782916,10.781332,29.861027,10.110703,13.049289,3.1667123,13.436522,25.886494
2.0,2.0,30.970911,26.976736,30.335955,11.695217,20.275955,30.11479,20.37845,31.09181,22.920784,22.90659,31.821186,11.6413765,17.581926,NaN,NaN,35.424225
2.0,3.0,37.271896,29.133997,33.079624,33.833122,20.941063,42.49351,23.949017,32.93808,26.918444,24.288593,30.992687,22.79196,21.293432,NaN,NaN,46.008484
2.0,4.0,42.933952,33.401802,NaN,36.900524,21.369886,52.85647,25.67255,34.22946,30.032429,26.73341,33.63732,25.360826,23.194622,NaN,NaN,54.23864
2.0,5.0,47.856117,36.695854,NaN,38.46285,NaN,61.595078,26.64453,35.13044,32.73687,28.697533,35.74439,27.150616,23.968815,NaN,NaN,61.25112
2.0,6.0,52.27296,39.459908,NaN,39.3062,NaN,69.05995,NaN,35.754646,35.010113,30.488718,37.16291,28.378334,24.324495,NaN,NaN,67.42265
2.0,7.0,56.163647,41.77502,NaN,39.74449,NaN,75.20052,NaN,36.20556,36.914627,32.001804,38.300995,29.207111,24.475388,NaN,NaN,72.725006
2.0,8.0,59.614655,43.67785,NaN,39.97585,NaN,80.29011,NaN,36.52031,38.587303,33.276295,39.08248,29.779423,24.54201,NaN,NaN,77.33922
2.0,9.0,62.71456,45.264854,NaN,40.099213,NaN,84.40284,NaN,36.73259,39.97882,34.310215,39.699993,30.141953,24.575403,NaN,NaN,81.34686
2.0,10.0,NaN,46.585808,NaN,40.16553,NaN,87.77633,NaN,36.886578,41.151215,35.106728,40.208603,30.421171,24.589527,NaN,NaN,84.83446
2.0,11.0,NaN,NaN,NaN,40.20048,NaN,90.587326,NaN,36.99227,42.171707,35.785954,40.58863,NaN,24.594997,NaN,NaN,87.877525
2.0,12.0,NaN,NaN,NaN,40.218864,NaN,92.909164,NaN,37.066723,43.027847,36.366653,40.885555,NaN,24.59761,NaN,NaN,90.51336
2.0,13.0,NaN,NaN,NaN,40.228886,NaN,94.7113,NaN,37.12166,43.76999,36.837437,41.134052,NaN,24.599133,NaN,NaN,92.79522
2.0,14.0,NaN,NaN,NaN,40.23394,NaN,NaN,NaN,37.159332,44.40065,37.222454,41.3283,NaN,24.599495,NaN,NaN,94.7834
2.0,15.0,NaN,NaN,NaN,40.23675,NaN,NaN,NaN,37.186787,NaN,NaN,41.47256,NaN,NaN,NaN,NaN,96.51169
2.0,16.0,NaN,NaN,NaN,40.238167,NaN,NaN,NaN,37.204735,NaN,NaN,41.582603,NaN,NaN,NaN,NaN,98.011475
2.0,17.0,NaN,NaN,NaN,40.239082,NaN,NaN,NaN,37.218285,NaN,NaN,NaN,NaN,NaN,NaN,NaN,99.316864
2.0,18.0,NaN,NaN,NaN,40.239433,NaN,NaN,NaN,37.228104,NaN,NaN,NaN,NaN,NaN,NaN,NaN,100.45226
2.0,19.0,NaN,NaN,NaN,40.24013,NaN,NaN,NaN,37.234547,NaN,NaN,NaN,NaN,NaN,NaN,NaN,101.43931
2.0,20.0,NaN,NaN,NaN,NaN,NaN,NaN,NaN,NaN,NaN,NaN,NaN,NaN,NaN,NaN,NaN,NaN
2.0,21.0,NaN,NaN,NaN,NaN,NaN,NaN,NaN,NaN,NaN,NaN,NaN,NaN,NaN,NaN,NaN,NaN
2.0,22.0,NaN,NaN,NaN,NaN,NaN,NaN,NaN,NaN,NaN,NaN,NaN,NaN,NaN,NaN,NaN,NaN
2.0,23.0,NaN,NaN,NaN,NaN,NaN,NaN,NaN,NaN,NaN,NaN,NaN,NaN,NaN,NaN,NaN,NaN
2.0,24.0,NaN,NaN,NaN,NaN,NaN,NaN,NaN,NaN,NaN,NaN,NaN,NaN,NaN,NaN,NaN,NaN
2.0,25.0,NaN,NaN,NaN,NaN,NaN,NaN,NaN,NaN,NaN,NaN,NaN,NaN,NaN,NaN,NaN,NaN
3.0,0.0,14.120167,2.2495854,9.397662,1.7934296,1.9034989,1.7394129,1.6299644,2.838528,1.654624,1.4590819,3.3326643,4.8852277,2.8838923,6.2170286,2.0489023,17.336628
3.0,1.0,22.757524,12.380371,25.679987,8.179614,11.974186,NaN,8.559232,7.6561546,8.466094,8.205699,25.24502,11.7188425,21.72546,17.342579,12.55829,26.35175
3.0,2.0,32.558212,19.234215,32.19396,8.721286,18.295479,32.17338,15.164886,9.980996,15.580182,18.347176,34.155376,12.387582,16.634657,NaN,NaN,33.875862
3.0,3.0,37.93836,30.799511,34.02109,16.369213,23.954332,36.24582,23.033098,34.660015,27.995419,26.811838,35.676777,13.676378,19.047865,NaN,NaN,42.435326
3.0,4.0,43.462536,32.365585,NaN,34.81729,23.395746,47.542683,25.656212,35.4949,31.382456,27.339798,34.032104,24.47615,21.837584,NaN,NaN,52.012035
3.0,5.0,48.41827,36.068565,NaN,37.41888,NaN,57.03957,26.735235,36.02638,33.822254,29.380741,36.046253,26.550667,23.451263,NaN,NaN,59.445118
3.0,6.0,52.73075,38.926296,NaN,38.738285,NaN,65.059,NaN,36.416553,36.036884,30.963572,37.694824,27.982122,24.083834,NaN,NaN,65.778625
3.0,7.0,56.60154,41.30436,NaN,39.451702,NaN,71.91897,NaN,36.648083,37.86171,32.415855,38.6772,28.912376,24.377836,NaN,NaN,71.354324
3.0,8.0,60.014668,43.32894,NaN,39.82199,NaN,77.557076,NaN,36.831955,39.33245,33.626427,39.50512,29.620117,24.499092,NaN,NaN,76.14177
3.0,9.0,63.041885,44.98297,NaN,40.017113,NaN,82.233345,NaN,36.96753,40.657043,34.65704,40.024277,30.061348,24.553389,NaN,NaN,80.30945
3.0,10.0,NaN,46.350014,NaN,40.121204,NaN,86.00763,NaN,37.0501,41.74064,35.46237,40.43187,30.333218,24.580402,NaN,NaN,83.92875
3.0,11.0,NaN,NaN,NaN,40.177227,NaN,89.104,NaN,37.10434,42.659332,36.085617,40.786633,NaN,24.591763,NaN,NaN,87.07887
3.0,12.0,NaN,NaN,NaN,40.206688,NaN,91.68426,NaN,37.145172,43.451355,36.612186,41.036263,NaN,24.595943,NaN,NaN,89.827484
3.0,13.0,NaN,NaN,NaN,40.222164,NaN,93.81498,NaN,37.174606,44.136124,37.05715,41.243443,NaN,24.598114,NaN,NaN,92.20818
3.0,14.0,NaN,NaN,NaN,40.230637,NaN,95.35408,NaN,37.197937,44.695087,37.415375,41.415688,NaN,24.59931,NaN,NaN,94.268555
3.0,15.0,NaN,NaN,NaN,40.23488,NaN,NaN,NaN,37.212826,NaN,NaN,41.552803,NaN,NaN,NaN,NaN,96.06423
3.0,16.0,NaN,NaN,NaN,40.23725,NaN,NaN,NaN,37.225266,NaN,NaN,41.64895,NaN,NaN,NaN,NaN,97.62515
3.0,17.0,NaN,NaN,NaN,40.238434,NaN,NaN,NaN,37.231384,NaN,NaN,NaN,NaN,NaN,NaN,NaN,98.979454
3.0,18.0,NaN,NaN,NaN,40.239223,NaN,NaN,NaN,37.237595,NaN,NaN,NaN,NaN,NaN,NaN,NaN,100.158394
3.0,19.0,NaN,NaN,NaN,40.239525,NaN,NaN,NaN,37.24157,NaN,NaN,NaN,NaN,NaN,NaN,NaN,101.18385
3.0,20.0,NaN,NaN,NaN,NaN,NaN,NaN,NaN,NaN,NaN,NaN,NaN,NaN,NaN,NaN,NaN,NaN
3.0,21.0,NaN,NaN,NaN,NaN,NaN,NaN,NaN,NaN,NaN,NaN,NaN,NaN,NaN,NaN,NaN,NaN
3.0,22.0,NaN,NaN,NaN,NaN,NaN,NaN,NaN,NaN,NaN,NaN,NaN,NaN,NaN,NaN,NaN,NaN
3.0,23.0,NaN,NaN,NaN,NaN,NaN,NaN,NaN,NaN,NaN,NaN,NaN,NaN,NaN,NaN,NaN,NaN
3.0,24.0,NaN,NaN,NaN,NaN,NaN,NaN,NaN,NaN,NaN,NaN,NaN,NaN,NaN,NaN,NaN,NaN
3.0,25.0,NaN,NaN,NaN,NaN,NaN,NaN,NaN,NaN,NaN,NaN,NaN,NaN,NaN,NaN,NaN,NaN
4.0,0.0,13.996596,2.6105301,10.462478,1.9172018,1.8098342,2.2424896,1.6295722,2.9428174,1.5541658,1.461843,3.881977,5.3062024,4.232243,4.0398803,2.2333424,17.318977
4.0,1.0,22.273012,10.527325,25.705051,7.4014826,11.4459915,NaN,10.118488,8.503031,10.533296,10.833875,24.787514,12.936335,15.539193,20.79606,10.482415,25.98374
4.0,2.0,30.402264,14.417948,31.20199,10.452557,16.433338,NaN,12.440447,11.449974,15.92496,14.515564,29.393639,14.001029,25.075018,NaN,NaN,34.22667
4.0,3.0,39.390694,23.534304,35.432762,10.005865,20.59973,37.749855,19.349518,12.984019,20.829014,23.303066,37.800537,14.0217085,18.124096,NaN,NaN,40.84367
4.0,4.0,44.126827,33.86951,NaN,24.177866,26.395075,41.29902,24.685833,37.140976,31.978159,30.175707,38.868366,15.300944,19.701855,NaN,NaN,48.509785
4.0,5.0,48.948673,34.961876,NaN,35.331436,NaN,51.7149,26.674747,37.25703,34.99854,30.119347,36.526497,25.768002,22.196674,NaN,NaN,57.224575
4.0,6.0,53.285175,38.234688,NaN,37.688778,NaN,60.50106,NaN,37.263718,36.914986,31.744032,37.995323,27.457977,23.611174,NaN,NaN,63.96625
4.0,7.0,57.058304,40.72893,NaN,38.881496,NaN,67.924065,NaN,37.283546,38.649426,32.950237,39.265987,28.595457,24.15669,NaN,NaN,69.710014
4.0,8.0,60.445232,42.811337,NaN,39.527138,NaN,74.28363,NaN,37.27145,40.153023,34.07872,39.892857,29.332338,24.40834,NaN,NaN,74.768555
4.0,9.0,63.433792,44.58047,NaN,39.86215,NaN,79.50579,NaN,37.279617,41.27538,35.034554,40.462578,29.913008,24.513563,NaN,NaN,79.108955
4.0,10.0,NaN,46.02805,NaN,40.038513,NaN,83.84003,NaN,37.28004,42.33684,35.84502,40.777843,30.265497,24.559788,NaN,NaN,82.88881
4.0,11.0,NaN,NaN,NaN,40.13259,NaN,87.33423,NaN,37.2666,43.19746,36.452595,41.025337,NaN,24.58337,NaN,NaN,86.17093
4.0,12.0,NaN,NaN,NaN,40.18329,NaN,90.177635,NaN,37.254395,43.887867,36.927937,41.249474,NaN,24.59306,NaN,NaN,89.027954
4.0,13.0,NaN,NaN,NaN,40.209892,NaN,92.61113,NaN,37.251286,44.503895,37.310688,41.4019,NaN,24.596537,NaN,NaN,91.520935
4.0,14.0,NaN,NaN,NaN,40.223866,NaN,94.43861,NaN,37.250072,45.04895,37.63466,41.52869,NaN,24.598368,NaN,NaN,93.680084
4.0,15.0,NaN,NaN,NaN,40.231552,NaN,NaN,NaN,37.25107,NaN,NaN,41.64411,NaN,NaN,NaN,NaN,95.54811
4.0,16.0,NaN,NaN,NaN,40.235363,NaN,NaN,NaN,37.24946,NaN,NaN,41.73121,NaN,NaN,NaN,NaN,97.17658
4.0,17.0,NaN,NaN,NaN,40.23751,NaN,NaN,NaN,37.251568,NaN,NaN,NaN,NaN,NaN,NaN,NaN,98.59216
4.0,18.0,NaN,NaN,NaN,40.238567,NaN,NaN,NaN,37.250015,NaN,NaN,NaN,NaN,NaN,NaN,NaN,99.82014
4.0,19.0,NaN,NaN,NaN,40.239307,NaN,NaN,NaN,37.2505,NaN,NaN,NaN,NaN,NaN,NaN,NaN,100.889244
4.0,20.0,NaN,NaN,NaN,NaN,NaN,NaN,NaN,NaN,NaN,NaN,NaN,NaN,NaN,NaN,NaN,NaN
4.0,21.0,NaN,NaN,NaN,NaN,NaN,NaN,NaN,NaN,NaN,NaN,NaN,NaN,NaN,NaN,NaN,NaN
4.0,22.0,NaN,NaN,NaN,NaN,NaN,NaN,NaN,NaN,NaN,NaN,NaN,NaN,NaN,NaN,NaN,NaN
4.0,23.0,NaN,NaN,NaN,NaN,NaN,NaN,NaN,NaN,NaN,NaN,NaN,NaN,NaN,NaN,NaN,NaN
4.0,24.0,NaN,NaN,NaN,NaN,NaN,NaN,NaN,NaN,NaN,NaN,NaN,NaN,NaN,NaN,NaN,NaN
4.0,25.0,NaN,NaN,NaN,NaN,NaN,NaN,NaN,NaN,NaN,NaN,NaN,NaN,NaN,NaN,NaN,NaN
5.0,0.0,13.594082,2.4119213,10.854164,1.7931496,1.635288,1.9787503,1.6571112,2.9013507,1.5182605,1.4885765,4.1637616,5.2567005,4.325037,5.8535423,2.1163123,17.279507
5.0,1.0,22.36049,10.014899,25.483065,7.42169,11.31062,14.40824,11.247622,10.429871,10.36776,12.71297,24.658451,13.743711,17.252796,21.813747,13.391522,25.755592
5.0,2.0,29.716486,12.335833,30.953598,9.97211,16.809793,NaN,13.288004,12.8502865,17.088394,14.811251,29.289347,15.396273,17.804071,NaN,NaN,33.84991
5.0,3.0,37.34911,16.56361,34.637676,12.177383,18.799374,NaN,14.630422,14.0053,21.30871,18.704506,33.12049,15.7298355,26.904316,NaN,NaN,41.089615
5.0,4.0,45.453175,27.57896,NaN,11.388391,22.307177,42.359913,22.428219,16.15967,23.95843,26.393366,40.817837,15.342737,18.674107,NaN,NaN,46.896122
5.0,5.0,49.621597,36.411327,NaN,31.99691,NaN,45.45606,25.703062,38.845913,35.33837,33.10988,41.610207,16.490702,19.961819,NaN,NaN,53.792137
5.0,6.0,53.825424,37.11244,NaN,35.605247,NaN,55.163025,NaN,38.46143,37.931416,32.53711,38.60449,26.679253,22.341604,NaN,NaN,61.757416
5.0,7.0,57.61261,39.99473,NaN,37.83244,NaN,63.36248,NaN,38.108864,39.49607,33.784008,39.611557,28.110231,23.664417,NaN,NaN,67.89769
5.0,8.0,60.906254,42.195854,NaN,38.95774,NaN,70.2928,NaN,37.874912,40.915894,34.656708,40.53794,29.048449,24.185368,NaN,NaN,73.128654
5.0,9.0,63.86301,44.053238,NaN,39.56731,NaN,76.23865,NaN,37.696293,42.015522,35.525276,40.868153,29.644968,24.419474,NaN,NaN,77.73744
5.0,10.0,NaN,45.621784,NaN,39.883537,NaN,81.11701,NaN,37.57345,42.886387,36.24647,41.23071,30.111515,24.519024,NaN,NaN,81.68907
5.0,11.0,NaN,NaN,NaN,40.049908,NaN,85.168495,NaN,37.489483,43.746857,36.868973,41.395164,NaN,24.56182,NaN,NaN,85.13172
5.0,12.0,NaN,NaN,NaN,40.138657,NaN,88.43117,NaN,37.408318,44.4125,37.307796,41.500057,NaN,24.584543,NaN,NaN,88.12063
5.0,13.0,NaN,NaN,NaN,40.186512,NaN,91.08189,NaN,37.360737,44.913425,37.647808,41.629818,NaN,24.593584,NaN,NaN,90.72278
5.0,14.0,NaN,NaN,NaN,40.211594,NaN,93.360085,NaN,37.32349,45.388165,37.90832,41.69954,NaN,24.59673,NaN,NaN,92.99347
5.0,15.0,NaN,NaN,NaN,40.224777,NaN,95.06359,NaN,37.299572,NaN,NaN,41.762875,NaN,NaN,NaN,NaN,94.95997
5.0,16.0,NaN,NaN,NaN,40.232037,NaN,NaN,NaN,37.287334,NaN,NaN,41.826935,NaN,NaN,NaN,NaN,96.660736
5.0,17.0,NaN,NaN,NaN,40.235622,NaN,NaN,NaN,37.2753,NaN,NaN,NaN,NaN,NaN,NaN,NaN,98.143814
5.0,18.0,NaN,NaN,NaN,40.237644,NaN,NaN,NaN,37.269608,NaN,NaN,NaN,NaN,NaN,NaN,NaN,99.43304
5.0,19.0,NaN,NaN,NaN,40.238655,NaN,NaN,NaN,37.262524,NaN,NaN,NaN,NaN,NaN,NaN,NaN,100.551155
5.0,20.0,NaN,NaN,NaN,NaN,NaN,NaN,NaN,NaN,NaN,NaN,NaN,NaN,NaN,NaN,NaN,NaN
5.0,21.0,NaN,NaN,NaN,NaN,NaN,NaN,NaN,NaN,NaN,NaN,NaN,NaN,NaN,NaN,NaN,NaN
5.0,22.0,NaN,NaN,NaN,NaN,NaN,NaN,NaN,NaN,NaN,NaN,NaN,NaN,NaN,NaN,NaN,NaN
5.0,23.0,NaN,NaN,NaN,NaN,NaN,NaN,NaN,NaN,NaN,NaN,NaN,NaN,NaN,NaN,NaN,NaN
5.0,24.0,NaN,NaN,NaN,NaN,NaN,NaN,NaN,NaN,NaN,NaN,NaN,NaN,NaN,NaN,NaN,NaN
5.0,25.0,NaN,NaN,NaN,NaN,NaN,NaN,NaN,NaN,NaN,NaN,NaN,NaN,NaN,NaN,NaN,NaN
6.0,0.0,13.681546,1.9959407,9.13011,1.8315246,1.6273566,1.8670751,1.8411621,2.858419,1.5035237,1.4317943,3.742679,3.6195323,4.9677987,5.3206673,2.247932,17.187227
6.0,1.0,21.691076,11.859062,25.84762,7.520828,9.530695,13.885275,11.055637,10.433108,13.924482,10.732556,25.657566,15.410844,17.70173,21.471678,13.933458,25.678701
6.0,2.0,29.733334,12.41971,30.495907,9.602594,16.591892,22.119083,13.969443,14.4710865,20.147867,16.073942,29.079199,16.5285,19.53833,NaN,NaN,33.599266
6.0,3.0,36.633343,15.494273,34.299442,12.255141,19.145437,NaN,15.1123905,15.118171,21.509912,18.20954,33.290085,17.239521,19.078722,NaN,NaN,40.735474
6.0,4.0,43.561337,18.81542,NaN,13.198185,20.341427,NaN,15.946737,15.834269,24.956753,21.79264,36.48636,17.166449,27.694227,NaN,NaN,47.05129
6.0,5.0,50.838455,30.792141,NaN,13.009316,NaN,46.170254,23.964094,18.874367,26.600115,29.419361,43.238556,16.38863,18.968025,NaN,NaN,52.161747
6.0,6.0,54.50731,38.500244,NaN,32.900257,NaN,48.889107,NaN,40.031334,38.125423,35.580208,43.694088,17.255415,20.098648,NaN,NaN,58.395615
6.0,7.0,58.162807,38.902046,NaN,35.76356,NaN,58.01389,NaN,39.287964,40.37106,34.54181,40.229538,27.345407,22.429056,NaN,NaN,65.705086
6.0,8.0,61.46147,41.448208,NaN,37.915913,NaN,65.72828,NaN,38.689323,41.635387,35.478184,40.872818,28.581896,23.693214,NaN,NaN,71.32096
6.0,9.0,64.328606,43.417404,NaN,39.002277,NaN,72.25247,NaN,38.28466,42.741478,36.089146,41.53268,29.36273,24.197254,NaN,NaN,76.10559
6.0,10.0,NaN,45.067886,NaN,39.590984,NaN,77.85615,NaN,37.986473,43.565533,36.715164,41.637474,29.860214,24.425436,NaN,NaN,80.32249
6.0,11.0,NaN,NaN,NaN,39.896137,NaN,82.45036,NaN,37.776104,44.2686,37.25596,41.838123,NaN,24.52191,NaN,NaN,83.935555
6.0,12.0,NaN,NaN,NaN,40.05661,NaN,86.26812,NaN,37.631527,44.889736,37.714924,41.87033,NaN,24.563358,NaN,NaN,87.08462
6.0,13.0,NaN,NaN,NaN,40.142227,NaN,89.32799,NaN,37.50785,45.44002,38.027893,41.87373,NaN,24.585066,NaN,NaN,89.81818
6.0,14.0,NaN,NaN,NaN,40.188404,NaN,91.873795,NaN,37.432693,45.76799,38.243828,41.925114,NaN,24.593857,NaN,NaN,92.198456
6.0,15.0,NaN,NaN,NaN,40.21261,NaN,93.98018,NaN,37.372124,NaN,NaN,41.931454,NaN,NaN,NaN,NaN,94.27551
6.0,16.0,NaN,NaN,NaN,40.225315,NaN,95.55088,NaN,37.334274,NaN,NaN,41.943535,NaN,NaN,NaN,NaN,96.074265
6.0,17.0,NaN,NaN,NaN,40.232323,NaN,NaN,NaN,37.31295,NaN,NaN,NaN,NaN,NaN,NaN,NaN,97.6294
6.0,18.0,NaN,NaN,NaN,40.23577,NaN,NaN,NaN,37.293304,NaN,NaN,NaN,NaN,NaN,NaN,NaN,98.98594
6.0,19.0,NaN,NaN,NaN,40.23774,NaN,NaN,NaN,37.28173,NaN,NaN,NaN,NaN,NaN,NaN,NaN,100.16512
6.0,20.0,NaN,NaN,NaN,NaN,NaN,NaN,NaN,NaN,NaN,NaN,NaN,NaN,NaN,NaN,NaN,NaN
6.0,21.0,NaN,NaN,NaN,NaN,NaN,NaN,NaN,NaN,NaN,NaN,NaN,NaN,NaN,NaN,NaN,NaN
6.0,22.0,NaN,NaN,NaN,NaN,NaN,NaN,NaN,NaN,NaN,NaN,NaN,NaN,NaN,NaN,NaN,NaN
6.0,23.0,NaN,NaN,NaN,NaN,NaN,NaN,NaN,NaN,NaN,NaN,NaN,NaN,NaN,NaN,NaN,NaN
6.0,24.0,NaN,NaN,NaN,NaN,NaN,NaN,NaN,NaN,NaN,NaN,NaN,NaN,NaN,NaN,NaN,NaN
6.0,25.0,NaN,NaN,NaN,NaN,NaN,NaN,NaN,NaN,NaN,NaN,NaN,NaN,NaN,NaN,NaN,NaN
7.0,0.0,13.403605,2.052986,9.960389,1.8685111,1.6267086,2.346837,2.342812,2.9875178,1.5022289,1.4640958,3.345486,4.95919,4.90434,5.602802,2.136755,17.227686
7.0,1.0,22.091337,11.67281,25.389082,7.8974614,10.793341,12.695664,10.804819,11.494034,13.414723,10.837738,27.17516,15.991072,19.077248,21.630388,14.118138,25.646671
7.0,2.0,29.113232,14.423465,31.107613,10.23959,17.336948,20.41662,14.455318,14.297245,19.693893,15.065303,30.211046,18.778702,20.007105,NaN,NaN,33.51748
7.0,3.0,36.60062,14.857996,33.723663,11.729525,18.946503,28.26394,15.811883,16.143959,24.504452,19.331663,33.031227,18.78675,20.773335,NaN,NaN,40.471092
7.0,4.0,42.826015,17.789925,NaN,13.699383,20.836014,NaN,16.200401,16.517109,25.230305,21.053778,36.52995,18.759613,19.686714,NaN,NaN,46.716103
7.0,5.0,49.045147,20.97355,NaN,13.999129,NaN,NaN,16.760769,16.910496,28.096989,24.517284,39.27477,18.318558,28.065765,NaN,NaN,52.234356
7.0,6.0,55.61509,33.418934,NaN,14.159208,NaN,49.3202,NaN,20.720266,29.03198,32.05167,45.13697,17.178028,19.172916,NaN,NaN,56.733047
7.0,7.0,58.844833,40.2618,NaN,33.044537,NaN,51.725754,NaN,40.886967,40.547836,37.67957,45.389038,17.905146,20.185125,NaN,NaN,62.38128
7.0,8.0,62.012787,40.394547,NaN,35.83068,NaN,60.37129,NaN,39.894623,42.493603,36.257027,41.53126,27.81639,22.45433,NaN,NaN,69.12671
7.0,9.0,64.87792,42.678383,NaN,37.95022,NaN,67.68472,NaN,39.123276,43.489044,36.90862,41.893845,28.9129,23.704754,NaN,NaN,74.28897
7.0,10.0,NaN,44.452934,NaN,39.02021,NaN,73.871216,NaN,38.581882,44.3103,37.296463,42.329308,29.596098,24.201498,NaN,NaN,78.68635
7.0,11.0,NaN,NaN,NaN,39.600216,NaN,79.1921,NaN,38.194138,44.933907,37.73703,42.247753,NaN,24.42702,NaN,NaN,82.563866
7.0,12.0,NaN,NaN,NaN,39.901047,NaN,83.55117,NaN,37.92386,45.406513,38.115723,42.316284,NaN,24.522352,NaN,NaN,85.88348
7.0,13.0,NaN,NaN,NaN,40.059223,NaN,87.1756,NaN,37.73454,45.880413,38.433006,42.25499,NaN,24.563978,NaN,NaN,88.77793
7.0,14.0,NaN,NaN,NaN,40.14361,NaN,90.057846,NaN,37.57979,46.312313,38.62727,42.171566,NaN,24.585228,NaN,NaN,91.29015
7.0,15.0,NaN,NaN,NaN,40.189148,NaN,92.49319,NaN,37.486324,NaN,NaN,42.15955,NaN,NaN,NaN,NaN,93.478004
7.0,16.0,NaN,NaN,NaN,40.212994,NaN,94.438446,NaN,37.40966,NaN,NaN,42.11606,NaN,NaN,NaN,NaN,95.387276
7.0,17.0,NaN,NaN,NaN,40.22552,NaN,95.76814,NaN,37.36049,NaN,NaN,NaN,NaN,NaN,NaN,NaN,97.04058
7.0,18.0,NaN,NaN,NaN,40.232433,NaN,NaN,NaN,37.33125,NaN,NaN,NaN,NaN,NaN,NaN,NaN,98.46947
7.0,19.0,NaN,NaN,NaN,40.235844,NaN,NaN,NaN,37.306366,NaN,NaN,NaN,NaN,NaN,NaN,NaN,99.71623
7.0,20.0,NaN,NaN,NaN,NaN,NaN,NaN,NaN,NaN,NaN,NaN,NaN,NaN,NaN,NaN,NaN,NaN
7.0,21.0,NaN,NaN,NaN,NaN,NaN,NaN,NaN,NaN,NaN,NaN,NaN,NaN,NaN,NaN,NaN,NaN
7.0,22.0,NaN,NaN,NaN,NaN,NaN,NaN,NaN,NaN,NaN,NaN,NaN,NaN,NaN,NaN,NaN,NaN
7.0,23.0,NaN,NaN,NaN,NaN,NaN,NaN,NaN,NaN,NaN,NaN,NaN,NaN,NaN,NaN,NaN,NaN
7.0,24.0,NaN,NaN,NaN,NaN,NaN,NaN,NaN,NaN,NaN,NaN,NaN,NaN,NaN,NaN,NaN,NaN
7.0,25.0,NaN,NaN,NaN,NaN,NaN,NaN,NaN,NaN,NaN,NaN,NaN,NaN,NaN,NaN,NaN,NaN
8.0,0.0,13.892897,1.791123,10.215826,1.9681505,1.6878184,1.7314211,2.2964468,2.8623025,1.4744422,1.4621637,3.8761022,4.8822308,4.7060337,5.2791553,2.1182778,17.202858
8.0,1.0,21.620893,12.07548,25.195852,7.6478424,8.764055,14.433855,11.053142,10.918787,15.169761,10.285588,27.869228,16.29848,20.015547,20.54538,14.280575,25.6819
8.0,2.0,29.452871,13.925579,30.506138,10.521884,16.580599,22.456161,15.481678,14.874592,19.411133,15.54038,31.804459,19.311588,21.31853,NaN,NaN,33.494633
8.0,3.0,35.97685,16.49918,34.280033,12.338921,19.743574,27.536028,16.131506,16.117384,24.121305,18.521486,33.794014,21.04775,21.05491,NaN,NaN,40.386444
8.0,4.0,42.763683,17.019854,NaN,13.738711,20.692154,33.29673,17.003939,17.6707,28.39781,22.087168,36.13761,20.494347,21.250168,NaN,NaN,46.44153
8.0,5.0,48.328484,20.143694,NaN,14.687778,NaN,NaN,16.996645,17.610207,28.391525,24.173023,39.168167,19.985136,19.738064,NaN,NaN,51.91628
8.0,6.0,53.934204,23.009598,NaN,14.849718,NaN,NaN,NaN,17.830256,30.874342,26.725416,41.298096,19.160194,28.096954,NaN,NaN,56.739838
8.0,7.0,59.867565,35.716446,NaN,15.365928,NaN,51.925613,NaN,22.692343,31.348293,34.295223,46.63616,17.899918,19.434652,NaN,NaN,60.71303
8.0,8.0,62.702827,41.75667,NaN,33.13132,NaN,54.07366,NaN,41.492657,42.57428,39.458496,46.682293,18.348167,20.312244,NaN,NaN,65.8617
8.0,9.0,65.437805,41.63718,NaN,35.881832,NaN,62.32157,NaN,40.31412,44.31591,37.695385,42.545715,28.15396,22.478203,NaN,NaN,72.11115
8.0,10.0,NaN,43.725918,NaN,37.977676,NaN,69.30315,NaN,39.42169,45.0783,38.123287,42.692165,29.148962,23.71536,NaN,NaN,76.87691
8.0,11.0,NaN,NaN,NaN,39.03466,NaN,75.211945,NaN,38.791515,45.682037,38.316463,42.942,NaN,24.204714,NaN,NaN,80.93688
8.0,12.0,NaN,NaN,NaN,39.607956,NaN,80.29873,NaN,38.34527,46.09144,38.584187,42.718456,NaN,24.430094,NaN,NaN,84.51813
8.0,13.0,NaN,NaN,NaN,39.905163,NaN,84.46345,NaN,38.028324,46.416878,38.828922,42.688663,NaN,24.523003,NaN,NaN,87.58177
8.0,14.0,NaN,NaN,NaN,40.061405,NaN,87.92798,NaN,37.80957,46.738594,39.031296,42.549213,NaN,24.564785,NaN,NaN,90.25429
8.0,15.0,NaN,NaN,NaN,40.144783,NaN,90.6799,NaN,37.631744,NaN,NaN,42.402596,NaN,NaN,NaN,NaN,92.57347
8.0,16.0,NaN,NaN,NaN,40.18977,NaN,93.00721,NaN,37.521336,NaN,NaN,42.33952,NaN,NaN,NaN,NaN,94.59359
8.0,17.0,NaN,NaN,NaN,40.21333,NaN,94.79185,NaN,37.43451,NaN,NaN,NaN,NaN,NaN,NaN,NaN,96.35647
8.0,18.0,NaN,NaN,NaN,40.225697,NaN,NaN,NaN,37.37767,NaN,NaN,NaN,NaN,NaN,NaN,NaN,97.88299
8.0,19.0,NaN,NaN,NaN,40.23254,NaN,NaN,NaN,37.343853,NaN,NaN,NaN,NaN,NaN,NaN,NaN,99.201775
8.0,20.0,NaN,NaN,NaN,NaN,NaN,NaN,NaN,NaN,NaN,NaN,NaN,NaN,NaN,NaN,NaN,NaN
8.0,21.0,NaN,NaN,NaN,NaN,NaN,NaN,NaN,NaN,NaN,NaN,NaN,NaN,NaN,NaN,NaN,NaN
8.0,22.0,NaN,NaN,NaN,NaN,NaN,NaN,NaN,NaN,NaN,NaN,NaN,NaN,NaN,NaN,NaN,NaN
8.0,23.0,NaN,NaN,NaN,NaN,NaN,NaN,NaN,NaN,NaN,NaN,NaN,NaN,NaN,NaN,NaN,NaN
8.0,24.0,NaN,NaN,NaN,NaN,NaN,NaN,NaN,NaN,NaN,NaN,NaN,NaN,NaN,NaN,NaN,NaN
8.0,25.0,NaN,NaN,NaN,NaN,NaN,NaN,NaN,NaN,NaN,NaN,NaN,NaN,NaN,NaN,NaN,NaN
9.0,0.0,14.310153,2.0846143,10.259299,2.074658,1.6573881,1.8184121,2.18955,2.9239376,1.4671129,1.5176322,4.052871,3.1806822,3.628913,5.1629124,2.3127575,17.191328
9.0,1.0,22.012493,13.869904,25.120275,7.4121194,12.183821,18.45129,11.349056,10.906145,14.111011,10.687216,26.39178,15.457874,20.838661,20.575857,14.528459,25.69661
9.0,2.0,29.03852,13.835018,30.271414,10.911486,15.637666,21.765968,14.891637,14.488246,21.284103,14.522091,32.056168,19.579248,23.029345,NaN,NaN,33.538296
9.0,3.0,36.301296,15.856009,33.779232,12.276886,19.077934,28.238657,17.11902,16.645723,23.883322,19.464878,35.725727,21.785538,22.618128,NaN,NaN,40.369183
9.0,4.0,42.181736,18.661736,NaN,13.722972,21.470839,32.676823,17.31549,17.597776,27.78469,21.453062,36.818356,22.801521,21.694706,NaN,NaN,46.354916
9.0,5.0,48.217354,19.712006,NaN,14.930449,NaN,36.632416,17.807745,18.918875,31.662882,24.645683,38.684715,21.86969,21.397038,NaN,NaN,51.63113
9.0,6.0,53.20663,22.344006,NaN,15.303417,NaN,NaN,NaN,18.493813,31.227268,27.284605,41.211872,20.925484,19.771822,NaN,NaN,56.43582
9.0,7.0,58.266716,24.931545,NaN,15.522707,NaN,NaN,NaN,18.574203,33.440292,28.692467,42.9828,19.805775,28.1765,NaN,NaN,60.65703
9.0,8.0,63.641907,37.49572,NaN,16.306475,NaN,54.07957,NaN,24.277775,33.4044,36.11754,47.814667,18.356382,19.425009,NaN,NaN,64.16787
9.0,9.0,66.1301,43.01877,NaN,33.16993,NaN,56.01222,NaN,41.92773,44.369877,40.98683,47.74127,18.627148,20.272448,NaN,NaN,68.8734
9.0,10.0,NaN,42.698387,NaN,35.896603,NaN,63.932755,NaN,40.626472,45.91581,38.937027,43.355865,28.392323,22.47234,NaN,NaN,74.69665
9.0,11.0,NaN,NaN,NaN,37.984226,NaN,70.64031,NaN,39.639236,46.479008,39.165466,43.328262,NaN,23.706709,NaN,NaN,79.119644
9.0,12.0,NaN,NaN,NaN,39.037968,NaN,76.318245,NaN,38.942886,46.869957,39.189213,43.439003,NaN,24.200167,NaN,NaN,82.88699
9.0,13.0,NaN,NaN,NaN,39.60947,NaN,81.21178,NaN,38.453037,47.125156,39.310127,43.09844,NaN,24.428785,NaN,NaN,86.211784
9.0,14.0,NaN,NaN,NaN,39.905952,NaN,85.21577,NaN,38.102665,47.28084,39.43584,42.989655,NaN,24.522636,NaN,NaN,89.0537
9.0,15.0,NaN,NaN,NaN,40.061832,NaN,88.54816,NaN,37.863323,NaN,NaN,42.786503,NaN,NaN,NaN,NaN,91.53383
9.0,16.0,NaN,NaN,NaN,40.145004,NaN,91.18864,NaN,37.66857,NaN,NaN,42.589664,NaN,NaN,NaN,NaN,93.68575
9.0,17.0,NaN,NaN,NaN,40.189888,NaN,93.44568,NaN,37.547913,NaN,NaN,NaN,NaN,NaN,NaN,NaN,95.56046
9.0,18.0,NaN,NaN,NaN,40.213387,NaN,95.145515,NaN,37.453426,NaN,NaN,NaN,NaN,NaN,NaN,NaN,97.19658
9.0,19.0,NaN,NaN,NaN,40.225742,NaN,NaN,NaN,37.39045,NaN,NaN,NaN,NaN,NaN,NaN,NaN,98.6132
9.0,20.0,NaN,NaN,NaN,NaN,NaN,NaN,NaN,NaN,NaN,NaN,NaN,NaN,NaN,NaN,NaN,NaN
9.0,21.0,NaN,NaN,NaN,NaN,NaN,NaN,NaN,NaN,NaN,NaN,NaN,NaN,NaN,NaN,NaN,NaN
9.0,22.0,NaN,NaN,NaN,NaN,NaN,NaN,NaN,NaN,NaN,NaN,NaN,NaN,NaN,NaN,NaN,NaN
9.0,23.0,NaN,NaN,NaN,NaN,NaN,NaN,NaN,NaN,NaN,NaN,NaN,NaN,NaN,NaN,NaN,NaN
9.0,24.0,NaN,NaN,NaN,NaN,NaN,NaN,NaN,NaN,NaN,NaN,NaN,NaN,NaN,NaN,NaN,NaN
9.0,25.0,NaN,NaN,NaN,NaN,NaN,NaN,NaN,NaN,NaN,NaN,NaN,NaN,NaN,NaN,NaN,NaN
10.0,0.0,14.183072,2.6447036,10.028382,2.1809323,1.6429628,1.8246301,2.463448,2.7257707,1.4720048,1.5154759,4.1481395,5.2860026,3.4711723,5.5860987,2.1652968,17.255156
10.0,1.0,22.450384,11.138782,25.58103,8.029499,10.0451565,13.056612,12.118672,10.984993,10.379839,10.655352,26.682404,15.5000925,21.272999,21.039734,14.774664,25.656622
10.0,2.0,29.33821,16.577667,30.29681,9.8982525,16.825172,25.188738,15.479763,15.014758,19.81369,16.45943,30.83869,18.669193,23.36184,NaN,NaN,33.537197
10.0,3.0,35.937187,16.30484,33.656097,13.261,18.085836,27.995264,16.694084,16.473291,25.844004,19.560003,35.774586,22.152523,24.354567,NaN,NaN,40.406857
10.0,4.0,42.48937,18.366444,NaN,13.698533,20.787836,33.2648,18.241386,18.084118,27.370306,22.814299,38.870262,23.904865,23.085121,NaN,NaN,46.34165
10.0,5.0,47.691906,20.777449,NaN,14.607677,NaN,36.841057,18.049377,18.808014,30.817154,23.957777,39.30675,24.220177,21.895472,NaN,NaN,51.54282
10.0,6.0,53.07126,21.734068,NaN,15.571012,NaN,NaN,NaN,19.89341,34.347065,26.89457,40.735176,22.775593,21.326902,NaN,NaN,56.143093
10.0,7.0,57.55,24.161587,NaN,16.094528,NaN,NaN,NaN,19.13189,33.640804,29.334879,42.884182,21.552162,19.614819,NaN,NaN,60.365906
10.0,8.0,62.1277,26.574766,NaN,15.980661,NaN,NaN,NaN,19.188236,35.490852,30.510017,44.423515,20.273615,28.149902,NaN,NaN,64.06227
10.0,9.0,67.0003,38.96092,NaN,17.254608,NaN,55.8613,NaN,25.929071,35.254227,37.65757,48.75368,18.76594,19.495388,NaN,NaN,67.17533
10.0,10.0,NaN,44.06676,NaN,33.197308,NaN,57.61819,NaN,42.228043,45.86873,42.281506,48.538307,18.923567,20.310326,NaN,NaN,71.50254
10.0,11.0,NaN,NaN,NaN,35.918514,NaN,65.26679,NaN,40.83794,47.23104,39.989067,43.987186,NaN,22.46744,NaN,NaN,76.95144
10.0,12.0,NaN,NaN,NaN,37.994053,NaN,71.74734,NaN,39.787315,47.6391,40.046093,43.823513,NaN,23.707035,NaN,NaN,81.07497
10.0,13.0,NaN,NaN,NaN,39.043385,NaN,77.235306,NaN,39.043083,47.849586,39.919933,43.81984,NaN,24.202969,NaN,NaN,84.58737
10.0,14.0,NaN,NaN,NaN,39.612347,NaN,81.96871,NaN,38.526558,47.97362,39.920284,43.393486,NaN,24.430471,NaN,NaN,87.68835
10.0,15.0,NaN,NaN,NaN,39.907463,NaN,85.83975,NaN,38.148827,NaN,NaN,43.221424,NaN,NaN,NaN,NaN,90.336876
10.0,16.0,NaN,NaN,NaN,40.062634,NaN,89.06277,NaN,37.90049,NaN,NaN,42.968933,NaN,NaN,NaN,NaN,92.6493
10.0,17.0,NaN,NaN,NaN,40.145435,NaN,91.57935,NaN,37.693317,NaN,NaN,NaN,NaN,NaN,NaN,NaN,94.65538
10.0,18.0,NaN,NaN,NaN,40.190113,NaN,93.804924,NaN,37.565437,NaN,NaN,NaN,NaN,NaN,NaN,NaN,96.40337
10.0,19.0,NaN,NaN,NaN,40.21352,NaN,95.41448,NaN,37.46622,NaN,NaN,NaN,NaN,NaN,NaN,NaN,97.928894
10.0,20.0,NaN,NaN,NaN,NaN,NaN,NaN,NaN,NaN,NaN,NaN,NaN,NaN,NaN,NaN,NaN,NaN
10.0,21.0,NaN,NaN,NaN,NaN,NaN,NaN,NaN,NaN,NaN,NaN,NaN,NaN,NaN,NaN,NaN,NaN
10.0,22.0,NaN,NaN,NaN,NaN,NaN,NaN,NaN,NaN,NaN,NaN,NaN,NaN,NaN,NaN,NaN,NaN
10.0,23.0,NaN,NaN,NaN,NaN,NaN,NaN,NaN,NaN,NaN,NaN,NaN,NaN,NaN,NaN,NaN,NaN
10.0,24.0,NaN,NaN,NaN,NaN,NaN,NaN,NaN,NaN,NaN,NaN,NaN,NaN,NaN,NaN,NaN,NaN
10.0,25.0,NaN,NaN,NaN,NaN,NaN,NaN,NaN,NaN,NaN,NaN,NaN,NaN,NaN,NaN,NaN,NaN
11.0,0.0,14.2128,3.367028,9.837726,2.1341984,1.6376598,1.7669287,2.2272344,2.8762224,1.4268243,1.4985076,3.988021,3.835072,4.7491527,5.363019,2.2823687,17.166386
11.0,1.0,22.359789,11.886883,25.2597,8.240659,9.84501,11.160263,11.693313,11.7055645,15.084234,12.630909,27.626719,15.849275,19.93547,18.78006,13.793936,25.719082
11.0,2.0,29.819548,15.1310215,30.534561,10.580346,16.540583,22.799255,14.528399,14.892875,19.678066,15.455545,31.219381,19.094776,24.121729,NaN,NaN,33.51977
11.0,3.0,36.216846,18.745596,33.499397,12.728147,19.01119,30.73899,17.59213,16.808805,24.003403,20.031822,34.62718,21.286366,24.840048,NaN,NaN,40.407566
11.0,4.0,42.155056,18.465343,NaN,14.851301,19.770464,33.07059,18.236542,17.943748,29.939556,22.438923,38.76166,24.223316,25.070822,NaN,NaN,46.375065
11.0,5.0,47.96718,20.368422,NaN,14.742497,NaN,37.34534,18.992746,19.218004,30.281204,25.196703,41.471634,25.341452,23.50721,NaN,NaN,51.532627
11.0,6.0,52.580154,22.861275,NaN,15.212825,NaN,40.285854,NaN,19.67898,33.451435,26.076838,41.288216,25.19842,22.183168,NaN,NaN,56.053288
11.0,7.0,57.37584,23.532877,NaN,15.908448,NaN,NaN,NaN,20.70423,36.706947,28.87011,42.313705,23.462301,21.163706,NaN,NaN,60.06527
11.0,8.0,61.40254,25.90635,NaN,16.629301,NaN,NaN,NaN,19.663633,35.80071,31.198019,44.185215,22.006336,19.457237,NaN,NaN,63.78166
11.0,9.0,65.549034,27.830189,NaN,16.226933,NaN,NaN,NaN,19.695486,37.38335,32.06965,45.43612,20.577785,28.297087,NaN,NaN,67.02276
11.0,10.0,NaN,40.13539,NaN,17.741812,NaN,57.334198,NaN,27.37549,36.927444,39.111458,49.4838,18.972301,19.45713,NaN,NaN,69.78642
11.0,11.0,NaN,NaN,NaN,33.204277,NaN,58.942795,NaN,42.44473,47.153217,43.38363,49.235664,NaN,20.240902,NaN,NaN,73.77834
11.0,12.0,NaN,NaN,NaN,35.919975,NaN,66.36779,NaN,40.98857,48.37764,40.875977,44.49403,NaN,22.444832,NaN,NaN,78.90519
11.0,13.0,NaN,NaN,NaN,37.99222,NaN,72.661125,NaN,39.89406,48.61184,40.789795,44.21656,NaN,23.69531,NaN,NaN,82.76971
11.0,14.0,NaN,NaN,NaN,39.042366,NaN,77.99118,NaN,39.120247,48.70394,40.540287,44.134098,NaN,24.198002,NaN,NaN,86.06097
11.0,15.0,NaN,NaN,NaN,39.61175,NaN,82.59254,NaN,38.581757,NaN,NaN,43.63624,NaN,NaN,NaN,NaN,88.96817
11.0,16.0,NaN,NaN,NaN,39.907116,NaN,86.35373,NaN,38.187347,NaN,NaN,43.41354,NaN,NaN,NaN,NaN,91.449135
11.0,17.0,NaN,NaN,NaN,40.06245,NaN,89.486465,NaN,37.928246,NaN,NaN,NaN,NaN,NaN,NaN,NaN,93.61618
11.0,18.0,NaN,NaN,NaN,40.145325,NaN,91.92827,NaN,37.71185,NaN,NaN,NaN,NaN,NaN,NaN,NaN,95.4959
11.0,19.0,NaN,NaN,NaN,40.190075,NaN,94.05507,NaN,37.578262,NaN,NaN,NaN,NaN,NaN,NaN,NaN,97.13401
11.0,20.0,NaN,NaN,NaN,NaN,NaN,95.49995,NaN,NaN,NaN,NaN,NaN,NaN,NaN,NaN,NaN,NaN
11.0,21.0,NaN,NaN,NaN,NaN,NaN,NaN,NaN,NaN,NaN,NaN,NaN,NaN,NaN,NaN,NaN,NaN
11.0,22.0,NaN,NaN,NaN,NaN,NaN,NaN,NaN,NaN,NaN,NaN,NaN,NaN,NaN,NaN,NaN,NaN
11.0,23.0,NaN,NaN,NaN,NaN,NaN,NaN,NaN,NaN,NaN,NaN,NaN,NaN,NaN,NaN,NaN,NaN
11.0,24.0,NaN,NaN,NaN,NaN,NaN,NaN,NaN,NaN,NaN,NaN,NaN,NaN,NaN,NaN,NaN,NaN
11.0,25.0,NaN,NaN,NaN,NaN,NaN,NaN,NaN,NaN,NaN,NaN,NaN,NaN,NaN,NaN,NaN,NaN
12.0,0.0,14.059701,4.117448,10.080191,2.1024153,1.7098337,2.069476,2.3910658,2.7585516,1.4256276,1.4667325,3.804721,3.7453477,4.379556,5.281042,2.1495147,17.17737
12.0,1.0,22.412222,10.705718,25.549166,8.282988,9.85481,13.475405,12.807978,11.253787,7.163622,10.43032,27.577759,14.486802,19.744669,20.674723,15.55961,25.640245
12.0,2.0,29.688015,15.069075,30.220045,10.518357,16.460413,19.776295,15.070389,15.070923,20.454716,16.954018,32.479706,18.941936,22.764297,NaN,NaN,33.587505
12.0,3.0,36.644947,17.780893,33.732853,12.8402,18.925278,29.00056,16.19045,16.91889,24.015808,18.743578,35.01129,21.880054,25.59444,NaN,NaN,40.390617
12.0,4.0,42.416363,21.120241,NaN,14.537174,20.631525,35.32433,19.03572,18.3165,27.835873,22.63279,37.891144,23.094574,25.604225,NaN,NaN,46.37642
12.0,5.0,47.671597,20.523003,NaN,15.827114,NaN,37.260983,19.2679,19.118904,33.393826,24.91944,41.31386,25.588736,25.443888,NaN,NaN,51.563644
12.0,6.0,52.835567,22.431105,NaN,15.368146,NaN,40.709908,NaN,20.149395,32.84744,27.3323,43.49262,26.333624,23.748774,NaN,NaN,56.046436
12.0,7.0,56.925575,24.86849,NaN,15.62576,NaN,43.12422,NaN,20.42299,35.779804,28.096138,42.827072,25.896887,22.501013,NaN,NaN,59.974403
12.0,8.0,61.205746,25.419395,NaN,16.234198,NaN,NaN,NaN,21.45766,38.87196,30.572721,43.593956,23.915321,20.965261,NaN,NaN,63.475243
12.0,9.0,64.83008,27.420898,NaN,17.078936,NaN,NaN,NaN,20.065477,37.661594,32.918434,45.2144,22.295994,19.323772,NaN,NaN,66.7517
12.0,10.0,NaN,28.907982,NaN,16.520092,NaN,NaN,NaN,20.193197,39.023365,33.434708,46.3758,20.78428,28.319033,NaN,NaN,69.59641
12.0,11.0,NaN,NaN,NaN,18.329708,NaN,58.552494,NaN,29.187346,38.515522,40.244137,50.0641,NaN,19.431019,NaN,NaN,72.0584
12.0,12.0,NaN,NaN,NaN,33.212677,NaN,60.039967,NaN,42.594658,48.28391,44.294277,49.71596,NaN,20.213675,NaN,NaN,75.76252
12.0,13.0,NaN,NaN,NaN,35.92563,NaN,67.279396,NaN,41.096073,49.358322,41.61123,44.887688,NaN,22.452341,NaN,NaN,80.60742
12.0,14.0,NaN,NaN,NaN,37.99422,NaN,73.41765,NaN,39.9738,49.479427,41.40253,44.522686,NaN,23.7013,NaN,NaN,84.245995
12.0,15.0,NaN,NaN,NaN,39.043198,NaN,78.61755,NaN,39.171017,NaN,NaN,44.36689,NaN,NaN,NaN,NaN,87.34473
12.0,16.0,NaN,NaN,NaN,39.612198,NaN,83.10952,NaN,38.6197,NaN,NaN,43.817844,NaN,NaN,NaN,NaN,90.083
12.0,17.0,NaN,NaN,NaN,39.90739,NaN,86.77985,NaN,38.21265,NaN,NaN,NaN,NaN,NaN,NaN,NaN,92.41798
12.0,18.0,NaN,NaN,NaN,40.06257,NaN,89.82541,NaN,37.946854,NaN,NaN,NaN,NaN,NaN,NaN,NaN,94.45841
12.0,19.0,NaN,NaN,NaN,40.145412,NaN,92.25466,NaN,37.725468,NaN,NaN,NaN,NaN,NaN,NaN,NaN,96.228035
12.0,20.0,NaN,NaN,NaN,NaN,NaN,94.20409,NaN,NaN,NaN,NaN,NaN,NaN,NaN,NaN,NaN,NaN
12.0,21.0,NaN,NaN,NaN,NaN,NaN,NaN,NaN,NaN,NaN,NaN,NaN,NaN,NaN,NaN,NaN,NaN
12.0,22.0,NaN,NaN,NaN,NaN,NaN,NaN,NaN,NaN,NaN,NaN,NaN,NaN,NaN,NaN,NaN,NaN
12.0,23.0,NaN,NaN,NaN,NaN,NaN,NaN,NaN,NaN,NaN,NaN,NaN,NaN,NaN,NaN,NaN,NaN
12.0,24.0,NaN,NaN,NaN,NaN,NaN,NaN,NaN,NaN,NaN,NaN,NaN,NaN,NaN,NaN,NaN,NaN
12.0,25.0,NaN,NaN,NaN,NaN,NaN,NaN,NaN,NaN,NaN,NaN,NaN,NaN,NaN,NaN,NaN,NaN
13.0,0.0,14.052173,3.184412,9.657533,2.2357583,1.7051287,2.108986,2.0834088,2.7220812,1.4245238,1.4430287,3.9341116,3.6922164,3.593983,5.2699385,2.1693518,17.225628
13.0,1.0,22.58082,12.73753,25.264435,8.348948,12.035816,11.8222885,13.371644,12.2547,14.404337,13.086897,27.073574,14.704901,20.39481,20.7709,14.337224,25.692772
13.0,2.0,29.910002,14.308181,30.27354,10.811718,16.71182,21.970564,16.215857,15.443124,20.772627,15.113301,32.18678,17.822376,22.036072,NaN,NaN,33.5305
13.0,3.0,36.542873,17.206644,33.37593,12.728111,19.075418,26.361609,17.023216,16.901436,24.234959,19.970634,36.49453,21.409975,24.298494,NaN,NaN,40.45353
13.0,4.0,42.793438,20.321283,NaN,14.46193,20.569061,33.57579,17.829865,18.493946,27.582006,21.713558,38.147366,23.93113,26.496292,NaN,NaN,46.361134
13.0,5.0,47.90874,23.518206,NaN,15.391952,NaN,39.124283,20.093927,19.554491,31.016104,25.084675,40.41676,24.457178,26.129004,NaN,NaN,51.565636
13.0,6.0,52.571606,22.550762,NaN,16.313002,NaN,40.735886,NaN,20.18726,36.20517,27.333963,43.304497,26.549997,25.655544,NaN,NaN,56.07439
13.0,7.0,57.16368,24.465002,NaN,15.917426,NaN,43.482597,NaN,20.92877,35.130905,29.3318,45.135517,27.03376,23.802282,NaN,NaN,59.970543
13.0,8.0,60.7891,26.46501,NaN,15.942536,NaN,45.46892,NaN,21.090982,37.850067,29.899387,44.06944,26.375496,22.431755,NaN,NaN,63.383263
13.0,9.0,64.60971,26.832346,NaN,16.552946,NaN,NaN,NaN,22.157436,40.695778,32.105175,44.589203,24.276737,20.790367,NaN,NaN,66.43972
13.0,10.0,NaN,28.666027,NaN,17.375376,NaN,NaN,NaN,20.399788,39.20141,34.25206,46.03751,22.498343,19.25527,NaN,NaN,69.33368
13.0,11.0,NaN,NaN,NaN,16.846977,NaN,NaN,NaN,20.724842,40.375607,34.61813,47.029884,NaN,28.230309,NaN,NaN,71.83384
13.0,12.0,NaN,NaN,NaN,18.589748,NaN,59.559967,NaN,30.829351,39.947456,41.2511,50.514854,NaN,19.443329,NaN,NaN,74.03343
13.0,13.0,NaN,NaN,NaN,33.219494,NaN,60.947186,NaN,42.703007,49.238674,45.062996,50.13846,NaN,20.198631,NaN,NaN,77.48706
13.0,14.0,NaN,NaN,NaN,35.93053,NaN,68.03318,NaN,41.175274,50.241005,42.239887,45.20149,NaN,22.436726,NaN,NaN,82.087006
13.0,15.0,NaN,NaN,NaN,37.99574,NaN,74.043205,NaN,40.02878,NaN,NaN,44.767433,NaN,NaN,NaN,NaN,85.529205
13.0,16.0,NaN,NaN,NaN,39.04355,NaN,79.13547,NaN,39.208626,NaN,NaN,44.56146,NaN,NaN,NaN,NaN,88.46056
13.0,17.0,NaN,NaN,NaN,39.61233,NaN,83.537,NaN,38.64701,NaN,NaN,NaN,NaN,NaN,NaN,NaN,91.05202
13.0,18.0,NaN,NaN,NaN,39.907497,NaN,87.132164,NaN,38.231796,NaN,NaN,NaN,NaN,NaN,NaN,NaN,93.26012
13.0,19.0,NaN,NaN,NaN,40.062634,NaN,90.09956,NaN,37.960106,NaN,NaN,NaN,NaN,NaN,NaN,NaN,95.1905
13.0,20.0,NaN,NaN,NaN,NaN,NaN,92.497406,NaN,NaN,NaN,NaN,NaN,NaN,NaN,NaN,NaN,NaN
13.0,21.0,NaN,NaN,NaN,NaN,NaN,94.40381,NaN,NaN,NaN,NaN,NaN,NaN,NaN,NaN,NaN,NaN
13.0,22.0,NaN,NaN,NaN,NaN,NaN,NaN,NaN,NaN,NaN,NaN,NaN,NaN,NaN,NaN,NaN,NaN
13.0,23.0,NaN,NaN,NaN,NaN,NaN,NaN,NaN,NaN,NaN,NaN,NaN,NaN,NaN,NaN,NaN,NaN
13.0,24.0,NaN,NaN,NaN,NaN,NaN,NaN,NaN,NaN,NaN,NaN,NaN,NaN,NaN,NaN,NaN,NaN
13.0,25.0,NaN,NaN,NaN,NaN,NaN,NaN,NaN,NaN,NaN,NaN,NaN,NaN,NaN,NaN,NaN,NaN
14.0,0.0,13.957851,2.3861077,9.646591,2.1805458,1.713024,2.0251777,1.9962912,2.983755,1.4508027,1.4682447,3.4117599,5.276511,3.1716423,5.719828,2.2823622,17.013786
14.0,1.0,22.389639,13.633637,25.973745,7.996665,6.90104,15.0078535,10.314456,12.054267,13.605334,9.328674,26.048328,14.276764,21.159885,20.846495,13.524562,25.801142
14.0,2.0,30.061836,14.841335,30.342257,10.765919,17.523342,20.054802,16.93658,15.990542,20.076529,16.517273,31.480505,17.77587,23.078289,NaN,NaN,33.60312
14.0,3.0,36.79838,16.43685,33.513992,13.251637,19.371687,28.19002,17.877787,17.364624,25.208452,18.34955,35.93947,20.172964,23.314188,NaN,NaN,40.398254
14.0,4.0,42.701622,19.239029,NaN,14.171452,20.779379,31.620861,18.31297,18.70783,27.429422,22.641285,39.5852,23.265821,25.113552,NaN,NaN,46.419094
14.0,5.0,48.244396,22.660133,NaN,15.295428,NaN,37.36057,18.7061,19.825726,30.72432,24.27615,40.745678,25.382555,26.770546,NaN,NaN,51.55126
14.0,6.0,52.79121,25.634111,NaN,15.935462,NaN,42.259598,NaN,20.662899,33.6732,27.301048,42.437946,25.420376,26.239588,NaN,NaN,56.077038
14.0,7.0,56.931755,24.386234,NaN,16.655107,NaN,43.58986,NaN,21.175741,38.407806,29.419758,44.937775,27.274878,25.719141,NaN,NaN,59.995556
14.0,8.0,61.01493,25.969656,NaN,16.325878,NaN,45.770737,NaN,21.625656,37.146,31.149622,46.356182,27.473225,24.41204,NaN,NaN,63.38211
14.0,9.0,64.2262,27.762442,NaN,16.18973,NaN,47.40377,NaN,21.594069,39.603115,31.534168,45.01946,26.716146,23.705698,NaN,NaN,66.34671
14.0,10.0,NaN,27.967976,NaN,16.699902,NaN,NaN,NaN,22.79173,42.179066,33.41338,45.380123,24.537018,20.886385,NaN,NaN,69.0172
14.0,11.0,NaN,NaN,NaN,17.471016,NaN,NaN,NaN,20.656551,40.56936,35.44875,46.676983,NaN,19.253866,NaN,NaN,71.57909
14.0,12.0,NaN,NaN,NaN,17.030066,NaN,NaN,NaN,21.326105,41.587418,35.58507,47.560295,NaN,28.20155,NaN,NaN,73.779015
14.0,13.0,NaN,NaN,NaN,18.940426,NaN,60.393612,NaN,32.473537,41.173737,42.13525,50.878567,NaN,19.577074,NaN,NaN,75.75301
14.0,14.0,NaN,NaN,NaN,33.232723,NaN,61.701607,NaN,42.777763,50.12805,45.704502,50.41411,NaN,20.278475,NaN,NaN,78.99429
14.0,15.0,NaN,NaN,NaN,35.94516,NaN,68.6594,NaN,41.23166,NaN,NaN,45.44015,NaN,NaN,NaN,NaN,83.3787
14.0,16.0,NaN,NaN,NaN,38.00453,NaN,74.56276,NaN,40.060986,NaN,NaN,44.95826,NaN,NaN,NaN,NaN,86.649086
14.0,17.0,NaN,NaN,NaN,39.04777,NaN,79.5666,NaN,39.234196,NaN,NaN,NaN,NaN,NaN,NaN,NaN,89.43454
14.0,18.0,NaN,NaN,NaN,39.61476,NaN,83.89289,NaN,38.664753,NaN,NaN,NaN,NaN,NaN,NaN,NaN,91.8977
14.0,19.0,NaN,NaN,NaN,39.908802,NaN,87.42573,NaN,38.244125,NaN,NaN,NaN,NaN,NaN,NaN,NaN,93.99501
14.0,20.0,NaN,NaN,NaN,NaN,NaN,90.34181,NaN,NaN,NaN,NaN,NaN,NaN,NaN,NaN,NaN,NaN
14.0,21.0,NaN,NaN,NaN,NaN,NaN,92.69789,NaN,NaN,NaN,NaN,NaN,NaN,NaN,NaN,NaN,NaN
14.0,22.0,NaN,NaN,NaN,NaN,NaN,94.56875,NaN,NaN,NaN,NaN,NaN,NaN,NaN,NaN,NaN,NaN
14.0,23.0,NaN,NaN,NaN,NaN,NaN,NaN,NaN,NaN,NaN,NaN,NaN,NaN,NaN,NaN,NaN,NaN
14.0,24.0,NaN,NaN,NaN,NaN,NaN,NaN,NaN,NaN,NaN,NaN,NaN,NaN,NaN,NaN,NaN,NaN
14.0,25.0,NaN,NaN,NaN,NaN,NaN,NaN,NaN,NaN,NaN,NaN,NaN,NaN,NaN,NaN,NaN,NaN
15.0,0.0,13.661949,2.1017752,9.303135,2.1375442,1.734085,1.8847951,2.0397155,3.0073283,1.5059516,1.4680768,3.4613822,4.380118,3.8678045,5.089968,2.137885,17.060211
15.0,1.0,21.95845,13.19152,24.877836,8.227963,10.520245,12.9520035,11.512051,11.590583,12.061034,11.942274,25.729422,13.970087,21.349503,18.24535,14.91035,25.510239
15.0,2.0,29.676352,15.885161,30.732645,10.088552,17.02686,22.327868,14.111156,15.488943,21.906546,16.126858,30.4792,17.38997,24.048628,NaN,NaN,33.69586
15.0,3.0,36.950706,16.521605,33.52545,13.368831,20.053179,26.454754,18.9523,17.831112,24.274529,19.57222,35.32084,19.767605,24.536919,NaN,NaN,40.47281
15.0,4.0,42.959946,18.217514,NaN,14.854854,21.104729,33.148346,19.0321,18.896711,29.050097,20.906826,39.062885,21.889841,23.933434,NaN,NaN,46.367207
15.0,5.0,48.161865,21.090382,NaN,14.894054,NaN,36.04329,19.18863,20.09615,30.234364,25.104042,42.049683,24.555542,25.443611,NaN,NaN,51.60561
15.0,6.0,53.09018,24.8669,NaN,15.795394,NaN,40.48762,NaN,20.800125,33.4562,26.57258,42.77284,26.333195,26.888233,NaN,NaN,56.063168
15.0,7.0,57.132214,27.414614,NaN,16.210827,NaN,44.852047,NaN,21.56077,36.05157,29.342186,44.061478,26.120817,26.304884,NaN,NaN,59.999134
15.0,8.0,60.80741,25.891756,NaN,16.822788,NaN,45.947586,NaN,21.960527,40.616947,31.388386,46.24851,27.76537,25.760025,NaN,NaN,63.40433
15.0,9.0,64.43797,27.305109,NaN,16.514849,NaN,47.632347,NaN,22.153933,39.091568,32.76189,47.31288,27.778141,24.907263,NaN,NaN,66.34801
15.0,10.0,NaN,28.773064,NaN,16.447777,NaN,49.003414,NaN,22.088894,41.111916,32.94969,45.75695,26.910797,24.01113,NaN,NaN,68.92297
15.0,11.0,NaN,NaN,NaN,16.844345,NaN,NaN,NaN,23.264816,43.42292,34.61759,46.010418,NaN,20.511736,NaN,NaN,71.25806
15.0,12.0,NaN,NaN,NaN,17.517998,NaN,NaN,NaN,20.90992,41.760624,36.47803,47.17242,NaN,19.086876,NaN,NaN,73.53145
15.0,13.0,NaN,NaN,NaN,17.16191,NaN,NaN,NaN,21.904259,42.55955,36.449852,47.972397,NaN,28.124575,NaN,NaN,75.47012
15.0,14.0,NaN,NaN,NaN,19.126804,NaN,61.083263,NaN,33.756176,42.142143,42.85661,51.167603,NaN,19.568316,NaN,NaN,77.24891
15.0,15.0,NaN,NaN,NaN,33.2477,NaN,62.327858,NaN,42.826958,NaN,NaN,50.618286,NaN,NaN,NaN,NaN,80.30793
15.0,16.0,NaN,NaN,NaN,35.962692,NaN,69.178925,NaN,41.266422,NaN,NaN,45.626484,NaN,NaN,NaN,NaN,84.503914
15.0,17.0,NaN,NaN,NaN,38.0153,NaN,74.99375,NaN,40.082546,NaN,NaN,NaN,NaN,NaN,NaN,NaN,87.6245
15.0,18.0,NaN,NaN,NaN,39.053127,NaN,79.924614,NaN,39.25237,NaN,NaN,NaN,NaN,NaN,NaN,NaN,90.282936
15.0,19.0,NaN,NaN,NaN,39.61784,NaN,84.18848,NaN,38.6768,NaN,NaN,NaN,NaN,NaN,NaN,NaN,92.63427
15.0,20.0,NaN,NaN,NaN,NaN,NaN,87.66966,NaN,NaN,NaN,NaN,NaN,NaN,NaN,NaN,NaN,NaN
15.0,21.0,NaN,NaN,NaN,NaN,NaN,90.54305,NaN,NaN,NaN,NaN,NaN,NaN,NaN,NaN,NaN,NaN
15.0,22.0,NaN,NaN,NaN,NaN,NaN,92.864685,NaN,NaN,NaN,NaN,NaN,NaN,NaN,NaN,NaN,NaN
15.0,23.0,NaN,NaN,NaN,NaN,NaN,94.676315,NaN,NaN,NaN,NaN,NaN,NaN,NaN,NaN,NaN,NaN
15.0,24.0,NaN,NaN,NaN,NaN,NaN,NaN,NaN,NaN,NaN,NaN,NaN,NaN,NaN,NaN,NaN,NaN
15.0,25.0,NaN,NaN,NaN,NaN,NaN,NaN,NaN,NaN,NaN,NaN,NaN,NaN,NaN,NaN,NaN,NaN
16.0,0.0,13.70609,2.2428198,10.290306,2.0270202,1.7452393,2.5714934,2.2559795,2.9747498,1.5009109,1.5793954,4.118723,4.737999,4.3151155,5.8253074,2.2744544,16.76772
16.0,1.0,21.880323,14.085326,25.334442,8.4006815,8.17619,11.992788,12.081357,11.48773,16.12684,12.234219,28.355377,14.384829,21.50457,22.760565,13.557178,25.606022
16.0,2.0,29.328709,15.617643,29.913605,10.736442,17.529522,25.132126,15.586187,15.897289,19.221983,16.591377,30.195866,16.669182,24.595646,NaN,NaN,33.46227
16.0,3.0,36.555912,17.72361,33.95405,12.537981,19.50802,28.440199,18.068613,17.537722,26.100487,19.538181,34.001347,19.645262,25.510168,NaN,NaN,40.560772
16.0,4.0,43.11178,18.187016,NaN,14.720696,21.840942,31.666344,20.332983,19.38625,27.96042,22.436993,38.412666,21.542368,25.18454,NaN,NaN,46.44353
16.0,5.0,48.40761,20.18423,NaN,15.680866,NaN,37.316517,19.95639,20.113163,32.552937,23.637314,41.597134,23.23438,24.173483,NaN,NaN,51.55724
16.0,6.0,52.997715,23.011415,NaN,15.357039,NaN,39.68482,NaN,21.233973,32.911324,27.34206,44.050713,25.586336,25.583422,NaN,NaN,56.11499
16.0,7.0,57.378242,26.61734,NaN,16.135973,NaN,42.811443,NaN,21.534039,36.057877,28.5937,44.401245,27.049444,26.969378,NaN,NaN,59.98663
16.0,8.0,60.97716,28.965254,NaN,16.525751,NaN,46.996006,NaN,22.25645,38.33858,31.19092,45.32944,26.60394,26.292303,NaN,NaN,63.408466
16.0,9.0,64.23718,27.157087,NaN,16.960098,NaN,47.907753,NaN,22.61133,42.497894,33.04806,47.239006,28.071835,25.72464,NaN,NaN,66.368614
16.0,10.0,NaN,28.311447,NaN,16.671429,NaN,49.723083,NaN,22.549366,40.698673,34.096832,48.124184,27.982172,24.70431,NaN,NaN,68.92616
16.0,11.0,NaN,NaN,NaN,16.629322,NaN,50.334854,NaN,22.42999,42.508263,34.091244,46.368576,NaN,23.630625,NaN,NaN,71.1629
16.0,12.0,NaN,NaN,NaN,16.973623,NaN,NaN,NaN,23.763916,44.575607,35.582996,46.498787,NaN,20.25612,NaN,NaN,73.20537
16.0,13.0,NaN,NaN,NaN,17.58301,NaN,NaN,NaN,21.126245,42.775845,37.35901,47.571835,NaN,18.987936,NaN,NaN,75.226654
16.0,14.0,NaN,NaN,NaN,17.34139,NaN,NaN,NaN,22.366386,43.46472,37.147404,48.27333,NaN,28.065136,NaN,NaN,76.94012
16.0,15.0,NaN,NaN,NaN,19.508072,NaN,61.652107,NaN,34.623608,NaN,NaN,51.389904,NaN,NaN,NaN,NaN,78.542145
16.0,16.0,NaN,NaN,NaN,33.236115,NaN,62.833214,NaN,42.871456,NaN,NaN,50.836327,NaN,NaN,NaN,NaN,81.42704
16.0,17.0,NaN,NaN,NaN,35.940723,NaN,69.59993,NaN,41.30199,NaN,NaN,NaN,NaN,NaN,NaN,NaN,85.46661
16.0,18.0,NaN,NaN,NaN,38.00338,NaN,75.34337,NaN,40.10762,NaN,NaN,NaN,NaN,NaN,NaN,NaN,88.46007
16.0,19.0,NaN,NaN,NaN,39.046215,NaN,80.212425,NaN,39.272568,NaN,NaN,NaN,NaN,NaN,NaN,NaN,91.009285
16.0,20.0,NaN,NaN,NaN,NaN,NaN,84.4259,NaN,NaN,NaN,NaN,NaN,NaN,NaN,NaN,NaN,NaN
16.0,21.0,NaN,NaN,NaN,NaN,NaN,87.86489,NaN,NaN,NaN,NaN,NaN,NaN,NaN,NaN,NaN,NaN
16.0,22.0,NaN,NaN,NaN,NaN,NaN,90.70259,NaN,NaN,NaN,NaN,NaN,NaN,NaN,NaN,NaN,NaN
16.0,23.0,NaN,NaN,NaN,NaN,NaN,92.90951,NaN,NaN,NaN,NaN,NaN,NaN,NaN,NaN,NaN,NaN
16.0,24.0,NaN,NaN,NaN,NaN,NaN,NaN,NaN,NaN,NaN,NaN,NaN,NaN,NaN,NaN,NaN,NaN
16.0,25.0,NaN,NaN,NaN,NaN,NaN,NaN,NaN,NaN,NaN,NaN,NaN,NaN,NaN,NaN,NaN,NaN
17.0,0.0,13.934664,2.0579264,10.354895,2.1208856,1.6805675,2.072525,2.1161346,2.9284575,1.5279555,1.5544655,4.8118606,4.9829545,4.0294394,4.56815,2.2235918,16.909523
17.0,1.0,21.882689,12.404226,25.207373,8.136014,10.853386,13.822624,11.821653,11.10404,15.36927,11.008479,27.11433,14.665216,21.505907,22.111387,15.685823,25.24252
17.0,2.0,29.155853,16.092857,30.36285,10.746964,17.6448,21.011335,16.209534,15.64272,21.542904,16.405102,33.519356,17.346685,24.490736,NaN,NaN,33.548485
17.0,3.0,36.211132,17.843424,33.162834,13.031888,19.78716,30.698593,17.830118,17.804462,24.051834,19.727886,34.205288,18.803614,26.31249,NaN,NaN,40.35907
17.0,4.0,42.746387,19.877161,NaN,13.80152,21.197105,33.4426,19.682898,19.132,29.985924,22.326519,37.206223,21.332542,26.195456,NaN,NaN,46.52445
17.0,5.0,48.5901,20.131662,NaN,15.321005,NaN,36.01775,21.394848,20.700079,31.148914,24.8462,40.924248,22.804377,25.557993,NaN,NaN,51.63385
17.0,6.0,53.256924,22.082525,NaN,16.170729,NaN,40.733505,NaN,21.120316,35.37655,25.912703,43.572426,24.170017,24.367025,NaN,NaN,56.06902
17.0,7.0,57.30397,24.908522,NaN,15.719398,NaN,42.69141,NaN,22.185234,35.15063,29.45002,45.687984,26.269672,25.601242,NaN,NaN,60.03502
17.0,8.0,61.19913,28.164528,NaN,16.364012,NaN,44.94586,NaN,22.276241,38.261177,30.456861,45.691788,27.526632,26.977259,NaN,NaN,63.39704
17.0,9.0,64.40117,30.217556,NaN,16.757244,NaN,48.76844,NaN,22.92298,40.162605,32.749092,46.315544,26.934921,26.253372,NaN,NaN,66.37258
17.0,10.0,NaN,28.240623,NaN,17.041075,NaN,49.523323,NaN,23.2906,43.98697,34.52894,48.003254,28.296192,25.72774,NaN,NaN,68.94522
17.0,11.0,NaN,NaN,NaN,16.751396,NaN,50.925354,NaN,22.921967,42.075115,35.33657,48.803486,NaN,24.61103,NaN,NaN,71.16764
17.0,12.0,NaN,NaN,NaN,16.795341,NaN,51.43154,NaN,22.781624,43.698597,35.155453,46.86972,NaN,23.43842,NaN,NaN,73.110085
17.0,13.0,NaN,NaN,NaN,17.037159,NaN,NaN,NaN,24.32839,45.56426,36.370552,46.868237,NaN,20.074327,NaN,NaN,74.89866
17.0,14.0,NaN,NaN,NaN,17.596354,NaN,NaN,NaN,21.420618,43.67817,38.09345,47.880642,NaN,18.930098,NaN,NaN,76.70141
17.0,15.0,NaN,NaN,NaN,17.396122,NaN,NaN,NaN,23.078201,NaN,NaN,48.50456,NaN,NaN,NaN,NaN,78.218155
17.0,16.0,NaN,NaN,NaN,19.562368,NaN,62.123215,NaN,35.636528,NaN,NaN,51.55834,NaN,NaN,NaN,NaN,79.66996
17.0,17.0,NaN,NaN,NaN,33.237316,NaN,63.257004,NaN,42.899662,NaN,NaN,NaN,NaN,NaN,NaN,NaN,82.4111
17.0,18.0,NaN,NaN,NaN,35.94001,NaN,69.95212,NaN,41.32149,NaN,NaN,NaN,NaN,NaN,NaN,NaN,86.31111
17.0,19.0,NaN,NaN,NaN,38.00314,NaN,75.63567,NaN,40.121143,NaN,NaN,NaN,NaN,NaN,NaN,NaN,89.19253
17.0,20.0,NaN,NaN,NaN,NaN,NaN,80.454315,NaN,NaN,NaN,NaN,NaN,NaN,NaN,NaN,NaN,NaN
17.0,21.0,NaN,NaN,NaN,NaN,NaN,84.62553,NaN,NaN,NaN,NaN,NaN,NaN,NaN,NaN,NaN,NaN
17.0,22.0,NaN,NaN,NaN,NaN,NaN,88.02939,NaN,NaN,NaN,NaN,NaN,NaN,NaN,NaN,NaN,NaN
17.0,23.0,NaN,NaN,NaN,NaN,NaN,90.80283,NaN,NaN,NaN,NaN,NaN,NaN,NaN,NaN,NaN,NaN
17.0,24.0,NaN,NaN,NaN,NaN,NaN,92.99779,NaN,NaN,NaN,NaN,NaN,NaN,NaN,NaN,NaN,NaN
17.0,25.0,NaN,NaN,NaN,NaN,NaN,NaN,NaN,NaN,NaN,NaN,NaN,NaN,NaN,NaN,NaN,NaN
18.0,0.0,14.240409,2.1273386,9.618268,2.1853418,1.6853374,2.0496888,2.068061,2.9617896,1.6167183,1.4719269,3.9319794,5.0420723,4.527261,5.6433496,2.1787295,17.005838
18.0,1.0,22.329802,13.977536,25.674181,8.31897,12.18218,12.449977,13.269154,11.854962,12.442846,12.064689,27.314148,14.5125065,22.03634,20.987492,13.33739,25.359476
18.0,2.0,29.185547,15.653588,30.245533,10.53289,17.093924,21.425959,15.333224,15.638914,21.675892,15.973277,31.913363,17.50592,25.001844,NaN,NaN,33.21897
18.0,3.0,36.017063,18.070862,33.55087,12.972843,20.123514,27.203344,18.083078,17.570692,25.526533,20.202616,37.537,19.528036,26.150755,NaN,NaN,40.44281
18.0,4.0,42.398655,19.885519,NaN,14.561834,21.453856,35.298847,19.174664,19.344017,27.771318,22.258389,37.355392,20.60312,27.07523,NaN,NaN,46.350124
18.0,5.0,48.232117,22.202032,NaN,14.619903,NaN,37.56182,20.633654,20.514118,32.96228,24.700474,39.80413,22.569206,26.483278,NaN,NaN,51.709003
18.0,6.0,53.455738,22.081633,NaN,15.81642,NaN,39.613995,NaN,21.95676,33.56308,27.127571,42.929394,23.743433,25.680555,NaN,NaN,56.146168
18.0,7.0,57.564117,23.929216,NaN,16.513748,NaN,43.54922,NaN,22.015696,37.672874,27.968624,45.18123,24.844673,24.355312,NaN,NaN,59.9914
18.0,8.0,61.12915,26.494444,NaN,16.005943,NaN,45.174458,NaN,23.034906,37.20902,31.224894,46.91958,26.71971,25.640158,NaN,NaN,63.44293
18.0,9.0,64.59321,29.536734,NaN,16.617048,NaN,46.710938,NaN,22.891645,40.183865,32.15725,46.68878,27.870604,26.87428,NaN,NaN,66.36199
18.0,10.0,NaN,31.255268,NaN,17.038582,NaN,50.23415,NaN,23.526432,41.667095,34.179054,47.096573,27.22681,26.181,NaN,NaN,68.94939
18.0,11.0,NaN,NaN,NaN,17.1365,NaN,50.859856,NaN,23.979134,45.275414,35.88561,48.65567,NaN,25.824818,NaN,NaN,71.18529
18.0,12.0,NaN,NaN,NaN,16.7986,NaN,51.919586,NaN,23.276121,43.176388,36.38724,49.26574,NaN,24.525837,NaN,NaN,73.11626
18.0,13.0,NaN,NaN,NaN,16.888474,NaN,52.33889,NaN,23.155275,44.662548,36.134396,47.234367,NaN,23.379566,NaN,NaN,74.80289
18.0,14.0,NaN,NaN,NaN,17.09922,NaN,NaN,NaN,24.949327,46.39889,37.07668,47.183144,NaN,19.821245,NaN,NaN,76.37066
18.0,15.0,NaN,NaN,NaN,17.620338,NaN,NaN,NaN,21.670004,NaN,NaN,48.13492,NaN,NaN,NaN,NaN,77.98332
18.0,16.0,NaN,NaN,NaN,17.46365,NaN,NaN,NaN,23.757679,NaN,NaN,48.74546,NaN,NaN,NaN,NaN,79.32918
18.0,17.0,NaN,NaN,NaN,19.721642,NaN,62.512638,NaN,36.50738,NaN,NaN,NaN,NaN,NaN,NaN,NaN,80.64984
18.0,18.0,NaN,NaN,NaN,33.236755,NaN,63.606068,NaN,42.922512,NaN,NaN,NaN,NaN,NaN,NaN,NaN,83.26463
18.0,19.0,NaN,NaN,NaN,35.937138,NaN,70.24239,NaN,41.33799,NaN,NaN,NaN,NaN,NaN,NaN,NaN,87.043915
18.0,20.0,NaN,NaN,NaN,NaN,NaN,75.87661,NaN,NaN,NaN,NaN,NaN,NaN,NaN,NaN,NaN,NaN
18.0,21.0,NaN,NaN,NaN,NaN,NaN,80.65342,NaN,NaN,NaN,NaN,NaN,NaN,NaN,NaN,NaN,NaN
18.0,22.0,NaN,NaN,NaN,NaN,NaN,84.78983,NaN,NaN,NaN,NaN,NaN,NaN,NaN,NaN,NaN,NaN
18.0,23.0,NaN,NaN,NaN,NaN,NaN,88.16472,NaN,NaN,NaN,NaN,NaN,NaN,NaN,NaN,NaN,NaN
18.0,24.0,NaN,NaN,NaN,NaN,NaN,90.90595,NaN,NaN,NaN,NaN,NaN,NaN,NaN,NaN,NaN,NaN
18.0,25.0,NaN,NaN,NaN,NaN,NaN,NaN,NaN,NaN,NaN,NaN,NaN,NaN,NaN,NaN,NaN,NaN
19.0,0.0,14.369703,2.3973517,9.064584,2.2174096,1.6901147,1.9305127,2.1058466,2.973395,1.5902333,1.4865209,3.2292798,4.019359,4.2944617,5.20915,2.164423,16.88165
19.0,1.0,22.366888,12.5863285,25.167442,8.569178,11.653029,13.432933,12.841264,11.724074,14.700436,12.613248,27.005705,14.346574,20.242985,19.433704,16.426018,25.45499
19.0,2.0,29.654215,16.946144,30.497679,10.522996,17.515547,21.452776,16.005278,15.578197,19.16535,16.473417,31.76177,17.477242,25.217657,NaN,NaN,33.32228
19.0,3.0,36.05399,17.926907,33.378693,13.562198,19.307302,27.496584,17.27465,17.458511,25.868916,19.369385,35.89757,19.654613,26.65691,NaN,NaN,40.153076
19.0,4.0,42.206528,20.068579,NaN,14.539403,21.860239,32.289917,19.333488,19.062086,28.63053,22.888916,40.865795,20.998749,26.949913,NaN,NaN,46.43034
19.0,5.0,47.890656,21.853874,NaN,15.362916,NaN,39.104473,20.12085,20.678583,30.82056,24.559612,39.835846,21.782082,27.385466,NaN,NaN,51.55908
19.0,6.0,53.107258,24.34994,NaN,15.057853,NaN,40.989468,NaN,21.734385,35.454365,26.839195,41.75174,23.43732,26.680267,NaN,NaN,56.216988
19.0,7.0,57.781624,23.789148,NaN,16.304024,NaN,42.57388,NaN,23.011225,35.650208,29.213753,44.50619,24.33836,25.760939,NaN,NaN,60.069077
19.0,8.0,61.393963,25.29469,NaN,16.741858,NaN,45.8752,NaN,22.777866,39.606834,29.935547,46.434464,25.279236,24.40606,NaN,NaN,63.401352
19.0,9.0,64.52981,27.68743,NaN,16.305912,NaN,47.228107,NaN,23.747358,38.82551,32.771557,47.932854,27.074343,25.75139,NaN,NaN,66.40561
19.0,10.0,NaN,30.574915,NaN,16.861525,NaN,48.170574,NaN,23.410141,41.653587,33.540333,47.4924,28.124609,26.815676,NaN,NaN,68.93956
19.0,11.0,NaN,NaN,NaN,17.257082,NaN,51.446228,NaN,24.08097,42.98758,35.440235,47.717094,NaN,26.25681,NaN,NaN,71.18957
19.0,12.0,NaN,NaN,NaN,17.20229,NaN,51.964714,NaN,24.601973,46.322334,36.9958,49.123657,NaN,25.881054,NaN,NaN,73.132675
19.0,13.0,NaN,NaN,NaN,16.866491,NaN,52.74177,NaN,23.617281,44.21771,37.28215,49.68725,NaN,24.536423,NaN,NaN,74.81031
19.0,14.0,NaN,NaN,NaN,17.034868,NaN,53.088913,NaN,23.560034,45.54342,36.940376,47.542645,NaN,23.33139,NaN,NaN,76.27453
19.0,15.0,NaN,NaN,NaN,17.139614,NaN,NaN,NaN,25.585789,NaN,NaN,47.41295,NaN,NaN,NaN,NaN,77.65039
19.0,16.0,NaN,NaN,NaN,17.639055,NaN,NaN,NaN,22.006645,NaN,NaN,48.348373,NaN,NaN,NaN,NaN,79.097824
19.0,17.0,NaN,NaN,NaN,17.530697,NaN,NaN,NaN,24.516329,NaN,NaN,NaN,NaN,NaN,NaN,NaN,80.29506
19.0,18.0,NaN,NaN,NaN,19.888884,NaN,62.834705,NaN,37.4052,NaN,NaN,NaN,NaN,NaN,NaN,NaN,81.501976
19.0,19.0,NaN,NaN,NaN,33.236195,NaN,63.894985,NaN,42.935577,NaN,NaN,NaN,NaN,NaN,NaN,NaN,84.00743
19.0,20.0,NaN,NaN,NaN,NaN,NaN,70.482605,NaN,NaN,NaN,NaN,NaN,NaN,NaN,NaN,NaN,NaN
19.0,21.0,NaN,NaN,NaN,NaN,NaN,76.07597,NaN,NaN,NaN,NaN,NaN,NaN,NaN,NaN,NaN,NaN
19.0,22.0,NaN,NaN,NaN,NaN,NaN,80.81824,NaN,NaN,NaN,NaN,NaN,NaN,NaN,NaN,NaN,NaN
19.0,23.0,NaN,NaN,NaN,NaN,NaN,84.92586,NaN,NaN,NaN,NaN,NaN,NaN,NaN,NaN,NaN,NaN
19.0,24.0,NaN,NaN,NaN,NaN,NaN,88.27677,NaN,NaN,NaN,NaN,NaN,NaN,NaN,NaN,NaN,NaN
19.0,25.0,NaN,NaN,NaN,NaN,NaN,NaN,NaN,NaN,NaN,NaN,NaN,NaN,NaN,NaN,NaN,NaN
20.0,0.0,14.06236,2.227124,10.144253,2.2620823,1.7100619,2.2423964,2.2519338,3.1623375,1.6248932,1.4379846,3.8385673,4.4547324,3.7263088,5.5942335,2.2269819,16.982227
20.0,1.0,22.65671,13.2645445,25.41887,8.454154,8.320191,13.601249,12.720818,11.040355,13.216951,12.913366,25.830315,14.914061,20.13891,21.758856,15.824791,25.306532
20.0,2.0,29.74826,15.215436,30.042202,11.016291,16.69665,23.767735,15.778443,15.610253,20.045933,17.212692,31.616596,17.164736,23.163584,NaN,NaN,33.40834
20.0,3.0,36.5213,20.062517,33.571518,13.7512665,19.883484,27.566572,17.557932,17.502659,23.515434,19.424494,35.66184,19.552591,26.818727,NaN,NaN,40.23052
20.0,4.0,42.24697,20.392574,NaN,15.545543,20.933651,32.54682,18.670685,19.117012,29.690422,22.055588,39.130898,21.227585,27.515991,NaN,NaN,46.171936
20.0,5.0,47.703083,22.068285,NaN,15.476471,NaN,36.554054,20.260477,20.391693,31.269232,25.321661,43.399837,22.200907,27.324888,NaN,NaN,51.635773
20.0,6.0,52.772434,23.759735,NaN,15.993843,NaN,42.25074,NaN,21.811644,33.652607,26.797262,41.77122,22.45996,27.533705,NaN,NaN,56.08791
20.0,7.0,57.442516,26.182474,NaN,15.477767,NaN,43.805573,NaN,22.72698,37.754707,28.835388,43.37071,24.02613,26.69454,NaN,NaN,60.136005
20.0,8.0,61.627625,25.208555,NaN,16.95832,NaN,45.019627,NaN,23.912144,37.79687,30.981256,45.771492,24.74849,25.73845,NaN,NaN,63.47942
20.0,9.0,64.79868,26.484974,NaN,16.942934,NaN,47.797386,NaN,23.404339,41.390804,31.526615,47.429268,25.583841,24.368711,NaN,NaN,66.3658
20.0,10.0,NaN,28.733446,NaN,16.661383,NaN,48.926666,NaN,24.391562,40.308777,34.20558,48.68463,27.330057,25.801264,NaN,NaN,68.981224
20.0,11.0,NaN,NaN,NaN,17.051826,NaN,49.377632,NaN,23.890356,42.885506,34.720592,48.11134,NaN,26.86172,NaN,NaN,71.180336
20.0,12.0,NaN,NaN,NaN,17.559107,NaN,52.44857,NaN,24.576084,44.07774,36.475227,48.22308,NaN,26.289017,NaN,NaN,73.13714
20.0,13.0,NaN,NaN,NaN,17.367418,NaN,52.87792,NaN,25.211405,47.317215,37.944756,49.52345,NaN,25.932505,NaN,NaN,74.8256
20.0,14.0,NaN,NaN,NaN,16.906681,NaN,53.42169,NaN,23.925064,45.16032,37.957695,49.963795,NaN,24.40702,NaN,NaN,76.28307
20.0,15.0,NaN,NaN,NaN,17.211792,NaN,53.70877,NaN,23.9542,NaN,NaN,47.7647,NaN,NaN,NaN,NaN,77.55391
20.0,16.0,NaN,NaN,NaN,17.20631,NaN,NaN,NaN,26.280968,NaN,NaN,47.610184,NaN,NaN,NaN,NaN,78.76298
20.0,17.0,NaN,NaN,NaN,17.711071,NaN,NaN,NaN,22.418053,NaN,NaN,NaN,NaN,NaN,NaN,NaN,80.066864
20.0,18.0,NaN,NaN,NaN,17.879457,NaN,NaN,NaN,25.582602,NaN,NaN,NaN,NaN,NaN,NaN,NaN,81.1348
20.0,19.0,NaN,NaN,NaN,20.524506,NaN,63.10115,NaN,38.376183,NaN,NaN,NaN,NaN,NaN,NaN,NaN,82.24326
20.0,20.0,NaN,NaN,NaN,NaN,NaN,64.1349,NaN,NaN,NaN,NaN,NaN,NaN,NaN,NaN,NaN,NaN
20.0,21.0,NaN,NaN,NaN,NaN,NaN,70.68193,NaN,NaN,NaN,NaN,NaN,NaN,NaN,NaN,NaN,NaN
20.0,22.0,NaN,NaN,NaN,NaN,NaN,76.241394,NaN,NaN,NaN,NaN,NaN,NaN,NaN,NaN,NaN,NaN
20.0,23.0,NaN,NaN,NaN,NaN,NaN,80.9552,NaN,NaN,NaN,NaN,NaN,NaN,NaN,NaN,NaN,NaN
20.0,24.0,NaN,NaN,NaN,NaN,NaN,85.038895,NaN,NaN,NaN,NaN,NaN,NaN,NaN,NaN,NaN,NaN
20.0,25.0,NaN,NaN,NaN,NaN,NaN,NaN,NaN,NaN,NaN,NaN,NaN,NaN,NaN,NaN,NaN,NaN
